Date,rate_pct
2011-09-29,0.7793971029045776
2011-09-30,0.7809209236730119
2011-10-01,0.7824447674823709
2011-10-02,0.7839686343329433
2011-10-03,0.7854925242247068
2011-10-04,0.7870164371583055
2011-10-05,0.7885403731340279
2011-10-06,0.7900643321523626
2011-10-07,0.7915883142131985
2011-10-08,0.7931123193174905
2011-10-09,0.7946363474650386
2011-10-10,0.7961603986563315
2011-10-11,0.7976844728921906
2011-10-12,0.7992085701724827
2011-10-13,0.8007326904977852
2011-10-14,0.8022568338680092
2011-10-15,0.8037810002840651
2011-10-16,0.8053051897459307
2011-10-17,0.806829402254361
2011-10-18,0.8083536378089562
2011-10-19,0.8098778964111153
2011-10-20,0.8114021780604386
2011-10-21,0.8129264827571925
2011-10-22,0.8144508105023762
2011-10-23,0.8159751612955457
2011-10-24,0.8174995351374559
2011-10-25,0.8190239320285952
2011-10-26,0.8205483519692081
2011-10-27,0.822072794959583
2011-10-28,0.8235972609998976
2011-10-29,0.825121750091129
2011-10-30,0.8266462622328996
2011-10-31,0.8273597696942803
2011-11-01,0.8280732822050885
2011-11-02,0.8287867997649911
2011-11-03,0.8295003223741659
2011-11-04,0.8302138500327461
2011-11-05,0.8309273827409758
2011-11-06,0.8316409204982111
2011-11-07,0.8323544633044966
2011-11-08,0.833068011160587
2011-11-09,0.8337815640661272
2011-11-10,0.8344951220214947
2011-11-11,0.8352086850257567
2011-11-12,0.8359222530800903
2011-11-13,0.8366358261840068
2011-11-14,0.8373494043375507
2011-11-15,0.8380629875406109
2011-11-16,0.8387765757933874
2011-11-17,0.8394901690961021
2011-11-18,0.8402037674487328
2011-11-19,0.8409173708508133
2011-11-20,0.841630979302721
2011-11-21,0.8423445928048334
2011-11-22,0.8430582113567509
2011-11-23,0.8437718349588508
2011-11-24,0.8444854636108001
2011-11-25,0.8451990973127321
2011-11-26,0.8459127360649576
2011-11-27,0.846626379866966
2011-11-28,0.8473400287199118
2011-11-29,0.8480536826221741
2011-11-30,0.8485990821450518
2011-12-01,0.8491444846181917
2011-12-02,0.8496898900402394
2011-12-03,0.8502352984122385
2011-12-04,0.850780709733745
2011-12-05,0.8513261240049586
2011-12-06,0.8518715412259015
2011-12-07,0.8524169613965071
2011-12-08,0.8529623845167533
2011-12-09,0.8535078105866178
2011-12-10,0.8540532396064338
2011-12-11,0.8545986715761344
2011-12-12,0.855144106494965
2011-12-13,0.8556895443643908
2011-12-14,0.8562349851830353
2011-12-15,0.8567804289514758
2011-12-16,0.8573258756703783
2011-12-17,0.857871325338655
2011-12-18,0.858416777956772
2011-12-19,0.8589622335248848
2011-12-20,0.8595076920426603
2011-12-21,0.8600531535106981
2011-12-22,0.8605986179285541
2011-12-23,0.8611440852962726
2011-12-24,0.8616895556140758
2011-12-25,0.8622350288816083
2011-12-26,0.8627805050994919
2011-12-27,0.8633259842668606
2011-12-28,0.8638714663848912
2011-12-29,0.8644169514525402
2011-12-30,0.8649624394702959
2011-12-31,0.8653186399150803
2012-01-01,0.8656748416177473
2012-01-02,0.8660310445784525
2012-01-03,0.8663872487969293
2012-01-04,0.8667434542734664
2012-01-05,0.867099661007753
2012-01-06,0.8674558690000556
2012-01-07,0.8678120782503074
2012-01-08,0.8681682887586861
2012-01-09,0.8685245005249254
2012-01-10,0.8688807135487142
2012-01-11,0.8692369278307632
2012-01-12,0.8695931433708948
2012-01-13,0.8699493601687092
2012-01-14,0.8703055782248503
2012-01-15,0.8706617975384967
2012-01-16,0.8710180181103588
2012-01-17,0.8713742399401481
2012-01-18,0.8717304630278422
2012-01-19,0.872086687373641
2012-01-20,0.8724429129776556
2012-01-21,0.8727991398393087
2012-01-22,0.8731553679591331
2012-01-23,0.8735115973372176
2012-01-24,0.8738678279725631
2012-01-25,0.8742240598663686
2012-01-26,0.8745802930185453
2012-01-27,0.8749365274282495
2012-01-28,0.8752927630959917
2012-01-29,0.8756490000221939
2012-01-30,0.8760052382061012
2012-01-31,0.8752341725258406
2012-02-01,0.8744631127393543
2012-02-02,0.873692058846598
2012-02-03,0.8729210108475494
2012-02-04,0.8721499687424528
2012-02-05,0.8713789325306642
2012-02-06,0.8706079022123614
2012-02-07,0.8698368777877885
2012-02-08,0.8690658592566125
2012-02-09,0.8682948466189
2012-02-10,0.8675238398746066
2012-02-11,0.8667528390234658
2012-02-12,0.8659818440657219
2012-02-13,0.865210855001397
2012-02-14,0.8644398718300472
2012-02-15,0.8636688945518278
2012-02-16,0.8628979231668055
2012-02-17,0.8621269576751134
2012-02-18,0.8613559980761076
2012-02-19,0.8605850443701657
2012-02-20,0.8598140965571766
2012-02-21,0.859043154637007
2012-02-22,0.8582722186101677
2012-02-23,0.8575012884758149
2012-02-24,0.8567303642340596
2012-02-25,0.8559594458851905
2012-02-26,0.8551885334285414
2012-02-27,0.8544176268651116
2012-02-28,0.853513823004115
2012-02-29,0.8525702392297552
2012-03-01,0.8516266642835779
2012-03-02,0.8506830981654945
2012-03-03,0.8497395408752828
2012-03-04,0.8487959924130761
2012-03-05,0.8478524527786524
2012-03-06,0.846908921971945
2012-03-07,0.8459653999931982
2012-03-08,0.845021886841657
2012-03-09,0.8440783825176545
2012-03-10,0.8431348870214128
2012-03-11,0.8421914003521769
2012-03-12,0.8412479225103464
2012-03-13,0.840304453495655
2012-03-14,0.8393609933076585
2012-03-15,0.8384175419470452
2012-03-16,0.8374740994131491
2012-03-17,0.8365306657063476
2012-03-18,0.8355872408260412
2012-03-19,0.8346438247724297
2012-03-20,0.8337004175458684
2012-03-21,0.8327570191451139
2012-03-22,0.8318136295713652
2012-03-23,0.8308702488233566
2012-03-24,0.8299268769020651
2012-03-25,0.828983513806758
2012-03-26,0.8280401595374354
2012-03-27,0.8270968140944523
2012-03-28,0.8261534774772095
2012-03-29,0.8252101496859066
2012-03-30,0.8244005240476415
2012-03-31,0.8235663207744492
2012-04-01,0.8227321244034247
2012-04-02,0.8218979349343236
2012-04-03,0.8210637523673014
2012-04-04,0.8202295767018697
2012-04-05,0.8193954079386057
2012-04-06,0.8185612460765768
2012-04-07,0.8177270911168044
2012-04-08,0.8168929430585115
2012-04-09,0.8160588019019643
2012-04-10,0.8152246676466302
2012-04-11,0.814390540292953
2012-04-12,0.8135564198407774
2012-04-13,0.8127223062897926
2012-04-14,0.8118881996403315
2012-04-15,0.8110540998916838
2012-04-16,0.8102200070443377
2012-04-17,0.8093859210983378
2012-04-18,0.8085518420534399
2012-04-19,0.807717769909666
2012-04-20,0.8068837046667277
2012-04-21,0.8060496463247802
2012-04-22,0.8052155948833573
2012-04-23,0.8043815503429697
2012-04-24,0.8035475127031955
2012-04-25,0.8027134819643678
2012-04-26,0.8018794581259536
2012-04-27,0.801045441188375
2012-04-28,0.8002114311508768
2012-04-29,0.7985285264112019
2012-04-30,0.7968136160157346
2012-05-01,0.7950987347964178
2012-05-02,0.7933838827524964
2012-05-03,0.7916690598844811
2012-05-04,0.789954266190418
2012-05-05,0.7882395016707289
2012-05-06,0.7865247663250807
2012-05-07,0.7848100601521413
2012-05-08,0.7830953831525322
2012-05-09,0.7813807353249436
2012-05-10,0.7796661166689756
2012-05-11,0.7779515271840065
2012-05-12,0.776236966870103
2012-05-13,0.7745224357261993
2012-05-14,0.7728079337523841
2012-05-15,0.7710934609474807
2012-05-16,0.7693790173115334
2012-05-17,0.7676646028438538
2012-05-18,0.7659502175437094
2012-05-19,0.7642358614110556
2012-05-20,0.7625215344450931
2012-05-21,0.7608072366454
2012-05-22,0.7590929680113767
2012-05-23,0.7573787285427791
2012-05-24,0.755664518238941
2012-05-25,0.7539503370991962
2012-05-26,0.7522361851236781
2012-05-27,0.7505220623111875
2012-05-28,0.7488079686613913
2012-05-29,0.7470939041740232
2012-05-30,0.7451941161879638
2012-05-31,0.7432720075061239
2012-06-01,0.7413499354963715
2012-06-02,0.7394279001576631
2012-06-03,0.7375059014891328
2012-06-04,0.7355839394905139
2012-06-05,0.733662014160652
2012-06-06,0.7317401254991474
2012-06-07,0.729818273505245
2012-06-08,0.7278964581778125
2012-06-09,0.7259746795166944
2012-06-10,0.7240529375215354
2012-06-11,0.7221312321904927
2012-06-12,0.7202095635235217
2012-06-13,0.7182879315203117
2012-06-14,0.7163663361794637
2012-06-15,0.7144447775008222
2012-06-16,0.712523255483255
2012-06-17,0.7106017701258072
2012-06-18,0.7086803214287674
2012-06-19,0.7067589093906257
2012-06-20,0.7048375340109603
2012-06-21,0.702916195289327
2012-06-22,0.7009948932244603
2012-06-23,0.6990736278158716
2012-06-24,0.6971523990632944
2012-06-25,0.6952312069654409
2012-06-26,0.6933100515218449
2012-06-27,0.6913889327317069
2012-06-28,0.689467850594716
2012-06-29,0.6872968870041962
2012-06-30,0.6851121778667979
2012-07-01,0.6829275161331028
2012-07-02,0.6807429018017563
2012-07-03,0.6785583348723812
2012-07-04,0.6763738153437115
2012-07-05,0.674189343214393
2012-07-06,0.6720049184839594
2012-07-07,0.669820541150945
2012-07-08,0.6676362112144396
2012-07-09,0.6654519286731997
2012-07-10,0.6632676935267146
2012-07-11,0.6610835057739406
2012-07-12,0.6588993654130793
2012-07-13,0.656715272443753
2012-07-14,0.6545312268650294
2012-07-15,0.6523472286755316
2012-07-16,0.6501632778742161
2012-07-17,0.6479793744602391
2012-07-18,0.6457955184324682
2012-07-19,0.643611709790104
2012-07-20,0.641427948532014
2012-07-21,0.6392442346565552
2012-07-22,0.637060568163883
2012-07-23,0.6348769490519102
2012-07-24,0.6326933773199039
2012-07-25,0.6305098529676645
2012-07-26,0.6283263759926383
2012-07-27,0.6261429463950252
2012-07-28,0.6239595641733597
2012-07-29,0.6217762293266649
2012-07-30,0.619902235152181
2012-07-31,0.6176208454869547
2012-08-01,0.6153395075481738
2012-08-02,0.6130582213355273
2012-08-03,0.6107769868469948
2012-08-04,0.6084958040815547
2012-08-05,0.6062146730383189
2012-08-06,0.603933593716155
2012-08-07,0.6016525661132643
2012-08-08,0.5993715902290253
2012-08-09,0.5970906660621056
2012-08-10,0.5948097936115282
2012-08-11,0.5925289728758942
2012-08-12,0.5902482038541157
2012-08-13,0.5879674865448159
2012-08-14,0.5856868209471511
2012-08-15,0.5834062070599222
2012-08-16,0.5811256448816193
2012-08-17,0.5788451344113987
2012-08-18,0.5765646756479059
2012-08-19,0.5742842685901639
2012-08-20,0.572003913236907
2012-08-21,0.569723609586692
2012-08-22,0.5674433576387861
2012-08-23,0.5651631573917681
2012-08-24,0.5628830088445502
2012-08-25,0.5606029119959333
2012-08-26,0.558322866844474
2012-08-27,0.5560428733895728
2012-08-28,0.5537629316299197
2012-08-29,0.551483041563694
2012-08-30,0.5494952018493038
2012-08-31,0.5473032772496111
2012-09-01,0.5451114004326962
2012-09-02,0.5429195713975377
2012-09-03,0.540727790143225
2012-09-04,0.5385360566685593
2012-09-05,0.5363443709722304
2012-09-06,0.5341527330535278
2012-09-07,0.5319611429114302
2012-09-08,0.5297696005447161
2012-09-09,0.5275781059525864
2012-09-10,0.5253866591339085
2012-09-11,0.5231952600873058
2012-09-12,0.5210039088124674
2012-09-13,0.5188126053076392
2012-09-14,0.5166213495719552
2012-09-15,0.5144301416044827
2012-09-16,0.512238981404356
2012-09-17,0.5100478689700871
2012-09-18,0.5078568043008325
2012-09-19,0.5056657873957926
2012-09-20,0.5034748182535687
2012-09-21,0.5012838968733835
2012-09-22,0.4990930232542823
2012-09-23,0.4969021973949994
2012-09-24,0.4947114192942248
2012-09-25,0.49252068895149215
2012-09-26,0.4903300063654026
2012-09-27,0.4881393715348237
2012-09-28,0.48594878445948897
2012-09-29,0.4834837806241721
2012-09-30,0.48098910597786926
2012-10-01,0.47849449326531346
2012-10-02,0.475999942486216
2012-10-03,0.47350545363853414
2012-10-04,0.47101102672095774
2012-10-05,0.46851666173162165
2012-10-06,0.46602235866928243
2012-10-07,0.46352811753231915
2012-10-08,0.4610339383188444
2012-10-09,0.45853982102790347
2012-10-10,0.4560457656577199
2012-10-11,0.45355177220662846
2012-10-12,0.451057840673208
2012-10-13,0.44856397105619283
2012-10-14,0.4460701633534736
2012-10-15,0.44357641756385124
2012-10-16,0.44108273368574924
2012-10-17,0.43858911171754666
2012-10-18,0.43609555165784464
2012-10-19,0.4336020535049334
2012-10-20,0.43110861725761396
2012-10-21,0.4286152429140877
2012-10-22,0.4261219304726227
2012-10-23,0.42362867993230857
2012-10-24,0.4211354912911025
2012-10-25,0.4186423645474502
2012-10-26,0.4161492996998195
2012-10-27,0.41365629674701143
2012-10-28,0.41116335568709417
2012-10-29,0.40867047651871324
2012-10-30,0.40630392012785954
2012-10-31,0.4039137627614542
2012-11-01,0.4015236622921359
2012-11-02,0.3991336187188388
2012-11-03,0.3967436320403417
2012-11-04,0.39435370225497923
2012-11-05,0.39196382936144136
2012-11-06,0.38957401335850683
2012-11-07,0.38718425424479896
2012-11-08,0.3847945520190743
2012-11-09,0.3824049066800006
2012-11-10,0.3800153182258237
2012-11-11,0.37762578665547775
2012-11-12,0.37523631196783036
2012-11-13,0.37284689416099415
2012-11-14,0.3704575332340143
2012-11-15,0.36806822918533655
2012-11-16,0.3656789820136508
2012-11-17,0.3632897917178246
2012-11-18,0.36090065829614826
2012-11-19,0.35851158174757813
2012-11-20,0.3561225620704045
2012-11-21,0.35373359926382797
2012-11-22,0.35134469332580576
2012-11-23,0.3489558442556939
2012-11-24,0.34656705205193816
2012-11-25,0.34417831671254007
2012-11-26,0.34178963823663366
2012-11-27,0.3394010166229977
2012-11-28,0.3370124518701889
2012-11-29,0.33509014627586264
2012-11-30,0.333134341576069
2012-12-01,0.3311785750000684
2012-12-02,0.3292228465471725
2012-12-03,0.32726715621655966
2012-12-04,0.3253115040080079
2012-12-05,0.3233558899201405
2012-12-06,0.32140031395304636
2012-12-07,0.3194447761049046
2012-12-08,0.31748927637580415
2012-12-09,0.31553381476479014
2012-12-10,0.3135783912708634
2012-12-11,0.31162300589377967
2012-12-12,0.3096676586321845
2012-12-13,0.30771234948565596
2012-12-14,0.30575707845346134
2012-12-15,0.30380184553511214
2012-12-16,0.3018466507294315
2012-12-17,0.2998914940355979
2012-12-18,0.29793637545330043
2012-12-19,0.29598129498165093
2012-12-20,0.294026252619517
2012-12-21,0.292071248367054
2012-12-22,0.29011628222248564
2012-12-23,0.2881613541858119
2012-12-24,0.28620646425594476
2012-12-25,0.2842516124323291
2012-12-26,0.2822967987138325
2012-12-27,0.2803420231001885
2012-12-28,0.2783872855905756
2012-12-29,0.27643258618388344
2012-12-30,0.2749257182806941
2012-12-31,0.2734048622448304
2013-01-01,0.2718840292758262
2013-01-02,0.2703632193731931
2013-01-03,0.2688424325361982
2013-01-04,0.2673216687651303
2013-01-05,0.26580092805903455
2013-01-06,0.2642802104177111
2013-01-07,0.26275951584116
2013-01-08,0.2612388443285818
2013-01-09,0.2597181958796879
2013-01-10,0.25819757049450054
2013-01-11,0.25667696817248675
2013-01-12,0.25515638891300263
2013-01-13,0.2536358327162036
2013-01-14,0.25211529958140133
2013-01-15,0.25059478950824055
2013-01-16,0.24907430249638818
2013-01-17,0.24755383854533353
2013-01-18,0.24603339765532084
2013-01-19,0.24451297982583942
2013-01-20,0.24299258505582344
2013-01-21,0.24147221334556157
2013-01-22,0.23995186469463192
2013-01-23,0.2384315391026126
2013-01-24,0.23691123656923718
2013-01-25,0.23539095709395053
2013-01-26,0.23387070067675264
2013-01-27,0.23235046731668874
2013-01-28,0.2308302570141807
2013-01-29,0.22931006976836255
2013-01-30,0.22846815232884232
2013-01-31,0.22761415975125487
2013-02-01,0.22676017445060204
2013-02-02,0.22590619642557375
2013-02-03,0.22505222567690275
2013-02-04,0.22419826220505534
2013-02-05,0.22334430600901012
2013-02-06,0.22249035708898912
2013-02-07,0.22163641544505897
2013-02-08,0.2207824810769088
2013-02-09,0.21992855398498268
2013-02-10,0.21907463416879214
2013-02-11,0.21822072162864803
2013-02-12,0.217366816363751
2013-02-13,0.21651291837485598
2013-02-14,0.21565902766127465
2013-02-15,0.2148051442235177
2013-02-16,0.21395126806105225
2013-02-17,0.21309739917432236
2013-02-18,0.21224353756239545
2013-02-19,0.21138968322607088
2013-02-20,0.2105358361650156
2013-02-21,0.2096819963792962
2013-02-22,0.20882816386826875
2013-02-23,0.20797433863253278
2013-02-24,0.20712052067182185
2013-02-25,0.2062667099859805
2013-02-26,0.20541290657507538
2013-02-27,0.20455911043861796
2013-02-28,0.2037412847082143
2013-03-01,0.20292346565247144
2013-03-02,0.20210565327156704
2013-03-03,0.20128784756519025
2013-03-04,0.20047004853331885
2013-03-05,0.19965225617615268
2013-03-06,0.19883447049311442
2013-03-07,0.19801669148484802
2013-03-08,0.19719891915066512
2013-03-09,0.19638115349105423
2013-03-10,0.19556339450519378
2013-03-11,0.19474564219401636
2013-03-12,0.19392789655678921
2013-03-13,0.19311015759349015
2013-03-14,0.1922924253048297
2013-03-15,0.19147469968927577
2013-03-16,0.19065698074820503
2013-03-17,0.18983926848101795
2013-03-18,0.18902156288727046
2013-03-19,0.18820386396736222
2013-03-20,0.18738617172151528
2013-03-21,0.18656848614908572
2013-03-22,0.18575080725005133
2013-03-23,0.1849331350248784
2013-03-24,0.1841154694728342
2013-03-25,0.1832978105944738
2013-03-26,0.18248015838990828
2013-03-27,0.18166251285798296
2013-03-28,0.18084487399945282
2013-03-29,0.1800272418141624
2013-03-30,0.17920961630204513
2013-03-31,0.17841450305802198
2013-04-01,0.17761939612459532
2013-04-02,0.17682429550218703
2013-04-03,0.17602920119010879
2013-04-04,0.17523411318876025
2013-04-05,0.17443903149811923
2013-04-06,0.17364395611747518
2013-04-07,0.17284888704769408
2013-04-08,0.17205382428793214
2013-04-09,0.17125876783883331
2013-04-10,0.17046371769988689
2013-04-11,0.16966867387111506
2013-04-12,0.16887363635262886
2013-04-13,0.16807860514436168
2013-04-14,0.16728358024613588
2013-04-15,0.1664885616577516
2013-04-16,0.16569354937971958
2013-04-17,0.16489854341137367
2013-04-18,0.16410354375304692
2013-04-19,0.16330855040431747
2013-04-20,0.16251356336551837
2013-04-21,0.16171858263676064
2013-04-22,0.16092360821688967
2013-04-23,0.16012864010754857
2013-04-24,0.1593336783074939
2013-04-25,0.15853872281681447
2013-04-26,0.157743773636021
2013-04-27,0.15694883076444732
2013-04-28,0.1561538942017826
2013-04-29,0.15535896394911486
2013-04-30,0.15463428503899035
2013-05-01,0.1539096113720939
2013-05-02,0.1531849429491805
2013-05-03,0.15246027976949517
2013-05-04,0.15173562183274925
2013-05-05,0.1510109691397865
2013-05-06,0.150286321689741
2013-05-07,0.1495616794832788
2013-05-08,0.14883704251984486
2013-05-09,0.1481124107991283
2013-05-10,0.14738778432210609
2013-05-11,0.14666316308789007
2013-05-12,0.14593854709690213
2013-05-13,0.14521393634876478
2013-05-14,0.14448933084336701
2013-05-15,0.14376473058099748
2013-05-16,0.14304013556167838
2013-05-17,0.14231554578536532
2013-05-18,0.14159096125145876
2013-05-19,0.14086638196055823
2013-05-20,0.14014180791239728
2013-05-21,0.13941723910679826
2013-05-22,0.13869267554369458
2013-05-23,0.13796811722337488
2013-05-24,0.13724356414583916
2013-05-25,0.1365190163105101
2013-05-26,0.13579447371792064
2013-05-27,0.13506993636778208
2013-05-28,0.1343454042598946
2013-05-29,0.13362087739463568
2013-05-30,0.1328963557714946
2013-05-31,0.13218775061185628
2013-06-01,0.13147915046691772
2013-06-02,0.13077055533594617
2013-06-03,0.1300619652197854
2013-06-04,0.12935338011830222
2013-06-05,0.12864480003094148
2013-06-06,0.12793622495788082
2013-06-07,0.1272276548994533
2013-06-08,0.12651908985521487
2013-06-09,0.12581052982505447
2013-06-10,0.12510197480921637
2013-06-11,0.12439342480761173
2013-06-12,0.12368487982001852
2013-06-13,0.12297633984661438
2013-06-14,0.12226780488757694
2013-06-15,0.12155927494228447
2013-06-16,0.12085075001115886
2013-06-17,0.12014223009371161
2013-06-18,0.11943371519056445
2013-06-19,0.11872520530147312
2013-06-20,0.11801670042588253
2013-06-21,0.11730820056408131
2013-06-22,0.11659970571613609
2013-06-23,0.11589121588233553
2013-06-24,0.11518273106190247
2013-06-25,0.11447425125525879
2013-06-26,0.11376577646233788
2013-06-27,0.11305730668300651
2013-06-28,0.11234884191739791
2013-06-29,0.1116403821651124
2013-06-30,0.11096621182589139
2013-07-01,0.11029204602652776
2013-07-02,0.10961788476719914
2013-07-03,0.10894372804817198
2013-07-04,0.10826957586862473
2013-07-05,0.10759542822920132
2013-07-06,0.10692128512928001
2013-07-07,0.10624714656950474
2013-07-08,0.10557301254929818
2013-07-09,0.10489888306881578
2013-07-10,0.10422475812803533
2013-07-11,0.10355063772709006
2013-07-12,0.1028765218656913
2013-07-13,0.10220241054414991
2013-07-14,0.10152830376184419
2013-07-15,0.10085420151910718
2013-07-16,0.10018010381593889
2013-07-17,0.09950601065262799
2013-07-18,0.09883192202830848
2013-07-19,0.09815783794382416
2013-07-20,0.09748375839857548
2013-07-21,0.09680968339287332
2013-07-22,0.09613561292614037
2013-07-23,0.09546154699902054
2013-07-24,0.09478748561091432
2013-07-25,0.09411342876242124
2013-07-26,0.09343937645283074
2013-07-27,0.09276532868285337
2013-07-28,0.09209128545142331
2013-07-29,0.09141724675976182
2013-07-30,0.09074321260638119
2013-07-31,0.09049339834124037
2013-08-01,0.09024358469924554
2013-08-02,0.08999377168081857
2013-08-03,0.08974395928587064
2013-08-04,0.08949414751435736
2013-08-05,0.08924433636605666
2013-08-06,0.0889945258416347
2013-08-07,0.08874471594075839
2013-08-08,0.08849490666316129
2013-08-09,0.08824509800922087
2013-08-10,0.08799528997862627
2013-08-11,0.08774548257155512
2013-08-12,0.08749567578800743
2013-08-13,0.08724586962780556
2013-08-14,0.0869960640913936
2013-08-15,0.08674625917823864
2013-08-16,0.08649645488862934
2013-08-17,0.08624665122243247
2013-08-18,0.08599684818004771
2013-08-19,0.08574704576094216
2013-08-20,0.08549724396518243
2013-08-21,0.08524744279283514
2013-08-22,0.08499764224425554
2013-08-23,0.0847478423191328
2013-08-24,0.08449804301715602
2013-08-25,0.08424824433890254
2013-08-26,0.0839984462840615
2013-08-27,0.08374864885243305
2013-08-28,0.08349885204461671
2013-08-29,0.08324905585990194
2013-08-30,0.0829992602990881
2013-08-31,0.08292221033210367
2013-09-01,0.08284516042447176
2013-09-02,0.08276811057610356
2013-09-03,0.08269106078699906
2013-09-04,0.08261401105713606
2013-09-05,0.08253696138662558
2013-09-06,0.08245991177555645
2013-09-07,0.08238286222381763
2013-09-08,0.08230581273136472
2013-09-09,0.08222876329813111
2013-09-10,0.08215171392429443
2013-09-11,0.08207466460985469
2013-09-12,0.08199761535458983
2013-09-13,0.08192056615878851
2013-09-14,0.08184351702211767
2013-09-15,0.08176646794488818
2013-09-16,0.08168941892676695
2013-09-17,0.08161236996837573
2013-09-18,0.08153532106891515
2013-09-19,0.08145827222909574
2013-09-20,0.0813812234483624
2013-09-21,0.08130417472689278
2013-09-22,0.08122712606477567
2013-09-23,0.08115007746205549
2013-09-24,0.08107302891877666
2013-09-25,0.08099598043456169
2013-09-26,0.08091893200974365
2013-09-27,0.08084188364427813
2013-09-28,0.08076483533838719
2013-09-29,0.08068778709136026
2013-09-30,0.08063569043708085
2013-10-01,0.08058359380924696
2013-10-02,0.0805314972085247
2013-10-03,0.08047940063571346
2013-10-04,0.08042730408943655
2013-10-05,0.08037520757016026
2013-10-06,0.08032311107826207
2013-10-07,0.08027101461356434
2013-10-08,0.08021891817597826
2013-10-09,0.08016682176545942
2013-10-10,0.08011472538187459
2013-10-11,0.08006262902553463
2013-10-12,0.08001053269648395
2013-10-13,0.07995843639418965
2013-10-14,0.07990634011927344
2013-10-15,0.07985424387106921
2013-10-16,0.07980214765059834
2013-10-17,0.0797500514571059
2013-10-18,0.07969795529045864
2013-10-19,0.07964585915127831
2013-10-20,0.07959376303874333
2013-10-21,0.07954166695343101
2013-10-22,0.07948957089545239
2013-10-23,0.07943747486469643
2013-10-24,0.07938537886069685
2013-10-25,0.0793332828841864
2013-10-26,0.07928118693465436
2013-10-27,0.07922909101198972
2013-10-28,0.07917699511674758
2013-10-29,0.07912489924848387
2013-10-30,0.07907280340768708
2013-10-31,0.07907993231011101
2013-11-01,0.07908706121317888
2013-11-02,0.0790941901165132
2013-11-03,0.07910131902053585
2013-11-04,0.07910844792518024
2013-11-05,0.07911557683035753
2013-11-06,0.07912270573582347
2013-11-07,0.07912983464184453
2013-11-08,0.07913696354859834
2013-11-09,0.07914409245584064
2013-11-10,0.07915122136339381
2013-11-11,0.07915835027152429
2013-11-12,0.07916547918005445
2013-11-13,0.07917260808907312
2013-11-14,0.0791797369987357
2013-11-15,0.07918686590915325
2013-11-16,0.07919399481954859
2013-11-17,0.07920112373100974
2013-11-18,0.07920825264271514
2013-11-19,0.07921538155486463
2013-11-20,0.07922251046728057
2013-11-21,0.0792296393806069
2013-11-22,0.0792367682943107
2013-11-23,0.07924389720836977
2013-11-24,0.079251026123206
2013-11-25,0.07925815503848632
2013-11-26,0.07926528395418853
2013-11-27,0.07927241287055686
2013-11-28,0.07927954178712504
2013-11-29,0.07928667070451478
2013-11-30,0.07935412125714691
2013-12-01,0.07942157185443222
2013-12-02,0.07948902249810263
2013-12-03,0.07955647318627079
2013-12-04,0.07962392392069084
2013-12-05,0.07969137470014154
2013-12-06,0.07975882552502256
2013-12-07,0.07982627639548934
2013-12-08,0.07989372731156408
2013-12-09,0.07996117827306914
2013-12-10,0.08002862927971588
2013-12-11,0.0800960803320816
2013-12-12,0.08016353142987764
2013-12-13,0.08023098257323724
2013-12-14,0.08029843376182733
2013-12-15,0.08036588499582553
2013-12-16,0.0804333362754317
2013-12-17,0.08050078760037938
2013-12-18,0.08056823897109044
2013-12-19,0.08063569038712082
2013-12-20,0.0807031418484927
2013-12-21,0.08077059335556136
2013-12-22,0.080838044908349
2013-12-23,0.08090549650563439
2013-12-24,0.08097294814892741
2013-12-25,0.08104039983787281
2013-12-26,0.08110785157215972
2013-12-27,0.08117530335176593
2013-12-28,0.08124275517704671
2013-12-29,0.08131020704778003
2013-12-30,0.08137765896352178
2013-12-31,0.08163896680222216
2014-01-01,0.08190027532315458
2014-01-02,0.0821615845265633
2014-01-03,0.08242289441180439
2014-01-04,0.08268420497952178
2014-01-05,0.08294551622964885
2014-01-06,0.08320682816174152
2014-01-07,0.08346814077648812
2014-01-08,0.08372945407306709
2014-01-09,0.0839907680523222
2014-01-10,0.08425208271376494
2014-01-11,0.08451339805741753
2014-01-12,0.08477471408327997
2014-01-13,0.08503603079146327
2014-01-14,0.08529734818221169
2014-01-15,0.08555866625468145
2014-01-16,0.08581998501002719
2014-01-17,0.0860813044471831
2014-01-18,0.08634262456694852
2014-01-19,0.08660394536883498
2014-01-20,0.0868652668530645
2014-01-21,0.08712658901970372
2014-01-22,0.08738791186841954
2014-01-23,0.08764923539934522
2014-01-24,0.08791055961301364
2014-01-25,0.08817188450866986
2014-01-26,0.08843321008700222
2014-01-27,0.08869453634754443
2014-01-28,0.0889558632898968
2014-01-29,0.08921719091499192
2014-01-30,0.0894785192224079
2014-01-31,0.0898270493228992
2014-02-01,0.09017558063726394
2014-02-02,0.09052411316492481
2014-02-03,0.09087264690663677
2014-02-04,0.09122118186182249
2014-02-05,0.09156971803054859
2014-02-06,0.09191825541317034
2014-02-07,0.09226679400911042
2014-02-08,0.09261533381945686
2014-02-09,0.09296387484278856
2014-02-10,0.0933124170799493
2014-02-11,0.09366096053085027
2014-02-12,0.09400950519553586
2014-02-13,0.09435805107393946
2014-02-14,0.09470659816581684
2014-02-15,0.09505514647172308
2014-02-16,0.0954036959910809
2014-02-17,0.09575224672460081
2014-02-18,0.09610079867126142
2014-02-19,0.09644935183183989
2014-02-20,0.09679790620613637
2014-02-21,0.09714646179419528
2014-02-22,0.09749501859583898
2014-02-23,0.09784357661140053
2014-02-24,0.09819213584056907
2014-02-25,0.09854069628401074
2014-02-26,0.09888925794048209
2014-02-27,0.09923782081118215
2014-02-28,0.0994818979519474
2014-03-01,0.09972597568805863
2014-03-02,0.09997005401907177
2014-03-03,0.10021413294545312
2014-03-04,0.10045821246680298
2014-03-05,0.10070229258365426
2014-03-06,0.10094637329542966
2014-03-07,0.10119045460217357
2014-03-08,0.10143453650444112
2014-03-09,0.10167861900156616
2014-03-10,0.10192270209414822
2014-03-11,0.10216678578136573
2014-03-12,0.10241087006430671
2014-03-13,0.10265495494188315
2014-03-14,0.10289904041484998
2014-03-15,0.10314312648318502
2014-03-16,0.10338721314633315
2014-03-17,0.10363130040518254
2014-03-18,0.10387538825888942
2014-03-19,0.10411947670769806
2014-03-20,0.1043635657519415
2014-03-21,0.10460765539106465
2014-03-22,0.10485174562537836
2014-03-23,0.10509583645510467
2014-03-24,0.10533992788002156
2014-03-25,0.10558401989986255
2014-03-26,0.10582811251522717
2014-03-27,0.10607220572524945
2014-03-28,0.10631629953090638
2014-03-29,0.10656039393124317
2014-03-30,0.10680448892734784
2014-03-31,0.10714704555563337
2014-04-01,0.10748960335580371
2014-04-02,0.10783216232850279
2014-04-03,0.10817472247333093
2014-04-04,0.10851728379039915
2014-04-05,0.10885984627966305
2014-04-06,0.10920240994118924
2014-04-07,0.10954497477471126
2014-04-08,0.10988754078051777
2014-04-09,0.11023010795867538
2014-04-10,0.1105726763091841
2014-04-11,0.11091524583204393
2014-04-12,0.11125781652663314
2014-04-13,0.11160038839370667
2014-04-14,0.11194296143310911
2014-04-15,0.1122855356445962
2014-04-16,0.1126281110284344
2014-04-17,0.11297068758455708
2014-04-18,0.11331326531325292
2014-04-19,0.11365584421361152
2014-04-20,0.1139984242866321
2014-04-21,0.11434100553198157
2014-04-22,0.11468358794934908
2014-04-23,0.11502617153935635
2014-04-24,0.11536875630144827
2014-04-25,0.11571134223584689
2014-04-26,0.11605392934239678
2014-04-27,0.11639651762116454
2014-04-28,0.11673910707254986
2014-04-29,0.11708169769604204
2014-04-30,0.11755594988811513
2014-05-01,0.1180302043266801
2014-05-02,0.11850446101211443
2014-05-03,0.11897871994370757
2014-05-04,0.11945298112177039
2014-05-05,0.1199272445468802
2014-05-06,0.12040151021810441
2014-05-07,0.12087577813617578
2014-05-08,0.12135004830065022
2014-05-09,0.12182432071170535
2014-05-10,0.12229859536936338
2014-05-11,0.12277287227375755
2014-05-12,0.12324715142486564
2014-05-13,0.12372143282277648
2014-05-14,0.12419571646689054
2014-05-15,0.12467000235782955
2014-05-16,0.1251442904956157
2014-05-17,0.12561858088000477
2014-05-18,0.12609287351121878
2014-05-19,0.12656716838892468
2014-05-20,0.12704146551372197
2014-05-21,0.12751576488487792
2014-05-22,0.12799006650290323
2014-05-23,0.12846437036795333
2014-05-24,0.12893867647925106
2014-05-25,0.1294129848377068
2014-05-26,0.1298872954425434
2014-05-27,0.13036160829458243
2014-05-28,0.13083592339322436
2014-05-29,0.13131024073862463
2014-05-30,0.13178456033104968
2014-05-31,0.13224900620971702
2014-06-01,0.13271345424281655
2014-06-02,0.13317790443014843
2014-06-03,0.13364235677175706
2014-06-04,0.1341068112673316
2014-06-05,0.13457126791769358
2014-06-06,0.13503572672193265
2014-06-07,0.13550018768095917
2014-06-08,0.1359646507940182
2014-06-09,0.13642911606173147
2014-06-10,0.1368935834832108
2014-06-11,0.13735805305941096
2014-06-12,0.13782252479006551
2014-06-13,0.1382869986748414
2014-06-14,0.13875147471447136
2014-06-15,0.1392159529080672
2014-06-16,0.13968043325618407
2014-06-17,0.1401449157586887
2014-06-18,0.14060940041573655
2014-06-19,0.1410738872272388
2014-06-20,0.1415383761930178
2014-06-21,0.14200286731316236
2014-06-22,0.14246736058824983
2014-06-23,0.14293185601721436
2014-06-24,0.14339635360138825
2014-06-25,0.1438608533393282
2014-06-26,0.14432535523229983
2014-06-27,0.14478985927952603
2014-06-28,0.14525436548131765
2014-06-29,0.1457188738377635
2014-06-30,0.14569033923454988
2014-07-01,0.1456618046394853
2014-07-02,0.14563327005261417
2014-07-03,0.1456047354739809
2014-07-04,0.14557620090303036
2014-07-05,0.14554766634047311
2014-07-06,0.14551913178582065
2014-07-07,0.14549059723982793
2014-07-08,0.1454620627016956
2014-07-09,0.14543352817188993
2014-07-10,0.1454049936498114
2014-07-11,0.14537645913583752
2014-07-12,0.14534792463036794
2014-07-13,0.14531939013293638
2014-07-14,0.14529085564349842
2014-07-15,0.14526232116238713
2014-07-16,0.14523378668924725
2014-07-17,0.14520525222443403
2014-07-18,0.1451767177675256
2014-07-19,0.1451481833186996
2014-07-20,0.1451196488783113
2014-07-21,0.14509111444549472
2014-07-22,0.14506258002122685
2014-07-23,0.14503404560513022
2014-07-24,0.14500551119711602
2014-07-25,0.1449769767970066
2014-07-26,0.14494844240513505
2014-07-27,0.14491990802150134
2014-07-28,0.14489137364599447
2014-07-29,0.14486283927865884
2014-07-30,0.14483430491942784
2014-07-31,0.14469766930218508
2014-08-01,0.14456103387132657
2014-08-02,0.14442439862698553
2014-08-03,0.14428776356916195
2014-08-04,0.14415112869745617
2014-08-05,0.14401449401237887
2014-08-06,0.14387785951386345
2014-08-07,0.14374122520177668
2014-08-08,0.14360459107591872
2014-08-09,0.143467957136445
2014-08-10,0.14333132338344434
2014-08-11,0.14319468981651706
2014-08-12,0.1430580564363737
2014-08-13,0.14292142324283663
2014-08-14,0.14278479023581703
2014-08-15,0.1426481574148708
2014-08-16,0.14251152478039764
2014-08-17,0.14237489233241973
2014-08-18,0.14223826007055962
2014-08-19,0.1421016279954168
2014-08-20,0.14196499610672486
2014-08-21,0.14182836440423952
2014-08-22,0.14169173288840486
2014-08-23,0.14155510155882123
2014-08-24,0.14141847041557742
2014-08-25,0.14128183945909534
2014-08-26,0.14114520868864222
2014-08-27,0.14100857810457335
2014-08-28,0.14087194770746603
2014-08-29,0.14073531749627666
2014-08-30,0.14059868747162696
2014-08-31,0.14042282451407484
2014-09-01,0.14024696186532015
2014-09-02,0.14007109952525187
2014-09-03,0.13989523749411426
2014-09-04,0.1397193757719517
2014-09-05,0.1395435143582091
2014-09-06,0.13936765325390787
2014-09-07,0.13919179245795998
2014-09-08,0.13901593197109818
2014-09-09,0.1388400717929672
2014-09-10,0.1386642119238557
2014-09-11,0.1384883523633862
2014-09-12,0.1383124931116253
2014-09-13,0.1381366341689505
2014-09-14,0.13796077553500652
2014-09-15,0.1377849172100154
2014-09-16,0.13760905919391053
2014-09-17,0.13743320148620342
2014-09-18,0.13725734408776002
2014-09-19,0.13708148699818068
2014-09-20,0.13690563021719893
2014-09-21,0.13672977374477036
2014-09-22,0.1365539175820496
2014-09-23,0.13637806172732692
2014-09-24,0.13620220618182355
2014-09-25,0.13602635094527304
2014-09-26,0.13585049601743115
2014-09-27,0.13567464139820906
2014-09-28,0.13549878708789542
2014-09-29,0.13532293308646803
2014-09-30,0.1351207424819867
2014-10-01,0.13491855228571215
2014-10-02,0.13471636249777763
2014-10-03,0.13451417311818314
2014-10-04,0.13431198414659562
2014-10-05,0.13410979558359237
2014-10-06,0.13390760742844066
2014-10-07,0.1337054196817844
2014-10-08,0.13350323234337935
2014-10-09,0.13330104541324772
2014-10-10,0.13309885889103423
2014-10-11,0.13289667277762707
2014-10-12,0.13269448707207143
2014-10-13,0.13249230177483362
2014-10-14,0.13229011688582482
2014-10-15,0.13208793240524486
2014-10-16,0.13188574833256084
2014-10-17,0.13168356466841669
2014-10-18,0.13148138141263477
2014-10-19,0.1312791985648598
2014-10-20,0.13107701612535827
2014-10-21,0.13087483409424117
2014-10-22,0.1306726524709534
2014-10-23,0.1304704712563387
2014-10-24,0.1302682904497754
2014-10-25,0.1300661100515299
2014-10-26,0.12986393006153563
2014-10-27,0.12966175047972595
2014-10-28,0.12945957130605645
2014-10-29,0.12925739254061597
2014-10-30,0.12905521418378196
2014-10-31,0.1287869238667083
2014-11-01,0.12851863426883714
2014-11-02,0.12825034538928026
2014-11-03,0.1279820572290813
2014-11-04,0.12771376978786275
2014-11-05,0.12744548306502512
2014-11-06,0.12717719706132335
2014-11-07,0.12690891177640218
2014-11-08,0.1266406272102616
2014-11-09,0.12637234336325687
2014-11-10,0.12610406023503273
2014-11-11,0.12583577782534494
2014-11-12,0.125567496134793
2014-11-13,0.12529921516282183
2014-11-14,0.12503093490983108
2014-11-15,0.12476265537579856
2014-11-16,0.12449437656072426
2014-11-17,0.12422609846400867
2014-11-18,0.1239578210867398
2014-11-19,0.12368954442796287
2014-11-20,0.12342126848805535
2014-11-21,0.1231529932668396
2014-11-22,0.12288471876458207
2014-11-23,0.12261644498134938
2014-11-24,0.12234817191656422
2014-11-25,0.12207989957078169
2014-11-26,0.1218116279440018
2014-11-27,0.12154335703578045
2014-11-28,0.12127508684649513
2014-11-29,0.12100681737574615
2014-11-30,0.1206921914295167
2014-12-01,0.12037756647189646
2014-12-02,0.12006294250292981
2014-12-03,0.11974831952237253
2014-12-04,0.11943369753080191
2014-12-05,0.11911907652784048
2014-12-06,0.11880445651362148
2014-12-07,0.11848983748790065
2014-12-08,0.11817521945127751
2014-12-09,0.11786060240279728
2014-12-10,0.11754598634334812
2014-12-11,0.11723137127230832
2014-12-12,0.11691675719009975
2014-12-13,0.11660214409650038
2014-12-14,0.1162875319915102
2014-12-15,0.11597292087519584
2014-12-16,0.11565831074769051
2014-12-17,0.11534370160859453
2014-12-18,0.11502909345848522
2014-12-19,0.11471448629711833
2014-12-20,0.1143998801236279
2014-12-21,0.11408527493916854
2014-12-22,0.11377067074351821
2014-12-23,0.11345606753638826
2014-12-24,0.1131414653178231
2014-12-25,0.11282686408817799
2014-12-26,0.11251226384689783
2014-12-27,0.11219766459404923
2014-12-28,0.11188306633000966
2014-12-29,0.11156846905477913
2014-12-30,0.1112538727677137
2014-12-31,0.11070861180109137
2015-01-01,0.11016335380427122
2015-01-02,0.10961809877709783
2015-01-03,0.1090728467196822
2015-01-04,0.10852759763213538
2015-01-05,0.10798235151421309
2015-01-06,0.10743710836600417
2015-01-07,0.10689186818748642
2015-01-08,0.10634663097837116
2015-01-09,0.10580139673943556
2015-01-10,0.10525616546996908
2015-01-11,0.10471093717021596
2015-01-12,0.1041657118397099
2015-01-13,0.10362048947905045
2015-01-14,0.10307527008794892
2015-01-15,0.10253005366653856
2015-01-16,0.10198484021444187
2015-01-17,0.10143962973214737
2015-01-18,0.10089442221901113
2015-01-19,0.10034921767565486
2015-01-20,0.09980401610152345
2015-01-21,0.09925881749734966
2015-01-22,0.09871362186235633
2015-01-23,0.0981684291962992
2015-01-24,0.09762323950019969
2015-01-25,0.09707805277376913
2015-01-26,0.09653286901623037
2015-01-27,0.09598768822840498
2015-01-28,0.09544251040971563
2015-01-29,0.09489733556042879
2015-01-30,0.09435216368003374
2015-01-31,0.09367563918676325
2015-02-01,0.09299911926570203
2015-02-02,0.09232260391724978
2015-02-03,0.09164609314136207
2015-02-04,0.09096958693790569
2015-02-05,0.09029308530668079
2015-02-06,0.08961658824815366
2015-02-07,0.08894009576170259
2015-02-08,0.08826360784768283
2015-02-09,0.08758712450585016
2015-02-10,0.08691064573635998
2015-02-11,0.08623417153901247
2015-02-12,0.08555770191411849
2015-02-13,0.08488123686116733
2015-02-14,0.08420477638058088
2015-02-15,0.08352832047153758
2015-02-16,0.08285186913525866
2015-02-17,0.08217542237087816
2015-02-18,0.08149898017819623
2015-02-19,0.0808225425577902
2015-02-20,0.08014610950910495
2015-02-21,0.07946968103245133
2015-02-22,0.07879325712782936
2015-02-23,0.07811683779488376
2015-02-24,0.07744042303368115
2015-02-25,0.07676401284466561
2015-02-26,0.07608760722705998
2015-02-27,0.07541120618093089
2015-02-28,0.07488286511434517
2015-03-01,0.07435452683630661
2015-03-02,0.07382619134759238
2015-03-03,0.07329785864900185
2015-03-04,0.0727695287390473
2015-03-05,0.07224120161830605
2015-03-06,0.0717128772872444
2015-03-07,0.07118455574524063
2015-03-08,0.07065623699233914
2015-03-09,0.07012792102885079
2015-03-10,0.06959960785448693
2015-03-11,0.06907129746931417
2015-03-12,0.06854298987348795
2015-03-13,0.06801468506680841
2015-03-14,0.06748638304880927
2015-03-15,0.06695808382011226
2015-03-16,0.06642978738111704
2015-03-17,0.06590149373073562
2015-03-18,0.06537320286932324
2015-03-19,0.06484491479719079
2015-03-20,0.06431662951420503
2015-03-21,0.0637883470201217
2015-03-22,0.06326006731502964
2015-03-23,0.06273179039912868
2015-03-24,0.06220351627224119
2015-03-25,0.06167524493387866
2015-03-26,0.06114697638466282
2015-03-27,0.060618710624749106
2015-03-28,0.06009044765367122
2015-03-29,0.05956218747180664
2015-03-30,0.059033930078178365
2015-03-31,0.05836970606580838
2015-04-01,0.05770548646244489
2015-04-02,0.05704127126873182
2015-04-03,0.056377060484180674
2015-04-04,0.05571285410863602
2015-04-05,0.055048652142497545
2015-04-06,0.05438445458552099
2015-04-07,0.053720261437661954
2015-04-08,0.05305607269909807
2015-04-09,0.05239188836947406
2015-04-10,0.051727708448945364
2015-04-11,0.05106353293740096
2015-04-12,0.050399361834974066
2015-04-13,0.04973519514137603
2015-04-14,0.04907103285689551
2015-04-15,0.048406874981310466
2015-04-16,0.0477427215146875
2015-04-17,0.04707857245667135
2015-04-18,0.04641442780777272
2015-04-19,0.04575028756774735
2015-04-20,0.04508615173615116
2015-04-21,0.04442202031340603
2015-04-22,0.04375789329951196
2015-04-23,0.04309377069426912
2015-04-24,0.042429652497633086
2015-04-25,0.04176553870973709
2015-04-26,0.041101429330359096
2015-04-27,0.04043732435936587
2015-04-28,0.03977322379709047
2015-04-29,0.039109127643488506
2015-04-30,0.03820905600209201
2015-05-01,0.037308992458640056
2015-05-02,0.03640893701368775
2015-05-03,0.0355088896663025
2015-05-04,0.034608850417083836
2015-05-05,0.03370881926563207
2015-05-06,0.03280879621203603
2015-05-07,0.031908781256007046
2015-05-08,0.031008774397434102
2015-05-09,0.030108775636694673
2015-05-10,0.029208784973122626
2015-05-11,0.02830880240727307
2015-05-12,0.027408827938391056
2015-05-13,0.02650886156720933
2015-05-14,0.025608903292706486
2015-05-15,0.024708953115726295
2015-05-16,0.02380901103538058
2015-05-17,0.022909077052357674
2015-05-18,0.02200915116590263
2015-05-19,0.021109233376548353
2015-05-20,0.02020932368382855
2015-05-21,0.01930942208767661
2015-05-22,0.018409528588292368
2015-05-23,0.017509643185253942
2015-05-24,0.016609765878472516
2015-05-25,0.01570989666856981
2015-05-26,0.014810035554568834
2015-05-27,0.013910182537069105
2015-05-28,0.013010337615582124
2015-05-29,0.012110500790152301
2015-05-30,0.01121067206084625
2015-05-31,0.010241254912268793
2015-06-01,0.009271847160619018
2015-06-02,0.008302448805252993
2015-06-03,0.007333059846104106
2015-06-04,0.006363680283905104
2015-06-05,0.005394310117257106
2015-06-06,0.004424949347736629
2015-06-07,0.00345559797334527
2015-06-08,0.002486255995926001
2015-06-09,0.00151692341368026
2015-06-10,0.000547600227474021
2015-06-11,-0.0004217135629258628
2015-06-12,-0.0013910179578635606
2015-06-13,-0.0023603129570171077
2015-06-14,-0.0033295985607972867
2015-06-15,-0.004298874769204097
2015-06-16,-0.005268141582304153
2015-06-17,-0.00623739900047493
2015-06-18,-0.007206647023272339
2015-06-19,-0.008175885651007242
2015-06-20,-0.009145114884123728
2015-06-21,-0.010114334722155505
2015-06-22,-0.011083545165779807
2015-06-23,-0.012052746214286092
2015-06-24,-0.013021937868495925
2015-06-25,-0.013991120128364898
2015-06-26,-0.014960292993704272
2015-06-27,-0.015929456464791603
2015-06-28,-0.01689861054181563
2015-06-29,-0.01786775522463202
2015-06-30,-0.018399987771100523
2015-07-01,-0.0189322174844353
2015-07-02,-0.01946444436485839
2015-07-03,-0.019996668411581542
2015-07-04,-0.020528889625859303
2015-07-05,-0.02106110800617067
2015-07-06,-0.021593323553825705
2015-07-07,-0.022125536268147172
2015-07-08,-0.02265774614966798
2015-07-09,-0.023189953197644275
2015-07-10,-0.023722157412731093
2015-07-11,-0.02425435879486182
2015-07-12,-0.024786557343858817
2015-07-13,-0.025318753059722088
2015-07-14,-0.02585094594269588
2015-07-15,-0.02638313599255815
2015-07-16,-0.026915323209519837
2015-07-17,-0.027447507593370002
2015-07-18,-0.02797968914429738
2015-07-19,-0.02851186786227977
2015-07-20,-0.029044043747583626
2015-07-21,-0.029576216799631627
2015-07-22,-0.030108387018679128
2015-07-23,-0.030640554405025888
2015-07-24,-0.031172718958605294
2015-07-25,-0.03170488067927302
2015-07-26,-0.03223703956699575
2015-07-27,-0.03276919562200664
2015-07-28,-0.033301348844083645
2015-07-29,-0.03383349923355983
2015-07-30,-0.03436564678995779
2015-07-31,-0.034806590571823115
2015-08-01,-0.03524753240867762
2015-08-02,-0.035688472300732244
2015-08-03,-0.03612941024757621
2015-08-04,-0.03657034624957589
2015-08-05,-0.03701128030665357
2015-08-06,-0.037452212418687125
2015-08-07,-0.03789314258579868
2015-08-08,-0.03833407080807705
2015-08-09,-0.038774997085477825
2015-08-10,-0.039215921417778965
2015-08-11,-0.03965684380538015
2015-08-12,-0.04009776424799272
2015-08-13,-0.04053868274567218
2015-08-14,-0.04097959929855177
2015-08-15,-0.04142051390662038
2015-08-16,-0.04186142656971148
2015-08-17,-0.04230233728804711
2015-08-18,-0.04274324606156066
2015-08-19,-0.04318415289022992
2015-08-20,-0.043625057774032694
2015-08-21,-0.04406596071316882
2015-08-22,-0.04450686170733853
2015-08-23,-0.044947760756752775
2015-08-24,-0.04538865786138935
2015-08-25,-0.045829553021281555
2015-08-26,-0.04627044623629617
2015-08-27,-0.046711337506699646
2015-08-28,-0.047152226832347655
2015-08-29,-0.047593114213184684
2015-08-30,-0.04803399964922184
2015-08-31,-0.04841518613813989
2015-09-01,-0.0487963711732764
2015-09-02,-0.04917755475474239
2015-09-03,-0.049558736882315824
2015-09-04,-0.04993991755642968
2015-09-05,-0.050321096776706487
2015-09-06,-0.05070227454322396
2015-09-07,-0.05108345085621524
2015-09-08,-0.05146462571546939
2015-09-09,-0.0518457991209087
2015-09-10,-0.052226971072733
2015-09-11,-0.052608141570908984
2015-09-12,-0.05298931061538115
2015-09-13,-0.053370478206349325
2015-09-14,-0.05375164434344715
2015-09-15,-0.054132809026996576
2015-09-16,-0.054513972256764465
2015-09-17,-0.05489513403311719
2015-09-18,-0.05527629435563286
2015-09-19,-0.05565745322466675
2015-09-20,-0.05603861063998572
2015-09-21,-0.05641976660164527
2015-09-22,-0.05680092110981194
2015-09-23,-0.05718207416441912
2015-09-24,-0.057563225765255854
2015-09-25,-0.05794437591251089
2015-09-26,-0.05832552460627305
2015-09-27,-0.058706671846453506
2015-09-28,-0.059087817632952344
2015-09-29,-0.05946896196581397
2015-09-30,-0.059858593061679066
2015-10-01,-0.060248222638370486
2015-10-02,-0.06063785069604366
2015-10-03,-0.061027477234865124
2015-10-04,-0.0614171022544685
2015-10-05,-0.06180672575523127
2015-10-06,-0.06219634773679816
2015-10-07,-0.06258596819945783
2015-10-08,-0.06297558714328799
2015-10-09,-0.06336520456788897
2015-10-10,-0.06375482047371595
2015-10-11,-0.06414443486055799
2015-10-12,-0.06453404772840399
2015-10-13,-0.06492365907733166
2015-10-14,-0.06531326890716338
2015-10-15,-0.06570287721815449
2015-10-16,-0.06609248401017176
2015-10-17,-0.06648208928328181
2015-10-18,-0.06687169303750684
2015-10-19,-0.06726129527272473
2015-10-20,-0.0676508959890687
2015-10-21,-0.06804049518653876
2015-10-22,-0.06843009286499058
2015-10-23,-0.0688196890246795
2015-10-24,-0.0692092836654723
2015-10-25,-0.06959887678738008
2015-10-26,-0.06998846839028072
2015-10-27,-0.07037805847440737
2015-10-28,-0.0707676470396601
2015-10-29,-0.0711572340859501
2015-10-30,-0.0715468196134883
2015-10-31,-0.07191477538787128
2015-11-01,-0.07228272980727146
2015-11-02,-0.0726506828719109
2015-11-03,-0.07301863458160085
2015-11-04,-0.07338658493645234
2015-11-05,-0.07375453393637654
2015-11-06,-0.07412248158146229
2015-11-07,-0.07449042787178728
2015-11-08,-0.07485837280717389
2015-11-09,-0.07522631638777755
2015-11-10,-0.07559425861346503
2015-11-11,-0.07596219948438065
2015-11-12,-0.0763301390003468
2015-11-13,-0.07669807716150778
2015-11-14,-0.07706601396800794
2015-11-15,-0.07743394941962523
2015-11-16,-0.07780188351648176
2015-11-17,-0.0781698162583555
2015-11-18,-0.07853774764562393
2015-11-19,-0.0789056776780428
2015-11-20,-0.07927360635560099
2015-11-21,-0.07964153367838733
2015-11-22,-0.08000945964649064
2015-11-23,-0.08037738425963337
2015-11-24,-0.08074530751825959
2015-11-25,-0.08111322942199184
2015-11-26,-0.08148114997094114
2015-11-27,-0.08184906916515189
2015-11-28,-0.0822169870046463
2015-11-29,-0.08258490348928005
2015-11-30,-0.08292188534432254
2015-12-01,-0.08325886606272981
2015-12-02,-0.08359584564487932
2015-12-03,-0.08393282409026037
2015-12-04,-0.08426980139921714
2015-12-05,-0.08460677757189394
2015-12-06,-0.0849437526078134
2015-12-07,-0.08528072650746399
2015-12-08,-0.08561769927043494
2015-12-09,-0.08595467089704822
2015-12-10,-0.0862916413871817
2015-12-11,-0.08662861074084649
2015-12-12,-0.08696557895797596
2015-12-13,-0.08730254603862564
2015-12-14,-0.08763951198298425
2015-12-15,-0.08797647679077425
2015-12-16,-0.08831344046213996
2015-12-17,-0.08865040299703697
2015-12-18,-0.08898736439546528
2015-12-19,-0.08932432465744711
2015-12-20,-0.08966128378314897
2015-12-21,-0.08999824177239324
2015-12-22,-0.09033519862505779
2015-12-23,-0.09067215434120923
2015-12-24,-0.09100910892123615
2015-12-25,-0.09134606236474996
2015-12-26,-0.09168301467185058
2015-12-27,-0.09201996584250471
2015-12-28,-0.09235691587685668
2015-12-29,-0.09269386477460673
2015-12-30,-0.09303081253608791
2015-12-31,-0.09349312215281014
2016-01-01,-0.09395542963039905
2016-01-02,-0.09441773496857708
2016-01-03,-0.09488003816737756
2016-01-04,-0.09534233922703361
2016-01-05,-0.09580463814740092
2016-01-06,-0.09626693492860161
2016-01-07,-0.09672922957035812
2016-01-08,-0.09719152207311454
2016-01-09,-0.09765381243683757
2016-01-10,-0.09811610066094989
2016-01-11,-0.09857838674591779
2016-01-12,-0.09904067069183009
2016-01-13,-0.09950295249860908
2016-01-14,-0.09996523216621034
2016-01-15,-0.10042750969451175
2016-01-16,-0.10088978508386859
2016-01-17,-0.10135205833393668
2016-01-18,-0.10181432944500468
2016-01-19,-0.10227659841688386
2016-01-20,-0.10273886524968523
2016-01-21,-0.10320112994336439
2016-01-22,-0.10366339249788803
2016-01-23,-0.10412565291345599
2016-01-24,-0.10458791118985733
2016-01-25,-0.1050501673273696
2016-01-26,-0.10551242132585958
2016-01-27,-0.1059746731849942
2016-01-28,-0.10643692290531748
2016-01-29,-0.10689917048671838
2016-01-30,-0.10736141592900816
2016-01-31,-0.10787620582953794
2016-02-01,-0.10839099307697886
2016-02-02,-0.10890577767154186
2016-02-03,-0.10942055961320474
2016-02-04,-0.10993533890203411
2016-02-05,-0.11045011553779682
2016-02-06,-0.11096488952090366
2016-02-07,-0.11147966085113259
2016-02-08,-0.1119944295284947
2016-02-09,-0.11250919555295669
2016-02-10,-0.1130239589247739
2016-02-11,-0.11353871964360218
2016-02-12,-0.11405347770971908
2016-02-13,-0.11456823312306907
2016-02-14,-0.1150829858837299
2016-02-15,-0.1155977359915572
2016-02-16,-0.11611248344659542
2016-02-17,-0.11662722824901106
2016-02-18,-0.11714197039868202
2016-02-19,-0.11765670989579702
2016-02-20,-0.11817144674017843
2016-02-21,-0.11868618093187067
2016-02-22,-0.11920091247096254
2016-02-23,-0.11971564135726531
2016-02-24,-0.12023036759108985
2016-02-25,-0.1207450911722252
2016-02-26,-0.1212598121007269
2016-02-27,-0.12177453037685027
2016-02-28,-0.1223291971239493
2016-02-29,-0.12288851263214662
2016-03-01,-0.12344782500801621
2016-03-02,-0.12400713425180232
2016-03-03,-0.12456644036361597
2016-03-04,-0.12512574334297977
2016-03-05,-0.12568504319054874
2016-03-06,-0.1262443399058899
2016-03-07,-0.126803633489303
2016-03-08,-0.12736292394059934
2016-03-09,-0.12792221125980108
2016-03-10,-0.12848149544699705
2016-03-11,-0.12904077650225387
2016-03-12,-0.12960005442566036
2016-03-13,-0.13015932921687234
2016-03-14,-0.1307186008763228
2016-03-15,-0.1312778694036898
2016-03-16,-0.13183713479917314
2016-03-17,-0.1323963970630726
2016-03-18,-0.1329556561944889
2016-03-19,-0.13351491219453226
2016-03-20,-0.13407416506266978
2016-03-21,-0.13463341479891255
2016-03-22,-0.1351926614034049
2016-03-23,-0.13575190487608024
2016-03-24,-0.13631114521694965
2016-03-25,-0.13687038242610194
2016-03-26,-0.13742961650347052
2016-03-27,-0.137988847449233
2016-03-28,-0.13854807526321178
2016-03-29,-0.13910729994552895
2016-03-30,-0.1396271244884728
2016-03-31,-0.14027635460360788
2016-04-01,-0.14092558049781934
2016-04-02,-0.14157480217132923
2016-04-03,-0.14222401962394882
2016-04-04,-0.1428732328556781
2016-04-05,-0.143522441866617
2016-04-06,-0.1441716466571874
2016-04-07,-0.14482084722647892
2016-04-08,-0.1454700435752576
2016-04-09,-0.14611923570355678
2016-04-10,-0.14676842361107667
2016-04-11,-0.1474176072979727
2016-04-12,-0.1480667867643226
2016-04-13,-0.14871596201002646
2016-04-14,-0.14936513303518417
2016-04-15,-0.15001429983994008
2016-04-16,-0.15066346242409434
2016-04-17,-0.15131262078803553
2016-04-18,-0.15196177493121965
2016-04-19,-0.15261092485427952
2016-04-20,-0.15326007055683766
2016-04-21,-0.15390921203913832
2016-04-22,-0.15455834930105938
2016-04-23,-0.15520748234265636
2016-04-24,-0.15585661116404026
2016-04-25,-0.1565057357651667
2016-04-26,-0.15715485614613556
2016-04-27,-0.15780397230694687
2016-04-28,-0.15845308424765614
2016-04-29,-0.15903626948736704
2016-04-30,-0.1597564935805762
2016-05-01,-0.160476712478419
2016-05-02,-0.16119692618093984
2016-05-03,-0.16191713468788338
2016-05-04,-0.16263733799942726
2016-05-05,-0.16335753611559367
2016-05-06,-0.16407772903661577
2016-05-07,-0.16479791676239364
2016-05-08,-0.16551809929281625
2016-05-09,-0.16623827662803903
2016-05-10,-0.1669584487682063
2016-05-11,-0.1676786157132404
2016-05-12,-0.16839877746307463
2016-05-13,-0.16911893401815314
2016-05-14,-0.1698390853779097
2016-05-15,-0.1705592315428106
2016-05-16,-0.17127937251283365
2016-05-17,-0.17199950828802324
2016-05-18,-0.17271963886823505
2016-05-19,-0.17343976425366892
2016-05-20,-0.17415988444441366
2016-05-21,-0.174879999440114
2016-05-22,-0.1756001092414139
2016-05-23,-0.17632021384798024
2016-05-24,-0.17704031325987968
2016-05-25,-0.1777604074771233
2016-05-26,-0.17848049649995534
2016-05-27,-0.179200580328287
2016-05-28,-0.17992065896190734
2016-05-29,-0.18064073240124934
2016-05-30,-0.18127520249663354
2016-05-31,-0.18191021551251518
2016-06-01,-0.18254522448872823
2016-06-02,-0.18318022942528378
2016-06-03,-0.18381523032217073
2016-06-04,-0.18445022717925585
2016-06-05,-0.18508521999663907
2016-06-06,-0.18572020877462014
2016-06-07,-0.18635519351295482
2016-06-08,-0.18699017421170971
2016-06-09,-0.18762515087099585
2016-06-10,-0.1882601234906578
2016-06-11,-0.18889509207102861
2016-06-12,-0.18953005661166422
2016-06-13,-0.190165017113042
2016-06-14,-0.19079997357492884
2016-06-15,-0.19143492599770218
2016-06-16,-0.19206987438088463
2016-06-17,-0.19270481872476486
2016-06-18,-0.19333975902930955
2016-06-19,-0.19397469529482958
2016-06-20,-0.19460962752073652
2016-06-21,-0.19524455570755217
2016-06-22,-0.19587947985535425
2016-06-23,-0.1965143999637542
2016-06-24,-0.19714931603297403
2016-06-25,-0.19778422806306928
2016-06-26,-0.19841913605427308
2016-06-27,-0.1990540400064411
2016-06-28,-0.19968893991945125
2016-06-29,-0.20028911086180656
2016-06-30,-0.20087423983350394
2016-07-01,-0.20145936537457887
2016-07-02,-0.20204448748503134
2016-07-03,-0.2026296061649835
2016-07-04,-0.2032147214143465
2016-07-05,-0.20379983323305373
2016-07-06,-0.20438494162131615
2016-07-07,-0.20497004657905604
2016-07-08,-0.20555514810635112
2016-07-09,-0.20614024620313476
2016-07-10,-0.20672534086947358
2016-07-11,-0.2073104321053565
2016-07-12,-0.20789551991097222
2016-07-13,-0.20848060428590998
2016-07-14,-0.20906568523065827
2016-07-15,-0.20965076274511718
2016-07-16,-0.21023583682916458
2016-07-17,-0.2108209074829448
2016-07-18,-0.21140597470638012
2016-07-19,-0.21199103849945944
2016-07-20,-0.21257609886249362
2016-07-21,-0.2131611557951829
2016-07-22,-0.21374620929771604
2016-07-23,-0.2143312593699931
2016-07-24,-0.2149163060121695
2016-07-25,-0.21550134922416753
2016-07-26,-0.21608638900605381
2016-07-27,-0.21667142535782835
2016-07-28,-0.21725645827954665
2016-07-29,-0.21784148777124202
2016-07-30,-0.2184287008331509
2016-07-31,-0.21900579556255462
2016-08-01,-0.21958288695435035
2016-08-02,-0.22015997500850482
2016-08-03,-0.2207370597250513
2016-08-04,-0.22131414110397873
2016-08-05,-0.22189121914523158
2016-08-06,-0.22246829384884315
2016-08-07,-0.22304536521503548
2016-08-08,-0.22362243324368647
2016-08-09,-0.2241994979348072
2016-08-10,-0.22477655928827556
2016-08-11,-0.22535361730454673
2016-08-12,-0.22593067198318773
2016-08-13,-0.2265077233243984
2016-08-14,-0.227084771328101
2016-08-15,-0.22766181599447322
2016-08-16,-0.2282388573234373
2016-08-17,-0.22881589531503765
2016-08-18,-0.2293929299693187
2016-08-19,-0.22996996128634706
2016-08-20,-0.2305469892660117
2016-08-21,-0.23112401390843473
2016-08-22,-0.23170103521358287
2016-08-23,-0.23227805318130068
2016-08-24,-0.23285506781192122
2016-08-25,-0.23343207910532238
2016-08-26,-0.23400908706158186
2016-08-27,-0.23458609168055533
2016-08-28,-0.23516309296255367
2016-08-29,-0.2357400909072882
2016-08-30,-0.2363072457764792
2016-08-31,-0.23690173003075854
2016-09-01,-0.2374962107428158
2016-09-02,-0.23809068791215138
2016-09-03,-0.23868516153914277
2016-09-04,-0.23927963162374555
2016-09-05,-0.23987409816601524
2016-09-06,-0.24046856116565207
2016-09-07,-0.24106302062310014
2016-09-08,-0.2416574765381707
2016-09-09,-0.2422519289109748
2016-09-10,-0.242846377741468
2016-09-11,-0.2434408230296503
2016-09-12,-0.24403526477563275
2016-09-13,-0.2446297029792821
2016-09-14,-0.24522413764064277
2016-09-15,-0.24581856876004782
2016-09-16,-0.24641299633718639
2016-09-17,-0.2470074203721917
2016-09-18,-0.24760184086508596
2016-09-19,-0.24819625781575816
2016-09-20,-0.24879067122443033
2016-09-21,-0.24938508109106916
2016-09-22,-0.24997948741555254
2016-09-23,-0.2505738901981247
2016-09-24,-0.25116828943868574
2016-09-25,-0.25176268513719124
2016-09-26,-0.25235707729394097
2016-09-27,-0.25295146590854634
2016-09-28,-0.2535458509811406
2016-09-29,-0.25410088057452596
2016-09-30,-0.2546673847324432
2016-10-01,-0.2552338856727565
2016-10-02,-0.2558003833958211
2016-10-03,-0.25636687790128176
2016-10-04,-0.2569333691895048
2016-10-05,-0.2574998572603904
2016-10-06,-0.2580663421138607
2016-10-07,-0.2586328237499824
2016-10-08,-0.25919930216885545
2016-10-09,-0.25976577737033546
2016-10-10,-0.260332249354589
2016-10-11,-0.2608987181215383
2016-10-12,-0.26146518367117233
2016-10-13,-0.262031646003813
2016-10-14,-0.26259810511902737
2016-10-15,-0.26316456101715957
2016-10-16,-0.2637310136981208
2016-10-17,-0.26429746316189995
2016-10-18,-0.2648639094084304
2016-10-19,-0.26543035243808966
2016-10-20,-0.2659967922504447
2016-10-21,-0.2665632288457842
2016-10-22,-0.26712966222411927
2016-10-23,-0.26769609238525005
2016-10-24,-0.2682625193295096
2016-10-25,-0.26882894305678695
2016-10-26,-0.26939536356699323
2016-10-27,-0.2699617808602617
2016-10-28,-0.2705281949365923
2016-10-29,-0.2710946057959962
2016-10-30,-0.27165227009861015
2016-10-31,-0.2722197675409821
2016-11-01,-0.27278726175425927
2016-11-02,-0.2733547527381086
2016-11-03,-0.2739222404925856
2016-11-04,-0.2744897250180123
2016-11-05,-0.2750572063141221
2016-11-06,-0.27562468438090404
2016-11-07,-0.2761921592186023
2016-11-08,-0.2767596308271836
2016-11-09,-0.2773270992067034
2016-11-10,-0.2778945643567621
2016-11-11,-0.2784620262777815
2016-11-12,-0.2790294849698838
2016-11-13,-0.27959694043263594
2016-11-14,-0.2801643926666486
2016-11-15,-0.2807318416714
2016-11-16,-0.2812992874472009
2016-11-17,-0.28186672999387374
2016-11-18,-0.28243416931165166
2016-11-19,-0.283001605400357
2016-11-20,-0.2835690382603895
2016-11-21,-0.28413646789111624
2016-11-22,-0.28470389429295917
2016-11-23,-0.2852713174660404
2016-11-24,-0.2858387374103488
2016-11-25,-0.286406154125618
2016-11-26,-0.2869735676120255
2016-11-27,-0.28754097786964916
2016-11-28,-0.2881083848985111
2016-11-29,-0.2886872623726111
2016-11-30,-0.2892718733226496
2016-12-01,-0.2898564808450632
2016-12-02,-0.29044108493975207
2016-12-03,-0.291025685606916
2016-12-04,-0.29161028284674373
2016-12-05,-0.2921948766587912
2016-12-06,-0.29277946704356905
2016-12-07,-0.2933640540008331
2016-12-08,-0.2939486375305278
2016-12-09,-0.2945332176328419
2016-12-10,-0.295117794307731
2016-12-11,-0.2957023675552506
2016-12-12,-0.2962869373753674
2016-12-13,-0.2968715037682146
2016-12-14,-0.29745606673355907
2016-12-15,-0.2980406262716895
2016-12-16,-0.298625182382517
2016-12-17,-0.299209735066186
2016-12-18,-0.29979428432242994
2016-12-19,-0.30037883015157085
2016-12-20,-0.30096337255335337
2016-12-21,-0.30154791152811056
2016-12-22,-0.30213244707550935
2016-12-23,-0.3027169791959605
2016-12-24,-0.30330150788921983
2016-12-25,-0.3038860331552651
2016-12-26,-0.3044705549942739
2016-12-27,-0.30505507340623517
2016-12-28,-0.305639588391049
2016-12-29,-0.3062240999489152
2016-12-30,-0.30663298322621824
2016-12-31,-0.3070465081043805
2017-01-01,-0.30746003126760346
2017-01-02,-0.307873552715221
2017-01-03,-0.3082870724477327
2017-01-04,-0.3087005904649054
2017-01-05,-0.30911410676681683
2017-01-06,-0.3095276213535558
2017-01-07,-0.30994113422497804
2017-01-08,-0.310354645381139
2017-01-09,-0.310768154822072
2017-01-10,-0.31118166254784363
2017-01-11,-0.3115951685583651
2017-01-12,-0.31200867285370304
2017-01-13,-0.3124221754338796
2017-01-14,-0.3128356762987061
2017-01-15,-0.3132491754483824
2017-01-16,-0.3136626728829639
2017-01-17,-0.3140761686024285
2017-01-18,-0.31448966260645417
2017-01-19,-0.3149031548957293
2017-01-20,-0.3153166454696321
2017-01-21,-0.3157301343283181
2017-01-22,-0.31614362147192043
2017-01-23,-0.3165571069003059
2017-01-24,-0.3169705906136855
2017-01-25,-0.31738407261200363
2017-01-26,-0.31779755289516043
2017-01-27,-0.31821103146306706
2017-01-28,-0.3186245083160455
2017-01-29,-0.3190379834539403
2017-01-30,-0.3193430365025396
2017-01-31,-0.31965109271170355
2017-02-01,-0.3199591479690733
2017-02-02,-0.3202672022742381
2017-02-03,-0.32057525562747546
2017-02-04,-0.3208833080287077
2017-02-05,-0.3211913594777571
2017-02-06,-0.321499409975079
2017-02-07,-0.32180745952019585
2017-02-08,-0.32211550811324097
2017-02-09,-0.3224235557544586
2017-02-10,-0.32273160244365995
2017-02-11,-0.32303964818073405
2017-02-12,-0.32334769296600285
2017-02-13,-0.32365573679905557
2017-02-14,-0.3239637796802364
2017-02-15,-0.3242718216093232
2017-02-16,-0.32457986258660476
2017-02-17,-0.32488790261188116
2017-02-18,-0.3251959416850747
2017-02-19,-0.3255039798063408
2017-02-20,-0.32581201697572393
2017-02-21,-0.32612005319297976
2017-02-22,-0.3264280884583082
2017-02-23,-0.32673612277176467
2017-02-24,-0.3270441561331272
2017-02-25,-0.32735218854275105
2017-02-26,-0.32766022000034756
2017-02-27,-0.327968250505839
2017-02-28,-0.32827546084619463
2017-03-01,-0.3285826702397854
2017-03-02,-0.3288898786863781
2017-03-03,-0.3291970861860949
2017-03-04,-0.3295042927389913
2017-03-05,-0.3298114983450784
2017-03-06,-0.33011870300411195
2017-03-07,-0.330425906716425
2017-03-08,-0.3307331094817956
2017-03-09,-0.33104031130037903
2017-03-10,-0.3313475121720866
2017-03-11,-0.3316547120967406
2017-03-12,-0.331961911074774
2017-03-13,-0.33226910910588714
2017-03-14,-0.33257630619020206
2017-03-15,-0.33288350232754116
2017-03-16,-0.3331906975181598
2017-03-17,-0.33349789176183586
2017-03-18,-0.3338050850588359
2017-03-19,-0.33411227740884897
2017-03-20,-0.33441946881196394
2017-03-21,-0.33472665926838063
2017-03-22,-0.3350338487778992
2017-03-23,-0.3353410373407195
2017-03-24,-0.3356482249566972
2017-03-25,-0.3359554116257657
2017-03-26,-0.3362625973481581
2017-03-27,-0.336569782123497
2017-03-28,-0.3368769659523152
2017-03-29,-0.337184148834091
2017-03-30,-0.33749133076907967
2017-03-31,-0.33767099774890674
2017-04-01,-0.33785066440480405
2017-04-02,-0.33803033073659394
2017-04-03,-0.3382099967447316
2017-04-04,-0.338389662428884
2017-04-05,-0.33856932778909554
2017-04-06,-0.33874899282557713
2017-04-07,-0.33892865753802903
2017-04-08,-0.339108321926751
2017-04-09,-0.3392879859914766
2017-04-10,-0.33946764973216137
2017-04-11,-0.33964731314918284
2017-04-12,-0.3398269762421968
2017-04-13,-0.34000663901133654
2017-04-14,-0.3401863014565798
2017-04-15,-0.340365963577971
2017-04-16,-0.3405456253754213
2017-04-17,-0.3407252868490973
2017-04-18,-0.3409049479987658
2017-04-19,-0.34108460882464886
2017-04-20,-0.34126426932655773
2017-04-21,-0.34144392950457014
2017-04-22,-0.3416235893587305
2017-04-23,-0.3418032488890943
2017-04-24,-0.34198290809550613
2017-04-25,-0.3421625669781103
2017-04-26,-0.3423422255367736
2017-04-27,-0.34252188377145165
2017-04-28,-0.34270154168234424
2017-04-29,-0.34288119926925154
2017-04-30,-0.3429333490937547
2017-05-01,-0.34298549889065777
2017-05-02,-0.34303764866024933
2017-05-03,-0.3430897984026626
2017-05-04,-0.34314194811781995
2017-05-05,-0.3431940978056325
2017-05-06,-0.34324624746615573
2017-05-07,-0.343298397099423
2017-05-08,-0.34335054670528997
2017-05-09,-0.3434026962839565
2017-05-10,-0.343454845835367
2017-05-11,-0.34350699535936613
2017-05-12,-0.3435591448562092
2017-05-13,-0.3436112943257075
2017-05-14,-0.34366344376793867
2017-05-15,-0.3437155931828584
2017-05-16,-0.3437677425704555
2017-05-17,-0.34381989193076334
2017-05-18,-0.3438720412637597
2017-05-19,-0.3439241905696555
2017-05-20,-0.3439763398481843
2017-05-21,-0.34402848909931283
2017-05-22,-0.344080638323252
2017-05-23,-0.344132787519813
2017-05-24,-0.3441849366891403
2017-05-25,-0.3442370858312116
2017-05-26,-0.3442892349459381
2017-05-27,-0.3443413840331866
2017-05-28,-0.34439353309342335
2017-05-29,-0.3444456821263375
2017-05-30,-0.3444978311318847
2017-05-31,-0.34455489467393186
2017-06-01,-0.3446119581832163
2017-06-02,-0.34466902165982694
2017-06-03,-0.3447260851039746
2017-06-04,-0.3447831485151487
2017-06-05,-0.3448402118936822
2017-06-06,-0.34489727523967506
2017-06-07,-0.34495433855297186
2017-06-08,-0.3450114018335615
2017-06-09,-0.34506846508148836
2017-06-10,-0.34512552829673027
2017-06-11,-0.3451825914793649
2017-06-12,-0.3452396546292258
2017-06-13,-0.3452967177463573
2017-06-14,-0.34535378083095924
2017-06-15,-0.3454108438828096
2017-06-16,-0.3454679069018973
2017-06-17,-0.3455249698883667
2017-06-18,-0.34558203284221767
2017-06-19,-0.3456390957634947
2017-06-20,-0.34569615865183145
2017-06-21,-0.3457532215077386
2017-06-22,-0.3458102843308386
2017-06-23,-0.3458673471214202
2017-06-24,-0.3459244098790726
2017-06-25,-0.34598147260427314
2017-06-26,-0.346038535296711
2017-06-27,-0.34609559795650835
2017-06-28,-0.3461526605835763
2017-06-29,-0.3462097231780481
2017-06-30,-0.3462812561392803
2017-07-01,-0.3463527890493312
2017-07-02,-0.3464243219081009
2017-07-03,-0.3464958547154118
2017-07-04,-0.34656738747140814
2017-07-05,-0.3466389201759901
2017-07-06,-0.3467104528293463
2017-07-07,-0.34678198543131034
2017-07-08,-0.3468535179818599
2017-07-09,-0.3469250504811172
2017-07-10,-0.3469965829290933
2017-07-11,-0.34706811532553283
2017-07-12,-0.34713964767061345
2017-07-13,-0.347211179964535
2017-07-14,-0.3472827122071309
2017-07-15,-0.3473542443982236
2017-07-16,-0.34742577653794626
2017-07-17,-0.34749730862642103
2017-07-18,-0.3475688406636368
2017-07-19,-0.3476403726493493
2017-07-20,-0.34771190458388057
2017-07-21,-0.3477834364670529
2017-07-22,-0.34785496829859985
2017-07-23,-0.34792650007915427
2017-07-24,-0.347998031808161
2017-07-25,-0.34806956348577556
2017-07-26,-0.3481410951122088
2017-07-27,-0.34821262668727204
2017-07-28,-0.34828415821092085
2017-07-29,-0.34835568968319963
2017-07-30,-0.3484272211040862
2017-07-31,-0.3485110383876444
2017-08-01,-0.3485948556004037
2017-08-02,-0.34867867274275266
2017-08-03,-0.3487624898148578
2017-08-04,-0.3488463068160308
2017-08-05,-0.3489301237470599
2017-08-06,-0.3490139406074899
2017-08-07,-0.34909775739730975
2017-08-08,-0.34918157411669704
2017-08-09,-0.3492653907656629
2017-08-10,-0.34934920734400743
2017-08-11,-0.3494330238517529
2017-08-12,-0.34951684028922125
2017-08-13,-0.34960065665622375
2017-08-14,-0.34968447295256055
2017-08-15,-0.3497682891785425
2017-08-16,-0.3498521053339587
2017-08-17,-0.34993592141883134
2017-08-18,-0.3500197374332936
2017-08-19,-0.35010355337732335
2017-08-20,-0.3501873692506541
2017-08-21,-0.3502711850533857
2017-08-22,-0.35035500078587356
2017-08-23,-0.35043881644789554
2017-08-24,-0.35052263203940726
2017-08-25,-0.35060644756014225
2017-08-26,-0.35069026301064454
2017-08-27,-0.350774078390681
2017-08-28,-0.3508578937000295
2017-08-29,-0.3509417089390898
2017-08-30,-0.35102552410741783
2017-08-31,-0.35107193638940215
2017-09-01,-0.3511183486496816
2017-09-02,-0.35116476088836723
2017-09-03,-0.3512111731054812
2017-09-04,-0.3512575853007682
2017-09-05,-0.35130399747480556
2017-09-06,-0.35135040962712694
2017-09-07,-0.3513968217575436
2017-09-08,-0.3514432338666662
2017-09-09,-0.3514896459539063
2017-09-10,-0.3515360580196081
2017-09-11,-0.35158247006381593
2017-09-12,-0.35162888208644105
2017-09-13,-0.3516752940872836
2017-09-14,-0.3517217060665656
2017-09-15,-0.3517681180242871
2017-09-16,-0.3518145299602482
2017-09-17,-0.3518609418747487
2017-09-18,-0.35190735376755544
2017-09-19,-0.35195376563879055
2017-09-20,-0.3520001774883874
2017-09-21,-0.35204658931645705
2017-09-22,-0.3520930011227552
2017-09-23,-0.35213941290754835
2017-09-24,-0.35218582467063664
2017-09-25,-0.3522322364120978
2017-09-26,-0.3522786481319873
2017-09-27,-0.35232505983033846
2017-09-28,-0.35237147150692927
2017-09-29,-0.35241788316203726
2017-09-30,-0.352459107617642
2017-10-01,-0.3525003320561715
2017-10-02,-0.35254155647770347
2017-10-03,-0.3525827808821491
2017-10-04,-0.35262400526968607
2017-10-05,-0.35266522963995905
2017-10-06,-0.3527064539931346
2017-10-07,-0.35274767832944587
2017-10-08,-0.35278890264852647
2017-10-09,-0.35283012695066507
2017-10-10,-0.35287135123571733
2017-10-11,-0.35291257550366106
2017-10-12,-0.3529537997547405
2017-10-13,-0.3529950239885893
2017-10-14,-0.35303624820550716
2017-10-15,-0.3530774724052166
2017-10-16,-0.3531186965879729
2017-10-17,-0.3531599207537428
2017-10-18,-0.35320114490237087
2017-10-19,-0.3532423690338793
2017-10-20,-0.3532835931484124
2017-10-21,-0.3533248172459147
2017-10-22,-0.35336604132629734
2017-10-23,-0.3534072653896492
2017-10-24,-0.3534484894359369
2017-10-25,-0.35348971346527147
2017-10-26,-0.3535309374773754
2017-10-27,-0.35357216147264836
2017-10-28,-0.3536133854505574
2017-10-29,-0.3536546094116355
2017-10-30,-0.35369583335558286
2017-10-31,-0.3537296861201744
2017-11-01,-0.3537635388730864
2017-11-02,-0.35379739161469637
2017-11-03,-0.35383124434466007
2017-11-04,-0.35386509706312186
2017-11-05,-0.35389894977020386
2017-11-06,-0.35393280246569514
2017-11-07,-0.3539666551497733
2017-11-08,-0.35400050782214976
2017-11-09,-0.35403436048326853
2017-11-10,-0.35406821313271886
2017-11-11,-0.3541020657708227
2017-11-12,-0.3541359183971249
2017-11-13,-0.3541697710122804
2017-11-14,-0.3542036236158008
2017-11-15,-0.3542374762077194
2017-11-16,-0.3542713287882471
2017-11-17,-0.35430518135730615
2017-11-18,-0.3543390339147745
2017-11-19,-0.3543728864606077
2017-11-20,-0.3544067389952721
2017-11-21,-0.3544405915182347
2017-11-22,-0.35447444402977313
2017-11-23,-0.35450829652982074
2017-11-24,-0.35454214901828873
2017-11-25,-0.3545760014952104
2017-11-26,-0.3546098539608189
2017-11-27,-0.35464370641469234
2017-11-28,-0.3546775588570861
2017-11-29,-0.35471141128819994
2017-11-30,-0.3547127763053215
2017-12-01,-0.3547141413221877
2017-12-02,-0.3547155063391205
2017-12-03,-0.35471687135611996
2017-12-04,-0.35471823637301947
2017-12-05,-0.35471960138981906
2017-12-06,-0.3547209664068629
2017-12-07,-0.3547223314236403
2017-12-08,-0.3547236964404177
2017-12-09,-0.3547250614572728
2017-12-10,-0.3547264264741612
2017-12-11,-0.35472779149083866
2017-12-12,-0.35472915650768266
2017-12-13,-0.35473052152440454
2017-12-14,-0.3547318865411486
2017-12-15,-0.354733251557926
2017-12-16,-0.3547346165746701
2017-12-17,-0.3547359815911255
2017-12-18,-0.3547373466077697
2017-12-19,-0.35473871162454707
2017-12-20,-0.3547400766411468
2017-12-21,-0.35474144165771326
2017-12-22,-0.35474280667440183
2017-12-23,-0.35474417169077954
2017-12-24,-0.354745536707457
2017-12-25,-0.3547469017238569
2017-12-26,-0.3547482667405122
2017-12-27,-0.3547496317569787
2017-12-28,-0.35475099677345634
2017-12-29,-0.35475236178993397
2017-12-30,-0.3547537268063339
2017-12-31,-0.35473161353921645
2018-01-01,-0.354709500267536
2018-01-02,-0.3546873869906264
2018-01-03,-0.35466527370903167
2018-01-04,-0.35464316042250754
2018-01-05,-0.3546210471310318
2018-01-06,-0.3545989338346489
2018-01-07,-0.3545768205332145
2018-01-08,-0.35455470722712823
2018-01-09,-0.3545325939161348
2018-01-10,-0.3545104806000343
2018-01-11,-0.35448836727903776
2018-01-12,-0.35446625395323395
2018-01-13,-0.3544441406224008
2018-01-14,-0.35442202728693806
2018-01-15,-0.35439991394631276
2018-01-16,-0.3543778006007914
2018-01-17,-0.35435568725054045
2018-01-18,-0.3543335738952824
2018-01-19,-0.3543114605350617
2018-01-20,-0.35428934716995597
2018-01-21,-0.35426723379987646
2018-01-22,-0.3542451204249675
2018-01-23,-0.354223007045229
2018-01-24,-0.35420089366047236
2018-01-25,-0.35417878027093064
2018-01-26,-0.3541566668764151
2018-01-27,-0.3541345534769591
2018-01-28,-0.3541124400726403
2018-01-29,-0.354090326663381
2018-01-30,-0.35406821324917015
2018-01-31,-0.3540979708139935
2018-02-01,-0.3541277283698463
2018-02-02,-0.3541574859169061
2018-02-03,-0.35418724345512853
2018-02-04,-0.35421700098434705
2018-02-05,-0.3542467585047282
2018-02-06,-0.35427651601621646
2018-02-07,-0.35430627351898947
2018-02-08,-0.35433603101272526
2018-02-09,-0.35436578849751266
2018-02-10,-0.35439554597335166
2018-02-11,-0.3544253034405309
2018-02-12,-0.35445506089865075
2018-02-13,-0.3544848183479665
2018-02-14,-0.3545145757883894
2018-02-15,-0.3545443332199305
2018-02-16,-0.35457409064266754
2018-02-17,-0.35460384805641176
2018-02-18,-0.3546336054611521
2018-02-19,-0.35466336285722155
2018-02-20,-0.3546931202442316
2018-02-21,-0.3547228776224931
2018-02-22,-0.354752634991895
2018-02-23,-0.3547823923522486
2018-02-24,-0.35481214970379815
2018-02-25,-0.3548419070464104
2018-02-26,-0.35487166438029627
2018-02-27,-0.35490142170515604
2018-02-28,-0.35493363604840455
2018-03-01,-0.3549658503814168
2018-03-02,-0.35499806470390416
2018-03-03,-0.3550302790159221
2018-03-04,-0.3550624933177704
2018-03-05,-0.35509470760888284
2018-03-06,-0.35512692188980344
2018-03-07,-0.3551591361602435
2018-03-08,-0.3551913504201476
2018-03-09,-0.3552235646698154
2018-03-10,-0.35525577890908044
2018-03-11,-0.35528799313785386
2018-03-12,-0.3553202073561579
2018-03-13,-0.35535242156423674
2018-03-14,-0.355384635761713
2018-03-15,-0.3554168499488086
2018-03-16,-0.3554490641255237
2018-03-17,-0.35548127829188036
2018-03-18,-0.3555134924476677
2018-03-19,-0.3555457065931189
2018-03-20,-0.3555779207283227
2018-03-21,-0.3556101348529017
2018-03-22,-0.3556423489669669
2018-03-23,-0.35567456307088463
2018-03-24,-0.35570677716434407
2018-03-25,-0.3557389912473341
2018-03-26,-0.3557712053198103
2018-03-27,-0.35580341938185045
2018-03-28,-0.355835633433621
2018-03-29,-0.3558678474749555
2018-03-30,-0.35590006150590936
2018-03-31,-0.3559284535245344
2018-04-01,-0.3559568455349216
2018-04-02,-0.3559852375371375
2018-04-03,-0.35601362953145976
2018-04-04,-0.35604202151755526
2018-04-05,-0.35607041349567936
2018-04-06,-0.3560988054655878
2018-04-07,-0.35612719742759147
2018-04-08,-0.35615558938129066
2018-04-09,-0.35618398132709617
2018-04-10,-0.3562123732645861
2018-04-11,-0.35624076519421566
2018-04-12,-0.3562691571156962
2018-04-13,-0.35629754902896105
2018-04-14,-0.3563259409341879
2018-04-15,-0.35635433283144335
2018-04-16,-0.35638272472038324
2018-04-17,-0.35641111660158487
2018-04-18,-0.3564395084744265
2018-04-19,-0.35646790033918574
2018-04-20,-0.35649629219584034
2018-04-21,-0.35652468404454574
2018-04-22,-0.3565530758851465
2018-04-23,-0.35658146771754273
2018-04-24,-0.35660985954194535
2018-04-25,-0.3566382513581434
2018-04-26,-0.3566666431663701
2018-04-27,-0.35669503496648103
2018-04-28,-0.35672342675844293
2018-04-29,-0.3567518185424223
2018-04-30,-0.3567758423548728
2018-05-01,-0.35679986616166115
2018-05-02,-0.35682388996266523
2018-05-03,-0.3568479137576852
2018-05-04,-0.35687193754704305
2018-05-05,-0.3568959613305389
2018-05-06,-0.3569199851085503
2018-05-07,-0.3569440088804221
2018-05-08,-0.3569680326467761
2018-05-09,-0.35699205640713494
2018-05-10,-0.357016080161765
2018-05-11,-0.3570401039106219
2018-05-12,-0.35706412765361684
2018-05-13,-0.3570881513908275
2018-05-14,-0.35711217512240934
2018-05-15,-0.35713619884795156
2018-05-16,-0.35716022256789826
2018-05-17,-0.3571842462819719
2018-05-18,-0.35720826999035005
2018-05-19,-0.3572322936927552
2018-05-20,-0.35725631738953156
2018-05-21,-0.3572803410802572
2018-05-22,-0.3573043647654983
2018-05-23,-0.35732838844478865
2018-05-24,-0.35735241211838353
2018-05-25,-0.35737643578621636
2018-05-26,-0.3574004594480318
2018-05-27,-0.3574244831042406
2018-05-28,-0.3574485067545985
2018-05-29,-0.3574725303992832
2018-05-30,-0.3574965540378172
2018-05-31,-0.3575063818884172
2018-06-01,-0.35751620973770715
2018-06-02,-0.3575260375862199
2018-06-03,-0.3575358654337446
2018-06-04,-0.3575456932802923
2018-06-05,-0.3575555211259185
2018-06-06,-0.35756534897043446
2018-06-07,-0.35757517681402895
2018-06-08,-0.35758500465663534
2018-06-09,-0.35759483249836466
2018-06-10,-0.35760466033903926
2018-06-11,-0.35761448817875907
2018-06-12,-0.3576243160176129
2018-06-13,-0.35763414385544534
2018-06-14,-0.3576439716922786
2018-06-15,-0.3576537995281237
2018-06-16,-0.35766362736309176
2018-06-17,-0.3576734551970273
2018-06-18,-0.35768328302993035
2018-06-19,-0.3576931108618231
2018-06-20,-0.3577029386929609
2018-06-21,-0.35771276652305506
2018-06-22,-0.3577225943519724
2018-06-23,-0.3577324221801237
2018-06-24,-0.3577422500073868
2018-06-25,-0.3577520778335619
2018-06-26,-0.35776190565869337
2018-06-27,-0.35777173348293667
2018-06-28,-0.3577815613062363
2018-06-29,-0.3577913891284812
2018-06-30,-0.35779985197461617
2018-07-01,-0.3578083148200073
2018-07-02,-0.3578167776646213
2018-07-03,-0.3578252405085358
2018-07-04,-0.3578337033517065
2018-07-05,-0.3578421661943554
2018-07-06,-0.35785062903601617
2018-07-07,-0.35785909187715514
2018-07-08,-0.35786755471747256
2018-07-09,-0.3578760175570572
2018-07-10,-0.35788448039584253
2018-07-11,-0.35789294323410603
2018-07-12,-0.35790140607151466
2018-07-13,-0.3579098689084015
2018-07-14,-0.35791833174447785
2018-07-15,-0.3579267945796438
2018-07-16,-0.3579352574143435
2018-07-17,-0.3579437202480329
2018-07-18,-0.3579521830813448
2018-07-19,-0.3579606459136797
2018-07-20,-0.3579691087454151
2018-07-21,-0.35797757157639554
2018-07-22,-0.3579860344066432
2018-07-23,-0.357994497236247
2018-07-24,-0.3580029600650736
2018-07-25,-0.35801142289320076
2018-07-26,-0.35801988572052856
2018-07-27,-0.35802834854730126
2018-07-28,-0.3580368113732635
2018-07-29,-0.35804527419844856
2018-07-30,-0.3580537370231007
2018-07-31,-0.35806492979020277
2018-08-01,-0.3580761225561835
2018-08-02,-0.35808731532094296
2018-08-03,-0.35809850808435906
2018-08-04,-0.3581097008465983
2018-08-05,-0.3581208936075275
2018-08-06,-0.35813208636712446
2018-08-07,-0.35814327912558896
2018-08-08,-0.3581544718827101
2018-08-09,-0.3581656646385545
2018-08-10,-0.35817685739326643
2018-08-11,-0.3581880501465462
2018-08-12,-0.35819924289868244
2018-08-13,-0.3582104356495863
2018-08-14,-0.35822162839928007
2018-08-15,-0.35823282114759714
2018-08-16,-0.35824401389465965
2018-08-17,-0.3582552066404898
2018-08-18,-0.35826639938514315
2018-08-19,-0.3582775921284309
2018-08-20,-0.3582887848705085
2018-08-21,-0.3582999776113316
2018-08-22,-0.3583111703508335
2018-08-23,-0.35832236308913634
2018-08-24,-0.35833355582618465
2018-08-25,-0.3583447485619451
2018-08-26,-0.3583559412965287
2018-08-27,-0.358367134029669
2018-08-28,-0.35837832676177683
2018-08-29,-0.35838951949247466
2018-08-30,-0.35840071222201786
2018-08-31,-0.3584097210022841
2018-09-01,-0.35841872978189526
2018-09-02,-0.35842773856060717
2018-09-03,-0.3584367473385752
2018-09-04,-0.3584457561155774
2018-09-05,-0.3584547648918801
2018-09-06,-0.3584637736674834
2018-09-07,-0.35847278244205416
2018-09-08,-0.3584817912159033
2018-09-09,-0.35849079998886424
2018-09-10,-0.35849980876115906
2018-09-11,-0.3585088175325102
2018-09-12,-0.3585178263032063
2018-09-13,-0.3585268350729809
2018-09-14,-0.3585358438418562
2018-09-15,-0.3585448526099766
2018-09-16,-0.3585538613773753
2018-09-17,-0.35856287014381927
2018-09-18,-0.35857187890956377
2018-09-19,-0.3585808876744423
2018-09-20,-0.35858989643843264
2018-09-21,-0.35859890520172355
2018-09-22,-0.3586079139641929
2018-09-23,-0.35861692272580736
2018-09-24,-0.35862593148648925
2018-09-25,-0.3586349402466271
2018-09-26,-0.3586439490058546
2018-09-27,-0.358652957764205
2018-09-28,-0.3586619665218671
2018-09-29,-0.35867097527841896
2018-09-30,-0.358683532938997
2018-10-01,-0.35869609059797636
2018-10-02,-0.358708648255468
2018-10-03,-0.3587212059113054
2018-10-04,-0.3587337635654442
2018-10-05,-0.35874632121802863
2018-10-06,-0.3587588788691476
2018-10-07,-0.35877143651873444
2018-10-08,-0.3587839941664339
2018-10-09,-0.35879655181284553
2018-10-10,-0.3588091094576473
2018-10-11,-0.3588216671007505
2018-10-12,-0.3588342247422993
2018-10-13,-0.35884678238234935
2018-10-14,-0.35885934002075626
2018-10-15,-0.35887189765760885
2018-10-16,-0.3588844552928738
2018-10-17,-0.35889701292642906
2018-10-18,-0.358909570558652
2018-10-19,-0.3589221281889654
2018-10-20,-0.3589346858178577
2018-10-21,-0.3589472434451846
2018-10-22,-0.35895980107093495
2018-10-23,-0.3589723586951754
2018-10-24,-0.3589849163176506
2018-10-25,-0.35899747393871584
2018-10-26,-0.35901003155819344
2018-10-27,-0.3590225891759169
2018-10-28,-0.35903514679216375
2018-10-29,-0.3590477044069229
2018-10-30,-0.3590602620199612
2018-10-31,-0.35907937142940494
2018-11-01,-0.35909848083486295
2018-11-02,-0.359117590236846
2018-11-03,-0.35913669963512085
2018-11-04,-0.3591558090298874
2018-11-05,-0.3591749184206683
2018-11-06,-0.35919402780796306
2018-11-07,-0.3592131371917051
2018-11-08,-0.3592322465715614
2018-11-09,-0.3592513559479982
2018-11-10,-0.3592704653206047
2018-11-11,-0.35928957468941425
2018-11-12,-0.3593086840548043
2018-11-13,-0.35932779341647514
2018-11-14,-0.3593469027744045
2018-11-15,-0.35936601212863684
2018-11-16,-0.35938512147938306
2018-11-17,-0.3594042308262768
2018-11-18,-0.3594233401697511
2018-11-19,-0.35944244950918414
2018-11-20,-0.3594615588452532
2018-11-21,-0.35948066817756974
2018-11-22,-0.359499777506167
2018-11-23,-0.359518886831256
2018-11-24,-0.3595379961525147
2018-11-25,-0.3595571054701874
2018-11-26,-0.35957621478434065
2018-11-27,-0.35959532409451933
2018-11-28,-0.3596144334011009
2018-11-29,-0.35963354270417414
2018-11-30,-0.35966657448416317
2018-12-01,-0.359699606253161
2018-12-02,-0.35973263801128974
2018-12-03,-0.3597656697584495
2018-12-04,-0.3597987014944626
2018-12-05,-0.3598317332196399
2018-12-06,-0.35986476493405917
2018-12-07,-0.359897796637354
2018-12-08,-0.35993082832972423
2018-12-09,-0.35996386001103664
2018-12-10,-0.3599968916815799
2018-12-11,-0.3600299233410542
2018-12-12,-0.36006295498968166
2018-12-13,-0.3600959866272735
2018-12-14,-0.3601290182538852
2018-12-15,-0.36016204986959455
2018-12-16,-0.3601950814744126
2018-12-17,-0.36022811306825053
2018-12-18,-0.3602611446511861
2018-12-19,-0.3602941762229972
2018-12-20,-0.36032720778401695
2018-12-21,-0.36036023933389005
2018-12-22,-0.360393270872994
2018-12-23,-0.36042630240114004
2018-12-24,-0.3604593339182727
2018-12-25,-0.3604923654244585
2018-12-26,-0.36052539691980856
2018-12-27,-0.36055842840395647
2018-12-28,-0.3605914598773352
2018-12-29,-0.36062449133978935
2018-12-30,-0.3606575227912745
2018-12-31,-0.3607072064362171
2019-01-01,-0.36075689005632405
2019-01-02,-0.360806573651673
2019-01-03,-0.3608562572222862
2019-01-04,-0.3609059407681081
2019-01-05,-0.36095562428913874
2019-01-06,-0.3610053077854669
2019-01-07,-0.3610549912568817
2019-01-08,-0.3611046747036828
2019-01-09,-0.3611543581256482
2019-01-10,-0.36120404152273355
2019-01-11,-0.36125372489526075
2019-01-12,-0.36130340824295226
2019-01-13,-0.3613530915657859
2019-01-14,-0.36140277486392813
2019-01-15,-0.3614524581371348
2019-01-16,-0.3615021413857944
2019-01-17,-0.3615518246095073
2019-01-18,-0.36160150780850664
2019-01-19,-0.36165119098258147
2019-01-20,-0.361700874132187
2019-01-21,-0.3617505572568236
2019-01-22,-0.3618002403565357
2019-01-23,-0.3618499234318451
2019-01-24,-0.36189960648207453
2019-01-25,-0.36194928950779026
2019-01-26,-0.3619989725086148
2019-01-27,-0.36204865548460363
2019-01-28,-0.3620983384359677
2019-01-29,-0.362148021362263
2019-01-30,-0.3621977042639446
2019-01-31,-0.3622102614817435
2019-02-01,-0.36222281869771056
2019-02-02,-0.36223537591201227
2019-02-03,-0.3622479331248596
2019-02-04,-0.3622604903361193
2019-02-05,-0.3622730475458136
2019-02-06,-0.3622856047538203
2019-02-07,-0.36229816196028386
2019-02-08,-0.362310719165293
2019-02-09,-0.3623232763685813
2019-02-10,-0.362335833570393
2019-02-11,-0.36234839077043945
2019-02-12,-0.3623609479689871
2019-02-13,-0.36237350516604705
2019-02-14,-0.3623860623615527
2019-02-15,-0.36239861955529307
2019-02-16,-0.36241117674754575
2019-02-17,-0.3624237339382663
2019-02-18,-0.36243629112735487
2019-02-19,-0.3624488483148336
2019-02-20,-0.3624614055007247
2019-02-21,-0.3624739626851947
2019-02-22,-0.3624865198678995
2019-02-23,-0.3624990770490055
2019-02-24,-0.3625116342286461
2019-02-25,-0.36252419140653247
2019-02-26,-0.36253674858293117
2019-02-27,-0.36254930575781996
2019-02-28,-0.362555857326996
2019-03-01,-0.36256240889547264
2019-03-02,-0.3625689604636828
2019-03-03,-0.3625755120315266
2019-03-04,-0.3625820635988153
2019-03-05,-0.362588615165782
2019-03-06,-0.3625951667322047
2019-03-07,-0.36260171829822774
2019-03-08,-0.3626082698638067
2019-03-09,-0.36261482142898593
2019-03-10,-0.3626213729938099
2019-03-11,-0.3626279245581454
2019-03-12,-0.3626344761220368
2019-03-13,-0.3626410276854064
2019-03-14,-0.36264757924855395
2019-03-15,-0.3626541308111131
2019-03-16,-0.36266068237342797
2019-03-17,-0.3626672339350101
2019-03-18,-0.3626737854963036
2019-03-19,-0.362680337057264
2019-03-20,-0.3626868886178247
2019-03-21,-0.36269344017778593
2019-03-22,-0.36269999173735856
2019-03-23,-0.3627065432964316
2019-03-24,-0.36271309485516046
2019-03-25,-0.36271964641356735
2019-03-26,-0.36272619797143024
2019-03-27,-0.36273274952889345
2019-03-28,-0.36273930108579044
2019-03-29,-0.3627458526424099
2019-03-30,-0.362752404198452
2019-03-31,-0.36276332345775986
2019-04-01,-0.36277424271584646
2019-04-02,-0.36278516197280064
2019-04-03,-0.36279608122845586
2019-04-04,-0.36280700048295644
2019-04-05,-0.3628179197362358
2019-04-06,-0.3628288389883272
2019-04-07,-0.36283975823928616
2019-04-08,-0.36285067748892397
2019-04-09,-0.36286159673754037
2019-04-10,-0.3628725159847468
2019-04-11,-0.3628834352309984
2019-04-12,-0.3628943544758956
2019-04-13,-0.3629052737197047
2019-04-14,-0.3629161929621594
2019-04-15,-0.3629271122034705
2019-04-16,-0.3629380314436159
2019-04-17,-0.3629489506825845
2019-04-18,-0.3629598699202763
2019-04-19,-0.36297078915672465
2019-04-20,-0.3629817083920406
2019-04-21,-0.3629926276262574
2019-04-22,-0.36300354685930847
2019-04-23,-0.36301446609097177
2019-04-24,-0.36302538532156925
2019-04-25,-0.36303630455089
2019-04-26,-0.36304722377904497
2019-04-27,-0.363058143006012
2019-04-28,-0.36306906223181334
2019-04-29,-0.3630799814563823
2019-04-30,-0.36308353020421125
2019-05-01,-0.36308707895185144
2019-05-02,-0.3630906276992918
2019-05-03,-0.36309417644673214
2019-05-04,-0.36309772519399486
2019-05-05,-0.36310127394120206
2019-05-06,-0.363104822688165
2019-05-07,-0.36310837143503916
2019-05-08,-0.36311192018162464
2019-05-09,-0.36311546892836555
2019-05-10,-0.3631190176749066
2019-05-11,-0.36312256642133667
2019-05-12,-0.3631261151677223
2019-05-13,-0.3631296639137416
2019-05-14,-0.36313321265980525
2019-05-15,-0.3631367614056691
2019-05-16,-0.3631403101513886
2019-05-17,-0.3631438588970193
2019-05-18,-0.36314740764258335
2019-05-19,-0.36315095638782546
2019-05-20,-0.363154505133112
2019-05-21,-0.3631580538783319
2019-05-22,-0.3631616026232187
2019-05-23,-0.3631651513681833
2019-05-24,-0.36316870011280367
2019-05-25,-0.36317224885752397
2019-05-26,-0.3631757976019112
2019-05-27,-0.363179346346465
2019-05-28,-0.36318289509055246
2019-05-29,-0.3631864438345844
2019-05-30,-0.3631899925786164
2019-05-31,-0.36320118476979024
2019-06-01,-0.36321237695976505
2019-06-02,-0.3632235691483854
2019-06-03,-0.3632347613358622
2019-06-04,-0.36324595352201783
2019-06-05,-0.3632571457068079
2019-06-06,-0.36326833789050994
2019-06-07,-0.363279530072913
2019-06-08,-0.3632907222541726
2019-06-09,-0.36330191443388893
2019-06-10,-0.36331310661243954
2019-06-11,-0.36332429878989103
2019-06-12,-0.36333549096589923
2019-06-13,-0.3633466831407528
2019-06-14,-0.3633578753143296
2019-06-15,-0.36336906748662967
2019-06-16,-0.3633802596577751
2019-06-17,-0.36339145182763266
2019-06-18,-0.36340264399605804
2019-06-19,-0.363413836163351
2019-06-20,-0.3634250283294005
2019-06-21,-0.3634362204940955
2019-06-22,-0.3634474126576581
2019-06-23,-0.36345860481997727
2019-06-24,-0.36346979698086423
2019-06-25,-0.36348098914061877
2019-06-26,-0.3634921812992631
2019-06-27,-0.3635033734563975
2019-06-28,-0.3635145656124328
2019-06-29,-0.363525757767158
2019-06-30,-0.3635252118083687
2019-07-01,-0.36352466584960164
2019-07-02,-0.36352411989099
2019-07-03,-0.3635235739323117
2019-07-04,-0.3635230279735113
2019-07-05,-0.3635224820149552
2019-07-06,-0.3635219360562325
2019-07-07,-0.3635213900974765
2019-07-08,-0.36352084413879826
2019-07-09,-0.3635202981800756
2019-07-10,-0.3635197522213418
2019-07-11,-0.36351920626263023
2019-07-12,-0.36351866030395197
2019-07-13,-0.36351811434506276
2019-07-14,-0.3635175683864733
2019-07-15,-0.363517022427684
2019-07-16,-0.36351647646893914
2019-07-17,-0.36351593051021647
2019-07-18,-0.3635153845515604
2019-07-19,-0.3635148385926601
2019-07-20,-0.3635142926339152
2019-07-21,-0.36351374667527026
2019-07-22,-0.3635132007162811
2019-07-23,-0.3635126547577583
2019-07-24,-0.363512108798969
2019-07-25,-0.3635115628401686
2019-07-26,-0.36351101688143483
2019-07-27,-0.36351047092256783
2019-07-28,-0.36350992496391177
2019-07-29,-0.3635093790051558
2019-07-30,-0.3635088330463443
2019-07-31,-0.3635175683874281
2019-08-01,-0.3635263037275793
2019-08-02,-0.3635350390671199
2019-08-03,-0.3635437744059278
2019-08-04,-0.36355250974394737
2019-08-05,-0.3635612450812009
2019-08-06,-0.3635699804175774
2019-08-07,-0.3635787157531767
2019-08-08,-0.36358745108809876
2019-08-09,-0.3635961864222881
2019-08-10,-0.36360492175575576
2019-08-11,-0.36361365708827975
2019-08-12,-0.363622392420182
2019-08-13,-0.363631127751296
2019-08-14,-0.3636398630816329
2019-08-15,-0.36364859841111485
2019-08-16,-0.3636573337398419
2019-08-17,-0.3636660690679583
2019-08-18,-0.3636748043950866
2019-08-19,-0.3636835397216265
2019-08-20,-0.36369227504747803
2019-08-21,-0.36370101037224156
2019-08-22,-0.3637097456965055
2019-08-23,-0.3637184810201033
2019-08-24,-0.3637272163427241
2019-08-25,-0.36373595166470096
2019-08-26,-0.36374468698573414
2019-08-27,-0.36375342230632324
2019-08-28,-0.363762157625791
2019-08-29,-0.363770892944526
2019-08-30,-0.3637796282624617
2019-08-31,-0.36378536081396184
2019-09-01,-0.3637910933648514
2019-09-02,-0.36379682591540785
2019-09-03,-0.36380255846570897
2019-09-04,-0.3638082910156104
2019-09-05,-0.3638140235652454
2019-09-06,-0.3638197561145695
2019-09-07,-0.3638254886635939
2019-09-08,-0.36383122121219635
2019-09-09,-0.3638369537605546
2019-09-10,-0.3638426863084465
2019-09-11,-0.3638484188559721
2019-09-12,-0.3638541514033644
2019-09-13,-0.36385988395035707
2019-09-14,-0.36386561649703886
2019-09-15,-0.3638713490434209
2019-09-16,-0.36387708158940324
2019-09-17,-0.36388281413513024
2019-09-18,-0.3638885466802355
2019-09-19,-0.3638942792254518
2019-09-20,-0.3639000117700242
2019-09-21,-0.3639057443143634
2019-09-22,-0.36391147685842506
2019-09-23,-0.36391720940207595
2019-09-24,-0.36392294194543817
2019-09-25,-0.363928674488434
2019-09-26,-0.3639344070311967
2019-09-27,-0.36394013957354865
2019-09-28,-0.3639458721155564
2019-09-29,-0.3639516046572755
2019-09-30,-0.36406216082319753
2019-10-01,-0.36457071862250334
2019-10-02,-0.3650847333558138
2019-10-03,-0.36560966444075804
2019-10-04,-0.3661291332870298
2019-10-07,-0.3666513291472717
2019-10-08,-0.36716806285489456
2019-10-09,-0.3676847938824057
2019-10-10,-0.368201522229894
2019-10-11,-0.3687127885666275
2019-10-14,-0.3692213226282548
2019-10-15,-0.3697353133694792
2019-10-16,-0.3702411125886651
2019-10-17,-0.3707469092400051
2019-10-18,-0.3712499737277164
2019-10-21,-0.3717584948392916
2019-10-22,-0.3722642837873491
2019-10-23,-0.3727673406132115
2019-10-24,-0.37327312443955485
2019-10-25,-0.3737789056982521
2019-10-28,-0.3742846843889591
2019-10-29,-0.3747822720157945
2019-10-30,-0.3752798571572624
2019-10-31,-0.3757719808705873
2019-11-01,-0.37628047890108096
2019-11-04,-0.3767534915627868
2019-11-05,-0.37724014913438353
2019-11-06,-0.3777213454930428
2019-11-07,-0.37819708071822333
2019-11-08,-0.3786810018463149
2019-11-11,-0.3791676500021768
2019-11-12,-0.3796343714582151
2019-11-13,-0.3800847146132158
2019-11-14,-0.380548702432848
2019-11-15,-0.3810263347284848
2019-11-18,-0.38150396473412007
2019-11-19,-0.3819843217508945
2019-11-20,-0.3823800685212042
2019-11-21,-0.38286042131333575
2019-11-22,-0.38332439620499814
2019-11-25,-0.3837801811815367
2019-11-26,-0.3842359640726545
2019-11-27,-0.3846917448784626
2019-11-28,-0.3851420651709625
2019-11-29,-0.38559511262941104
2019-12-02,-0.3860727207296688
2019-12-03,-0.38654486818799905
2019-12-04,-0.38701974257147054
2019-12-05,-0.38749461469113067
2019-12-06,-0.3879722136840069
2019-12-09,-0.3884498103871814
2019-12-10,-0.3889355921331772
2019-12-11,-0.3894213715101458
2019-12-12,-0.38990714851808717
2019-12-13,-0.3903901940858989
2019-12-16,-0.39087323731136214
2019-12-17,-0.3913371748827221
2019-12-18,-0.3918120264203351
2019-12-19,-0.3922868756943698
2019-12-20,-0.39276172270477083
2019-12-23,-0.39325021241554126
2019-12-24,-0.39376244178538355
2019-12-27,-0.39425556576612175
2019-12-30,-0.394745958353826
2019-12-31,-0.395209059146473
2020-01-02,-0.39569398918898324
2020-01-03,-0.396173459046556
2020-01-06,-0.39665838439381096
2020-01-07,-0.3971460362660051
2020-01-08,-0.3976227702613633
2020-01-09,-0.39810768855282896
2020-01-10,-0.39858987563735626
2020-01-13,-0.3990693315548799
2020-01-14,-0.3995515139839201
2020-01-15,-0.40003369407858314
2020-01-16,-0.40051041425263056
2020-01-17,-0.4009898609251161
2020-01-20,-0.4014720340565603
2020-01-21,-0.4019460185924806
2020-01-22,-0.4024227296134497
2020-01-23,-0.4029021670805766
2020-01-24,-0.4033816022396719
2020-01-27,-0.4038637637924891
2020-01-28,-0.40434046563442294
2020-01-29,-0.4048280798956694
2020-01-30,-0.405312963107618
2020-01-31,-0.4057978439588994
2020-02-03,-0.4062772651790225
2020-02-04,-0.4067539554691746
2020-02-05,-0.407230643477674
2020-02-06,-0.4077046006086382
2020-02-07,-0.4081840126501035
2020-02-10,-0.40866560522915263
2020-02-11,-0.409158109705976
2020-02-12,-0.40965061174743633
2020-02-13,-0.4101403828234873
2020-02-14,-0.41062469445838357
2020-02-17,-0.41111718924708995
2020-02-18,-0.4115960391528173
2020-02-19,-0.41208034370899815
2020-02-20,-0.41256464590962993
2020-02-21,-0.41305167420508937
2020-02-24,-0.4135414285553196
2020-02-25,-0.41402845207382244
2020-02-26,-0.4145154732105527
2020-02-27,-0.41499976356923485
2020-02-28,-0.41548950833895093
2020-03-02,-0.41598470743960947
2020-03-03,-0.4164799040777045
2020-03-04,-0.41697236991100617
2020-03-05,-0.4174621049797267
2020-03-06,-0.4179545659556805
2020-03-09,-0.4184415678920028
2020-03-10,-0.4189340240241757
2020-03-11,-0.4194319342718633
2020-03-12,-0.4199216572447706
2020-03-13,-0.42041410605768714
2020-03-16,-0.420892911261217
2020-03-17,-0.4213580730545119
2020-03-18,-0.421817776256761
2020-03-19,-0.42226929274798986
2020-03-20,-0.4227153508239656
2020-03-23,-0.4231641350737614
2020-03-24,-0.42360064066087055
2020-03-25,-0.4240371443348212
2020-03-26,-0.4244791023670036
2020-03-27,-0.42492378656169283
2020-03-30,-0.42536301254715303
2020-03-31,-0.42578586799695284
2020-04-01,-0.4262223620916772
2020-04-02,-0.4266779508058538
2020-04-03,-0.42714717775377276
2020-04-06,-0.4276000341858155
2020-04-07,-0.42805288855809476
2020-04-08,-0.4285111969229316
2020-04-09,-0.42897223119159333
2020-04-14,-0.4294278073240343
2020-04-15,-0.42988610936034455
2020-04-16,-0.4303416813112415
2020-04-17,-0.43080816303104896
2020-04-20,-0.4312828264169566
2020-04-21,-0.43175748754001875
2020-04-22,-0.432226690551174
2020-04-23,-0.43269589135132014
2020-04-24,-0.4331650899404016
2020-04-27,-0.43363428631835177
2020-04-28,-0.4341089362316475
2020-04-29,-0.43458903960218453
2020-04-30,-0.43503640649480424
2020-05-04,-0.4355165053930743
2020-05-05,-0.4359856906904436
2020-05-06,-0.4364627844232749
2020-05-07,-0.43693714807407913
2020-05-08,-0.437411509465091
2020-05-11,-0.43789405190459707
2020-05-12,-0.43837386424918634
2020-05-13,-0.4388509465381607
2020-05-14,-0.43932529881091087
2020-05-15,-0.43980510425797315
2020-05-18,-0.4402821796887113
2020-05-19,-0.44075925283345585
2020-05-20,-0.4412445067256576
2020-05-21,-0.44172975825264027
2020-05-22,-0.44219864150701893
2020-05-25,-0.4426702501913682
2020-05-26,-0.44314458426739645
2020-05-27,-0.4436189160834436
2020-05-28,-0.4440932456395208
2020-05-29,-0.44456484534907137
2020-06-01,-0.44505280826624416
2020-06-02,-0.4455298585509748
2020-06-03,-0.44600963409684447
2020-06-04,-0.44649486239849434
2020-06-05,-0.44697736081459327
2020-06-08,-0.44746803941467794
2020-06-09,-0.4479450781258887
2020-06-10,-0.4484384794371854
2020-06-11,-0.4489291508355864
2020-06-12,-0.44941709236165917
2020-06-15,-0.4499077589367184
2020-06-16,-0.45039569566612814
2020-06-17,-0.4508781751763169
2020-06-18,-0.45135847043794586
2020-06-19,-0.4518442181575377
2020-06-22,-0.45232723613256587
2020-06-23,-0.4528075244030427
2020-06-24,-0.4532932650518906
2020-06-25,-0.45378173066511485
2020-06-26,-0.4542701938814786
2020-06-29,-0.45475320008552256
2020-06-30,-0.45526347689124336
2020-07-01,-0.4557546601174911
2020-07-02,-0.45624584091987774
2020-07-03,-0.4567397465523926
2020-07-06,-0.45723637697439035
2020-07-07,-0.4577330049186257
2020-07-08,-0.4582269031722763
2020-07-09,-0.4587207989753872
2020-07-10,-0.4592146923278473
2020-07-13,-0.4597167647468092
2020-07-14,-0.4602161074746425
2020-07-15,-0.46071544769760164
2020-07-16,-0.4611875141037003
2020-07-17,-0.4616868494538351
2020-07-20,-0.46218618229875164
2020-07-21,-0.46268005845715443
2020-07-22,-0.46317665924221485
2020-07-23,-0.46367325755010125
2020-07-24,-0.4641725804301111
2020-07-27,-0.4646746278420433
2020-07-28,-0.4651739456989268
2020-07-29,-0.4656787150688735
2020-07-30,-0.46618320916718137
2020-07-31,-0.4666822467457754
2020-08-03,-0.4671867357575632
2020-08-04,-0.46768849525861134
2020-08-05,-0.4681929791702011
2020-08-06,-0.46870018745114317
2020-08-07,-0.4692073931471974
2020-08-10,-0.4697173231571039
2020-08-11,-0.47022179678554155
2020-08-12,-0.47072626785716887
2020-08-13,-0.4712307363716417
2020-08-14,-0.47172702180018344
2020-08-17,-0.47223421207180927
2020-08-18,-0.4727441265742427
2020-08-19,-0.47325131166282564
2020-08-20,-0.47375849416662064
2020-08-21,-0.4742684008596898
2020-08-24,-0.4747728514208238
2020-08-25,-0.47528002617092113
2020-08-26,-0.47578992506867035
2020-08-27,-0.4762943679179066
2020-08-28,-0.4767988082102548
2020-08-31,-0.4773168793982263
2020-09-01,-0.47782676786056744
2020-09-02,-0.4783393803727387
2020-09-03,-0.478841083651671
2020-09-04,-0.47934551103578915
2020-09-07,-0.47984720924257873
2020-09-08,-0.4803543581341607
2020-09-09,-0.4808642310345057
2020-09-10,-0.4813741013224848
2020-09-11,-0.48188233305351824
2020-09-14,-0.48239601529143084
2020-09-15,-0.4828987887295466
2020-09-16,-0.483415192244141
2020-09-17,-0.4839234135516679
2020-09-18,-0.48442890576846365
2020-09-21,-0.4849343954175467
2020-09-22,-0.48543988249913905
2020-09-23,-0.48594264055927816
2020-09-24,-0.4864508489592412
2020-09-25,-0.48696178119006506
2020-09-28,-0.4874754372093948
2020-09-29,-0.48799181697534166
2020-09-30,-0.48854636343453883
2020-10-01,-0.48906819038052607
2020-10-02,-0.48958183552707535
2020-10-05,-0.4900954780225897
2020-10-06,-0.49061184419298964
2020-10-07,-0.49112548137194567
2020-10-08,-0.49163366330360336
2020-10-09,-0.4921418426400703
2020-10-12,-0.4926581981917866
2020-10-13,-0.4931718248077699
2020-10-14,-0.49368817501460605
2020-10-15,-0.4942045225422409
2020-10-16,-0.4947126887494435
2020-10-19,-0.495220852361844
2020-10-20,-0.4957290133789649
2020-10-21,-0.4962344456292067
2020-10-22,-0.49674532762800094
2020-10-23,-0.4972671115081262
2020-10-26,-0.49778616652244034
2020-10-27,-0.4983106710596097
2020-10-28,-0.49883789893248043
2020-10-29,-0.4993569457529934
2020-10-30,-0.49988962022617933
2020-11-02,-0.500416839732698
2020-11-03,-0.5009386043598019
2020-11-04,-0.5014739963942416
2020-11-05,-0.5020039335197013
2020-11-06,-0.5025393198216044
2020-11-09,-0.5030747032428007
2020-11-10,-0.503607357812974
2020-11-11,-0.5041427354871231
2020-11-12,-0.5046508508714465
2020-11-13,-0.5051807710766965
2020-11-16,-0.50571614028464
2020-11-17,-0.5062487807139027
2020-11-18,-0.5067814182916686
2020-11-19,-0.5073140530180154
2020-11-20,-0.5078466848929319
2020-11-23,-0.5083793139164738
2020-11-24,-0.5089092142636642
2020-11-25,-0.5094336601678795
2020-11-26,-0.5099635548996395
2020-11-27,-0.5104961725904245
2020-11-30,-0.5110369647303048
2020-12-01,-0.5115695766747086
2020-12-02,-0.5120994600303796
2020-12-03,-0.5126293405637972
2020-12-04,-0.5131564925665355
2020-12-07,-0.513669468240685
2020-12-08,-0.5141933439910984
2020-12-09,-0.5147090399848842
2020-12-10,-0.5152247333056303
2020-12-11,-0.515743149590886
2020-12-14,-0.5162642887981184
2020-12-15,-0.5167663460110439
2020-12-16,-0.5172847542628922
2020-12-17,-0.5178004342320408
2020-12-18,-0.5183215626625715
2020-12-21,-0.5188399628100582
2020-12-22,-0.5193610857947784
2020-12-23,-0.5198849315742105
2020-12-24,-0.520397872555145
2020-12-28,-0.5209053598993152
2020-12-29,-0.5214237465827498
2020-12-30,-0.5219366796291869
2020-12-31,-0.5225259227366497
2021-01-04,-0.523068829913953
2021-01-05,-0.5236035578600085
2021-01-06,-0.5241464591561829
2021-01-07,-0.5246866320962051
2021-01-08,-0.525218625967494
2021-01-11,-0.5257560677215611
2021-01-12,-0.5262907812226603
2021-01-13,-0.5268227665150338
2021-01-14,-0.5273601996022448
2021-01-15,-0.5279030803960194
2021-01-18,-0.5284432329366928
2021-01-19,-0.5289806572688738
2021-01-20,-0.5295180786974663
2021-01-21,-0.5300653080242523
2021-01-22,-0.5306098091098721
2021-01-25,-0.5311624828620354
2021-01-26,-0.5316988023398528
2021-01-27,-0.5322487448555124
2021-01-28,-0.5327932339890373
2021-01-29,-0.5333458956097936
2021-02-01,-0.533904004441188
2021-02-02,-0.5344566598900591
2021-02-03,-0.5349929616061733
2021-02-04,-0.5355456110047507
2021-02-05,-0.5361009824129792
2021-02-08,-0.5366509005898412
2021-02-09,-0.5372035407763875
2021-02-10,-0.5377561778923234
2021-02-11,-0.5383115369577252
2021-02-12,-0.5388641679175632
2021-02-15,-0.5394140708171569
2021-02-16,-0.5399666956509175
2021-02-17,-0.5405165924548538
2021-02-18,-0.5410637612741853
2021-02-19,-0.5416136520125736
2021-02-22,-0.5421662646251435
2021-02-23,-0.5427215990662648
2021-02-24,-0.5432742055226258
2021-02-25,-0.5438268089088094
2021-02-26,-0.5443848589317901
2021-03-01,-0.5449347313084663
2021-03-02,-0.5454900502915527
2021-03-03,-0.5460453661739639
2021-03-04,-0.5464862381635016
2021-03-05,-0.5465216604957135
2021-03-08,-0.5465407340534134
2021-03-09,-0.5465543580221666
2021-03-10,-0.546578881161186
2021-03-11,-0.5465979547093935
2021-03-12,-0.5466252026290475
2021-03-15,-0.5466579001232263
2021-03-16,-0.5466851480265156
2021-03-17,-0.546715120709862
2021-03-18,-0.5467614421147404
2021-03-19,-0.5467995891381472
2021-03-22,-0.5468486352884216
2021-03-23,-0.5468895070601443
2021-03-24,-0.5469358283812564
2021-03-25,-0.5469767001180847
2021-03-26,-0.5470311957436635
2021-03-29,-0.5470938656767843
2021-03-30,-0.5471538107942764
2021-03-31,-0.5472246549812709
2021-04-01,-0.5472737009219242
2021-04-06,-0.5473336459259404
2021-04-07,-0.5473935908939409
2021-04-08,-0.5474671596697456
2021-04-09,-0.5475189302601602
2021-04-12,-0.5476033979913253
2021-04-13,-0.5476633427899835
2021-04-14,-0.5477205627877013
2021-04-15,-0.5477995808297109
2021-04-16,-0.5478676997829557
2021-04-19,-0.5479385434478345
2021-04-20,-0.5480202860707717
2021-04-21,-0.5481129276187491
2021-04-22,-0.5481919453469652
2021-04-23,-0.5482573392860512
2021-04-26,-0.5483281826730857
2021-04-27,-0.5483772280616472
2021-04-28,-0.5485270887693128
2021-04-29,-0.5485924824896404
2021-04-30,-0.5486823987812861
2021-05-03,-0.5487750397176194
2021-05-04,-0.5488595063749879
2021-05-05,-0.5489494224176883
2021-05-06,-0.5490420631004134
2021-05-07,-0.5491265295285319
2021-05-10,-0.549197372296728
2021-05-11,-0.5492654902906069
2021-05-12,-0.5493308835218258
2021-05-13,-0.5493962767101013
2021-05-14,-0.5494589451428555
2021-05-17,-0.5495243382485415
2021-05-18,-0.5495624842051239
2021-05-19,-0.5496169784075189
2021-05-20,-0.5496687478717566
2021-05-21,-0.5497259667217036
2021-05-24,-0.5497886349501324
2021-05-25,-0.5498676513468359
2021-05-26,-0.5499357688836359
2021-05-27,-0.5500011616740741
2021-05-28,-0.5500720038171258
2021-05-31,-0.5501428459196656
2021-06-01,-0.5501837163385481
2021-06-02,-0.5502409348908555
2021-06-03,-0.5503008780998297
2021-06-04,-0.5503880681455242
2021-06-07,-0.5504561853239776
2021-06-08,-0.5505270271372043
2021-06-09,-0.5505951442205004
2021-06-10,-0.5506523625328108
2021-06-11,-0.5507341029229118
2021-06-14,-0.5508049445419827
2021-06-15,-0.5508676120819289
2021-06-16,-0.5509357289280814
2021-06-17,-0.5510038457296473
2021-06-18,-0.5510719624843841
2021-06-21,-0.5511482531932788
2021-06-22,-0.5512218191795815
2021-06-23,-0.5512899357852041
2021-06-24,-0.5513716756490927
2021-06-25,-0.5514506907880579
2021-06-28,-0.5515297058664603
2021-06-29,-0.5516141701936705
2021-06-30,-0.551731330292693
2021-07-01,-0.5518103451460421
2021-07-02,-0.5518784613521732
2021-07-05,-0.5519520268022937
2021-07-06,-0.5520228675539918
2021-07-07,-0.5520991575354239
2021-07-08,-0.5521808967365649
2021-07-09,-0.5522626358702931
2021-07-12,-0.5523525488413172
2021-07-13,-0.5524315632030374
2021-07-14,-0.5525105775020633
2021-07-15,-0.552578693230521
2021-07-16,-0.5526495335395287
2021-07-19,-0.5527203737961117
2021-07-20,-0.5527993878678528
2021-07-21,-0.5528729526409037
2021-07-22,-0.5529465173493842
2021-07-23,-0.55302553124148
2021-07-26,-0.5531045450707817
2021-07-27,-0.5531699357758657
2021-07-28,-0.5532435002727709
2021-07-29,-0.5533197893222375
2021-07-30,-0.5534069767403116
2021-08-02,-0.553480541057727
2021-08-03,-0.5535622791323247
2021-08-04,-0.5536385679434264
2021-08-05,-0.5537039583028647
2021-08-06,-0.5537802470031217
2021-08-09,-0.5538565356428049
2021-08-10,-0.5539273750415519
2021-08-11,-0.5540036635661938
2021-08-12,-0.5540772274484684
2021-08-13,-0.5541480666939047
2021-08-16,-0.5542270796354387
2021-08-17,-0.5543006433526232
2021-08-18,-0.5543851053238291
2021-08-19,-0.5544831900968883
2021-08-20,-0.5545867239163726
2021-08-23,-0.5547011559038473
2021-08-24,-0.5548183123213479
2021-08-25,-0.5549245703452943
2021-08-26,-0.5550417265092311
2021-08-27,-0.5551588825352005
2021-08-30,-0.5552651402068065
2021-08-31,-0.5553741223206399
2021-09-01,-0.555485828858826
2021-09-02,-0.5556138825302259
2021-09-03,-0.5557255887960189
2021-09-06,-0.5558209477146137
2021-09-07,-0.5559026838633518
2021-09-08,-0.5560007671449707
2021-09-09,-0.5561015748628106
2021-09-10,-0.5561969334233585
2021-09-13,-0.5562922918951663
2021-09-14,-0.5563849257451792
2021-09-15,-0.5564884576018003
2021-09-16,-0.5565783667494606
2021-09-17,-0.5566682758257446
2021-09-20,-0.5567363887063581
2021-09-21,-0.5568181241072279
2021-09-22,-0.5568916859033712
2021-09-23,-0.5569761456807987
2021-09-24,-0.5570578808800963
2021-09-27,-0.557145065020892
2021-09-28,-0.5572322490900783
2021-09-29,-0.5573112595879337
2021-09-30,-0.5574447599341226
2021-10-01,-0.5575210457688384
2021-10-04,-0.5576027805202277
2021-10-05,-0.5576763417419861
2021-10-06,-0.5577526273949696
2021-10-07,-0.5578261885039071
2021-10-08,-0.5578915761132675
2021-10-11,-0.557965137123495
2021-10-12,-0.5580196267187532
2021-10-13,-0.558095912108425
2021-10-14,-0.5581694729674513
2021-10-15,-0.5582512071924728
2021-10-18,-0.5583383902942329
2021-10-19,-0.5584146754477382
2021-10-20,-0.5584855116071874
2021-10-21,-0.5585781434271353
2021-10-22,-0.5586571528489293
2021-10-25,-0.5587388866708842
2021-10-26,-0.5588178959673118
2021-10-27,-0.5589050785698713
2021-10-28,-0.5589949855474674
2021-10-29,-0.559082168006575
2021-11-01,-0.5591829726256381
2021-11-02,-0.559253808234117
2021-11-03,-0.5593328171299317
2021-11-04,-0.5594118259609093
2021-11-05,-0.5594799369736059
2021-11-08,-0.5595698434363472
2021-11-09,-0.5596434032149822
2021-11-10,-0.5597224118055966
2021-11-11,-0.5598014203314738
2021-11-12,-0.5598695310772728
2021-11-15,-0.5599321929187107
2021-11-16,-0.5600057524213664
2021-11-17,-0.5600793118696878
2021-11-18,-0.5601474224231962
2021-11-19,-0.5602237061889337
2021-11-22,-0.5603027143120332
2021-11-23,-0.5603789979604978
2021-11-24,-0.5604416594826911
2021-11-25,-0.5605124942022477
2021-11-26,-0.5605887776879315
2021-11-29,-0.5606378170472825
2021-11-30,-0.560711376036005
2021-12-01,-0.560782210565347
2021-12-02,-0.5608530450462612
2021-12-03,-0.5609293282811012
2021-12-06,-0.5610056114574324
2021-12-07,-0.5610818945730789
2021-12-08,-0.5611581776302499
2021-12-09,-0.5612371850216236
2021-12-10,-0.5613052947933461
2021-12-13,-0.5613815776832287
2021-12-14,-0.5614524117410591
2021-12-15,-0.5615504895704726
2021-12-16,-0.5616213235079881
2021-12-17,-0.5616894330146227
2021-12-20,-0.5617629912275546
2021-12-21,-0.5618202031300701
2021-12-22,-0.5618855881240004
2021-12-23,-0.5619536974496575
2021-12-24,-0.5620299798443473
2021-12-27,-0.5620980890711391
2021-12-28,-0.5621580251530145
2021-12-29,-0.5622288586596857
2021-12-30,-0.5623105895660618
2021-12-31,-0.5624141153014683
2022-01-03,-0.5624876729822148
2022-01-04,-0.5625585062540739
2022-01-05,-0.5626266151226189
2022-01-06,-0.562694723944579
2022-01-07,-0.5627655570728085
2022-01-10,-0.5628391144955724
2022-01-11,-0.5629126718639132
2022-01-12,-0.562983504832959
2022-01-13,-0.5630625107742815
2022-01-14,-0.5631306192973917
2022-01-17,-0.563196003436861
2022-01-18,-0.563266836206
2022-01-19,-0.5633349445893665
2022-01-20,-0.5634030529279799
2022-01-21,-0.5634766098792543
2022-01-24,-0.5635474424485643
2022-01-25,-0.5636128263138862
2022-01-26,-0.5636782101325788
2022-01-27,-0.5637354209363732
2022-01-28,-0.5637790101010065
2022-01-31,-0.5638471181354299
2022-02-01,-0.5639097774858604
2022-02-02,-0.5639833340603806
2022-02-03,-0.5640514419510301
2022-02-04,-0.5641249984208341
2022-02-07,-0.564193106216293
2022-02-08,-0.5642475924168666
2022-02-09,-0.5643129758218235
2022-02-10,-0.564364737648626
2022-02-11,-0.5644273966729507
2022-02-14,-0.5645009528643885
2022-02-15,-0.5645554388994278
2022-02-16,-0.5646180977999959
2022-02-17,-0.5646834809577728
2022-02-18,-0.5647488640725284
2022-02-21,-0.5648142471442186
2022-02-22,-0.5648796301712888
2022-02-23,-0.5649422888675426
2022-02-24,-0.5650022232367546
2022-02-25,-0.5650567089955483
2022-02-28,-0.5651220918718947
2022-03-01,-0.5651411618724289
2022-03-02,-0.565195647559591
2022-03-03,-0.5652610303428895
2022-03-04,-0.5653209645215984
2022-03-07,-0.5653836229449705
2022-03-08,-0.5654490056047345
2022-03-09,-0.5655225610445513
2022-03-10,-0.5655852193359068
2022-03-11,-0.5656424290486073
2022-03-14,-0.5657023629973668
2022-03-15,-0.5657486755676344
2022-03-16,-0.5658058851863101
2022-03-17,-0.56587399183059
2022-03-18,-0.5659420984281627
2022-03-21,-0.5660102049791504
2022-03-22,-0.5660810357418389
2022-03-23,-0.5661464179411158
2022-03-24,-0.5662172486084582
2022-03-25,-0.5662962519869308
2022-03-28,-0.5663670825495681
2022-03-29,-0.5664324645626384
2022-03-30,-0.5665060192730387
2022-03-31,-0.5666040921609938
2022-04-01,-0.5666776467503021
2022-04-04,-0.5667648224905841
2022-04-05,-0.5668411012071273
2022-04-06,-0.5669173798606764
2022-04-07,-0.566982761517365
2022-04-08,-0.5670508673648267
2022-04-11,-0.5671244216277738
2022-04-12,-0.5671925273783462
2022-04-13,-0.5672933237923283
2022-04-14,-0.56737505054959
2022-04-19,-0.5674349834588144
2022-04-20,-0.5675058132162292
2022-04-21,-0.5675820913621843
2022-04-22,-0.5676529210147829
2022-04-25,-0.5677291990476618
2022-04-26,-0.5677973043821227
2022-04-27,-0.5678708580907577
2022-04-28,-0.5679498601596
2022-04-29,-0.5680315863773155
2022-05-02,-0.5681024157096481
2022-05-03,-0.568154175573754
2022-05-04,-0.5682304532222848
2022-05-05,-0.5683094550096524
2022-05-06,-0.5683884567343478
2022-05-09,-0.5684729067844674
2022-05-10,-0.5685519083770241
2022-05-11,-0.5686200131516106
2022-05-12,-0.5686772211183966
2022-05-13,-0.5687589467383125
2022-05-16,-0.568835223922759
2022-05-17,-0.5689087768678047
2022-05-18,-0.569001399008473
2022-05-19,-0.5690776760071681
2022-05-20,-0.5691566771213963
2022-05-23,-0.5692329540028185
2022-05-24,-0.5693146791680981
2022-05-25,-0.5693936800985511
2022-05-26,-0.5694781293040241
2022-05-27,-0.5695598542633462
2022-05-30,-0.5696497516397003
2022-05-31,-0.5697369247838702
2022-06-01,-0.5698104770558654
2022-06-02,-0.5698159253722634
2022-06-03,-0.5698731326667095
2022-06-06,-0.5699466848540502
2022-06-07,-0.5699929954599892
2022-06-08,-0.5700393060430464
2022-06-09,-0.5700937890522062
2022-06-10,-0.5701400995870909
2022-06-13,-0.5701864100992271
2022-06-14,-0.5702299964420621
2022-06-15,-0.5702735827681993
2022-06-16,-0.5703171690776054
2022-06-17,-0.5703634795097168
2022-06-20,-0.5704097899189131
2022-06-21,-0.5704588244472619
2022-06-22,-0.5705051348095069
2022-06-23,-0.5705514451491478
2022-06-24,-0.5705950313343866
2022-06-27,-0.5706522381679013
2022-06-28,-0.5707012725752469
2022-06-29,-0.5707475828234498
2022-06-30,-0.5708211343658287
2022-07-01,-0.5708592721764716
2022-07-04,-0.570902858226674
2022-07-05,-0.5709627890098212
2022-07-06,-0.5710063750146599
2022-07-07,-0.5710445127532826
2022-07-08,-0.5710880987210953
2022-07-11,-0.5711316846710668
2022-07-12,-0.5711752706019646
2022-07-13,-0.5712188565148435
2022-07-14,-0.571267890644056
2022-07-15,-0.5713196488645544
2022-07-18,-0.571368682944029
2022-07-19,-0.5714231652262591
2022-07-20,-0.5714776474770589
2022-07-21,-0.5715348538106291
2022-07-22,-0.5715838877840551
2022-07-25,-0.5716329217344995
2022-07-26,-0.5716792315526686
2022-07-27,-0.5703743849340692
2022-07-28,-0.5690695211196584
2022-07-29,-0.567783709527947
2022-08-01,-0.5664842601756481
2022-08-02,-0.5651820695931065
2022-08-03,-0.5638798619570284
2022-08-04,-0.5625776373741509
2022-08-05,-0.5612890176527219
2022-08-08,-0.5599949323812914
2022-08-09,-0.5586953813467743
2022-08-10,-0.5574012622865276
2022-08-11,-0.5561016773561467
2022-08-12,-0.5548047999030747
2022-08-15,-0.5535133547435511
2022-08-16,-0.5522218928482925
2022-08-17,-0.5509167908098411
2022-08-18,-0.5496062223305676
2022-08-19,-0.5482929118336144
2022-08-22,-0.5469823088478654
2022-08-23,-0.5456635142079724
2022-08-24,-0.544350151716777
2022-08-25,-0.5430204226095747
2022-08-26,-0.5416852258684157
2022-08-29,-0.5403527361303895
2022-08-30,-0.539017503429362
2022-08-31,-0.5377231281059713
2022-09-01,-0.5364069356126988
2022-09-02,-0.5350880006295577
2022-09-05,-0.533771773157099
2022-09-06,-0.5324555283391041
2022-09-07,-0.5311174646947747
2022-09-08,-0.5298175362336344
2022-09-09,-0.5285230413955788
2022-09-12,-0.5272149030573492
2022-09-13,-0.5259012969038968
2022-09-14,-0.5225518293298648
2022-09-15,-0.5192076998770001
2022-09-16,-0.5158689092748192
2022-09-19,-0.5125381835197396
2022-09-20,-0.5092018948000376
2022-09-21,-0.5058545907453582
2022-09-22,-0.5025262560766852
2022-09-23,-0.49917872751610304
2022-09-26,-0.49582836023801535
2022-09-27,-0.4924724275033876
2022-09-28,-0.48912183432058276
2022-09-29,-0.48578203406308695
2022-09-30,-0.4824884713381494
2022-10-03,-0.4791593545566908
2022-10-04,-0.4758328532303846
2022-10-05,-0.47250896708246337
2022-10-06,-0.4691849701975226
2022-10-07,-0.4658581353845337
2022-10-10,-0.46253391637665064
2022-10-11,-0.4592041321550777
2022-10-12,-0.45586878207781734
2022-10-13,-0.4525524118286328
2022-10-14,-0.44922229370004674
2022-10-17,-0.44589206426176586
2022-10-18,-0.4425617233275059
2022-10-19,-0.43922854315887605
2022-10-20,-0.43589797922142237
2022-10-21,-0.43256457604216036
2022-10-24,-0.4292310613518868
2022-10-25,-0.4258974348731903
2022-10-26,-0.4225500558265316
2022-10-27,-0.4192189340420538
2022-10-28,-0.4158931574794522
2022-10-31,-0.41258909683371536
2022-11-01,-0.40925491345646936
2022-11-02,-0.40388784434376435
2022-11-03,-0.398523214842883
2022-11-04,-0.3931610250851758
2022-11-07,-0.3878094630726192
2022-11-08,-0.3824439670872981
2022-11-09,-0.37708091153302314
2022-11-10,-0.371723026712667
2022-11-11,-0.3663566648380301
2022-11-14,-0.36099547322526737
2022-11-15,-0.35563672300998883
2022-11-16,-0.35027222439575345
2022-11-17,-0.3449047068044053
2022-11-18,-0.3395369002449411
2022-11-21,-0.33416334332871944
2022-11-22,-0.3287867660643595
2022-11-23,-0.32340443708701594
2022-11-24,-0.3180163553478277
2022-11-25,-0.31259793880946685
2022-11-28,-0.307222929381068
2022-11-29,-0.30185036149069644
2022-11-30,-0.29650481890384217
2022-12-01,-0.2911371366908666
2022-12-02,-0.2857691655010819
2022-12-05,-0.2804036371107155
2022-12-06,-0.27501596331755973
2022-12-07,-0.2696416593119033
2022-12-08,-0.26426979835376674
2022-12-09,-0.25889764804660764
2022-12-12,-0.2535252083747719
2022-12-13,-0.2481497463528104
2022-12-14,-0.24277126181785347
2022-12-15,-0.23738702090079222
2022-12-16,-0.23200248922993216
2022-12-19,-0.2266286013229868
2022-12-20,-0.221243489130718
2022-12-21,-0.21449396647860164
2022-12-22,-0.20774945577871629
2022-12-23,-0.2009853499405967
2022-12-27,-0.1942235198806319
2022-12-28,-0.18745029314478634
2022-12-29,-0.18069575029291407
2022-12-30,-0.1739680976021396
2023-01-02,-0.1671962314390485
2023-01-03,-0.16044031776346612
2023-01-04,-0.15367574022552288
2023-01-05,-0.1469243823339239
2023-01-06,-0.14018077534696527
2023-01-09,-0.1334312410726013
2023-01-10,-0.12667851429873922
2023-01-11,-0.11992259443931452
2023-01-12,-0.11316621757668788
2023-01-13,-0.10640938386441423
2023-01-16,-0.0996520932722289
2023-01-17,-0.09289708262225638
2023-01-18,-0.086138877992048
2023-01-19,-0.07937474120128796
2023-01-20,-0.07261288425980394
2023-01-23,-0.06586152139966828
2023-01-24,-0.05908779757450855
2023-01-25,-0.05231361461363049
2023-01-26,-0.04554444952779013
2023-01-27,-0.03876387153152194
2023-01-30,-0.031991049868806964
2023-01-31,-0.02524515823991713
2023-02-01,-0.018482377117490234
2023-02-02,-0.01171365981765815
2023-02-03,-0.004955442068954596
2023-02-06,0.0018114513672395915
2023-02-07,0.008584282556767242
2023-02-08,0.016724834447723325
2023-02-09,0.0248687894177424
2023-02-10,0.0330051854974478
2023-02-13,0.041153207229949196
2023-02-14,0.04928544592968098
2023-02-15,0.05744301665471241
2023-02-16,0.06557383797063387
2023-02-17,0.07371354581986456
2023-02-20,0.08184568930402758
2023-02-21,0.089983978532171
2023-02-22,0.09812292931332678
2023-02-23,0.10626802728446183
2023-02-24,0.11441653115864536
2023-02-27,0.12256295518207061
2023-02-28,0.1307045576198096
2023-03-01,0.13884956344525357
2023-03-02,0.1469924877968154
2023-03-03,0.15513881809703367
2023-03-06,0.1632830670309282
2023-03-07,0.17142248951798056
2023-03-08,0.17956531789182772
2023-03-09,0.18771978738794104
2023-03-10,0.19585844939071784
2023-03-13,0.20401149976538857
2023-03-14,0.21216795914473785
2023-03-15,0.22032782847687393
2023-03-16,0.2284911084865504
2023-03-17,0.23666054525739444
2023-03-20,0.2448141699389783
2023-03-21,0.25297669774284604
2023-03-22,0.2624995056522472
2023-03-23,0.27203145951599783
2023-03-24,0.28156157209944244
2023-03-27,0.2910980861992041
2023-03-28,0.3006245162186838
2023-03-29,0.31016559246692665
2023-03-30,0.31971582137146903
2023-03-31,0.32920648928709273
2023-04-03,0.33875028334375834
2023-04-04,0.3482922359402174
2023-04-05,0.3578433436242312
2023-04-06,0.3674063594566679
2023-04-11,0.3769537875290885
2023-04-12,0.3865076242543397
2023-04-13,0.3960623700479893
2023-04-14,0.4056015207518415
2023-04-17,0.41513607527337015
2023-04-18,0.4246880425781585
2023-04-19,0.4342436699160457
2023-04-20,0.4438057098250958
2023-04-21,0.453368660630904
2023-04-24,0.4629407784671802
2023-04-25,0.47250555132722916
2023-04-26,0.4820574701997371
2023-04-27,0.4916185568873077
2023-04-28,0.5011640339037227
2023-05-02,0.5107159246232396
2023-05-03,0.520274231226181
2023-05-04,0.5298334465369869
2023-05-05,0.5393990797369463
2023-05-08,0.5489573602710962
2023-05-09,0.5585220591297624
2023-05-10,0.5687764354553426
2023-05-11,0.5790318574628417
2023-05-12,0.589299348074035
2023-05-15,0.5995568628894832
2023-05-16,0.609826449052675
2023-05-17,0.62010259596601
2023-05-18,0.6303853059883346
2023-05-19,0.6406635527545612
2023-05-22,0.6509373344010028
2023-05-23,0.6612314680582987
2023-05-24,0.6714880427522107
2023-05-25,0.6817539378514814
2023-05-26,0.6920374310562138
2023-05-29,0.7023192169997472
2023-05-30,0.7125937746684574
2023-05-31,0.7228555838957762
2023-06-01,0.7331349970064904
2023-06-02,0.7434237393281862
2023-06-05,0.7537411367309454
2023-06-06,0.7640181810702806
2023-06-07,0.7742935129827933
2023-06-08,0.7845754146811545
2023-06-09,0.7948611266964445
2023-06-12,0.8051534120922854
2023-06-13,0.8154439863348184
2023-06-14,0.8257438974108577
2023-06-15,0.836033810933845
2023-06-16,0.846316486583909
2023-06-19,0.8566002108018056
2023-06-20,0.8668849836946046
2023-06-21,0.8778672127257581
2023-06-22,0.8888534010049076
2023-06-23,0.8998518425328728
2023-06-26,0.9108514830610703
2023-06-27,0.9218440285453378
2023-06-28,0.9328433012339543
2023-06-29,0.9438382414544311
2023-06-30,0.9548260816013121
2023-07-03,0.9658123518571538
2023-07-04,0.9768219493287322
2023-07-05,0.9878382800805996
2023-07-06,0.9988613463557838
2023-07-07,1.0098828483872113
2023-07-10,1.020897251128594
2023-07-11,1.0319183903908957
2023-07-12,1.042929658659797
2023-07-13,1.0539448965754872
2023-07-14,1.0649474902879152
2023-07-17,1.0759623595400614
2023-07-18,1.0869756600330183
2023-07-19,1.0979873903889104
2023-07-20,1.1090086298425783
2023-07-21,1.1200338409348864
2023-07-24,1.131063024702872
2023-07-25,1.1420934114260373
2023-07-26,1.1531139166942372
2023-07-27,1.1641411657895118
2023-07-28,1.1751723886886722
2023-07-31,1.186168778600738
2023-08-01,1.1972134937334955
2023-08-02,1.208947010932171
2023-08-03,1.220679116026946
2023-08-04,1.2324153546380057
2023-08-07,1.2441474063185742
2023-08-08,1.2558835921522515
2023-08-09,1.267612815906749
2023-08-10,1.2793544966633874
2023-08-11,1.2910892130840956
2023-08-14,1.3028363900365214
2023-08-15,1.3145877048253984
2023-08-16,1.3263209509999374
2023-08-17,1.3380666617183845
2023-08-18,1.349819287175924
2023-08-21,1.3615704988861
2023-08-22,1.3733258501875456
2023-08-23,1.385074232623884
2023-08-24,1.3968156434542855
2023-08-25,1.408569526536163
2023-08-28,1.4203275511292413
2023-08-29,1.43208693870851
2023-08-30,1.4438449104263507
2023-08-31,1.4555875691590892
2023-09-01,1.467387184677027
2023-09-04,1.47915758927184
2023-09-05,1.49093492081398
2023-09-06,1.5027191807528428
2023-09-07,1.5144992464516616
2023-09-08,1.5262778973966107
2023-09-11,1.5380579153318585
2023-09-12,1.5498476461443866
2023-09-13,1.5616303988602143
2023-09-14,1.5734228670305273
2023-09-15,1.5852111390083357
2023-09-18,1.5969785115501622
2023-09-19,1.608763949301606
2023-09-20,1.621252284116781
2023-09-21,1.6337393689513924
2023-09-22,1.64624191152003
2023-09-25,1.6587348515778144
2023-09-26,1.6712321126511664
2023-09-27,1.6837336956140536
2023-09-28,1.6962479604119896
2023-09-29,1.7086829632682043
2023-10-02,1.7211612840149826
2023-10-03,1.7336606462199144
2023-10-04,1.7461643315985098
2023-10-05,1.7586667661450672
2023-10-06,1.771170737316985
2023-10-09,1.7836734559794065
2023-10-10,1.7961749219781664
2023-10-11,1.8086639761557333
2023-10-12,1.8211796695656313
2023-10-13,1.8336996908961511
2023-10-16,1.8462184616905741
2023-10-17,1.8587443521651759
2023-10-18,1.8712689924821557
2023-10-19,1.8838007549167202
2023-10-20,1.8963368506794476
2023-10-23,1.9088772809906285
2023-10-24,1.9214164625897645
2023-10-25,1.933954395666615
2023-10-26,1.9464826983644379
2023-10-27,1.9590209205076814
2023-10-30,1.9715578922933075
2023-10-31,1.9840293523707642
2023-11-01,1.9965610154573321
2023-11-02,2.009108191461406
2023-11-03,2.0216625016266976
2023-11-06,2.034193198021028
2023-11-07,2.0467282286427357
2023-11-08,2.059264799208882
2023-11-09,2.071800113376221
2023-11-10,2.084339763368215
2023-11-13,2.0968725625582607
2023-11-14,2.1094096982942734
2023-11-15,2.1219455766707584
2023-11-16,2.1345025794082817
2023-11-17,2.147047134571345
2023-11-20,2.1595988280366463
2023-11-21,2.1721380681180458
2023-11-22,2.184678846943
2023-11-23,2.197226764981175
2023-11-24,2.209779023483782
2023-11-27,2.2223356247034642
2023-11-28,2.234885365516792
2023-11-29,2.2474702635338017
2023-11-30,2.259995077340604
2023-12-01,2.2725578473221875
2023-12-04,2.2851221606561944
2023-12-05,2.2976908199085155
2023-12-06,2.3102554177948598
2023-12-07,2.322818755848388
2023-12-08,2.3353864403893976
2023-12-11,2.3479528647880388
2023-12-12,2.3605320490360793
2023-12-13,2.373115584129848
2023-12-14,2.3857062757363323
2023-12-15,2.398290100452738
2023-12-18,2.410869861187104
2023-12-19,2.4234483611945468
2023-12-20,2.436034019165212
2023-12-21,2.44860999690919
2023-12-22,2.461190325795304
2023-12-27,2.4737693916113246
2023-12-28,2.4849573072826425
2023-12-29,2.496101520024907
2024-01-02,2.5073255731525856
2024-01-03,2.518536812338379
2024-01-04,2.5297408511903985
2024-01-05,2.5409545416304358
2024-01-08,2.5521582202009174
2024-01-09,2.5633659328527347
2024-01-10,2.5745804902959524
2024-01-11,2.5857934637005364
2024-01-12,2.5970076631617323
2024-01-15,2.608214655549479
2024-01-16,2.6194397401774427
2024-01-17,2.630663241304121
2024-01-18,2.641893593249711
2024-01-19,2.653116737735872
2024-01-22,2.6643270463655666
2024-01-23,2.6755385792250896
2024-01-24,2.6867541488688973
2024-01-25,2.6979653163255124
2024-01-26,2.7091805220626597
2024-01-29,2.720399765906123
2024-01-30,2.731620235262344
2024-01-31,2.7428081557186124
2024-02-01,2.754036703798768
2024-02-02,2.765289002666149
2024-02-05,2.776525638619387
2024-02-06,2.7877635029090353
2024-02-07,2.7990138616479365
2024-02-08,2.810259818312577
2024-02-09,2.821487285406543
2024-02-12,2.832741334983102
2024-02-13,2.8439937986912023
2024-02-14,2.855255946958879
2024-02-15,2.8665108737099265
2024-02-16,2.875661599819801
2024-02-19,2.8848215958366064
2024-02-20,2.8939852261658627
2024-02-21,2.903155311349148
2024-02-22,2.912317755642513
2024-02-23,2.9214697373953546
2024-02-26,2.930614073887128
2024-02-27,2.939759222581917
2024-02-28,2.9489051835511315
2024-02-29,2.958001188966497
2024-03-01,2.9671459502276454
2024-03-04,2.9762915239794907
2024-03-05,2.985514087708374
2024-03-06,2.99468104446865
2024-03-07,3.003854460390376
2024-03-08,3.013039982508392
2024-03-11,3.0222093896575375
2024-03-12,3.0313796127436454
2024-03-13,3.0405591205218574
2024-03-14,3.049736622661392
2024-03-15,3.058914941960711
2024-03-18,3.068094078744199
2024-03-19,3.0772740333364412
2024-03-20,3.0864519813236457
2024-03-21,3.0956307467616684
2024-03-22,3.1048188031852275
2024-03-25,3.114007678463482
2024-03-26,3.1231860724566074
2024-03-27,3.1323624579442155
2024-03-28,3.1415255330255354
2024-04-02,3.1507092024364525
2024-04-03,3.159904993288687
2024-04-04,3.169107256685333
2024-04-05,3.178318822478543
2024-04-08,3.187502940438103
2024-04-09,3.194587267645166
2024-04-10,3.201666426945282
2024-04-11,3.2087517269333787
2024-04-12,3.215848823670031
2024-04-15,3.2229379252663337
2024-04-16,3.230038825427073
2024-04-17,3.2371260731250073
2024-04-18,3.2442109787035323
2024-04-19,3.2513076850832157
2024-04-22,3.258407708158839
2024-04-23,3.2654997326023505
2024-04-24,3.272597902114538
2024-04-25,3.279688071507403
2024-04-26,3.2867730687313745
2024-04-29,3.2938528924616017
2024-04-30,3.3008822638125546
2024-05-02,3.307971544624344
2024-05-03,3.315061312344425
2024-05-06,3.322154397057986
2024-05-07,3.329242307670799
2024-05-08,3.336359014953705
2024-05-09,3.3434394073195373
2024-05-10,3.350534440911157
2024-05-13,3.3576384562398864
2024-05-14,3.3647203054645303
2024-05-15,3.3718252956937533
2024-05-16,3.3789166141235727
2024-05-17,3.3859999224475468
2024-05-20,3.3930922132586527
2024-05-21,3.400207651231568
2024-05-22,3.4073122474000517
2024-05-23,3.4144201644965344
2024-05-24,3.4215257372022245
2024-05-27,3.4286317979351555
2024-05-28,3.4357326798184706
2024-05-29,3.4414199318277383
2024-05-30,3.447104662366418
2024-05-31,3.4527301904451857
2024-06-03,3.4584183764123644
2024-06-04,3.464101206477288
2024-06-05,3.469792852303155
2024-06-06,3.4755216639167363
2024-06-07,3.4812082682398104
2024-06-10,3.4869008552950165
2024-06-11,3.4925852501749954
2024-06-12,3.497580988347937
2024-06-13,3.5025798033490485
2024-06-14,3.5075760239734244
2024-06-17,3.5125724857727025
2024-06-18,3.5175805320120324
2024-06-19,3.5225803126938127
2024-06-20,3.5275774986350594
2024-06-21,3.532574925661014
2024-06-24,3.537572594056848
2024-06-25,3.542567667062557
2024-06-26,3.547554471009806
2024-06-27,3.5525443519022204
2024-06-28,3.5575202888490587
2024-07-01,3.5625163239388025
2024-07-02,3.5675040885140064
2024-07-03,3.5724949306272347
2024-07-04,3.5774803380629994
2024-07-05,3.5824716609241136
2024-07-08,3.587488765239244
2024-07-09,3.5924862465404273
2024-07-10,3.5974839688039717
2024-07-11,3.602490447144624
2024-07-12,3.6074858139114596
2024-07-15,3.6124785829883654
2024-07-16,3.6160579457673148
2024-07-17,3.6196374321981306
2024-07-18,3.6232198809922567
2024-07-19,3.6268052925462646
2024-07-22,3.6303936670608383
2024-07-23,3.6339708093348078
2024-07-24,3.637562271076189
2024-07-25,3.6411595358751825
2024-07-26,3.644745568149599
2024-07-29,3.6483374034899985
2024-07-30,3.651932202701502
2024-07-31,3.655493051482539
2024-08-01,3.6590880989695096
2024-08-02,3.6626832711425417
2024-08-05,3.6663069678677385
2024-08-06,3.669899550423694
2024-08-07,3.6734894172989474
2024-08-08,3.677082248567931
2024-08-09,3.680672364164539
2024-08-12,3.684268284936887
2024-08-13,3.687861489848787
2024-08-14,3.691443456781185
2024-08-15,3.6950198659099653
2024-08-16,3.698607761678785
2024-08-19,3.702195781590034
2024-08-20,3.7057867667162903
2024-08-21,3.7093778762887775
2024-08-22,3.7129634275869794
2024-08-23,3.7165604682995346
2024-08-26,3.720157633667931
2024-08-27,3.7223370047661186
2024-08-28,3.7245164215977677
2024-08-29,3.7266902011393377
2024-08-30,3.728838451883698
2024-09-02,3.7310265306045087
2024-09-03,3.7332118137604065
2024-09-04,3.735391459272952
2024-09-05,3.737602411551566
2024-09-06,3.7397764653990917
2024-09-09,3.741950564808749
2024-09-10,3.744116183485735
2024-09-11,3.7462790052321226
2024-09-12,3.748458925253284
2024-09-13,3.7506332066232773
2024-09-16,3.75280184898632
2024-09-17,3.754987590759029
2024-09-18,3.756462784318515
2024-09-19,3.757920944189741
2024-09-20,3.759370597142797
2024-09-23,3.7608202702700932
2024-09-24,3.7622784913398766
2024-09-25,3.7637310476310137
2024-09-26,3.7651921522634746
2024-09-27,3.7666561201662896
2024-09-30,3.7681058952425905
2024-10-01,3.7695898036491204
2024-10-02,3.7710509909797185
2024-10-03,3.772503670434646
2024-10-04,3.7739734273252834
2024-10-07,3.775437519198399
2024-10-08,3.7769215325304417
2024-10-09,3.7784027240250095
2024-10-10,3.7791674907410977
2024-10-11,3.779929420073125
2024-10-14,3.7806828258151848
2024-10-15,3.7814447662723794
2024-10-16,3.782203869200118
2024-10-17,3.7829544482888666
2024-10-18,3.7836993465191204
2024-10-21,3.7844499364236395
2024-10-22,3.7852062181060075
2024-10-23,3.785231806765199
2024-10-24,3.785282984109428
2024-10-25,3.785334161479126
2024-10-28,3.785368279738277
2024-10-29,3.785416613961612
2024-10-30,3.785464948206352
2024-10-31,3.7854962233239142
2024-11-01,3.7855417144136316
2024-11-04,3.785584362327876
2024-11-05,3.7856270102596623
2024-11-06,3.785675344606143
2024-11-07,3.7857293653731583
2024-11-08,3.785777699766024
2024-11-11,3.7858203477782792
2024-11-12,3.7858658390101496
2024-11-13,3.785914173465388
2024-11-14,3.78595682153009
2024-11-15,3.7860079992336315
2024-11-18,3.786067706588181
2024-11-19,3.7861302571861044
2024-11-20,3.7861956510329753
2024-11-21,3.7855474030382252
2024-11-22,3.7848963159528237
2024-11-25,3.7842338603778503
2024-11-26,3.7835657227534014
2024-11-27,3.7829061187380164
2024-11-28,3.7822351465586213
2024-11-29,3.78156133563341
2024-12-02,3.7808932152139985
2024-12-03,3.780225099077361
2024-12-04,3.7795541442499525
2024-12-05,3.7788746647844818
2024-12-06,3.7781895038218716
2024-12-09,3.777501504409697
2024-12-10,3.776822038346328
2024-12-11,3.77613973383355
2024-12-12,3.775457433806162
2024-12-13,3.7747921955992414
2024-12-16,3.774118433034568
2024-12-17,3.7734475176690374
2024-12-18,3.7720772671424596
2024-12-19,3.770709877552081
2024-12-20,3.7693254494838957
2024-12-23,3.7679239835425538
2024-12-24,3.766514008492261
2024-12-27,3.7651239511716117
2024-12-30,3.763739597588178
2024-12-31,3.7623239941628306
2025-01-02,3.760948205625314
2025-01-03,3.7596037023940543
2025-01-06,3.758219422533293
2025-01-07,3.756124569080388
2025-01-08,3.7540326001564983
2025-01-09,3.751949200287008
2025-01-10,3.7498573155485104
2025-01-13,3.747771157285107
2025-01-14,3.7456964092799083
2025-01-15,3.7436160188088596
2025-01-16,3.741532828106453
2025-01-17,3.7394411535583316
2025-01-20,3.7373438374573853
2025-01-21,3.73526077275832
2025-01-22,3.733174908110315
2025-01-23,3.731091927180974
2025-01-24,3.729008988021665
2025-01-27,3.726923249138747
2025-01-28,3.7248460766713842
2025-01-29,3.7227831530924904
2025-01-30,3.7207117464036266
2025-01-31,3.718611967233465
2025-02-03,3.7165264372386098
2025-02-04,3.7144381079138533
2025-02-05,3.7116537244211933
2025-02-06,3.7088608927450473
2025-02-07,3.7060567720583304
2025-02-10,3.7032527271139593
2025-02-11,3.700451598964327
2025-02-12,3.697647705651619
2025-02-13,3.6948467289757536
2025-02-14,3.692045827880208
2025-02-17,3.6892364808128075
2025-02-18,3.686435731255444
2025-02-19,3.683629376546227
2025-02-20,3.680837299379358
2025-02-21,3.678048137533718
2025-02-24,3.6752505303183858
2025-02-25,3.671742989181759
2025-02-26,3.668229886772023
2025-02-27,3.66471122385601
2025-02-28,3.661172801494783
2025-03-03,3.6576486985534284
2025-03-04,3.654124715515805
2025-03-05,3.6505980128420656
2025-03-06,3.647150931984111
2025-03-07,3.6436471806654103
2025-03-10,3.640135030140157
2025-03-11,3.6366201595742
2025-03-12,3.632395644089681
2025-03-13,3.628176978573139
2025-03-14,3.6239670013800795
2025-03-17,3.619760033815078
2025-03-18,3.615547560087995
2025-03-19,3.6113324191329177
2025-03-20,3.607114611520057
2025-03-21,3.6028998137377366
2025-03-24,3.5986823495143927
2025-03-25,3.5944678948769626
2025-03-26,3.5902450982136624
2025-03-27,3.5860224736836033
2025-03-28,3.581800021278858
2025-03-31,3.5775749033235105
2025-04-01,3.573375494195674
2025-04-02,3.5691649061483144
2025-04-03,3.564945977881573
2025-04-04,3.560735732290321
2025-04-07,3.556571047557444
2025-04-08,3.552358305686232
2025-04-09,3.548137225294501
2025-04-10,3.5439219901143737
2025-04-11,3.539712599331035
2025-04-14,3.535500543501424
2025-04-15,3.5312858227355415
2025-04-16,3.5270769458826123
2025-04-17,3.52285973219999
2025-04-22,3.5186455261311256
2025-04-23,3.5137253712943073
2025-04-24,3.508819628351767
2025-04-25,3.5038885988525115
2025-04-28,3.4989691453999994
2025-04-29,3.4940470906147603
2025-04-30,3.489099753282998
2025-05-02,3.4841838377468903
2025-05-05,3.4792653208453483
2025-05-06,3.4743413684961366
2025-05-07,3.4694261541438065
2025-05-08,3.46451684222453
2025-05-09,3.4596049287615838
2025-05-12,3.454727257499357
2025-05-13,3.449818643132896
2025-05-14,3.444910261665357
2025-05-15,3.4399992794161616
2025-05-16,3.4350856965084553
2025-05-19,3.4301780139404325
2025-05-20,3.4252733976271044
2025-05-21,3.4203633472224437
2025-05-22,3.4154563634539725
2025-05-23,3.410541113515775
2025-05-26,3.405614766015752
2025-05-27,3.400708481888448
2025-05-28,3.3957967649596688
2025-05-29,3.390868286593185
2025-05-30,3.3859400431483166
2025-06-02,3.381048852800239
2025-06-03,3.3761578938546144
2025-06-04,3.371267166434122
2025-06-05,3.3663795021810605
2025-06-06,3.361540204744995
2025-06-09,3.3566246860111226
2025-06-10,3.3517263890862514
2025-06-11,3.3461261736682513
2025-06-12,3.3405149377722987
2025-06-13,3.334912499220799
2025-06-16,3.3293075336052524
2025-06-17,3.3236972110406438
2025-06-18,3.318084362454332
2025-06-19,3.312460497302383
2025-06-20,3.3068595793695144
2025-06-23,3.301256135519881
2025-06-24,3.295658655188638
2025-06-25,3.290050159762492
2025-06-26,3.284461775323755
2025-06-27,3.2788765223406235
2025-06-30,3.273271766597219
