Date,rate_pct
2010-12-29,0.5814998620095913
2010-12-30,0.5830295300061451
2010-12-31,0.5835192457257291
2011-01-01,0.5840089620429182
2011-01-02,0.584498678957445
2011-01-03,0.5849883964680629
2011-01-04,0.5854781145760185
2011-01-05,0.5859678332814899
2011-01-06,0.5864575525834087
2011-01-07,0.5869472724828434
2011-01-08,0.5874369929788144
2011-01-09,0.5879267140722121
2011-01-10,0.5884164357624133
2011-01-11,0.5889061580496852
2011-01-12,0.5893958809346511
2011-01-13,0.5898856044154408
2011-01-14,0.5903753284945479
2011-01-15,0.5908650531701913
2011-01-16,0.5913547784431725
2011-01-17,0.5918445043118884
2011-01-18,0.592334230779278
2011-01-19,0.592823957843293
2011-01-20,0.593313685503488
2011-01-21,0.5938034137622676
2011-01-22,0.5942931426170491
2011-01-23,0.5947828720686341
2011-01-24,0.5952726021180021
2011-01-25,0.5957623327637284
2011-01-26,0.5962520640074157
2011-01-27,0.5967417958477286
2011-01-28,0.5972315282853791
2011-01-29,0.5977212613196549
2011-01-30,0.5954850096653638
2011-01-31,0.5950194933353147
2011-02-01,0.5945539775441788
2011-02-02,0.5940884622922233
2011-02-03,0.5936229475799827
2011-02-04,0.5931574334079022
2011-02-05,0.5926919197749131
2011-02-06,0.592226406680659
2011-02-07,0.5917608941262088
2011-02-08,0.5912953821116514
2011-02-09,0.5908298706368089
2011-02-10,0.5903643597004343
2011-02-11,0.5898988493043981
2011-02-12,0.5894333394478093
2011-02-13,0.5889678301302228
2011-02-14,0.5885023213519058
2011-02-15,0.5880368131133928
2011-02-16,0.5875713054146836
2011-02-17,0.5871057982553328
2011-02-18,0.5866402916351626
2011-02-19,0.5861747855542618
2011-02-20,0.585709280013432
2011-02-21,0.5852437750115155
2011-02-22,0.584778270549581
2011-02-23,0.5843127666265596
2011-02-24,0.583847263243075
2011-02-25,0.5833817603997505
2011-02-26,0.5829162580951611
2011-02-27,0.5824507563306427
2011-02-28,0.582514583921805
2011-03-01,0.5837746325623538
2011-03-02,0.5850346851563579
2011-03-03,0.5862947417020362
2011-03-04,0.5875548022017933
2011-03-05,0.5888148666529573
2011-03-06,0.5900749350574878
2011-03-07,0.5913350074145829
2011-03-08,0.592595083724599
2011-03-09,0.593855163987091
2011-03-10,0.5951152482025929
2011-03-11,0.596375336371194
2011-03-12,0.59763542849236
2011-03-13,0.5988955245660016
2011-03-14,0.6001556245930095
2011-03-15,0.6014157285726712
2011-03-16,0.6026758365048978
2011-03-17,0.6039359483907577
2011-03-18,0.6051960642293607
2011-03-19,0.6064561840200831
2011-03-20,0.6077163077641717
2011-03-21,0.6089764354611815
2011-03-22,0.6102365671110233
2011-03-23,0.611496702713875
2011-03-24,0.6127568422693807
2011-03-25,0.6140169857786979
2011-03-26,0.6152771332402236
2011-03-27,0.6165372846558282
2011-03-28,0.6177974400232852
2011-03-29,0.6190575993441974
2011-03-30,0.6203177626183869
2011-03-31,0.6210452478035209
2011-04-01,0.6228127914464945
2011-04-02,0.6245803428663486
2011-04-03,0.6263479020639738
2011-04-04,0.6281154690378561
2011-04-05,0.6298830437900438
2011-04-06,0.6316506263188448
2011-04-07,0.6334182166251497
2011-04-08,0.6351858147083352
2011-04-09,0.6369534205689354
2011-04-10,0.6387210342071288
2011-04-11,0.6404886556221134
2011-04-12,0.6422562848150474
2011-04-13,0.6440239217856634
2011-04-14,0.645791566533427
2011-04-15,0.6475592190588726
2011-04-16,0.6493268793616441
2011-04-17,0.6510945474420085
2011-04-18,0.6528622233007675
2011-04-19,0.654629906936585
2011-04-20,0.6563975983498174
2011-04-21,0.6581652975410882
2011-04-22,0.65993300451013
2011-04-23,0.6617007192570319
2011-04-24,0.6634684417820612
2011-04-25,0.6652361720844163
2011-04-26,0.6670039101646317
2011-04-27,0.6687716560235086
2011-04-28,0.6705394096596224
2011-04-29,0.6723071710740416
2011-04-30,0.6774585781851831
2011-05-01,0.6826100513461933
2011-05-02,0.6859904588640598
2011-05-03,0.6893708948224914
2011-05-04,0.6927513592228237
2011-05-05,0.6961318520640771
2011-05-06,0.699512373348033
2011-05-07,0.7028929230735335
2011-05-08,0.7062735012418254
2011-05-09,0.7096541078529979
2011-05-10,0.7130347429066056
2011-05-11,0.7164154064038064
2011-05-12,0.7197960983441548
2011-05-13,0.7231768187278291
2011-05-14,0.7265575675551855
2011-05-15,0.729938344827649
2011-05-16,0.7333191505436163
2011-05-17,0.7366999847039782
2011-05-18,0.7400808473097146
2011-05-19,0.7434617383602906
2011-05-20,0.7468426578563302
2011-05-21,0.750223605797922
2011-05-22,0.7536045821843538
2011-05-23,0.7569855870173176
2011-05-24,0.7603666202975259
2011-05-25,0.7637476820236428
2011-05-26,0.7671287721958466
2011-05-27,0.770509890815473
2011-05-28,0.7738910378818987
2011-05-29,0.7772722133965487
2011-05-30,0.7801238274378118
2011-05-31,0.7837164462185665
2011-06-01,0.7873090971153796
2011-06-02,0.7909017801293196
2011-06-03,0.7944944952600305
2011-06-04,0.7980872425074229
2011-06-05,0.8016800218731003
2011-06-06,0.8052728333567063
2011-06-07,0.8088656769585081
2011-06-08,0.8124585526782383
2011-06-09,0.8160514605166097
2011-06-10,0.8196444004749581
2011-06-11,0.8232373725515915
2011-06-12,0.8268303767482906
2011-06-13,0.8304234130642544
2011-06-14,0.8340164815006407
2011-06-15,0.8376095820575382
2011-06-16,0.841202714734947
2011-06-17,0.8447958795337579
2011-06-18,0.8483890764534364
2011-06-19,0.851982305494784
2011-06-20,0.8555755666585134
2011-06-21,0.859168859943734
2011-06-22,0.8627621853514251
2011-06-23,0.8663555428820323
2011-06-24,0.8699489325354665
2011-06-25,0.8735423543127965
2011-06-26,0.8771358082130424
2011-06-27,0.8807292942375404
2011-06-28,0.8843228123860231
2011-06-29,0.8879163626592922
2011-06-30,0.8930407761032103
2011-07-01,0.898165254872034
2011-07-02,0.9032897989664754
2011-07-03,0.9084144083868021
2011-07-04,0.9135390831339935
2011-07-05,0.9186638232095636
2011-07-06,0.9237886286136019
2011-07-07,0.9289134993468204
2011-07-08,0.9340384354110005
2011-07-09,0.9391634368063206
2011-07-10,0.9442885035336709
2011-07-11,0.9494136355940312
2011-07-12,0.9545388329879362
2011-07-13,0.9596640957166324
2011-07-14,0.9647894237800306
2011-07-15,0.9699148171802687
2011-07-16,0.9750402759174357
2011-07-17,0.9801657999922438
2011-07-18,0.9852913894060292
2011-07-19,0.9904170441593262
2011-07-20,0.9955427642530255
2011-07-21,1.0006685496881063
2011-07-22,1.0057944004647474
2011-07-23,1.010920316585175
2011-07-24,1.0160462980480531
2011-07-25,1.021172344856143
2011-07-26,1.0262984570097116
2011-07-27,1.0314246345097384
2011-07-28,1.036550877356847
2011-07-29,1.0416771855512157
2011-07-30,1.043416810665195
2011-07-31,1.0439203015561676
2011-08-01,1.044423793076807
2011-08-02,1.0449272852281823
2011-08-03,1.045430778010294
2011-08-04,1.0459342714221618
2011-08-05,1.0464377654649437
2011-08-06,1.0469412601381056
2011-08-07,1.0474447554411126
2011-08-08,1.0479482513747667
2011-08-09,1.0484517479390676
2011-08-10,1.0489552451336592
2011-08-11,1.0494587429582745
2011-08-12,1.0499622414135366
2011-08-13,1.0504657404990891
2011-08-14,1.050969240215467
2011-08-15,1.0514727405616902
2011-08-16,1.0519762415389167
2011-08-17,1.0524797431461665
2011-08-18,1.05298324538344
2011-08-19,1.0534867482518058
2011-08-20,1.053990251750284
2011-08-21,1.0544937558789638
2011-08-22,1.0549972606382017
2011-08-23,1.055500766027819
2011-08-24,1.0560042720478164
2011-08-25,1.0565077786981933
2011-08-26,1.0570112859792173
2011-08-27,1.057514793890265
2011-08-28,1.0580183024320484
2011-08-29,1.0585218116041224
2011-08-30,1.0582838292918018
2011-08-31,1.0568779716479788
2011-09-01,1.055472118919212
2011-09-02,1.0540662711048778
2011-09-03,1.0526604282048875
2011-09-04,1.0512545902201311
2011-09-05,1.0498487571493624
2011-09-06,1.0484429289930264
2011-09-07,1.0470371057515684
2011-09-08,1.0456312874238305
2011-09-09,1.0442254740108818
2011-09-10,1.042819665512989
2011-09-11,1.0414138619290838
2011-09-12,1.040008063259522
2011-09-13,1.0386022695038588
2011-09-14,1.0371964806631628
2011-09-15,1.0357906967372554
2011-09-16,1.0343849177247124
2011-09-17,1.0329791436265128
2011-09-18,1.0315733744432802
2011-09-19,1.0301676101738573
2011-09-20,1.0287618508185103
2011-09-21,1.0273560963779527
2011-09-22,1.0259503468516495
2011-09-23,1.0245446022391556
2011-09-24,1.0231388625414508
2011-09-25,1.0217331277577333
2011-09-26,1.0203273978871126
2011-09-27,1.0189216729318151
2011-09-28,1.01751595289006
2011-09-29,1.0151121419220053
2011-09-30,1.0138066886825967
2011-10-01,1.0125012396816415
2011-10-02,1.011195794917893
2011-10-03,1.0098903543929538
2011-10-04,1.0085849181060227
2011-10-05,1.0072794860570105
2011-10-06,1.0059740582460062
2011-10-07,1.0046686346736333
2011-10-08,1.0033632153382888
2011-10-09,1.0020578002411304
2011-10-10,1.0007523893822472
2011-10-11,0.9994469827616391
2011-10-12,0.9981415803783266
2011-10-13,0.9968361822332001
2011-10-14,0.9955307883266161
2011-10-15,0.9942253986576838
2011-10-16,0.9929200132263141
2011-10-17,0.9916146320333087
2011-10-18,0.9903092550773316
2011-10-19,0.9890038823599858
2011-10-20,0.9876985138808263
2011-10-21,0.9863931496382499
2011-10-22,0.9850877896350172
2011-10-23,0.9837824338685457
2011-10-24,0.9824770823399932
2011-10-25,0.9811717350498048
2011-10-26,0.9798663919965556
2011-10-27,0.9785610531821161
2011-10-28,0.9772557186046159
2011-10-29,0.9759503882651235
2011-10-30,0.97588099096799
2011-10-31,0.9753059848901415
2011-11-01,0.9747309796346011
2011-11-02,0.9741559752021702
2011-11-03,0.9735809715914241
2011-11-04,0.9730059688027186
2011-11-05,0.9724309668366775
2011-11-06,0.9718559656927663
2011-11-07,0.9712809653711633
2011-11-08,0.9707059658720463
2011-11-09,0.9701309671952372
2011-11-10,0.9695559693402019
2011-11-11,0.9689809723079199
2011-11-12,0.9684059760988366
2011-11-13,0.9678309807105474
2011-11-14,0.9672559861454566
2011-11-15,0.9666809924022288
2011-11-16,0.9661059994812198
2011-11-17,0.9655310073826969
2011-11-18,0.9649560161064821
2011-11-19,0.9643810256528427
2011-11-20,0.963806036021422
2011-11-21,0.963231047211686
2011-11-22,0.9626560592247033
2011-11-23,0.9620810720600287
2011-11-24,0.9615060857176622
2011-11-25,0.9609311001977818
2011-11-26,0.9603561154994078
2011-11-27,0.9597811316238762
2011-11-28,0.9592061485707417
2011-11-29,0.9586311663393811
2011-11-30,0.9573556291656059
2011-12-01,0.9560800960383556
2011-12-02,0.9548045669573634
2011-12-03,0.9535290419233413
2011-12-04,0.9522535209359336
2011-12-05,0.9509780039951397
2011-12-06,0.949702491101138
2011-12-07,0.9484269822532162
2011-12-08,0.9471514774519975
2011-12-09,0.945875976697571
2011-12-10,0.9446004799895803
2011-12-11,0.9433249873284711
2011-12-12,0.9420494987134413
2011-12-13,0.940774014145204
2011-12-14,0.9394985336233135
2011-12-15,0.9382230571480372
2011-12-16,0.9369475847190185
2011-12-17,0.9356721163371485
2011-12-18,0.9343966520008237
2011-12-19,0.933121191711291
2011-12-20,0.9318457354686397
2011-12-21,0.9305702832715337
2011-12-22,0.9292948351212199
2011-12-23,0.9280193910176093
2011-12-24,0.9267439509599003
2011-12-25,0.9254685149489834
2011-12-26,0.9241930829841464
2011-12-27,0.9229176550662795
2011-12-28,0.9216422311932456
2011-12-29,0.9203668113678053
2011-12-30,0.9179933109382058
2011-12-31,0.9138245656549375
2012-01-01,0.9096558635989946
2012-01-02,0.9054872047710892
2012-01-03,0.9013185891700639
2012-01-04,0.8971500167962748
2012-01-05,0.8929814876484748
2012-01-06,0.8888130017270207
2012-01-07,0.8846445590305763
2012-01-08,0.8804761595588741
2012-01-09,0.8763078033120925
2012-01-10,0.872139490289341
2012-01-11,0.8679712204903522
2012-01-12,0.8638029939140575
2012-01-13,0.8596348105610802
2012-01-14,0.8554666704304407
2012-01-15,0.8512985735213375
2012-01-16,0.8471305198340378
2012-01-17,0.8429625093674727
2012-01-18,0.8387945421211079
2012-01-19,0.8346266180945873
2012-01-20,0.8304587372885339
2012-01-21,0.8262908997014342
2012-01-22,0.8221231053322191
2012-01-23,0.8179553541824919
2012-01-24,0.8137876462502931
2012-01-25,0.8096199815349993
2012-01-26,0.8054523600365215
2012-01-27,0.8012847817547707
2012-01-28,0.7971172466893013
2012-01-29,0.7929497548391338
2012-01-30,0.7892876804426576
2012-01-31,0.7829060839925872
2012-02-01,0.7765245888758394
2012-02-02,0.7701431950909894
2012-02-03,0.763761902636523
2012-02-04,0.7573807115109262
2012-02-05,0.750999621712685
2012-02-06,0.7446186332395728
2012-02-07,0.7382377460906989
2012-02-08,0.7318569602641931
2012-02-09,0.725476275758096
2012-02-10,0.7190956925708937
2012-02-11,0.7127152107017843
2012-02-12,0.7063348301485416
2012-02-13,0.6999545509092953
2012-02-14,0.6935743729829762
2012-02-15,0.6871942963675364
2012-02-16,0.6808143210611053
2012-02-17,0.6744344470633269
2012-02-18,0.6680546743715291
2012-02-19,0.6616750029835744
2012-02-20,0.6552954328997304
2012-02-21,0.6489159641172356
2012-02-22,0.6425365966337747
2012-02-23,0.6361573304493477
2012-02-24,0.6297781655611048
2012-02-25,0.6233991019681551
2012-02-26,0.6170201396678265
2012-02-27,0.6106412786594072
2012-02-28,0.6042625189416498
2012-02-29,0.5995918577683729
2012-03-01,0.5949212509023384
2012-03-02,0.5902506983415869
2012-03-03,0.5855802000857624
2012-03-04,0.5809097561345976
2012-03-05,0.576239366487558
2012-03-06,0.571569031143575
2012-03-07,0.5668987501027376
2012-03-08,0.5622285233634428
2012-03-09,0.5575583509253341
2012-03-10,0.5528882327891242
2012-03-11,0.548218168951874
2012-03-12,0.5435481594146524
2012-03-13,0.5388782041764794
2012-03-14,0.534208303235663
2012-03-15,0.5295384565936283
2012-03-16,0.5248686642483268
2012-03-17,0.5201989261989568
2012-03-18,0.5155292424454293
2012-03-19,0.5108596129868539
2012-03-20,0.5061900378233193
2012-03-21,0.5015205169526883
2012-03-22,0.4968510503762077
2012-03-23,0.49218163809191806
2012-03-24,0.4875122800993742
2012-03-25,0.4828429763984869
2012-03-26,0.4781737269881875
2012-03-27,0.4735045318674074
2012-03-28,0.46883539103668065
2012-03-29,0.46416630449467156
2012-03-30,0.45949727224031134
2012-03-31,0.4565235908543507
2012-04-01,0.45354993149000045
2012-04-02,0.4505762941461029
2012-04-03,0.4476026788232814
2012-04-04,0.44462908552126873
2012-04-05,0.4416555142398868
2012-04-06,0.438681964978245
2012-04-07,0.4357084377369668
2012-04-08,0.4327349325166756
2012-04-09,0.42976144931487753
2012-04-10,0.42678798813326496
2012-04-11,0.42381454897148163
2012-04-12,0.4208411318287258
2012-04-13,0.4178677367049087
2012-04-14,0.41489436360065346
2012-04-15,0.41192101251506963
2012-04-16,0.40894768344815724
2012-04-17,0.40597437640000517
2012-04-18,0.4030010913698121
2012-04-19,0.4000278283583794
2012-04-20,0.3970545873647275
2012-04-21,0.39408136838876734
2012-04-22,0.39110817143076604
2012-04-23,0.3881349964907236
2012-04-24,0.3851618435673041
2012-04-25,0.3821887126616654
2012-04-26,0.37921560377273866
2012-04-27,0.3762425169011474
2012-04-28,0.37326945204600104
2012-04-29,0.37029640920801193
2012-04-30,0.36719580036675054
2012-05-01,0.36681193678040586
2012-05-02,0.36642807356072876
2012-05-03,0.36604421070798654
2012-05-04,0.3656603482227134
2012-05-05,0.3652764861035736
2012-05-06,0.36489262435270453
2012-05-07,0.36450876296814677
2012-05-08,0.364124901950702
2012-05-09,0.36374104130037016
2012-05-10,0.36335718101715125
2012-05-11,0.36297332110033276
2012-05-12,0.3625894615514288
2012-05-13,0.3622056023694596
2012-05-14,0.3618217435538018
2012-05-15,0.3614378851057023
2012-05-16,0.3610540270243594
2012-05-17,0.36067016931021856
2012-05-18,0.3602863119625671
2012-05-19,0.3599024549832756
2012-05-20,0.3595185983700282
2012-05-21,0.3591347421241609
2012-05-22,0.35875088624460505
2012-05-23,0.35836703073314174
2012-05-24,0.3579831755880789
2012-05-25,0.357599320810129
2012-05-26,0.3572154663992921
2012-05-27,0.35683161235512273
2012-05-28,0.3564477586785116
2012-05-29,0.3560639053682119
2012-05-30,0.35583843292072026
2012-05-31,0.3555238715355438
2012-06-01,0.355209310397603
2012-06-02,0.3548947495054729
2012-06-03,0.3545801888604894
2012-06-04,0.3542656284610495
2012-06-05,0.3539510683088452
2012-06-06,0.3536365084028079
2012-06-07,0.3533219487430266
2012-06-08,0.3530073893303919
2012-06-09,0.3526928301635679
2012-06-10,0.35237827124353427
2012-06-11,0.35206371256984575
2012-06-12,0.35174915414241326
2012-06-13,0.3514345959625726
2012-06-14,0.35112003802809744
2012-06-15,0.3508054803403235
2012-06-16,0.3504909228998744
2012-06-17,0.35017636570407806
2012-06-18,0.34986180875596284
2012-06-19,0.34954725205472703
2012-06-20,0.34923269559921283
2012-06-21,0.3489181393903109
2012-06-22,0.34860358342784314
2012-06-23,0.3482890277114532
2012-06-24,0.3479744722424771
2012-06-25,0.34765991701940074
2012-06-26,0.3473453620430257
2012-06-27,0.3470308073129067
2012-06-28,0.3467162528292218
2012-06-29,0.346401698591882
2012-06-30,0.346130038260925
2012-07-01,0.3458583781139698
2012-07-02,0.3455867181511054
2012-07-03,0.34531505837161935
2012-07-04,0.34504339877560075
2012-07-05,0.3447717393642964
2012-07-06,0.3445000801360142
2012-07-07,0.3442284210919118
2012-07-08,0.3439567622317221
2012-07-09,0.3436851035554452
2012-07-10,0.34341344506290283
2012-07-11,0.3431417867540951
2012-07-12,0.34287012862911104
2012-07-13,0.3425984706881287
2012-07-14,0.3423268129303466
2012-07-15,0.3420551553568335
2012-07-16,0.3417834979676784
2012-07-17,0.3415118407619906
2012-07-18,0.34124018373985937
2012-07-19,0.3409685269017299
2012-07-20,0.34069687024742407
2012-07-21,0.3404252137771201
2012-07-22,0.3401535574901053
2012-07-23,0.33988190138789387
2012-07-24,0.33961024546914986
2012-07-25,0.33933858973333886
2012-07-26,0.3390669341831327
2012-07-27,0.33879527881523624
2012-07-28,0.3385236236311634
2012-07-29,0.3382519686311814
2012-07-30,0.3381078925495973
2012-07-31,0.33633828695876455
2012-08-01,0.3345686891687699
2012-08-02,0.33279909918032596
2012-08-03,0.331029516991117
2012-08-04,0.32925994260372576
2012-08-05,0.327490376016104
2012-08-06,0.3257208172296765
2012-08-07,0.32395126624319653
2012-08-08,0.32218172305737663
2012-08-09,0.320412187672662
2012-08-10,0.3186426600878948
2012-08-11,0.3168731403036096
2012-08-12,0.31510362831989525
2012-08-13,0.31333412413568307
2012-08-14,0.31156462775204186
2012-08-15,0.3097951391687935
2012-08-16,0.3080256583865613
2012-08-17,0.3062561854035642
2012-08-18,0.30448672022051454
2012-08-19,0.30271726283865924
2012-08-20,0.3009478132557718
2012-08-21,0.29917837147372245
2012-08-22,0.2974089374910862
2012-08-23,0.29563951130911
2012-08-24,0.2938700929260125
2012-08-25,0.2921006823437532
2012-08-26,0.2903312795609961
2012-08-27,0.28856188457854265
2012-08-28,0.28679249739568047
2012-08-29,0.2850231180124987
2012-08-30,0.2833428194545362
2012-08-31,0.2808476745156971
2012-09-01,0.2783525450870677
2012-09-02,0.2758574311694496
2012-09-03,0.27336233276239746
2012-09-04,0.2708672498653769
2012-09-05,0.2683721824792786
2012-09-06,0.265877130603479
2012-09-07,0.26338209423753295
2012-09-08,0.2608870733819747
2012-09-09,0.2583920680360028
2012-09-10,0.2558970782005969
2012-09-11,0.2534021038743318
2012-09-12,0.2509071450577422
2012-09-13,0.2484122017511842
2012-09-14,0.2459172739543015
2012-09-15,0.24342236166647072
2012-09-16,0.24092746488787004
2012-09-17,0.2384325836187665
2012-09-18,0.23593771785862588
2012-09-19,0.23344286760762623
2012-09-20,0.23094803286558943
2012-09-21,0.228453213631803
2012-09-22,0.22595840990787
2012-09-23,0.22346362169209832
2012-09-24,0.22096884898484423
2012-09-25,0.2184740917861967
2012-09-26,0.21597935009571048
2012-09-27,0.21348462391347464
2012-09-28,0.21098991323913294
2012-09-29,0.20855019118925455
2012-09-30,0.20599174202442846
2012-10-01,0.20343330917056715
2012-10-02,0.20087489262784877
2012-10-03,0.19831649239520455
2012-10-04,0.19575810847343605
2012-10-05,0.19319974086165267
2012-10-06,0.1906413895605669
2012-10-07,0.18808305456991153
2012-10-08,0.1855247358887069
2012-10-09,0.18296643351784364
2012-10-10,0.18040814745723266
2012-10-11,0.17784987770642868
2012-10-12,0.17529162426498635
2012-10-13,0.1727333871329057
2012-10-14,0.170175166310543
2012-10-15,0.16761696179754196
2012-10-16,0.16505877359425883
2012-10-17,0.16250060169917957
2012-10-18,0.15994244611426356
2012-10-19,0.15738430683728424
2012-10-20,0.15482618387064628
2012-10-21,0.15226807721132157
2012-10-22,0.14970998686144757
2012-10-23,0.1471519128189759
2012-10-24,0.14459385508666747
2012-10-25,0.1420358136614051
2012-10-26,0.13947778854514817
2012-10-27,0.13691977973620448
2012-10-28,0.13436178723662248
2012-10-29,0.13180381104328495
2012-10-30,0.13087054214102586
2012-10-31,0.12984273955654144
2012-11-01,0.1288149396054377
2012-11-02,0.12778714228646781
2012-11-03,0.1267593476008786
2012-11-04,0.12573155554751225
2012-11-05,0.12470376612734851
2012-11-06,0.12367597934020919
2012-11-07,0.12264819518547089
2012-11-08,0.1216204136642914
2012-11-09,0.12059263477497856
2012-11-10,0.1195648585186011
2012-11-11,0.11853708489524811
2012-11-12,0.11750931390491952
2012-11-13,0.1164815455469029
2012-11-14,0.11545377982208886
2012-11-15,0.11442601672923053
2012-11-16,0.11339825627028725
2012-11-17,0.11237049844365593
2012-11-18,0.11134274324987091
2012-11-19,0.11031499068804161
2012-11-20,0.10928724075941489
2012-11-21,0.10825949346327823
2012-11-22,0.10723174880070038
2012-11-23,0.10620400676981105
2012-11-24,0.10517626737221338
2012-11-25,0.104148530607462
2012-11-26,0.1031207964744882
2012-11-27,0.10209306497507324
2012-11-28,0.10106533610788114
2012-11-29,0.10003760987344631
2012-11-30,0.0996902715659629
2012-12-01,0.09934293355959758
2012-12-02,0.0989955958531035
2012-12-03,0.09864825844772752
2012-12-04,0.09830092134373684
2012-12-05,0.09795358453917209
2012-12-06,0.09760624803634886
2012-12-07,0.09725891183375314
2012-12-08,0.09691157593236457
2012-12-09,0.09656424033066911
2012-12-10,0.09621690503044802
2012-12-11,0.09586957003081066
2012-12-12,0.09552223533157891
2012-12-13,0.09517490093391057
2012-12-14,0.09482756683557911
2012-12-15,0.09448023303881105
2012-12-16,0.09413289954280485
2012-12-17,0.0937855663475605
2012-12-18,0.09343823345236552
2012-12-19,0.09309090085882302
2012-12-20,0.09274356856524081
2012-12-21,0.0923962365723314
2012-12-22,0.0920489048805401
2012-12-23,0.09170157348897628
2012-12-24,0.09135424239888683
2012-12-25,0.09100691160929203
2012-12-26,0.09065958112001378
2012-12-27,0.09031225093131928
2012-12-28,0.0899649210436538
2012-12-29,0.08961759145666114
2012-12-30,0.08938896958080064
2012-12-31,0.08910429154055828
2013-01-01,0.08881961370328788
2013-01-02,0.08853493606783161
2013-01-03,0.08825025863427856
2013-01-04,0.08796558140271778
2013-01-05,0.08768090437288206
2013-01-06,0.08739622754548394
2013-01-07,0.0871115509198109
2013-01-08,0.08682687449639731
2013-01-09,0.08654219827551037
2013-01-10,0.0862575222554579
2013-01-11,0.08597284643811018
2013-01-12,0.08568817082284379
2013-01-13,0.08540349540876811
2013-01-14,0.08511882019721907
2013-01-15,0.08483414518784044
2013-01-16,0.084549470380365
2013-01-17,0.08426479577461465
2013-01-18,0.08398012137183625
2013-01-19,0.08369544716998137
2013-01-20,0.08341077316994065
2013-01-21,0.08312609937269375
2013-01-22,0.08284142577726099
2013-01-23,0.08255675238373143
2013-01-24,0.08227207919263947
2013-01-25,0.08198740620318351
2013-01-26,0.0817027334150964
2013-01-27,0.08141806082953593
2013-01-28,0.08113338844570053
2013-01-29,0.08084871626448084
2013-01-30,0.08065856852701203
2013-01-31,0.08042005962805997
2013-02-01,0.08018155087044906
2013-02-02,0.07994304225506992
2013-02-03,0.0797045337820116
2013-02-04,0.0794660254503835
2013-02-05,0.07922751726009657
2013-02-06,0.07898900921159609
2013-02-07,0.07875050130603986
2013-02-08,0.07851199354102324
2013-02-09,0.07827348591814932
2013-02-10,0.0780349784374181
2013-02-11,0.07779647109856243
2013-02-12,0.07755796390051352
2013-02-13,0.07731945684505262
2013-02-14,0.07708094993128912
2013-02-15,0.07684244315957928
2013-02-16,0.07660393652974495
2013-02-17,0.07636543004080648
2013-02-18,0.07612692369427788
2013-02-19,0.07588841748926857
2013-02-20,0.07564991142631292
2013-02-21,0.07541140550585619
2013-02-22,0.07517289972585002
2013-02-23,0.07493439408896622
2013-02-24,0.07469588859253297
2013-02-25,0.0744573832385096
2013-02-26,0.074218878026718
2013-02-27,0.07398037295564414
2013-02-28,0.07372757971391508
2013-03-01,0.07360887683572404
2013-03-02,0.07349017399164366
2013-03-03,0.07337147118363335
2013-03-04,0.07325276841008999
2013-03-05,0.0731340656722604
2013-03-06,0.07301536296871963
2013-03-07,0.07289666030133797
2013-03-08,0.0727779576683342
2013-03-09,0.07265925507068796
2013-03-10,0.07254055250804303
2013-03-11,0.07242184998048848
2013-03-12,0.07230314748820242
2013-03-13,0.07218444503118483
2013-03-14,0.0720657426093467
2013-03-15,0.07194704022206455
2013-03-16,0.07182833787031807
2013-03-17,0.07170963555375104
2013-03-18,0.07159093327191812
2013-03-19,0.07147223102553182
2013-03-20,0.07135352881432494
2013-03-21,0.07123482663838655
2013-03-22,0.07111612449718228
2013-03-23,0.07099742239169182
2013-03-24,0.07087872032075736
2013-03-25,0.07076001828473513
2013-03-26,0.07064131628442671
2013-03-27,0.07052261431894147
2013-03-28,0.07040391238881379
2013-03-29,0.07028521049350929
2013-03-30,0.07016650863391857
2013-03-31,0.07004011317210493
2013-04-01,0.06996977136170407
2013-04-02,0.0698994295641281
2013-04-03,0.06982908777946613
2013-04-04,0.06975874600611498
2013-04-05,0.06968840424558875
2013-04-06,0.06961806249762026
2013-04-07,0.06954772076176415
2013-04-08,0.06947737903837671
2013-04-09,0.0694070373271017
2013-04-10,0.06933669562811719
2013-04-11,0.06926635394204668
2013-04-12,0.06919601226746513
2013-04-13,0.0691256706054413
2013-04-14,0.06905532895633144
2013-04-15,0.06898498731915588
2013-04-16,0.06891464569444895
2013-04-17,0.06884430408185446
2013-04-18,0.06877396248146143
2013-04-19,0.06870362089407143
2013-04-20,0.06863327931817043
2013-04-21,0.06856293775500524
2013-04-22,0.06849259620395248
2013-04-23,0.0684222546659918
2013-04-24,0.06835191313943105
2013-04-25,0.06828157162551708
2013-04-26,0.06821123012433895
2013-04-27,0.06814088863500604
2013-04-28,0.0680705471581418
2013-04-29,0.06800020569330091
2013-04-30,0.06808373616782594
2013-05-01,0.06816726666043055
2013-05-02,0.06829915695392055
2013-05-03,0.06843104729140712
2013-05-04,0.06856293767146523
2013-05-05,0.06869482809543084
2013-05-06,0.06882671856214614
2013-05-07,0.06895860907267988
2013-05-08,0.0690904996266758
2013-05-09,0.06922239022351044
2013-05-10,0.06935428086443071
2013-05-11,0.06948617154810068
2013-05-12,0.0696180622755
2013-05-13,0.06974995304618338
2013-05-14,0.06988184386023989
2013-05-15,0.07001373471775858
2013-05-16,0.07014562561829413
2013-05-17,0.07027751656247
2013-05-18,0.0704094075501971
2013-05-19,0.07054129858129732
2013-05-20,0.07067318965514724
2013-05-21,0.07080508077281557
2013-05-22,0.07093697193367891
2013-05-23,0.07106886313844975
2013-05-24,0.07120075438543588
2013-05-25,0.07133264567668576
2013-05-26,0.07146453701059627
2013-05-27,0.07159642838939394
2013-05-28,0.0717283198097835
2013-05-29,0.07186021127470399
2013-05-30,0.07200639103398655
2013-05-31,0.0721272916315272
2013-06-01,0.07224819226522697
2013-06-02,0.0723690929351749
2013-06-03,0.07248999364154914
2013-06-04,0.07261089438443873
2013-06-05,0.0727317951640218
2013-06-06,0.07285269597967492
2013-06-07,0.07297359683184339
2013-06-08,0.0730944977199038
2013-06-09,0.07321539864528111
2013-06-10,0.07333629960646128
2013-06-11,0.07345720060478025
2013-06-12,0.07357810163836771
2013-06-13,0.07369900270936115
2013-06-14,0.07381990381651368
2013-06-15,0.07394080496018159
2013-06-16,0.07406170614036485
2013-06-17,0.07418260735688535
2013-06-18,0.07430350861027744
2013-06-19,0.07442440989956146
2013-06-20,0.07454531122509366
2013-06-21,0.0746662125874084
2013-06-22,0.07478711398579317
2013-06-23,0.07490801542149488
2013-06-24,0.07502891689299944
2013-06-25,0.07514981840128654
2013-06-26,0.07527071994502026
2013-06-27,0.07539162152624901
2013-06-28,0.07551252314301345
2013-06-29,0.07563342479673854
2013-06-30,0.07584445320616931
2013-07-01,0.07605548172585862
2013-07-02,0.076266510356519
2013-07-03,0.07647753909841762
2013-07-04,0.07668856795146543
2013-07-05,0.07689959691592962
2013-07-06,0.07711062599047425
2013-07-07,0.07732165517625711
2013-07-08,0.07753268447265481
2013-07-09,0.07774371388091417
2013-07-10,0.0779547434001446
2013-07-11,0.07816577302954453
2013-07-12,0.07837680277080615
2013-07-13,0.07858783262268257
2013-07-14,0.07879886258570819
2013-07-15,0.07900989265934862
2013-07-16,0.0792209228444054
2013-07-17,0.07943195314061138
2013-07-18,0.07964298354752124
2013-07-19,0.07985401406540216
2013-07-20,0.0800650446943432
2013-07-21,0.0802760754342553
2013-07-22,0.08048710628585096
2013-07-23,0.08069813724797237
2013-07-24,0.08090916832106484
2013-07-25,0.0811201995048612
2013-07-26,0.08133123079980674
2013-07-27,0.08154226220554521
2013-07-28,0.08175329372261098
2013-07-29,0.08196432535055877
2013-07-30,0.08202147975812932
2013-07-31,0.08215447368661224
2013-08-01,0.08228746765935892
2013-08-02,0.08242046167628025
2013-08-03,0.08255345573702001
2013-08-04,0.08268644984175635
2013-08-05,0.08281944399084545
2013-08-06,0.08295243818375302
2013-08-07,0.0830854324209243
2013-08-08,0.08321842670200308
2013-08-09,0.08335142102725654
2013-08-10,0.08348441539641747
2013-08-11,0.08361740981019841
2013-08-12,0.08375040426788682
2013-08-13,0.08388339876877024
2013-08-14,0.08401639331480802
2013-08-15,0.08414938790448609
2013-08-16,0.08428238253878416
2013-08-17,0.0844153772169897
2013-08-18,0.0845483719390137
2013-08-19,0.08468136670530141
2013-08-20,0.0848143615153185
2013-08-21,0.08494735636977746
2013-08-22,0.08508035126876733
2013-08-23,0.0852133462109522
2013-08-24,0.08534634119766799
2013-08-25,0.08547933622793502
2013-08-26,0.08561233130273298
2013-08-27,0.08574532642161656
2013-08-28,0.0858783215846748
2013-08-29,0.08601131679208585
2013-08-30,0.08616959214180975
2013-08-31,0.0862058635908445
2013-09-01,0.08624213504264018
2013-09-02,0.08627840649799834
2013-09-03,0.0863146779568299
2013-09-04,0.08635094941851144
2013-09-05,0.08638722088357735
2013-09-06,0.08642349235184946
2013-09-07,0.08645976382368406
2013-09-08,0.08649603529890301
2013-09-09,0.08653230677723911
2013-09-10,0.08656857825851427
2013-09-11,0.08660484974353001
2013-09-12,0.08664112123139574
2013-09-13,0.08667739272318019
2013-09-14,0.08671366421754742
2013-09-15,0.08674993571556622
2013-09-16,0.08678620721696934
2013-09-17,0.08682247872148963
2013-09-18,0.08685875022912709
2013-09-19,0.08689502174032701
2013-09-20,0.08693129325402069
2013-09-21,0.0869675647722565
2013-09-22,0.08700383629316417
2013-09-23,0.08704010781718902
2013-09-24,0.08707637934415288
2013-09-25,0.08711265087556985
2013-09-26,0.08714892240930243
2013-09-27,0.08718519394668656
2013-09-28,0.08722146548718783
2013-09-29,0.08717530171347694
2013-09-30,0.08711045261053832
2013-10-01,0.087045603518109
2013-10-02,0.08698075443627803
2013-10-03,0.0869159053641548
2013-10-04,0.08685105630280808
2013-10-05,0.08678620725232689
2013-10-06,0.08672135821235501
2013-10-07,0.08665650918307052
2013-10-08,0.08659166016402817
2013-10-09,0.08652681115469354
2013-10-10,0.08646196215666979
2013-10-11,0.08639711316906627
2013-10-12,0.08633226419117047
2013-10-13,0.08626741522476367
2013-10-14,0.0862025662687771
2013-10-15,0.0861377173226764
2013-10-16,0.08607286838761936
2013-10-17,0.08600801946262632
2013-10-18,0.0859431705480535
2013-10-19,0.08587832164452436
2013-10-20,0.08581347275097015
2013-10-21,0.0857486238677471
2013-10-22,0.08568377499556773
2013-10-23,0.08561892613398672
2013-10-24,0.08555407728211345
2013-10-25,0.0854892284409276
2013-10-26,0.08542437961078542
2013-10-27,0.08535953079070722
2013-10-28,0.0852946819812274
2013-10-29,0.08522983318234592
2013-10-30,0.08508914431143738
2013-10-31,0.08509134257397519
2013-11-01,0.08509354083686925
2013-11-02,0.08509573909967424
2013-11-03,0.08509793736221206
2013-11-04,0.08510013562519518
2013-11-05,0.08510233388844549
2013-11-06,0.08510453215151767
2013-11-07,0.08510673041432268
2013-11-08,0.08510892867712766
2013-11-09,0.08511112693948736
2013-11-10,0.08511332520247047
2013-11-11,0.08511552346545359
2013-11-12,0.08511772172843672
2013-11-13,0.08511991999204327
2013-11-14,0.08512211825484828
2013-11-15,0.0851243165178314
2013-11-16,0.08512651478125982
2013-11-17,0.08512871304370857
2013-11-18,0.0851309113066917
2013-11-19,0.08513310956994201
2013-11-20,0.085135307832747
2013-11-21,0.08513750609599731
2013-11-22,0.08513970435871324
2013-11-23,0.0851419026223198
2013-11-24,0.0851441008855701
2013-11-25,0.08514629914846417
2013-11-26,0.0851484974114473
2013-11-27,0.08515069567460853
2013-11-28,0.08515289393741353
2013-11-29,0.08515509220066383
2013-11-30,0.08538700903889809
2013-12-01,0.08561892600974545
2013-12-02,0.08585084311578868
2013-12-03,0.08608276035569186
2013-12-04,0.08631467772936594
2013-12-05,0.08654659523672185
2013-12-06,0.08677851287971897
2013-12-07,0.0870104306547948
2013-12-08,0.08724234856551182
2013-12-09,0.0874742666093763
2013-12-10,0.08770618478772417
2013-12-11,0.087938103099932
2013-12-12,0.08817002154635602
2013-12-13,0.08840194012664002
2013-12-14,0.08863385884122926
2013-12-15,0.08886577768950035
2013-12-16,0.089097696672522
2013-12-17,0.08932961578860206
2013-12-18,0.08956153504005612
2013-12-19,0.08979345442447953
2013-12-20,0.09002537394356444
2013-12-21,0.09025729359615306
2013-12-22,0.09048921338375944
2013-12-23,0.09072113330415704
2013-12-24,0.09095305335966147
2013-12-25,0.09118497354884772
2013-12-26,0.09141689387225017
2013-12-27,0.0916488143292454
2013-12-28,0.09188073492143652
2013-12-29,0.09211265564650789
2013-12-30,0.09236326208466356
2013-12-31,0.09333491221457053
2014-01-01,0.09430656469802587
2014-01-02,0.09527821953467333
2014-01-03,0.09624987672380042
2014-01-04,0.09722153626745555
2014-01-05,0.0981931981634122
2014-01-06,0.09916486241336252
2014-01-07,0.1001365290164159
2014-01-08,0.10110819797266139
2014-01-09,0.10207986928209903
2014-01-10,0.10305154294508502
2014-01-11,0.10402321896108502
2014-01-12,0.10499489733063337
2014-01-13,0.10596657805319575
2014-01-14,0.10693826112930646
2014-01-15,0.10790994655905464
2014-01-16,0.10888163434172773
2014-01-17,0.10985332447750389
2014-01-18,0.11082501696754092
2014-01-19,0.11179671181032476
2014-01-20,0.11276840900647885
2014-01-21,0.11374010855564691
2014-01-22,0.11471181045898679
2014-01-23,0.1156835147148063
2014-01-24,0.11665522132470856
2014-01-25,0.11762693028815917
2014-01-26,0.11859864160408945
2014-01-27,0.11957035527436961
2014-01-28,0.12054207129695128
2014-01-29,0.12151378967415008
2014-01-30,0.12234261000150284
2014-01-31,0.12347262201344616
2014-02-01,0.12460263720712396
2014-02-02,0.12573265558422844
2014-02-03,0.12686267714386892
2014-02-04,0.12799270188586734
2014-02-05,0.12912272981049086
2014-02-06,0.13025276091827387
2014-02-07,0.13138279520823665
2014-02-08,0.1325128326809136
2014-02-09,0.13364287333657193
2014-02-10,0.13477291717387566
2014-02-11,0.13590296419487324
2014-02-12,0.1370330143980506
2014-02-13,0.13816306778438744
2014-02-14,0.1392931243530822
2014-02-15,0.14042318410475832
2014-02-16,0.14155324703941577
2014-02-17,0.14268331315687646
2014-02-18,0.14381338245633885
2014-02-19,0.14494345493869348
2014-02-20,0.14607353060411857
2014-02-21,0.1472036094524359
2014-02-22,0.1483336914835565
2014-02-23,0.1494637766972131
2014-02-24,0.15059386509376202
2014-02-25,0.15172395667320324
2014-02-26,0.15285405143518047
2014-02-27,0.15398414938013907
2014-02-28,0.15468111836368661
2014-03-01,0.15527035483643412
2014-03-02,0.15585959217521908
2014-03-03,0.15644883037817112
2014-03-04,0.15703806944671522
2014-03-05,0.15762730938058425
2014-03-06,0.15821655018004538
2014-03-07,0.15880579184420798
2014-03-08,0.15939503437422986
2014-03-09,0.15998427776948757
2014-03-10,0.16057352202980302
2014-03-11,0.1611627671556215
2014-03-12,0.16175201314667578
2014-03-13,0.16234126000269877
2014-03-14,0.1629305077239576
2014-03-15,0.16351975631107568
2014-03-16,0.16410900576307336
2014-03-17,0.16469825608075223
2014-03-18,0.1652875072634888
2014-03-19,0.16587675931190649
2014-03-20,0.1664660122253819
2014-03-21,0.16705526600391507
2014-03-22,0.16764452064768406
2014-03-23,0.1682337761576686
2014-03-24,0.16882303253217645
2014-03-25,0.16941228977200926
2014-03-26,0.17000154787761224
2014-03-27,0.17059080684845107
2014-03-28,0.17118006668434763
2014-03-29,0.1717693273860144
2014-03-30,0.17235858895220452
2014-03-31,0.1733348296974438
2014-04-01,0.17358988374842083
2014-04-02,0.17384493796104514
2014-04-03,0.174099992335762
2014-04-04,0.17435504687274953
2014-04-05,0.17461010157147341
2014-04-06,0.17486515643282421
2014-04-07,0.17512021145617848
2014-04-08,0.17537526664135816
2014-04-09,0.17563032198916476
2014-04-10,0.1758853774986186
2014-04-11,0.1761404331702541
2014-04-12,0.1763954890042493
2014-04-13,0.1766505450000699
2014-04-14,0.17690560115833934
2014-04-15,0.17716065747781065
2014-04-16,0.1774157139604433
2014-04-17,0.17767077060499042
2014-04-18,0.1779258274113629
2014-04-19,0.17818088438000604
2014-04-20,0.17843594151100894
2014-04-21,0.17869099880357003
2014-04-22,0.1789460562591143
2014-04-23,0.17920111387594959
2014-04-24,0.17945617165487743
2014-04-25,0.17971122959652128
2014-04-26,0.1799662877004358
2014-04-27,0.18022134596608663
2014-04-28,0.1804764043936519
2014-04-29,0.18073146298375503
2014-04-30,0.18166814426236144
2014-05-01,0.182604827727169
2014-05-02,0.1832402783143224
2014-05-03,0.18387572990805282
2014-05-04,0.18451118250738052
2014-05-05,0.18514663611373056
2014-05-06,0.1857820907262123
2014-05-07,0.18641754634420224
2014-05-08,0.1870530029690364
2014-05-09,0.18768846059991318
2014-05-10,0.18832391923781225
2014-05-11,0.18895937888086334
2014-05-12,0.1895948395312039
2014-05-13,0.19023030118723086
2014-05-14,0.19086576384965667
2014-05-15,0.19150122751857043
2014-05-16,0.19213669219379398
2014-05-17,0.192772157874793
2014-05-18,0.19340762456272523
2014-05-19,0.19404309225687824
2014-05-20,0.19467856095662853
2014-05-21,0.19531403066331207
2014-05-22,0.19594950137612732
2014-05-23,0.19658497309507425
2014-05-24,0.1972204458209544
2014-05-25,0.1978559195524319
2014-05-26,0.19849139429013013
2014-05-27,0.19912687003485066
2014-05-28,0.19976234678579197
2014-05-29,0.20039782454215238
2014-05-30,0.20146648548496232
2014-05-31,0.2024702818212145
2014-06-01,0.20347408066758574
2014-06-02,0.20447788202550107
2014-06-03,0.20548168589415894
2014-06-04,0.2064854922736484
2014-06-05,0.2074893011639695
2014-06-06,0.2084931125653893
2014-06-07,0.20949692647737353
2014-06-08,0.2105007429006347
2014-06-09,0.21150456183446023
2014-06-10,0.2125083832798299
2014-06-11,0.21351220723505143
2014-06-12,0.21451603370199515
2014-06-13,0.21551986267923617
2014-06-14,0.21652369416811026
2014-06-15,0.2175275281675488
2014-06-16,0.21853136467844234
2014-06-17,0.2195352036996331
2014-06-18,0.22053904523218984
2014-06-19,0.2215428892755782
2014-06-20,0.22254673582997622
2014-06-21,0.22355058489502774
2014-06-22,0.22455443647135614
2014-06-23,0.22555829055860518
2014-06-24,0.22656214715695303
2014-06-25,0.22756600626577622
2014-06-26,0.2285698678864107
2014-06-27,0.2295737320178767
2014-06-28,0.2305775986606197
2014-06-29,0.23158146781374891
2014-06-30,0.23030491373046844
2014-07-01,0.2290283637068941
2014-07-02,0.22775181774382755
2014-07-03,0.2264752758418031
2014-07-04,0.22519873799993012
2014-07-05,0.22392220421847578
2014-07-06,0.2226456744970839
2014-07-07,0.22136914883628878
2014-07-08,0.22009262723653578
2014-07-09,0.21881610969631082
2014-07-10,0.2175395962165936
2014-07-11,0.21626308679702785
2014-07-12,0.21498658143841518
2014-07-13,0.21371008013968676
2014-07-14,0.21243358290128794
2014-07-15,0.21115708972366407
2014-07-16,0.20988060060539007
2014-07-17,0.20860411554789104
2014-07-18,0.20732763455107786
2014-07-19,0.20605115761397086
2014-07-20,0.20477468473719343
2014-07-21,0.20349821592038939
2014-07-22,0.2022217511637368
2014-07-23,0.200945290467592
2014-07-24,0.19966883383177675
2014-07-25,0.19839238125593486
2014-07-26,0.19711593274051165
2014-07-27,0.1958394882846165
2014-07-28,0.19456304788896187
2014-07-29,0.19328661155399313
2014-07-30,0.1913285391846924
2014-07-31,0.18901316563654152
2014-08-01,0.18669780544864736
2014-08-02,0.18438245861931776
2014-08-03,0.18206712514944337
2014-08-04,0.17975180503848975
2014-08-05,0.177436498286546
2014-08-06,0.17512120489343402
2014-08-07,0.17280592485924284
2014-08-08,0.1704906581837053
2014-08-09,0.16817540486699947
2014-08-10,0.16586016490894728
2014-08-11,0.16354493830937059
2014-08-12,0.16122972506782407
2014-08-13,0.15891452518457494
2014-08-14,0.1565993386605138
2014-08-15,0.1542841654938594
2014-08-16,0.15196900568585864
2014-08-17,0.14965385923553182
2014-08-18,0.1473387261436805
2014-08-19,0.1450236064095922
2014-08-20,0.14270850003326685
2014-08-21,0.1403934070141702
2014-08-22,0.13807832735283648
2014-08-23,0.13576326104944395
2014-08-24,0.13344820810372532
2014-08-25,0.1311331685155916
2014-08-26,0.1288181422844193
2014-08-27,0.12650312941092096
2014-08-28,0.12418812989402782
2014-08-29,0.12187314373489767
2014-08-30,0.11962302498242974
2014-08-31,0.11709371662283652
2014-09-01,0.1145644242076295
2014-09-02,0.11203514773787744
2014-09-03,0.10950588721260067
2014-09-04,0.10697664263206638
2014-09-05,0.10444741399609643
2014-09-06,0.10191820130371118
2014-09-07,0.09938900455660274
2014-09-08,0.09685982375325712
2014-09-09,0.09433065889447582
2014-09-10,0.09180150997945734
2014-09-11,0.08927237700811258
2014-09-12,0.08674325998079782
2014-09-13,0.08421415889769113
2014-09-14,0.08168507375745664
2014-09-15,0.07915600456169743
2014-09-16,0.07662695130800883
2014-09-17,0.0740979139986174
2014-09-18,0.07156889263192003
2014-09-19,0.06903988720854014
2014-09-20,0.06651089772838865
2014-09-21,0.06398192419075313
2014-09-22,0.06145296659670225
2014-09-23,0.05892402494463293
2014-09-24,0.056395099235524854
2014-09-25,0.05386618946839833
2014-09-26,0.05133729564458929
2014-09-27,0.048808417762672744
2014-09-28,0.046279555823094
2014-09-29,0.04564321999502462
2014-09-30,0.04488269547967635
2014-10-01,0.0441221724059722
2014-10-02,0.04336165077417936
2014-10-03,0.04260113058385251
2014-10-04,0.04184061183579321
2014-10-05,0.04108009452955615
2014-10-06,0.04031957866514134
2014-10-07,0.0395590642424597
2014-10-08,0.0387985512618675
2014-10-09,0.03803803972309753
2014-10-10,0.03727752962606074
2014-10-11,0.0365170209708462
2014-10-12,0.03575651375754295
2014-10-13,0.03499600798606196
2014-10-14,0.034235503656403196
2014-10-15,0.03347500076829949
2014-10-16,0.03271449932246334
2014-10-17,0.03195399931844943
2014-10-18,0.031193500755990578
2014-10-19,0.030433003635264896
2014-10-20,0.029672507956628652
2014-10-21,0.02891201371990371
2014-10-22,0.028151520924733817
2014-10-23,0.027391029571297115
2014-10-24,0.02663053965986077
2014-10-25,0.025870051190335728
2014-10-26,0.025109564162187625
2014-10-27,0.024349078575950818
2014-10-28,0.02358859443171438
2014-10-29,0.022828111729389245
2014-10-30,0.022424792551478178
2014-10-31,0.021899489082159215
2014-11-01,0.02137418630048677
2014-11-02,0.020848884207173343
2014-11-03,0.020323582801506434
2014-11-04,0.019798282083931355
2014-11-05,0.01927298205435905
2014-11-06,0.01874768271243326
2014-11-07,0.018222384058777425
2014-11-08,0.017697086092768113
2014-11-09,0.01717178881476157
2014-11-10,0.01664649222466873
2014-11-11,0.016121196322578663
2014-11-12,0.015595901108402296
2014-11-13,0.015070606582050578
2014-11-14,0.01454531274387975
2014-11-15,0.014020019593355445
2014-11-16,0.013494727130833908
2014-11-17,0.012969435356047953
2014-11-18,0.012444144269442889
2014-11-19,0.011918853870751533
2014-11-20,0.011393564159706698
2014-11-21,0.010868275136842754
2014-11-22,0.010342986801803455
2014-11-23,0.009817699154855987
2014-11-24,0.009292412195465977
2014-11-25,0.008767125923900611
2014-11-26,0.0082418403406052
2014-11-27,0.0077165554451344345
2014-11-28,0.00719127123739925
2014-11-29,0.006665987717844959
2014-11-30,0.00634180666513707
2014-12-01,0.006017625874181949
2014-12-02,0.005693445345335844
2014-12-03,0.0053692650786878165
2014-12-04,0.0050450850739706815
2014-12-05,0.004720905331095377
2014-12-06,0.004396725850507211
2014-12-07,0.004072546631671815
2014-12-08,0.0037483676751235576
2014-12-09,0.003424188980060883
2014-12-10,0.003100010547730657
2014-12-11,0.002775832376707891
2014-12-12,0.0024516544682394495
2014-12-13,0.002127476821167529
2014-12-14,0.001803299436917119
2014-12-15,0.0014791223138851065
2014-12-16,0.0011549454534074191
2014-12-17,0.0008307688545043764
2014-12-18,0.0005065925182447205
2014-12-19,0.00018241644329252383
2014-12-20,-0.00014175936928347146
2014-12-21,-0.000465934919750451
2014-12-22,-0.000790110208464662
2014-12-23,-0.001114285235247981
2014-12-24,-0.001438459999966815
2014-12-25,-0.0017626345025321024
2014-12-26,-0.0020868087432110286
2014-12-27,-0.002410982721736408
2014-12-28,-0.0027351564384199573
2014-12-29,-0.003059329892682774
2014-12-30,-0.0032593283311055502
2014-12-31,-0.0036626216842426717
2015-01-01,-0.004065914631925735
2015-01-02,-0.004469207174466456
2015-01-03,-0.004872499310929686
2015-01-04,-0.005275791042295105
2015-01-05,-0.005679082367894748
2015-01-06,-0.006082373287995803
2015-01-07,-0.006485663802954514
2015-01-08,-0.006888953911924797
2015-01-09,-0.007292243615797267
2015-01-10,-0.007695532914171148
2015-01-11,-0.008098821806690193
2015-01-12,-0.008502110293933303
2015-01-13,-0.008905398375499697
2015-01-14,-0.009308686051923754
2015-01-15,-0.009711973322626563
2015-01-16,-0.01011526018760813
2015-01-17,-0.010518546647580946
2015-01-18,-0.010921832701609863
2015-01-19,-0.01132511835049644
2015-01-20,-0.011728403593839894
2015-01-21,-0.012131688431506636
2015-01-22,-0.012534972863852911
2015-01-23,-0.012938256890477945
2015-01-24,-0.013341540511916102
2015-01-25,-0.013744823727543955
2015-01-26,-0.014148106537851342
2015-01-27,-0.014551388942660141
2015-01-28,-0.014954670941836754
2015-01-29,-0.015357952535648372
2015-01-30,-0.015639260480141255
2015-01-31,-0.01614583419653945
2015-02-01,-0.016652407273206396
2015-02-02,-0.01715897970996397
2015-02-03,-0.017665551507168423
2015-02-04,-0.018172122664285383
2015-02-05,-0.01867869318158203
2015-02-06,-0.019185263059236495
2015-02-07,-0.01969183229707065
2015-02-08,-0.020198400895039964
2015-02-09,-0.0207049688532335
2015-02-10,-0.021211536171517664
2015-02-11,-0.021718102850204174
2015-02-12,-0.022224668888981315
2015-02-13,-0.02273123428802721
2015-02-14,-0.023237799047163728
2015-02-15,-0.023744363166613533
2015-02-16,-0.02425092664628756
2015-02-17,-0.024757489485963156
2015-02-18,-0.025264051685952034
2015-02-19,-0.025770613246209665
2015-02-20,-0.026277174166557924
2015-02-21,-0.026783734447130406
2015-02-22,-0.027290294087838046
2015-02-23,-0.027796853088948033
2015-02-24,-0.02830341145037131
2015-02-25,-0.02880996917161802
2015-02-26,-0.029316526253222553
2015-02-27,-0.029823082695229427
2015-02-28,-0.030169210846500125
2015-03-01,-0.030437322631735497
2015-03-02,-0.030705434237956564
2015-03-03,-0.030973545665118778
2015-03-04,-0.031241656912776843
2015-03-05,-0.031509767981287004
2015-03-06,-0.03177787887060473
2015-03-07,-0.03204598958068548
2015-03-08,-0.03231410011157381
2015-03-09,-0.0325822104631361
2015-03-10,-0.032850320635416895
2015-03-11,-0.033118430628683374
2015-03-12,-0.03338654044249023
2015-03-13,-0.03365465007728278
2015-03-14,-0.033922759532704766
2015-03-15,-0.03419086880888979
2015-03-16,-0.03445897790583784
2015-03-17,-0.034727086823682515
2015-03-18,-0.034995195562245694
2015-03-19,-0.035263304121482854
2015-03-20,-0.03553141250161663
2015-03-21,-0.03579952070242437
2015-03-22,-0.036067628724084214
2015-03-23,-0.03633573656659615
2015-03-24,-0.036603844229514876
2015-03-25,-0.036871951713463816
2015-03-26,-0.03714005901826486
2015-03-27,-0.03740816614373986
2015-03-28,-0.03767627308993337
2015-03-29,-0.03794437985684538
2015-03-30,-0.03821248644483214
2015-03-31,-0.03863881958613571
2015-04-01,-0.038861875203653674
2015-04-02,-0.03908493069715302
2015-04-03,-0.039307986066589216
2015-04-04,-0.03953104131187319
2015-04-05,-0.03975409643313855
2015-04-06,-0.03997715143029622
2015-04-07,-0.0402002063034798
2015-04-08,-0.0404232610525557
2015-04-09,-0.040646315677702036
2015-04-10,-0.040869370178740684
2015-04-11,-0.04109242455558259
2015-04-12,-0.04131547880831682
2015-04-13,-0.04153853293725507
2015-04-14,-0.041761586941773926
2015-04-15,-0.041984640822764
2015-04-16,-0.042207694579245614
2015-04-17,-0.04243074821188673
2015-04-18,-0.04265380172015297
2015-04-19,-0.04287685510493496
2015-04-20,-0.043099908365208495
2015-04-21,-0.04332296150186418
2015-04-22,-0.04354601451396688
2015-04-23,-0.04376906740231813
2015-04-24,-0.04399212016629452
2015-04-25,-0.044215172806786655
2015-04-26,-0.04443822532263674
2015-04-27,-0.0446612777151807
2015-04-28,-0.044884329982993534
2015-04-29,-0.04510738212701041
2015-04-30,-0.04559523974669708
2015-05-01,-0.04608309677332092
2015-05-02,-0.046345704325021525
2015-05-03,-0.04660831170474369
2015-05-04,-0.04687091891253198
2015-05-05,-0.04713352594834183
2015-05-06,-0.047396132812395915
2015-05-07,-0.04765873950424892
2015-05-08,-0.04792134602447974
2015-05-09,-0.04818395237237589
2015-05-10,-0.04844655854869439
2015-05-11,-0.048709164552767276
2015-05-12,-0.04897177038508439
2015-05-13,-0.04923437604528949
2015-05-14,-0.04949698153356069
2015-05-15,-0.049759586849987054
2015-05-16,-0.05002219199421234
2015-05-17,-0.05028479696677091
2015-05-18,-0.050547401767128415
2015-05-19,-0.05081000639564107
2015-05-20,-0.051072610852308895
2015-05-21,-0.05133521513677564
2015-05-22,-0.05159781924979833
2015-05-23,-0.05186042319030822
2015-05-24,-0.05212302695924046
2015-05-25,-0.052385630555838045
2015-05-26,-0.05264823398090249
2015-05-27,-0.0529108372336768
2015-05-28,-0.05317344031491799
2015-05-29,-0.05343604322382451
2015-05-30,-0.05385906419996872
2015-05-31,-0.05462599492724971
2015-06-01,-0.055392924187860196
2015-06-02,-0.056159851981577545
2015-06-03,-0.056926778309203285
2015-06-04,-0.05769370316975776
2015-06-05,-0.05846062656417611
2015-06-06,-0.05922754849147865
2015-06-07,-0.0599944689524224
2015-06-08,-0.06076138794678473
2015-06-09,-0.06152830547429843
2015-06-10,-0.06229522153563148
2015-06-11,-0.06306213613002684
2015-06-12,-0.06382904925815248
2015-06-13,-0.06459596091911779
2015-06-14,-0.06536287111416962
2015-06-15,-0.06612977984228378
2015-06-16,-0.06689668710372744
2015-06-17,-0.06766359289885686
2015-06-18,-0.06843049722687045
2015-06-19,-0.06919740008910417
2015-06-20,-0.06996430148404398
2015-06-21,-0.0707312014128031
2015-06-22,-0.07149809987506987
2015-06-23,-0.07226499687053255
2015-06-24,-0.07303189239968097
2015-06-25,-0.07379878646184718
2015-06-26,-0.07456567905787727
2015-06-27,-0.07533257018710326
2015-06-28,-0.07609945984983689
2015-06-29,-0.07686634804594454
2015-06-30,-0.07761455731387755
2015-07-01,-0.07836276518572158
2015-07-02,-0.07911097166165473
2015-07-03,-0.07985917674149892
2015-07-04,-0.08060738042556582
2015-07-05,-0.08135558271354378
2015-07-06,-0.08210378360547724
2015-07-07,-0.08285198310185611
2015-07-08,-0.08360018120183428
2015-07-09,-0.08434837790585706
2015-07-10,-0.08509657321423615
2015-07-11,-0.08584476712617004
2015-07-12,-0.08659295964263836
2015-07-13,-0.08734115076306223
2015-07-14,-0.08808934048721899
2015-07-15,-0.08883752881573208
2015-07-16,-0.08958571574824525
2015-07-17,-0.09033390128502569
2015-07-18,-0.09108208542562807
2015-07-19,-0.09183026817040865
2015-07-20,-0.09257844951918932
2015-07-21,-0.09332662947210367
2015-07-22,-0.09407480802915169
2015-07-23,-0.09482298519002165
2015-07-24,-0.09557116095524794
2015-07-25,-0.09631933532447431
2015-07-26,-0.09706750829792342
2015-07-27,-0.09781567987519448
2015-07-28,-0.09856385005686641
2015-07-29,-0.09931201884244933
2015-07-30,-0.0997954165938701
2015-07-31,-0.10027002472326371
2015-08-01,-0.10074463229094427
2015-08-02,-0.10121923929695625
2015-08-03,-0.10169384574138877
2015-08-04,-0.10216845162375199
2015-08-05,-0.10264305694431307
2015-08-06,-0.1031176617033392
2015-08-07,-0.10359226590065226
2015-08-08,-0.10406686953607412
2015-08-09,-0.10454147261000558
2015-08-10,-0.1050160751222685
2015-08-11,-0.10549067707286287
2015-08-12,-0.10596527846125435
2015-08-13,-0.10643987928851166
2015-08-14,-0.1069144795537887
2015-08-15,-0.1073890792573527
2015-08-16,-0.10786367839898092
2015-08-17,-0.10833827697929689
2015-08-18,-0.10881287499745447
2015-08-19,-0.10928747245425524
2015-08-20,-0.10976206934929841
2015-08-21,-0.11023666568240585
2015-08-22,-0.11071126145397833
2015-08-23,-0.11118585666365964
2015-08-24,-0.11166045131189506
2015-08-25,-0.11213504539810569
2015-08-26,-0.11260963892282591
2015-08-27,-0.11308423188578852
2015-08-28,-0.113558824286949
2015-08-29,-0.11403341612648547
2015-08-30,-0.11416414855825202
2015-08-31,-0.1143344302415693
2015-09-01,-0.11450471185261288
2015-09-02,-0.11467499339102653
2015-09-03,-0.11484527485738916
2015-09-04,-0.11501555625129997
2015-09-05,-0.11518583757289255
2015-09-06,-0.11535611882230051
2015-09-07,-0.1155263999994793
2015-09-08,-0.11569668110425083
2015-09-09,-0.11586696213674866
2015-09-10,-0.1160372430966611
2015-09-11,-0.11620752398474514
2015-09-12,-0.1163778048000211
2015-09-13,-0.11654808554333514
2015-09-14,-0.11671836621419732
2015-09-15,-0.11688864681265224
2015-09-16,-0.11705892733923424
2015-09-17,-0.11722920779278555
2015-09-18,-0.117399488174553
2015-09-19,-0.11756976848400222
2015-09-20,-0.1177400487210887
2015-09-21,-0.11791032888563431
2015-09-22,-0.11808060897817341
2015-09-23,-0.11825088899830521
2015-09-24,-0.11842116894576257
2015-09-25,-0.118591448821347
2015-09-26,-0.11876172862456869
2015-09-27,-0.11893200835560575
2015-09-28,-0.11910228801414646
2015-09-29,-0.11913304820792138
2015-09-30,-0.11932200367119324
2015-10-01,-0.119510959045047
2015-10-02,-0.11969991433006158
2015-10-03,-0.11988886952592524
2015-10-04,-0.12007782463312783
2015-10-05,-0.12026677965082327
2015-10-06,-0.12045573457963499
2015-10-07,-0.12064468941916222
2015-10-08,-0.12083364416998381
2015-10-09,-0.12102259883192172
2015-10-10,-0.12121155340435244
2015-10-11,-0.12140050788781039
2015-10-12,-0.12158946228256276
2015-10-13,-0.12177841658798606
2015-10-14,-0.12196737080430302
2015-10-15,-0.12215632493186983
2015-10-16,-0.12234527897024118
2015-10-17,-0.12253423291986243
2015-10-18,-0.12272318677997651
2015-10-19,-0.12291214055120687
2015-10-20,-0.12310109423350898
2015-10-21,-0.12329004782670469
2015-10-22,-0.12347900133092764
2015-10-23,-0.12366795474586607
2015-10-24,-0.12385690807209893
2015-10-25,-0.12404586130900273
2015-10-26,-0.12423481445729
2015-10-27,-0.12442376751593653
2015-10-28,-0.12461272048578838
2015-10-29,-0.12480167336662293
2015-10-30,-0.12499941465610603
2015-10-31,-0.12523230983761666
2015-11-01,-0.12546520488402044
2015-11-02,-0.12569809979496116
2015-11-03,-0.1259309945708396
2015-11-04,-0.12616388921138855
2015-11-05,-0.12639678371647442
2015-11-06,-0.12662967808640896
2015-11-07,-0.12686257232110307
2015-11-08,-0.12709546642064584
2015-11-09,-0.12732836038463646
2015-11-10,-0.12756125421347575
2015-11-11,-0.1277941479073418
2015-11-12,-0.12802704146538854
2015-11-13,-0.1282599348885511
2015-11-14,-0.12849282817620608
2015-11-15,-0.12872572132870969
2015-11-16,-0.12895861434579478
2015-11-17,-0.12919150722786207
2015-11-18,-0.1294243999744663
2015-11-19,-0.1296572925859192
2015-11-20,-0.12989018506222075
2015-11-21,-0.1301230774031483
2015-11-22,-0.13035596960883541
2015-11-23,-0.13058886167905945
2015-11-24,-0.13082175361422121
2015-11-25,-0.13105464541387538
2015-11-26,-0.13128753707851176
2015-11-27,-0.13152042860768512
2015-11-28,-0.13175332000184067
2015-11-29,-0.13198621126053317
2015-11-30,-0.13213341604169754
2015-12-01,-0.1322806207689349
2015-12-02,-0.13242782544220083
2015-12-03,-0.13257503006118357
2015-12-04,-0.13272223462637292
2015-12-05,-0.13286943913754626
2015-12-06,-0.13301664359439191
2015-12-07,-0.1331638479974887
2015-12-08,-0.13331105234603513
2015-12-09,-0.13345825664109992
2015-12-10,-0.13360546088188152
2015-12-11,-0.13375266506860256
2015-12-12,-0.13389986920144117
2015-12-13,-0.13404707328008567
2015-12-14,-0.13419427730471417
2015-12-15,-0.1343414812754157
2015-12-16,-0.13448868519187857
2015-12-17,-0.13463588905432544
2015-12-18,-0.13478309286262272
2015-12-19,-0.13493029661739378
2015-12-20,-0.13507750031752544
2015-12-21,-0.13522470396390826
2015-12-22,-0.13537190755636413
2015-12-23,-0.1355191110946704
2015-12-24,-0.13566631457855988
2015-12-25,-0.13581351800901226
2015-12-26,-0.1359607213851369
2015-12-27,-0.13610792470737912
2015-12-28,-0.13625512797516004
2015-12-29,-0.13640233118941478
2015-12-30,-0.13639134587450674
2015-12-31,-0.13708671631915775
2016-01-01,-0.13778208555773327
2016-01-02,-0.13847745359076763
2016-01-03,-0.13917282041759282
2016-01-04,-0.13986818603811985
2016-01-05,-0.1405635504533729
2016-01-06,-0.14125891366214963
2016-01-07,-0.141954275665118
2016-01-08,-0.14264963646245618
2016-01-09,-0.1433449960535407
2016-01-10,-0.14404035443881685
2016-01-11,-0.1447357116180175
2016-01-12,-0.14543106759149885
2016-01-13,-0.14612642235894918
2016-01-14,-0.14682177592036855
2016-01-15,-0.1475171282761131
2016-01-16,-0.14821247942578217
2016-01-17,-0.14890782936964286
2016-01-18,-0.14960317810729448
2016-01-19,-0.1502985256397166
2016-01-20,-0.1509938719654843
2016-01-21,-0.15168921708575536
2016-01-22,-0.15238456099990638
2016-01-23,-0.1530799037084272
2016-01-24,-0.15377524521060526
2016-01-25,-0.15447058550750933
2016-01-26,-0.1551659245978926
2016-01-27,-0.15586126248291282
2016-01-28,-0.1565565991615458
2016-01-29,-0.15725193463490475
2016-01-30,-0.15791211778025133
2016-01-31,-0.15900839347812631
2016-02-01,-0.16010466617849123
2016-02-02,-0.16120093588156875
2016-02-03,-0.16229720258704713
2016-02-04,-0.16339346629497098
2016-02-05,-0.16448972700529566
2016-02-06,-0.16558598471819938
2016-02-07,-0.16668223943390473
2016-02-08,-0.167778491152011
2016-02-09,-0.16887473987287438
2016-02-10,-0.1699709855962277
2016-02-11,-0.17106722832193738
2016-02-12,-0.17216346805044871
2016-02-13,-0.17325970478118283
2016-02-14,-0.17435593851534203
2016-02-15,-0.17545216925136775
2016-02-16,-0.17654839699019512
2016-02-17,-0.17764462173164602
2016-02-18,-0.17874084347603217
2016-02-19,-0.17983706222268564
2016-02-20,-0.1809332779723189
2016-02-21,-0.18202949072466473
2016-02-22,-0.18312570047914425
2016-02-23,-0.18422190723669266
2016-02-24,-0.18531811099699816
2016-02-25,-0.18641431175966003
2016-02-26,-0.18751050952543527
2016-02-27,-0.18860670429334422
2016-02-28,-0.18970289606463375
2016-02-29,-0.1908638894518866
2016-03-01,-0.1920248794770102
2016-03-02,-0.1931858661401381
2016-03-03,-0.19434684944095867
2016-03-04,-0.1955078293796945
2016-03-05,-0.19666880595656824
2016-03-06,-0.19782977917113462
2016-03-07,-0.19899074902374986
2016-03-08,-0.20015171551445846
2016-03-09,-0.20131267864299335
2016-03-10,-0.20247363840939894
2016-03-11,-0.20363459481389795
2016-03-12,-0.2047955478563122
2016-03-13,-0.20595649753686437
2016-03-14,-0.20711744385519829
2016-03-15,-0.20827838681162555
2016-03-16,-0.20943932640605714
2016-03-17,-0.21060026263853762
2016-03-18,-0.21176119550937872
2016-03-19,-0.2129221250177788
2016-03-20,-0.21408305116467305
2016-03-21,-0.21524397394912637
2016-03-22,-0.21640489337220742
2016-03-23,-0.21756580943307016
2016-03-24,-0.21872672213198177
2016-03-25,-0.2198876314694321
2016-03-26,-0.221048537444486
2016-03-27,-0.2222094400578559
2016-03-28,-0.22337033930936376
2016-03-29,-0.2245312351989205
2016-03-30,-0.22569212772683783
2016-03-31,-0.2266663098501436
2016-04-01,-0.22764048960569572
2016-04-02,-0.2286146669944737
2016-04-03,-0.22958884201531984
2016-04-04,-0.23056301466903567
2016-04-05,-0.23153718495504236
2016-04-06,-0.23251135287400776
2016-04-07,-0.23348551842570925
2016-04-08,-0.2344596816096125
2016-04-09,-0.23543384242643
2016-04-10,-0.2364080008758945
2016-04-11,-0.23738215695813966
2016-04-12,-0.2383563106726311
2016-04-13,-0.23933046202017036
2016-04-14,-0.24030461100017853
2016-04-15,-0.24127875761270012
2016-04-16,-0.24225290185800238
2016-04-17,-0.24322704373604073
2016-04-18,-0.24420118324699333
2016-04-19,-0.24517532039023673
2016-04-20,-0.24614945516652792
2016-04-21,-0.24712358757533257
2016-04-22,-0.24809771761682883
2016-04-23,-0.24907184529137288
2016-04-24,-0.2500459705982968
2016-04-25,-0.2510200935378678
2016-04-26,-0.25199421411048656
2016-04-27,-0.25296833231557425
2016-04-28,-0.2539424481536207
2016-04-29,-0.2549165616243588
2016-04-30,-0.2564408752789562
2016-05-01,-0.25752919713085914
2016-05-02,-0.2586175160276456
2016-05-03,-0.25970583196967156
2016-05-04,-0.2607941449568482
2016-05-05,-0.2618824549890863
2016-05-06,-0.2629707620666531
2016-05-07,-0.2640590661891033
2016-05-08,-0.26514736735688216
2016-05-09,-0.26623566556998973
2016-05-10,-0.2673239608278471
2016-05-11,-0.26841225313116673
2016-05-12,-0.26950054247985966
2016-05-13,-0.27058882887330227
2016-05-14,-0.2716771123123408
2016-05-15,-0.27276539279621825
2016-05-16,-0.27385367032573604
2016-05-17,-0.2749419449000036
2016-05-18,-0.2760302165199562
2016-05-19,-0.2771184851848812
2016-05-20,-0.27820675089504576
2016-05-21,-0.27929501365093984
2016-05-22,-0.2803832734518064
2016-05-23,-0.28147153029786803
2016-05-24,-0.28255978418925837
2016-05-25,-0.28364803512602194
2016-05-26,-0.28473628310784704
2016-05-27,-0.28582452813544607
2016-05-28,-0.2869127702081512
2016-05-29,-0.28800100932565065
2016-05-30,-0.2890705775118832
2016-05-31,-0.2901423390765909
2016-06-01,-0.29121409777546653
2016-06-02,-0.29228585360810927
2016-06-03,-0.2933576065753207
2016-06-04,-0.29442935667665543
2016-06-05,-0.2955011039118909
2016-06-06,-0.2965728482814278
2016-06-07,-0.29764458978526626
2016-06-08,-0.2987163284230499
2016-06-09,-0.29978806419517956
2016-06-10,-0.3008597971012099
2016-06-11,-0.3019315271416308
2016-06-12,-0.30300325431630865
2016-06-13,-0.30407497862515437
2016-06-14,-0.3051467000683461
2016-06-15,-0.30621841864566124
2016-06-16,-0.3072901343570551
2016-06-17,-0.3083618472028841
2016-06-18,-0.3094335571828365
2016-06-19,-0.3105052642971349
2016-06-20,-0.31157696854591277
2016-06-21,-0.3126486699283688
2016-06-22,-0.31372036844566065
2016-06-23,-0.3147920640971649
2016-06-24,-0.3158637568827035
2016-06-25,-0.31693544680294433
2016-06-26,-0.3180071338570413
2016-06-27,-0.3190788180458851
2016-06-28,-0.320150499368496
2016-06-29,-0.32122217782580914
2016-06-30,-0.32171409512842386
2016-07-01,-0.3222060118269766
2016-07-02,-0.32269792792164553
2016-07-03,-0.32318984341300944
2016-07-04,-0.3236817583004895
2016-07-05,-0.32417367258395213
2016-07-06,-0.32466558626370906
2016-07-07,-0.3251574993397157
2016-07-08,-0.32564941181215024
2016-07-09,-0.32614132368056725
2016-07-10,-0.3266332349450114
2016-07-11,-0.3271251456062397
2016-07-12,-0.32761705566313876
2016-07-13,-0.3281089651165993
2016-07-14,-0.3286008739662205
2016-07-15,-0.32909278221200244
2016-07-16,-0.32958468985398953
2016-07-17,-0.3300765968922709
2016-07-18,-0.33056850332684656
2016-07-19,-0.3310604091574938
2016-07-20,-0.33155231438439087
2016-07-21,-0.3320442190073595
2016-07-22,-0.3325361230268895
2016-07-23,-0.3330280264426693
2016-07-24,-0.3335199292545208
2016-07-25,-0.33401183146280006
2016-07-26,-0.3345037330672846
2016-07-27,-0.334995634067618
2016-07-28,-0.33548753446437934
2016-07-29,-0.33597943425747945
2016-07-30,-0.33592124074694835
2016-07-31,-0.33582242156321074
2016-08-01,-0.33572360235524834
2016-08-02,-0.33562478312315014
2016-08-03,-0.3355259638662482
2016-08-04,-0.33542714458529965
2016-08-05,-0.3353283252799926
2016-08-06,-0.3352295059503717
2016-08-07,-0.33513068659621426
2016-08-08,-0.3350318672175203
2016-08-09,-0.3349330478147351
2016-08-10,-0.3348342283874134
2016-08-11,-0.3347354089358668
2016-08-12,-0.33463658946005087
2016-08-13,-0.33453776995974294
2016-08-14,-0.33443895043480937
2016-08-15,-0.3343401308856956
2016-08-16,-0.3342413113124014
2016-08-17,-0.3341424917143927
2016-08-18,-0.3340436720924708
2016-08-19,-0.3339448524461014
2016-08-20,-0.3338460327750619
2016-08-21,-0.3337472130797531
2016-08-22,-0.3336483933601749
2016-08-23,-0.33354957361619375
2016-08-24,-0.3334507538477206
2016-08-25,-0.33335193405533436
2016-08-26,-0.3332531142379662
2016-08-27,-0.3331542943965514
2016-08-28,-0.3330554745306892
2016-08-29,-0.33295665464064655
2016-08-30,-0.33285563872730367
2016-08-31,-0.3328644227222252
2016-09-01,-0.3328732067164788
2016-09-02,-0.3328819907107324
2016-09-03,-0.33289077470503053
2016-09-04,-0.3328995586987943
2016-09-05,-0.332908342692558
2016-09-06,-0.33291712668605455
2016-09-07,-0.3329259106793285
2016-09-08,-0.3329346946724242
2016-09-09,-0.33294347866547547
2016-09-10,-0.332952262658215
2016-09-11,-0.33296104665099907
2016-09-12,-0.33296983064311514
2016-09-13,-0.33297861463518674
2016-09-14,-0.3329873986271692
2016-09-15,-0.33299618261888453
2016-09-16,-0.3330049666104217
2016-09-17,-0.3330137506017808
2016-09-18,-0.33302253459313985
2016-09-19,-0.33303131858392004
2016-09-20,-0.33304010257492284
2016-09-21,-0.33304888656543585
2016-09-22,-0.3330576705559043
2016-09-23,-0.33306645454610556
2016-09-24,-0.33307523853630683
2016-09-25,-0.3330840225261518
2016-09-26,-0.33309280651590784
2016-09-27,-0.3331015905051294
2016-09-28,-0.33311037449461817
2016-09-29,-0.333179548398188
2016-09-30,-0.3332948382175953
2016-10-01,-0.3334101280040052
2016-10-02,-0.3335254177571506
2016-10-03,-0.3336407074770313
2016-10-04,-0.33375599716364746
2016-10-05,-0.33387128681739975
2016-10-06,-0.33398657643775387
2016-10-07,-0.33410186602506603
2016-10-08,-0.33421715557906906
2016-10-09,-0.33433244510016374
2016-10-10,-0.3344477345879493
2016-10-11,-0.3345630240423367
2016-10-12,-0.33467831346386023
2016-10-13,-0.33479360285225274
2016-10-14,-0.3349088922072471
2016-10-15,-0.335024181529244
2016-10-16,-0.3351394708180654
2016-10-17,-0.33525476007375576
2016-10-18,-0.3353700492959589
2016-10-19,-0.3354853384855209
2016-10-20,-0.3356006276415511
2016-10-21,-0.33571591676449475
2016-10-22,-0.3358312058543074
2016-10-23,-0.33594649491125633
2016-10-24,-0.3360617839342726
2016-10-25,-0.3361770729248259
2016-10-26,-0.33629236188193645
2016-10-27,-0.3364076508061831
2016-10-28,-0.3365229396967645
2016-10-29,-0.33663822855434844
2016-10-30,-0.33679414294882964
2016-10-31,-0.33698958486025304
2016-11-01,-0.33718502667633565
2016-11-02,-0.3373804683971666
2016-11-03,-0.33757591002247883
2016-11-04,-0.33777135155285104
2016-11-05,-0.3379667929877045
2016-11-06,-0.3381622343272172
2016-11-07,-0.3383576755714337
2016-11-08,-0.3385531167203095
2016-11-09,-0.3387485577739337
2016-11-10,-0.33894399873186093
2016-11-11,-0.33913943959507087
2016-11-12,-0.3393348803626729
2016-11-13,-0.3395303210351569
2016-11-14,-0.33972576161198853
2016-11-15,-0.33992120209388016
2016-11-16,-0.3401166424802975
2016-11-17,-0.34031208277124053
2016-11-18,-0.3405075229671546
2016-11-19,-0.3407029630676834
2016-11-20,-0.34089840307264885
2016-11-21,-0.3410938429824072
2016-11-22,-0.34128928279713655
2016-11-23,-0.34148472251648065
2016-11-24,-0.3416801621400833
2016-11-25,-0.3418756016687905
2016-11-26,-0.34207104110233516
2016-11-27,-0.3422664804400938
2016-11-28,-0.3424619196830461
2016-11-29,-0.34265735883012327
2016-11-30,-0.34276605810794075
2016-12-01,-0.3428747573564569
2016-12-02,-0.3429834565751373
2016-12-03,-0.343092155764739
2016-12-04,-0.34320085492437136
2016-12-05,-0.343309554054836
2016-12-06,-0.34341825315599933
2016-12-07,-0.3435269522271933
2016-12-08,-0.3436356512691305
2016-12-09,-0.3437443502816772
2016-12-10,-0.34385304926452187
2016-12-11,-0.34396174821806513
2016-12-12,-0.3440704471423516
2016-12-13,-0.34417914603680233
2016-12-14,-0.3442878449017291
2016-12-15,-0.344396543737399
2016-12-16,-0.34450524254318865
2016-12-17,-0.34461394132003326
2016-12-18,-0.3447226400671757
2016-12-19,-0.34483133878466055
2016-12-20,-0.34494003747297763
2016-12-21,-0.3450487361316371
2016-12-22,-0.34515743476081717
2016-12-23,-0.34526613336051776
2016-12-24,-0.34537483193096147
2016-12-25,-0.34548353047156954
2016-12-26,-0.3455922289826535
2016-12-27,-0.34570092746465886
2016-12-28,-0.3458096259169175
2016-12-29,-0.34591832433983033
2016-12-30,-0.34598090827055916
2016-12-31,-0.346062157571266
2017-01-01,-0.34614340685563
2017-01-02,-0.34622465612342845
2017-01-03,-0.3463059053748841
2017-01-04,-0.34638715460990777
2017-01-05,-0.3464684038282324
2017-01-06,-0.34654965303003604
2017-01-07,-0.3466309022156304
2017-01-08,-0.3467121513845257
2017-01-09,-0.3467934005371227
2017-01-10,-0.3468746496730651
2017-01-11,-0.34695589879284283
2017-01-12,-0.3470371478959214
2017-01-13,-0.3471183969826571
2017-01-14,-0.34719964605296094
2017-01-15,-0.3472808951064766
2017-01-16,-0.34736214414387206
2017-01-17,-0.34744339316443484
2017-01-18,-0.34752464216878837
2017-01-19,-0.3476058911567545
2017-01-20,-0.347687140127888
2017-01-21,-0.347768389082545
2017-01-22,-0.3478496380213045
2017-01-23,-0.3479308869430977
2017-01-24,-0.3480121358486371
2017-01-25,-0.34809338473743284
2017-01-26,-0.34817463360993034
2017-01-27,-0.348255882466174
2017-01-28,-0.3483371313056295
2017-01-29,-0.34841838012883125
2017-01-30,-0.34846010249305653
2017-01-31,-0.34851390237800955
2017-02-01,-0.34856770225597117
2017-02-02,-0.3486215021266743
2017-02-03,-0.3486753019901634
2017-02-04,-0.3487291018465721
2017-02-05,-0.3487829016955441
2017-02-06,-0.34883670153734664
2017-02-07,-0.34889050137189065
2017-02-08,-0.3489443011993542
2017-02-09,-0.348998101019203
2017-02-10,-0.34905190083237214
2017-02-11,-0.34910570063783747
2017-02-12,-0.3491595004364005
2017-02-13,-0.34921330022757135
2017-02-14,-0.34926710001166184
2017-02-15,-0.34932089978858283
2017-02-16,-0.34937469955797806
2017-02-17,-0.3494284993202484
2017-02-18,-0.3494822990754828
2017-02-19,-0.34953609882310244
2017-02-20,-0.3495898985639534
2017-02-21,-0.34964369829750125
2017-02-22,-0.3496974980238796
2017-02-23,-0.3497512977427768
2017-02-24,-0.34980509745459354
2017-02-25,-0.34985889715932994
2017-02-26,-0.3499126968564515
2017-02-27,-0.3499664965464036
2017-02-28,-0.35003566756753124
2017-03-01,-0.35008178157628744
2017-03-02,-0.35012789557952184
2017-03-03,-0.3501740095774125
2017-03-04,-0.35022012357004856
2017-03-05,-0.350266237557519
2017-03-06,-0.3503123515395567
2017-03-07,-0.3503584655162952
2017-03-08,-0.3504045794876454
2017-03-09,-0.3504506934536965
2017-03-10,-0.3504968074147601
2017-03-11,-0.3505429213701237
2017-03-12,-0.3505890353203218
2017-03-13,-0.3506351492653543
2017-03-14,-0.35068126320490944
2017-03-15,-0.35072737713921
2017-03-16,-0.35077349106825584
2017-03-17,-0.35081960499204706
2017-03-18,-0.3508657189100938
2017-03-19,-0.3509118328231976
2017-03-20,-0.3509579467310468
2017-03-21,-0.3510040606337303
2017-03-22,-0.35105017453062487
2017-03-23,-0.35109628842271007
2017-03-24,-0.35114240230913984
2017-03-25,-0.35118851619053765
2017-03-26,-0.35123463006619093
2017-03-27,-0.35128074393694586
2017-03-28,-0.35132685780235706
2017-03-29,-0.35137297166237996
2017-03-30,-0.35141908551692563
2017-03-31,-0.35147178705911875
2017-04-01,-0.35150582346872833
2017-04-02,-0.3515398598760668
2017-04-03,-0.3515738962796201
2017-04-04,-0.3516079326809915
2017-04-05,-0.351641969079023
2017-04-06,-0.35167600547433814
2017-04-07,-0.35171004186693683
2017-04-08,-0.35174407825628484
2017-04-09,-0.35177811464340625
2017-04-10,-0.3518121510268762
2017-04-11,-0.3518461874076742
2017-04-12,-0.35188022378557776
2017-04-13,-0.35191426016067584
2017-04-14,-0.35194829653296844
2017-04-15,-0.3519823329021885
2017-04-16,-0.3520163692686921
2017-04-17,-0.35205040563225665
2017-04-18,-0.3520844419928822
2017-04-19,-0.3521184783508359
2017-04-20,-0.3521525147054943
2017-04-21,-0.3521865510573918
2017-04-22,-0.35222058740657286
2017-04-23,-0.35225462375250316
2017-04-24,-0.3522886600959398
2017-04-25,-0.35232269643630376
2017-04-26,-0.35235673277390683
2017-04-27,-0.3523907691084372
2017-04-28,-0.35242480544011767
2017-04-29,-0.3524588417694825
2017-04-30,-0.3525302082590552
2017-05-01,-0.3526015747362928
2017-05-02,-0.3526608638009237
2017-05-03,-0.35272015285651487
2017-05-04,-0.35277944190346705
2017-05-05,-0.35283873094204743
2017-05-06,-0.35289801997149894
2017-05-07,-0.35295730899226696
2017-05-08,-0.35301659800399515
2017-05-09,-0.35307588700748516
2017-05-10,-0.35313517600189087
2017-05-11,-0.3531944649877021
2017-05-12,-0.353253753964429
2017-05-13,-0.35331304293260596
2017-05-14,-0.3533723318918322
2017-05-15,-0.35343162084246404
2017-05-16,-0.3534909097842787
2017-05-17,-0.3535501987172317
2017-05-18,-0.3536094876415457
2017-05-19,-0.35366877655690904
2017-05-20,-0.35372806546363333
2017-05-21,-0.35378735436171865
2017-05-22,-0.35384664325089776
2017-05-23,-0.35390593213117066
2017-05-24,-0.35396522100320543
2017-05-25,-0.35402450986597767
2017-05-26,-0.35408379871993284
2017-05-27,-0.35414308756520446
2017-05-28,-0.35420237640174806
2017-05-29,-0.35426166522956354
2017-05-30,-0.3543055828748477
2017-05-31,-0.354371459335894
2017-06-01,-0.3544373357857184
2017-06-02,-0.35450321222489994
2017-06-03,-0.3545690886534386
2017-06-04,-0.3546349650709336
2017-06-05,-0.35470084147756303
2017-06-06,-0.3547667178734606
2017-06-07,-0.3548325942583144
2017-06-08,-0.3548984706326589
2017-06-09,-0.35496434699609336
2017-06-10,-0.3550302233487959
2017-06-11,-0.3550960996904547
2017-06-12,-0.35516197602138155
2017-06-13,-0.35522785234135384
2017-06-14,-0.3552937286506387
2017-06-15,-0.35535960494901353
2017-06-16,-0.35542548123683443
2017-06-17,-0.35549135751334454
2017-06-18,-0.35555723377938986
2017-06-19,-0.35562311003456964
2017-06-20,-0.3556889862787503
2017-06-21,-0.3557548625119763
2017-06-22,-0.35582073873469305
2017-06-23,-0.35588661494676693
2017-06-24,-0.355952491147708
2017-06-25,-0.35601836733773906
2017-06-26,-0.3560842435167264
2017-06-27,-0.356150119685249
2017-06-28,-0.3562159958429951
2017-06-29,-0.3562818719898757
2017-06-30,-0.35633896464213966
2017-07-01,-0.35639605728589824
2017-07-02,-0.35645314992186383
2017-07-03,-0.3565102425496358
2017-07-04,-0.356567335169125
2017-07-05,-0.3566244277804205
2017-07-06,-0.3566815203837895
2017-07-07,-0.35673861297887577
2017-07-08,-0.35679570556599094
2017-07-09,-0.3568527981449125
2017-07-10,-0.35690989071572937
2017-07-11,-0.35696698327848614
2017-07-12,-0.3570240758330938
2017-07-13,-0.3570811683793742
2017-07-14,-0.35713826091759443
2017-07-15,-0.3571953534476655
2017-07-16,-0.3572524459694539
2017-07-17,-0.3573095384834493
2017-07-18,-0.357366630989162
2017-07-19,-0.3574237234866365
2017-07-20,-0.3574808159760954
2017-07-21,-0.35753790845736055
2017-07-22,-0.3575950009307438
2017-07-23,-0.35765209339562165
2017-07-24,-0.3577091858525284
2017-07-25,-0.357766278301197
2017-07-26,-0.35782337074185
2017-07-27,-0.3578804631744429
2017-07-28,-0.3579375555989757
2017-07-29,-0.3579946480148695
2017-07-30,-0.3580144107732206
2017-07-31,-0.3580429569787183
2017-08-01,-0.35807150318207853
2017-08-02,-0.3581000493831231
2017-08-03,-0.35812859558234195
2017-08-04,-0.3581571417795124
2017-08-05,-0.3581856879747235
2017-08-06,-0.3582142341677525
2017-08-07,-0.3582427803589558
2017-08-08,-0.35827132654788796
2017-08-09,-0.35829987273486086
2017-08-10,-0.35832841891982975
2017-08-11,-0.35835696510275034
2017-08-12,-0.35838551128348883
2017-08-13,-0.3584140574625797
2017-08-14,-0.3584426036393995
2017-08-15,-0.3584711498141263
2017-08-16,-0.35849969598711645
2017-08-17,-0.3585282421579691
2017-08-18,-0.3585567883264171
2017-08-19,-0.35858533449317287
2017-08-20,-0.3586138806576576
2017-08-21,-0.35864242682031655
2017-08-22,-0.3586709729809716
2017-08-23,-0.3586995191394001
2017-08-24,-0.35872806529604745
2017-08-25,-0.35875661145046817
2017-08-26,-0.35878515760279595
2017-08-27,-0.358813703753387
2017-08-28,-0.35884224990175156
2017-08-29,-0.358870796047845
2017-08-30,-0.3588773836201129
2017-08-31,-0.35884334783144256
2017-09-01,-0.3588093120398332
2017-09-02,-0.35877527624497296
2017-09-03,-0.3587412404478418
2017-09-04,-0.35870720464750433
2017-09-05,-0.3586731688443168
2017-09-06,-0.35863913303827943
2017-09-07,-0.3586050972294366
2017-09-08,-0.358571061417432
2017-09-09,-0.358537025602622
2017-09-10,-0.35850298978491746
2017-09-11,-0.35846895396458567
2017-09-12,-0.35843491814118117
2017-09-13,-0.3584008823147486
2017-09-14,-0.35836684648577777
2017-09-15,-0.35833281065368977
2017-09-16,-0.35829877481857364
2017-09-17,-0.3582647389806966
2017-09-18,-0.358230703139747
2017-09-19,-0.3581966672961254
2017-09-20,-0.3581626314496094
2017-09-21,-0.3581285956002434
2017-09-22,-0.35809455974789384
2017-09-23,-0.35806052389300597
2017-09-24,-0.3580264880347783
2017-09-25,-0.35799245217365616
2017-09-26,-0.3579584163099512
2017-09-27,-0.35792438044304
2017-09-28,-0.3578903445731898
2017-09-29,-0.3578585045636567
2017-09-30,-0.3578519169750014
2017-10-01,-0.3578453293860344
2017-10-02,-0.3578387417970229
2017-10-03,-0.3578321542079223
2017-10-04,-0.3578255666188663
2017-10-05,-0.3578189790294539
2017-10-06,-0.3578123914401307
2017-10-07,-0.3578058038505403
2017-10-08,-0.3577992162610389
2017-10-09,-0.35779262867104766
2017-10-10,-0.35778604108141276
2017-10-11,-0.3577794534912434
2017-10-12,-0.3577728659013413
2017-10-13,-0.35776627831135005
2017-10-14,-0.357759690720869
2017-10-15,-0.35775310313047703
2017-10-16,-0.3577465155400405
2017-10-17,-0.3577399279495149
2017-10-18,-0.3577333403588112
2017-10-19,-0.35772675276797394
2017-10-20,-0.3577201651772257
2017-10-21,-0.3577135775860767
2017-10-22,-0.35770698999492767
2017-10-23,-0.3577004024036451
2017-10-24,-0.35769381481245155
2017-10-25,-0.3576872272208572
2017-10-26,-0.35768063962921837
2017-10-27,-0.35767405203762404
2017-10-28,-0.35766746444580705
2017-10-29,-0.35766087685394554
2017-10-30,-0.3576455058056304
2017-10-31,-0.3576400161453748
2017-11-01,-0.35763452648498545
2017-11-02,-0.3576290368243736
2017-11-03,-0.3576235471638062
2017-11-04,-0.3576180575032388
2017-11-05,-0.35761256784267137
2017-11-06,-0.3576070781817032
2017-11-07,-0.35760158852073504
2017-11-08,-0.3575960988599004
2017-11-09,-0.3575906091987096
2017-11-10,-0.35758511953747424
2017-11-11,-0.35757962987659514
2017-11-12,-0.35757414021518164
2017-11-13,-0.35756865055403536
2017-11-14,-0.3575631608924883
2017-11-15,-0.3575576712311193
2017-11-16,-0.35755218156957225
2017-11-17,-0.35754669190789157
2017-11-18,-0.3575412022463445
2017-11-19,-0.3575357125845748
2017-11-20,-0.35753022292262693
2017-11-21,-0.3575247332606791
2017-11-22,-0.3575192435986867
2017-11-23,-0.3575137539364271
2017-11-24,-0.3575082642744347
2017-11-25,-0.35750277461213065
2017-11-26,-0.357497284949782
2017-11-27,-0.35749179528743336
2017-11-28,-0.3574863056250847
2017-11-29,-0.3574808159624689
2017-11-30,-0.35740835242380425
2017-12-01,-0.35733588887218115
2017-12-02,-0.35726342530759947
2017-12-03,-0.3571909617297476
2017-12-04,-0.3571184981386701
2017-12-05,-0.35704603453463407
2017-12-06,-0.3569735709179067
2017-12-07,-0.35690110728750835
2017-12-08,-0.35682864364392886
2017-12-09,-0.35675617998752446
2017-12-10,-0.3566837163180725
2017-12-11,-0.3566112526353503
2017-12-12,-0.3565387889397587
2017-12-13,-0.3564663252309859
2017-12-14,-0.3563938615087203
2017-12-15,-0.35632139777358524
2017-12-16,-0.3562489340255807
2017-12-17,-0.35617647026421695
2017-12-18,-0.3561040064900282
2017-12-19,-0.35603154270261383
2017-12-20,-0.3559590789018847
2017-12-21,-0.3558866150883307
2017-12-22,-0.35581415126150645
2017-12-23,-0.35574168742163464
2017-12-24,-0.35566922356862624
2017-12-25,-0.35559675970234755
2017-12-26,-0.355524295823244
2017-12-27,-0.3554518319312265
2017-12-28,-0.35537936802580516
2017-12-29,-0.3553069041073363
2017-12-30,-0.35520918758688236
2017-12-31,-0.35503571327320904
2018-01-01,-0.354862238884501
2018-01-02,-0.3546887644205804
2018-01-03,-0.354515289881447
2018-01-04,-0.3543418152673235
2018-01-05,-0.3541683405781209
2018-01-06,-0.35399486581379463
2018-01-07,-0.35382139097430015
2018-01-08,-0.3536479160598156
2018-01-09,-0.3534744410702964
2018-01-10,-0.35330096600551997
2018-01-11,-0.3531274908658871
2018-01-12,-0.3529540156508188
2018-01-13,-0.3527805403609386
2018-01-14,-0.35260706499597916
2018-01-15,-0.352433589555629
2018-01-16,-0.3522601140403777
2018-01-17,-0.35208663845027
2018-01-18,-0.3519131627846824
2018-01-19,-0.351739687043882
2018-01-20,-0.3515662112282251
2018-01-21,-0.3513927353375782
2018-01-22,-0.3512192593718521
2018-01-23,-0.35104578333082426
2018-01-24,-0.3508723072147173
2018-01-25,-0.35069883102384286
2018-01-26,-0.3505253547574885
2018-01-27,-0.35035187841632226
2018-01-28,-0.35017840199980965
2018-01-29,-0.35000492550857415
2018-01-30,-0.3498215673608023
2018-01-31,-0.34985889777915585
2018-02-01,-0.3498962281941696
2018-02-02,-0.3499335586055764
2018-02-03,-0.3499708890135543
2018-02-04,-0.35000821941805876
2018-02-05,-0.35004554981900077
2018-02-06,-0.3500828802165584
2018-02-07,-0.3501202106105981
2018-02-08,-0.35015754100134255
2018-02-09,-0.3501948713883464
2018-02-10,-0.35023220177187675
2018-02-11,-0.35026953215224543
2018-02-12,-0.35030686252896265
2018-02-13,-0.35034419290234
2018-02-14,-0.3503815232718432
2018-02-15,-0.3504188536383182
2018-02-16,-0.3504561840009636
2018-02-17,-0.35049351436031373
2018-02-18,-0.3505308447158342
2018-02-19,-0.35056817506828203
2018-02-20,-0.3506055054171674
2018-02-21,-0.3506428357625793
2018-02-22,-0.35068016610447333
2018-02-23,-0.3507174964428494
2018-02-24,-0.35075482677797465
2018-02-25,-0.3507921571094039
2018-02-26,-0.3508294874373152
2018-02-27,-0.35086681776179757
2018-02-28,-0.350929400947346
2018-03-01,-0.35109958322089835
2018-03-02,-0.3512697654223551
2018-03-03,-0.3514399475514937
2018-03-04,-0.3516101296084031
2018-03-05,-0.3517803115927717
2018-03-06,-0.3519504935048665
2018-03-07,-0.3521206753453557
2018-03-08,-0.3522908571130813
2018-03-09,-0.3524610388085777
2018-03-10,-0.3526312204316669
2018-03-11,-0.3528014019827941
2018-03-12,-0.35297158346151397
2018-03-13,-0.35314176486804927
2018-03-14,-0.35331194620222184
2018-03-15,-0.3534821274640761
2018-03-16,-0.35365230865352315
2018-03-17,-0.3538224897710082
2018-03-18,-0.3539926708161751
2018-03-19,-0.3541628517887565
2018-03-20,-0.35433303268946503
2018-03-21,-0.35450321351785535
2018-03-22,-0.3546733942737493
2018-03-23,-0.35484357495763674
2018-03-24,-0.35501375556902787
2018-03-25,-0.35518393610814525
2018-03-26,-0.35535411657507804
2018-03-27,-0.3555242969697817
2018-03-28,-0.35569447729216713
2018-03-29,-0.35586465754214525
2018-03-30,-0.35603483772020594
2018-03-31,-0.35619623433614117
2018-04-01,-0.3564333884077068
2018-04-02,-0.3566705423385547
2018-04-03,-0.3569076961292638
2018-04-04,-0.35714484977943334
2018-04-05,-0.3573820032895086
2018-04-06,-0.3576191566591333
2018-04-07,-0.35785630988821837
2018-04-08,-0.3580934629770756
2018-04-09,-0.3583306159256159
2018-04-10,-0.3585677687338392
2018-04-11,-0.3588049214014339
2018-04-12,-0.35904207392924603
2018-04-13,-0.35927922631651854
2018-04-14,-0.35951637856325147
2018-04-15,-0.359753530669712
2018-04-16,-0.35999068263590006
2018-04-17,-0.3602278344618603
2018-04-18,-0.36046498614719186
2018-04-19,-0.36070213769238463
2018-04-20,-0.3609392890968597
2018-04-21,-0.36117644036141855
2018-04-22,-0.36141359148557145
2018-04-23,-0.3616507424690957
2018-04-24,-0.3618878933128373
2018-04-25,-0.36212504401577217
2018-04-26,-0.3623621945784792
2018-04-27,-0.36259934500095825
2018-04-28,-0.36283649528271966
2018-04-29,-0.3630736454246985
2018-04-30,-0.3633305579258977
2018-05-01,-0.36358747026282234
2018-05-02,-0.36362370148680667
2018-05-03,-0.36365993270727315
2018-05-04,-0.3636961639242662
2018-05-05,-0.36373239513796385
2018-05-06,-0.36376862634881163
2018-05-07,-0.3638048575560969
2018-05-08,-0.3638410887601314
2018-05-09,-0.363877319960737
2018-05-10,-0.3639135511585372
2018-05-11,-0.3639497823526413
2018-05-12,-0.3639860135436283
2018-05-13,-0.36402224473131994
2018-05-14,-0.36405847591567175
2018-05-15,-0.3640947070966838
2018-05-16,-0.3641309382746232
2018-05-17,-0.36416716944935634
2018-05-18,-0.36420340062052703
2018-05-19,-0.3642396317888478
2018-05-20,-0.36427586295356146
2018-05-21,-0.3643120941149799
2018-05-22,-0.364348325273103
2018-05-23,-0.3643845564280199
2018-05-24,-0.364420787579597
2018-05-25,-0.3644570187279233
2018-05-26,-0.3644932498732215
2018-05-27,-0.3645294810149573
2018-05-28,-0.36456571215321965
2018-05-29,-0.3646019432884984
2018-05-30,-0.3646129224203322
2018-05-31,-0.36458876833125964
2018-06-01,-0.3645646142410293
2018-06-02,-0.3645404601491958
2018-06-03,-0.36451630605598184
2018-06-04,-0.3644921519612093
2018-06-05,-0.364467997865279
2018-06-06,-0.36444384376761196
2018-06-07,-0.3644196896685645
2018-06-08,-0.3643955355679584
2018-06-09,-0.3643713814661054
2018-06-10,-0.36434722736269387
2018-06-11,-0.36432307325799096
2018-06-12,-0.36429891915141777
2018-06-13,-0.3642747650439539
2018-06-14,-0.3642506109344862
2018-06-15,-0.3642264568240833
2018-06-16,-0.36420230271172105
2018-06-17,-0.36417814859811193
2018-06-18,-0.3641539944833896
2018-06-19,-0.364129840366975
2018-06-20,-0.3641056862487792
2018-06-21,-0.3640815321293811
2018-06-22,-0.3640573780084689
2018-06-23,-0.3640332238859981
2018-06-24,-0.3640090697624586
2018-06-25,-0.36398491563722696
2018-06-26,-0.3639607615106593
2018-06-27,-0.3639366073821324
2018-06-28,-0.3639124532528929
2018-06-29,-0.3638882991217831
2018-06-30,-0.3638652429048676
2018-07-01,-0.3638421866866607
2018-07-02,-0.36381913046711783
2018-07-03,-0.36379607424623905
2018-07-04,-0.36377301802402434
2018-07-05,-0.36374996180029556
2018-07-06,-0.3637269055756762
2018-07-07,-0.36370384934936467
2018-07-08,-0.36368079312180623
2018-07-09,-0.36365773689295644
2018-07-10,-0.36363468066285975
2018-07-11,-0.3636116244313826
2018-07-12,-0.36358856819843594
2018-07-13,-0.3635655119643315
2018-07-14,-0.3635424557288911
2018-07-15,-0.3635193994920257
2018-07-16,-0.36349634325404706
2018-07-17,-0.3634732870145098
2018-07-18,-0.36345023077345856
2018-07-19,-0.363427174531383
2018-07-20,-0.3634041182880161
2018-07-21,-0.36338106204326875
2018-07-22,-0.3633580057970074
2018-07-23,-0.3633349495497218
2018-07-24,-0.3633118933011893
2018-07-25,-0.36328883705087556
2018-07-26,-0.36326578079953764
2018-07-27,-0.3632427245467747
2018-07-28,-0.3632196682926759
2018-07-29,-0.36319661203733017
2018-07-30,-0.36315379327291747
2018-07-31,-0.36313073701245074
2018-08-01,-0.36310768075069255
2018-08-02,-0.3630846244879993
2018-08-03,-0.3630615682235247
2018-08-04,-0.36303851195798137
2018-08-05,-0.3630154556909686
2018-08-06,-0.36299239942266437
2018-08-07,-0.36296934315289064
2018-08-08,-0.3629462868821372
2018-08-09,-0.3629232306097807
2018-08-10,-0.3629001743363109
2018-08-11,-0.36287711806163875
2018-08-12,-0.3628540617853635
2018-08-13,-0.36283100550793046
2018-08-14,-0.36280794922893883
2018-08-15,-0.36278489294878935
2018-08-16,-0.3627618366671259
2018-08-17,-0.36273878038434915
2018-08-18,-0.36271572409996927
2018-08-19,-0.36269266781465426
2018-08-20,-0.36266961152778066
2018-08-21,-0.36264655523952655
2018-08-22,-0.3626234989500702
2018-08-23,-0.36260044265905517
2018-08-24,-0.36257738636723863
2018-08-25,-0.36255433007350724
2018-08-26,-0.36253127377901884
2018-08-27,-0.36250821748261564
2018-08-28,-0.3624851611851437
2018-08-29,-0.36246210488629127
2018-08-30,-0.3624741819950189
2018-08-31,-0.36243685275156917
2018-09-01,-0.36239952350460153
2018-09-02,-0.3623621942543386
2018-09-03,-0.36232486500064676
2018-09-04,-0.3622875357431698
2018-09-05,-0.36225020648257567
2018-09-06,-0.36221287721819645
2018-09-07,-0.36217554795070006
2018-09-08,-0.36213821867946305
2018-09-09,-0.36210088940470814
2018-09-10,-0.3620635601264798
2018-09-11,-0.36202623084482255
2018-09-12,-0.3619889015597364
2018-09-13,-0.36195157227122143
2018-09-14,-0.3619142429790994
2018-09-15,-0.3618769136835485
2018-09-16,-0.3618395843846578
2018-09-17,-0.3618022550820265
2018-09-18,-0.3617649257763226
2018-09-19,-0.3617275964665218
2018-09-20,-0.36169026715369296
2018-09-21,-0.36165293783712343
2018-09-22,-0.3616156085174813
2018-09-23,-0.3615782791939205
2018-09-24,-0.36154094986706437
2018-09-25,-0.36150362053673485
2018-09-26,-0.36146629120302093
2018-09-27,-0.36142896186565554
2018-09-28,-0.3613916325251284
2018-09-29,-0.36136198863450353
2018-09-30,-0.361371869931898
2018-10-01,-0.3613817512292925
2018-10-02,-0.3613916325262862
2018-10-03,-0.36140151382314634
2018-10-04,-0.36141139511973924
2018-10-05,-0.3614212764161986
2018-10-06,-0.36143115771221257
2018-10-07,-0.36144103900818214
2018-10-08,-0.3614509203035727
2018-10-09,-0.3614608015990969
2018-10-10,-0.36147068289413126
2018-10-11,-0.361480564189032
2018-10-12,-0.3614904454834429
2018-10-13,-0.36150032677780924
2018-10-14,-0.361510208071953
2018-10-15,-0.36152008936587404
2018-10-16,-0.36152997065934983
2018-10-17,-0.3615398519529592
2018-10-18,-0.36154973324598966
2018-10-19,-0.36155961453897556
2018-10-20,-0.3615694958317388
2018-10-21,-0.36157937712387866
2018-10-22,-0.3615892584163748
2018-10-23,-0.3615991397082474
2018-10-24,-0.36160902099998643
2018-10-25,-0.36161890229132476
2018-10-26,-0.3616287835825294
2018-10-27,-0.36163866487368956
2018-10-28,-0.3616485461644044
2018-10-29,-0.36165842745494114
2018-10-30,-0.3616485461641372
2018-10-31,-0.3616748962733039
2018-11-01,-0.36170124638082296
2018-11-02,-0.3617275964865607
2018-11-03,-0.3617539465907844
2018-11-04,-0.3617802966929598
2018-11-05,-0.361806646793621
2018-11-06,-0.36183299689232296
2018-11-07,-0.36185934698955535
2018-11-08,-0.36188569708500645
2018-11-09,-0.36191204717867637
2018-11-10,-0.3619383972706986
2018-11-11,-0.36196474736067247
2018-11-12,-0.3619910974490877
2018-11-13,-0.3620174475358553
2018-11-14,-0.3620437976208417
2018-11-15,-0.3620701477041359
2018-11-16,-0.36209649778569336
2018-11-17,-0.36212284786533605
2018-11-18,-0.3621491979435092
2018-11-19,-0.36217554801994567
2018-11-20,-0.3622018980944227
2018-11-21,-0.3622282481673412
2018-11-22,-0.3622545982387011
2018-11-23,-0.36228094830787905
2018-11-24,-0.36230729837558745
2018-11-25,-0.36233364844142546
2018-11-26,-0.3623599985058386
2018-11-27,-0.3623863485682478
2018-11-28,-0.3624126986289648
2018-11-29,-0.36243904868803417
2018-11-30,-0.36246320290410894
2018-12-01,-0.36248735711889235
2018-12-02,-0.362511511332028
2018-12-03,-0.36253566554387234
2018-12-04,-0.36255981975420265
2018-12-05,-0.3625839739630634
2018-12-06,-0.3626081281704101
2018-12-07,-0.36263228237650996
2018-12-08,-0.3626564365811848
2018-12-09,-0.3626805907840784
2018-12-10,-0.3627047449856361
2018-12-11,-0.36272889918590234
2018-12-12,-0.3627530533844765
2018-12-13,-0.3627772075818037
2018-12-14,-0.36280136177748334
2018-12-15,-0.3628255159719606
2018-12-16,-0.36284967016479025
2018-12-17,-0.3628738243562394
2018-12-18,-0.36289797854595185
2018-12-19,-0.3629221327348182
2018-12-20,-0.3629462869216807
2018-12-21,-0.3629704411072072
2018-12-22,-0.36299459529166506
2018-12-23,-0.36301874947411894
2018-12-24,-0.363042903655326
2018-12-25,-0.36306705783497445
2018-12-26,-0.3630912120134651
2018-12-27,-0.3631153661902191
2018-12-28,-0.36313952036577074
2018-12-29,-0.3631636745395411
2018-12-30,-0.36314830370110024
2018-12-31,-0.36312414952528144
2019-01-01,-0.36309999534794857
2019-01-02,-0.3630758411693688
2019-01-03,-0.36305168698900786
2019-01-04,-0.3630275328076227
2019-01-05,-0.36300337862441173
2019-01-06,-0.3629792244399094
2019-01-07,-0.3629550702540266
2019-01-08,-0.3629309160664962
2019-01-09,-0.36290676187771886
2019-01-10,-0.3628826076872939
2019-01-11,-0.3628584534953549
2019-01-12,-0.36283429930208
2019-01-13,-0.3628101451073355
2019-01-14,-0.3627859909112106
2019-01-15,-0.36276183671370527
2019-01-16,-0.3627376825144186
2019-01-17,-0.3627135283140633
2019-01-18,-0.36268937411214935
2019-01-19,-0.3626652199085878
2019-01-20,-0.36264106570364574
2019-01-21,-0.3626169114972342
2019-01-22,-0.36259275728935314
2019-01-23,-0.3625686030800916
2019-01-24,-0.36254444886927145
2019-01-25,-0.3625202946572045
2019-01-26,-0.3624961404434008
2019-01-27,-0.3624719862285284
2019-01-28,-0.36244783201174113
2019-01-29,-0.36242367779397416
2019-01-30,-0.3623632922396932
2019-01-31,-0.36237427143302425
2019-02-01,-0.3623852506260436
2019-02-02,-0.36239622981857306
2019-02-03,-0.36240720901105805
2019-02-04,-0.3624181882034094
2019-02-05,-0.3624291673950928
2019-02-06,-0.362440146586509
2019-02-07,-0.3624511257774799
2019-02-08,-0.36246210496845077
2019-02-09,-0.36247308415933266
2019-02-10,-0.36248406334968014
2019-02-11,-0.36249504253944864
2019-02-12,-0.3625060217291727
2019-02-13,-0.3625170009185851
2019-02-14,-0.36252798010795284
2019-02-15,-0.3625389592966081
2019-02-16,-0.36254993848486267
2019-02-17,-0.36256091767320625
2019-02-18,-0.3625718968612826
2019-02-19,-0.3625828760486465
2019-02-20,-0.36259385523583226
2019-02-21,-0.36260483442297353
2019-02-22,-0.36261581360944684
2019-02-23,-0.36262679279574195
2019-02-24,-0.36263777198212616
2019-02-25,-0.3626487511676643
2019-02-26,-0.3626597303532024
2019-02-27,-0.362670709538607
2019-02-28,-0.36268278664199083
2019-03-01,-0.362746465904254
2019-03-02,-0.36281014515636406
2019-03-03,-0.3628738243982766
2019-03-04,-0.3629375036303032
2019-03-05,-0.36300118285213223
2019-03-06,-0.3630648620638973
2019-03-07,-0.3631285412651085
2019-03-08,-0.36319222045661204
2019-03-09,-0.36325589963796245
2019-03-10,-0.3633195788091599
2019-03-11,-0.3633832579701151
2019-03-12,-0.3634469371212736
2019-03-13,-0.3635106162621009
2019-03-14,-0.3635742953927307
2019-03-15,-0.3636379745132963
2019-03-16,-0.3637016536239762
2019-03-17,-0.3637653327242804
2019-03-18,-0.3638290118145651
2019-03-19,-0.3638926908946077
2019-03-20,-0.3639563699646308
2019-03-21,-0.3640200490243673
2019-03-22,-0.3640837280742625
2019-03-23,-0.36414740711391547
2019-03-24,-0.3642110861435491
2019-03-25,-0.36427476516285145
2019-03-26,-0.36433844417213446
2019-03-27,-0.36440212317117526
2019-03-28,-0.3644658021604193
2019-03-29,-0.36452948113937667
2019-03-30,-0.3645931601080029
2019-03-31,-0.3646656223715691
2019-04-01,-0.36474686792303934
2019-04-02,-0.3648281134581222
2019-04-03,-0.3649093589768622
2019-04-04,-0.3649906044788141
2019-04-05,-0.36507184996451214
2019-04-06,-0.3651530954336447
2019-04-07,-0.3652343408863899
2019-04-08,-0.36531558632270317
2019-04-09,-0.36539683174245097
2019-04-10,-0.3654780771455887
2019-04-11,-0.3655593225324727
2019-04-12,-0.36564056790270205
2019-04-13,-0.3657218132566777
2019-04-14,-0.36580305859422135
2019-04-15,-0.36588430391506593
2019-04-16,-0.36596554921947866
2019-04-17,-0.3660467945074149
2019-04-18,-0.3661280397788747
2019-04-19,-0.36620928503412525
2019-04-20,-0.3662905302725876
2019-04-21,-0.36637177549484073
2019-04-22,-0.36645302070017216
2019-04-23,-0.36653426588942783
2019-04-24,-0.36661551106211804
2019-04-25,-0.36669675621851
2019-04-26,-0.36677800135815825
2019-04-27,-0.3668592464814191
2019-04-28,-0.3669404915881145
2019-04-29,-0.3670217366785561
2019-04-30,-0.36709310059450856
2019-05-01,-0.36716446449843765
2019-05-02,-0.367164464498215
2019-05-03,-0.36716446449825957
2019-05-04,-0.36716446449825957
2019-05-05,-0.3671644644983041
2019-05-06,-0.36716446449825957
2019-05-07,-0.36716446449808143
2019-05-08,-0.3671644644980369
2019-05-09,-0.3671644644983486
2019-05-10,-0.3671644644983041
2019-05-11,-0.3671644644983486
2019-05-12,-0.3671644644983486
2019-05-13,-0.3671644644983486
2019-05-14,-0.36716446449825957
2019-05-15,-0.3671644644981705
2019-05-16,-0.3671644644983041
2019-05-17,-0.36716446449808143
2019-05-18,-0.367164464498215
2019-05-19,-0.36716446449825957
2019-05-20,-0.3671644644983932
2019-05-21,-0.36716446449825957
2019-05-22,-0.36716446449825957
2019-05-23,-0.36716446449799234
2019-05-24,-0.3671644644981705
2019-05-25,-0.36716446449843765
2019-05-26,-0.367164464498215
2019-05-27,-0.3671644644983932
2019-05-28,-0.3671644644981705
2019-05-29,-0.36716446449825957
2019-05-30,-0.36716336659230353
2019-05-31,-0.3671578770610985
2019-06-01,-0.36715238752993795
2019-06-02,-0.36714689799855477
2019-06-03,-0.36714140846730514
2019-06-04,-0.36713591893605557
2019-06-05,-0.3671304294045833
2019-06-06,-0.36712493987306655
2019-06-07,-0.3671194503415052
2019-06-08,-0.3671139608098994
2019-06-09,-0.36710847127802637
2019-06-10,-0.367102981746376
2019-06-11,-0.3670974922143694
2019-06-12,-0.3670920026826299
2019-06-13,-0.3670865131504452
2019-06-14,-0.3670810236180378
2019-06-15,-0.36707553408612026
2019-06-16,-0.367070044553891
2019-06-17,-0.36706455502143903
2019-06-18,-0.36705906548903167
2019-06-19,-0.3670535759565352
2019-06-20,-0.36704808642381603
2019-06-21,-0.36704259689136415
2019-06-22,-0.3670371073588231
2019-06-23,-0.3670316178259259
2019-06-24,-0.3670261282929396
2019-06-25,-0.3670206387599978
2019-06-26,-0.36701514922718964
2019-06-27,-0.3670096596940252
2019-06-28,-0.3670041701609499
2019-06-29,-0.3669986806276519
2019-06-30,-0.3669295125061553
2019-07-01,-0.3668603443729471
2019-07-02,-0.36679117622740387
2019-07-03,-0.3667220080703271
2019-07-04,-0.3666528399010934
2019-07-05,-0.3665836717199699
2019-07-06,-0.3665145035270458
2019-07-07,-0.3664453353220092
2019-07-08,-0.3663761671049938
2019-07-09,-0.3663069988764895
2019-07-10,-0.3662378306354719
2019-07-11,-0.3661686623828318
2019-07-12,-0.3660994941182574
2019-07-13,-0.36603032584161505
2019-07-14,-0.36596115755294945
2019-07-15,-0.36589198925257216
2019-07-16,-0.36582282094003793
2019-07-17,-0.36575365261570303
2019-07-18,-0.3656844842793893
2019-07-19,-0.36561531593123037
2019-07-20,-0.3655461475706918
2019-07-21,-0.365476979198976
2019-07-22,-0.36540781081483603
2019-07-23,-0.3653386424188063
2019-07-24,-0.3652694740107978
2019-07-25,-0.3652003055910777
2019-07-26,-0.36513113715902246
2019-07-27,-0.3650619687153892
2019-07-28,-0.3649928002598662
2019-07-29,-0.3649236317919636
2019-07-30,-0.36486434452526867
2019-07-31,-0.36486214870026457
2019-08-01,-0.3648599528752159
2019-08-02,-0.3648577570502563
2019-08-03,-0.3648555612252967
2019-08-04,-0.36485336540024804
2019-08-05,-0.3648511695750658
2019-08-06,-0.36484897375019526
2019-08-07,-0.3648467779249685
2019-08-08,-0.3648445821000089
2019-08-09,-0.3648423862748267
2019-08-10,-0.3648401904497335
2019-08-11,-0.3648379946246403
2019-08-12,-0.3648357987993245
2019-08-13,-0.3648336029744094
2019-08-14,-0.36483140714900447
2019-08-15,-0.36482921132391133
2019-08-16,-0.3648270154985955
2019-08-17,-0.3648248196735023
2019-08-18,-0.36482262384845365
2019-08-19,-0.36482042802295966
2019-08-20,-0.364818232197822
2019-08-21,-0.36481603637259524
2019-08-22,-0.3648138405473239
2019-08-23,-0.3648116447221862
2019-08-24,-0.3648094488967368
2019-08-25,-0.3648072530713318
2019-08-26,-0.36480505724610507
2019-08-27,-0.36480286142061114
2019-08-28,-0.3648006655959187
2019-08-29,-0.36479846977020214
2019-08-30,-0.36480066559556246
2019-08-31,-0.3647413783112333
2019-09-01,-0.3646820910183097
2019-09-02,-0.36462280371634626
2019-09-03,-0.3645635164058329
2019-09-04,-0.36450422908668056
2019-09-05,-0.36444494175822123
2019-09-06,-0.36438565442156823
2019-09-07,-0.36432636707583094
2019-09-08,-0.36426707972087574
2019-09-09,-0.3642077923580385
2019-09-10,-0.36414850498602797
2019-09-11,-0.36408921760537843
2019-09-12,-0.36402993021564456
2019-09-13,-0.36397064281753894
2019-09-14,-0.36391135541039343
2019-09-15,-0.3638520679945645
2019-09-16,-0.36379278056982933
2019-09-17,-0.3637334931366332
2019-09-18,-0.36367420569453107
2019-09-19,-0.3636149182433445
2019-09-20,-0.36355563078405334
2019-09-21,-0.3634963433150544
2019-09-22,-0.36343705583790636
2019-09-23,-0.3633777683522529
2019-09-24,-0.3633184808570698
2019-09-25,-0.36325919335360396
2019-09-26,-0.3631999058412765
2019-09-27,-0.3631406183203545
2019-09-28,-0.3630813307904373
2019-09-29,-0.3630769391214589
2019-09-30,-0.3635336726949914
2019-10-01,-0.3655911672661578
2019-10-02,-0.3676706094805448
2019-10-03,-0.3697939570911839
2019-10-04,-0.3718953354737959
2019-10-07,-0.37400768176756216
2019-10-08,-0.3760980591809988
2019-10-09,-0.3781884256897475
2019-10-10,-0.38027878129443154
2019-10-11,-0.38234716859221063
2019-10-14,-0.38440456656930244
2019-10-15,-0.3864839111593473
2019-10-16,-0.3885303093658137
2019-10-17,-0.3905766971216293
2019-10-18,-0.39261209600772223
2019-10-21,-0.39466944128162
2019-10-22,-0.3967157976855725
2019-10-23,-0.3987511653880848
2019-10-24,-0.4007975009468893
2019-10-25,-0.4028438260557111
2019-10-28,-0.4048901407137931
2019-10-29,-0.406903510840872
2019-10-30,-0.4089168708515494
2019-10-31,-0.4109082649126996
2019-11-01,-0.41296551624834704
2019-11-04,-0.4148800455484572
2019-11-05,-0.4168494544667627
2019-11-06,-0.4187968983066107
2019-11-07,-0.42072237738960344
2019-11-08,-0.42268077999903064
2019-11-11,-0.4245930676429101
2019-11-12,-0.4264614362058285
2019-11-13,-0.4282639314318567
2019-11-14,-0.43012130548899613
2019-11-15,-0.432033557622047
2019-11-18,-0.43394580062857413
2019-11-19,-0.43586901174098935
2019-11-20,-0.4374519210514398
2019-11-21,-0.4393751153342831
2019-11-22,-0.4412324378839728
2019-11-25,-0.443056820725314
2019-11-26,-0.444881195259634
2019-11-27,-0.4467055614866212
2019-11-28,-0.4485079656406764
2019-11-29,-0.45032133851995576
2019-12-02,-0.4522334942452494
2019-12-03,-0.4541236873817203
2019-12-04,-0.4560248482803006
2019-12-05,-0.45792600015700485
2019-12-06,-0.4598381195879927
2019-12-09,-0.4617502298929466
2019-12-10,-0.46369526048399784
2019-12-11,-0.4656402816321331
2019-12-12,-0.46758529333739707
2019-12-13,-0.4695193192894795
2019-12-16,-0.47145333590494143
2019-12-17,-0.47331050975087063
2019-12-18,-0.4752115796029942
2019-12-19,-0.4771126404339098
2019-12-20,-0.479013692244107
2019-12-23,-0.480969615021299
2019-12-24,-0.4830308969956929
2019-12-27,-0.48501533716309
2019-12-30,-0.48698879166908393
2019-12-31,-0.4888524786793141
2020-01-02,-0.49080396283069305
2020-01-03,-0.49273348612999984
2020-01-06,-0.4946849513756417
2020-01-07,-0.4966473826819108
2020-01-08,-0.49856590232335424
2020-01-09,-0.5005173391576879
2020-01-10,-0.5024577910794505
2020-01-13,-0.5043872582479291
2020-01-14,-0.5063276914241321
2020-01-15,-0.5082681152011933
2020-01-16,-0.5101865791899814
2020-01-17,-0.5121160091330126
2020-01-20,-0.5140564048721129
2020-01-21,-0.5159638661047443
2020-01-22,-0.5178822932376472
2020-01-23,-0.5198116861144736
2020-01-24,-0.5217410696983641
2020-01-27,-0.5236814188146117
2020-01-28,-0.525599808988006
2020-01-29,-0.527562088852219
2020-01-30,-0.5295133844378477
2020-01-31,-0.5314646705187069
2020-02-03,-0.5333939979759551
2020-02-04,-0.5353123416351521
2020-02-05,-0.5372306761065953
2020-02-06,-0.5391380269900843
2020-02-07,-0.5406063965338633
2020-02-10,-0.5404747041548568
2020-02-11,-0.5403649604634543
2020-02-12,-0.5402113192368883
2020-02-13,-0.5400686523363788
2020-02-14,-0.5398930622378505
2020-02-17,-0.5397723439988057
2020-02-18,-0.5395967537798212
2020-02-19,-0.5394431122713743
2020-02-20,-0.539311419506062
2020-02-21,-0.5392016755021416
2020-02-24,-0.5390809570578091
2020-02-25,-0.5389821874001623
2020-02-26,-0.5388834177181125
2020-02-27,-0.5387846480144208
2020-02-28,-0.5386858782806261
2020-03-02,-0.5386200317774025
2020-03-03,-0.5385651596838199
2020-03-04,-0.5384883387400061
2020-03-05,-0.5384005433590756
2020-03-06,-0.5383237223833331
2020-03-09,-0.5382578758255591
2020-03-10,-0.538213978113474
2020-03-11,-0.5382139781136076
2020-03-12,-0.5381152082392289
2020-03-13,-0.5381700803859814
2020-03-16,-0.5381152082392734
2020-03-17,-0.5380274127979144
2020-03-18,-0.537939617342172
2020-03-19,-0.5377859752481882
2020-03-20,-0.5375994097720944
2020-03-23,-0.5374677164474292
2020-03-24,-0.5374238186656087
2020-03-25,-0.5373250486314974
2020-03-26,-0.5371933552028079
2020-03-27,-0.5370726361863422
2020-03-30,-0.5369189937516967
2020-03-31,-0.5370397127512406
2020-04-01,-0.5368750958433639
2020-04-02,-0.5368531469169848
2020-04-03,-0.5369189936944745
2020-04-06,-0.5369189936946971
2020-04-07,-0.5369189936944745
2020-04-08,-0.536962891536857
2020-04-09,-0.5370067893752317
2020-04-14,-0.536929968147177
2020-04-15,-0.5368860702964672
2020-04-16,-0.5368202235115854
2020-04-17,-0.5367982745797736
2020-04-20,-0.5367982745799517
2020-04-21,-0.5367982745798626
2020-04-22,-0.5367434022415382
2020-04-23,-0.5366885298948862
2020-04-24,-0.5366336575409314
2020-04-27,-0.5365897596530828
2020-04-28,-0.5365678107068874
2020-04-29,-0.5366446320084627
2020-04-30,-0.5365458617717357
2020-05-04,-0.5365787851920976
2020-05-05,-0.5365678107192225
2020-05-06,-0.5365348872964115
2020-05-07,-0.5364470914845108
2020-05-08,-0.5364361170077616
2020-05-11,-0.5364690404382318
2020-05-12,-0.536600734112376
2020-05-13,-0.5366336575273495
2020-05-14,-0.5366775554081176
2020-05-15,-0.5367214532862139
2020-05-18,-0.5367434022235922
2020-05-19,-0.5368092490245051
2020-05-20,-0.5368750958201632
2020-05-21,-0.5369519170673663
2020-05-22,-0.536973865990272
2020-05-25,-0.5369958149126879
2020-05-26,-0.537028738293996
2020-05-27,-0.5370836105890809
2020-05-28,-0.5371275084203753
2020-05-29,-0.5371494573344638
2020-06-01,-0.5372701763443389
2020-06-02,-0.5373360230584165
2020-06-03,-0.5374018697640778
2020-06-04,-0.5374896653572426
2020-06-05,-0.5375555120388127
2020-06-08,-0.5376762309295676
2020-06-09,-0.5376981798145329
2020-06-10,-0.5377969497886165
2020-06-11,-0.5378847452999336
2020-06-12,-0.537983515222673
2020-06-15,-0.5381042339846445
2020-06-16,-0.5382139782800642
2020-06-17,-0.5383127481164136
2020-06-18,-0.53838956908561
2020-06-19,-0.5384883388841082
2020-06-22,-0.538532236566313
2020-06-23,-0.5385651598243595
2020-06-24,-0.538631006333016
2020-06-25,-0.5387297760748707
2020-06-26,-0.5387956225581891
2020-06-29,-0.5388943922538207
2020-06-30,-0.5390809571987496
2020-07-01,-0.5391907012327729
2020-07-02,-0.5392894708393872
2020-07-03,-0.5393882404239587
2020-07-06,-0.5395089587722379
2020-07-07,-0.5396296770840018
2020-07-08,-0.5397503953558659
2020-07-09,-0.5398491648269726
2020-07-10,-0.5399259855121064
2020-07-13,-0.5400357293267702
2020-07-14,-0.5401454731080806
2020-07-15,-0.5402661912313005
2020-07-16,-0.5402661912313005
2020-07-17,-0.5403978836861879
2020-07-20,-0.5405076273685505
2020-07-21,-0.5405734735636202
2020-07-22,-0.5406832171944604
2020-07-23,-0.5407819864384595
2020-07-24,-0.5409466017813415
2020-07-27,-0.5411770631354695
2020-07-28,-0.5414184986872269
2020-07-29,-0.5417148057526406
2020-07-30,-0.5420220869097447
2020-07-31,-0.542296444882679
2020-08-03,-0.5425708026826997
2020-08-04,-0.542834185990519
2020-08-05,-0.5430865948413609
2020-08-06,-0.5433390035405748
2020-08-07,-0.543613360634068
2020-08-10,-0.543964537415202
2020-08-11,-0.544238894072871
2020-08-12,-0.5444364307690338
2020-08-13,-0.5445790961097586
2020-08-14,-0.5447546841299842
2020-08-17,-0.5449741690591351
2020-08-18,-0.5451826796388952
2020-08-19,-0.5453692416449165
2020-08-20,-0.5455777520131102
2020-08-21,-0.5457862622788828
2020-08-24,-0.5459837982119192
2020-08-25,-0.5461484114259558
2020-08-26,-0.5462910761648897
2020-08-27,-0.546411792439542
2020-08-28,-0.5465544570767227
2020-08-31,-0.5467519926576976
2020-09-01,-0.5469166055607302
2020-09-02,-0.547092192585378
2020-09-03,-0.5472019344333336
2020-09-04,-0.5473007020753773
2020-09-07,-0.5475201855974401
2020-09-08,-0.5476299273340239
2020-09-09,-0.5477945398766233
2020-09-10,-0.5479262298672585
2020-09-11,-0.5480579198108244
2020-09-14,-0.548211558027768
2020-09-15,-0.5482883771132618
2020-09-16,-0.5484310410976192
2020-09-17,-0.5485517567308035
2020-09-18,-0.5486724723236872
2020-09-21,-0.548771239602982
2020-09-22,-0.5488809809940505
2020-09-23,-0.5489797482189729
2020-09-24,-0.5490675412934687
2020-09-25,-0.5491663084805843
2020-09-28,-0.5493418945191394
2020-09-29,-0.549517480485198
2020-09-30,-0.549835729917942
2020-10-01,-0.5500222897821596
2020-10-02,-0.5501759272456845
2020-10-05,-0.5503405387461713
2020-10-06,-0.5504502797193614
2020-10-07,-0.5505929429297269
2020-10-08,-0.5507026838250771
2020-10-09,-0.5507904765219062
2020-10-12,-0.5509221655346422
2020-10-13,-0.5510099581883654
2020-10-14,-0.551163595277207
2020-10-15,-0.5512513878802094
2020-10-16,-0.5513172323161741
2020-10-19,-0.5513940508101637
2020-10-20,-0.5514598952227941
2020-10-21,-0.5515257396226887
2020-10-22,-0.5516354802655041
2020-10-23,-0.5517342468166291
2020-10-26,-0.5518000911715474
2020-10-27,-0.551898857684554
2020-10-28,-0.5520195722792771
2020-10-29,-0.5520854165871708
2020-10-30,-0.5521951570849934
2020-11-02,-0.5522829494595969
2020-11-03,-0.5523707418104206
2020-11-04,-0.5524036639433488
2020-11-05,-0.5524914562745791
2020-11-06,-0.5526011966646814
2020-11-09,-0.5526999629913261
2020-11-10,-0.5527767812284168
2020-11-11,-0.5528645734826529
2020-11-12,-0.5528535994536177
2020-11-13,-0.552930417659136
2020-11-16,-0.5530291839046453
2020-11-17,-0.5530840540318314
2020-11-18,-0.5531498981739363
2020-11-19,-0.5532157423052204
2020-11-20,-0.5533913265776345
2020-11-23,-0.5534571706693749
2020-11-24,-0.5535120407365779
2020-11-25,-0.553566910793227
2020-11-26,-0.5536327548541077
2020-11-27,-0.5537095729124066
2020-11-30,-0.5538083389710642
2020-12-01,-0.5538632089914651
2020-12-02,-0.5539180790031825
2020-12-03,-0.5539510010074163
2020-12-04,-0.5539839230082214
2020-12-07,-0.554038793001592
2020-12-08,-0.5541156109862815
2020-12-09,-0.554170480963131
2020-12-10,-0.5542143769401131
2020-12-11,-0.5542582729130875
2020-12-14,-0.5543131428736389
2020-12-15,-0.5542802209010219
2020-12-16,-0.5543350908569866
2020-12-17,-0.5543789868156219
2020-12-18,-0.5544448307466504
2020-12-21,-0.5545326226330167
2020-12-22,-0.5545874925554941
2020-12-23,-0.5546423624725387
2020-12-24,-0.5546643104357585
2020-12-28,-0.554664310435803
2020-12-29,-0.5546972323795639
2020-12-30,-0.5547301543190943
2020-12-31,-0.5550593736940037
2021-01-04,-0.5551910613392841
2021-01-05,-0.5553117749679534
2021-01-06,-0.5554654104486498
2021-01-07,-0.5555532021305747
2021-01-08,-0.5556409937860035
2021-01-11,-0.5557397593791348
2021-01-12,-0.5558714467901826
2021-01-13,-0.5559811862661986
2021-01-14,-0.5561238475417846
2021-01-15,-0.5562665087747098
2021-01-18,-0.5563872220855173
2021-01-19,-0.5564969614264266
2021-01-20,-0.5566176746646487
2021-01-21,-0.5566944921609229
2021-01-22,-0.5568042314084953
2021-01-25,-0.5568920227944232
2021-01-26,-0.5569468923939178
2021-01-27,-0.557067605493426
2021-01-28,-0.5571663707267029
2021-01-29,-0.5572980576719573
2021-02-01,-0.5574626662956128
2021-02-02,-0.5575833792426026
2021-02-03,-0.5576272748479741
2021-02-04,-0.5577260399513544
2021-02-05,-0.5578248050332261
2021-02-08,-0.5577479877368066
2021-02-09,-0.557813831124647
2021-02-10,-0.5579125961821603
2021-02-11,-0.5580223351080413
2021-02-12,-0.5581101262266945
2021-02-15,-0.5581979173241509
2021-02-16,-0.5583186300497776
2021-02-17,-0.5584283688585423
2021-02-18,-0.5584942121308694
2021-02-19,-0.5585820031438506
2021-02-22,-0.5586697941404
2021-02-23,-0.558768558989375
2021-02-24,-0.5588892715431568
2021-02-25,-0.5590099840603787
2021-02-26,-0.5591526442652186
2021-03-01,-0.5592733566999247
2021-03-02,-0.5593940691049732
2021-03-03,-0.5595257553215235
2021-03-04,-0.559668415338621
2021-03-05,-0.5597562060920315
2021-03-08,-0.559789127618315
2021-03-09,-0.5598769183404202
2021-03-10,-0.5599317875372217
2021-03-11,-0.5599976305605764
2021-03-12,-0.5600963950742781
2021-03-15,-0.5601622380762579
2021-03-16,-0.5602280810634535
2021-03-17,-0.5602610025538896
2021-03-18,-0.5603487931869775
2021-03-19,-0.5604365837983344
2021-03-22,-0.5605243743931257
2021-03-23,-0.5606889816766676
2021-03-24,-0.5607767722111641
2021-03-25,-0.5608426151009706
2021-03-26,-0.5609633270428974
2021-03-29,-0.5611059865677055
2021-03-30,-0.5612486460417928
2021-03-31,-0.5614352006720238
2021-04-01,-0.5615339648420359
2021-04-06,-0.5616546765721292
2021-04-07,-0.5617973358391032
2021-04-08,-0.5619509688490459
2021-04-09,-0.5620716804569463
2021-04-12,-0.5621484969179658
2021-04-13,-0.5622143395807979
2021-04-14,-0.5622582346807435
2021-04-15,-0.5623679724188068
2021-04-16,-0.5624777101240508
2021-04-19,-0.5626093953338459
2021-04-20,-0.5626971854545165
2021-04-21,-0.5627959493108528
2021-04-22,-0.5628947131426524
2021-04-23,-0.5629825031959922
2021-04-26,-0.5630812669872243
2021-04-27,-0.5631800307352166
2021-04-28,-0.5632787944748818
2021-04-29,-0.563388531933469
2021-04-30,-0.5635092431111562
2021-05-03,-0.5636189805098493
2021-05-04,-0.5636848229327935
2021-05-05,-0.5637616390820073
2021-05-06,-0.5638713764051759
2021-05-07,-0.5639811136922299
2021-05-10,-0.5640908509616498
2021-05-11,-0.5641896144714017
2021-05-12,-0.5639811136197336
2021-05-13,-0.5639591661604704
2021-05-14,-0.5639701398898125
2021-05-17,-0.563959166159936
2021-05-18,-0.5638823500504437
2021-05-19,-0.563904297512557
2021-05-20,-0.563893323781389
2021-05-21,-0.5639042975128687
2021-05-24,-0.5639481924349132
2021-05-25,-0.563959166164968
2021-05-26,-0.5639481924346906
2021-05-27,-0.5639372187043242
2021-05-28,-0.5639591661646116
2021-05-31,-0.5640359822722336
2021-06-01,-0.5640579297257524
2021-06-02,-0.5640798771779353
2021-06-03,-0.5640689034518438
2021-06-04,-0.5641237720757104
2021-06-07,-0.564134745800555
2021-06-08,-0.5641566932484184
2021-06-09,-0.5641566932483738
2021-06-10,-0.5641018246241956
2021-06-11,-0.5641237720755323
2021-06-14,-0.5642005881389796
2021-06-15,-0.5641676669698786
2021-06-16,-0.5641347457971261
2021-06-17,-0.5641347457973488
2021-06-18,-0.5641237720725043
2021-06-21,-0.5641237720725933
2021-06-22,-0.5641127983470807
2021-06-23,-0.5641018246217463
2021-06-24,-0.5641237720726379
2021-06-25,-0.5641347457975714
2021-06-28,-0.5641676669712591
2021-06-29,-0.564233509310975
2021-06-30,-0.5644310363033598
2021-07-01,-0.5644420100199216
2021-07-02,-0.5644420100200996
2021-07-05,-0.5644639574529561
2021-07-06,-0.5644749311689391
2021-07-07,-0.564463957452778
2021-07-08,-0.5644968785990346
2021-07-09,-0.5645078523144386
2021-07-12,-0.5645407734589585
2021-07-13,-0.5645517471732047
2021-07-14,-0.5645956420239552
2021-07-15,-0.5646834317071541
2021-07-16,-0.5647602476668887
2021-07-19,-0.5648041424954628
2021-07-20,-0.564869984728839
2021-07-21,-0.5649358269533533
2021-07-22,-0.5649248532505516
2021-07-23,-0.5649797217629128
2021-07-26,-0.5650455639679227
2021-07-27,-0.5650126428662862
2021-07-28,-0.5650345902684608
2021-07-29,-0.565045563969036
2021-07-30,-0.565133353565266
2021-08-02,-0.5651443272630357
2021-08-03,-0.5652101694457355
2021-08-04,-0.5652321168387369
2021-08-05,-0.5651882220529124
2021-08-06,-0.5651772483551871
2021-08-09,-0.5651114061595733
2021-08-10,-0.5651223798581001
2021-08-11,-0.5651223798582337
2021-08-12,-0.5651333535568496
2021-08-13,-0.5651223798575212
2021-08-16,-0.5651333535569386
2021-08-17,-0.5651443272550646
2021-08-18,-0.5651882220424032
2021-08-19,-0.5652650379054167
2021-08-20,-0.5652760116000247
2021-08-23,-0.5653089326816224
2021-08-24,-0.565308932681756
2021-08-25,-0.565276011601049
2021-08-26,-0.5653308800700816
2021-08-27,-0.5653857485315439
2021-08-30,-0.5654186696041463
2021-08-31,-0.5654515906755909
2021-09-01,-0.5655503538633844
2021-09-02,-0.5655832749232955
2021-09-03,-0.5656052222949219
2021-09-06,-0.565605222295011
2021-09-07,-0.5656271696657023
2021-09-08,-0.5656820380853056
2021-09-09,-0.5657259328174258
2021-09-10,-0.5657808012252727
2021-09-13,-0.5658685906604344
2021-09-14,-0.565879564338566
2021-09-15,-0.5659783274315531
2021-09-16,-0.56601124845437
2021-09-17,-0.5660880641683386
2021-09-20,-0.566110011511109
2021-09-21,-0.5661758535369263
2021-09-22,-0.5662636428735855
2021-09-23,-0.5663294848725063
2021-09-24,-0.5663953268586912
2021-09-27,-0.5664721424989612
2021-09-28,-0.566548958128499
2021-09-29,-0.5666257737412488
2021-09-30,-0.5667903785942038
2021-10-01,-0.5668671941585038
2021-10-04,-0.5669001151102494
2021-10-05,-0.5668781678078686
2021-10-06,-0.5669330360560723
2021-10-07,-0.5669879042952808
2021-10-08,-0.5670427725270971
2021-10-11,-0.5671195880408547
2021-10-12,-0.5670976407549948
2021-10-13,-0.5671634826147118
2021-10-14,-0.5672293244658345
2021-10-15,-0.5673500344962715
2021-10-18,-0.5674378235948684
2021-10-19,-0.5675256126717787
2021-10-20,-0.5676353489816907
2021-10-21,-0.5677560588932302
2021-10-22,-0.5678219006445591
2021-10-25,-0.5679096896327637
2021-10-26,-0.5679755313608474
2021-10-27,-0.5680742939373203
2021-10-28,-0.5681840301029967
2021-10-29,-0.5683266870871374
2021-11-01,-0.5684803176304232
2021-11-02,-0.5685132384498228
2021-11-03,-0.5685790800862619
2021-11-04,-0.568491291220918
2021-11-05,-0.568568106461033
2021-11-08,-0.5686778424975696
2021-11-09,-0.5687766049060273
2021-11-10,-0.5688973144834958
2021-11-11,-0.5690070504294565
2021-11-12,-0.5690728919811088
2021-11-15,-0.5691058127515244
2021-11-16,-0.5691387335208267
2021-11-17,-0.5691936014623904
2021-11-18,-0.569248469396473
2021-11-19,-0.5693252844936882
2021-11-22,-0.5693911259947089
2021-11-23,-0.569478914645948
2021-11-24,-0.5695118353839006
2021-11-25,-0.5695667032772374
2021-11-26,-0.5696764390340753
2021-11-29,-0.5697422804774283
2021-11-30,-0.5698300690541672
2021-12-01,-0.569950778307228
2021-12-02,-0.5700385668381446
2021-12-03,-0.5701592760415534
2021-12-06,-0.570236090974583
2021-12-07,-0.5703677736699841
2021-12-08,-0.5704445885610212
2021-12-09,-0.5705323769909417
2021-12-10,-0.5706530860423219
2021-12-13,-0.5707628215194611
2021-12-14,-0.5708615834192421
2021-12-15,-0.5709713188338154
2021-12-16,-0.5710810542178404
2021-12-17,-0.5711688425030799
2021-12-20,-0.5712456572381253
2021-12-21,-0.5712676043015531
2021-12-22,-0.5713334454848901
2021-12-23,-0.5714322072411033
2021-12-24,-0.5715748630765689
2021-12-27,-0.5716736247734671
2021-12-28,-0.5717504394092974
2021-12-29,-0.5718711480969936
2021-12-30,-0.5720467243026752
2021-12-31,-0.5722661944995716
2022-01-03,-0.572353982530228
2022-01-04,-0.572463717538501
2022-01-05,-0.5725515055260513
2022-01-06,-0.5726502669872473
2022-01-07,-0.5727709754105633
2022-01-10,-0.5728916837936233
2022-01-11,-0.5730014186575272
2022-01-12,-0.5731001800078411
2022-01-13,-0.5731989413341975
2022-01-14,-0.5732867291602786
2022-01-17,-0.5733745169675233
2022-01-18,-0.5734623047573563
2022-01-19,-0.573572039462062
2022-01-20,-0.5736378802759259
2022-01-21,-0.5737695618599687
2022-01-24,-0.5738573495633672
2022-01-25,-0.5739890310717966
2022-01-26,-0.5740438983567073
2022-01-27,-0.5741207125339582
2022-01-28,-0.5741536328930417
2022-01-31,-0.5742633674113855
2022-02-01,-0.5743401815572867
2022-02-02,-0.5743950487965979
2022-02-03,-0.5744499160273591
2022-02-04,-0.5744279691333267
2022-02-07,-0.5745047832476554
2022-02-08,-0.5745596504585558
2022-02-09,-0.5746584114246125
2022-02-10,-0.5746913317386751
2022-02-11,-0.5748010661062819
2022-02-14,-0.5749108004444091
2022-02-15,-0.5749766410325456
2022-02-16,-0.5751302690127651
2022-02-17,-0.5752070829884245
2022-02-18,-0.5752729235279334
2022-02-21,-0.575316817216115
2022-02-22,-0.5753277906373477
2022-02-23,-0.5753607108998882
2022-02-24,-0.5754155779969675
2022-02-25,-0.5754375248337775
2022-02-28,-0.5755582324168841
2022-03-01,-0.5756240729002394
2022-03-02,-0.5757118601950667
2022-03-03,-0.5757777006570917
2022-03-04,-0.5758215942909902
2022-03-07,-0.5758325677000214
2022-03-08,-0.5758325676999769
2022-03-09,-0.5759532751640969
2022-03-10,-0.5759752219720954
2022-03-11,-0.5760191155844855
2022-03-14,-0.576073982592503
2022-03-15,-0.576052035790249
2022-03-16,-0.576073982593928
2022-03-17,-0.5760959293963601
2022-03-18,-0.576128849597626
2022-03-21,-0.5761946899892922
2022-03-22,-0.5762934505522994
2022-03-23,-0.576370264308644
2022-03-24,-0.5764580514422692
2022-03-25,-0.57656778533531
2022-03-28,-0.5766445990433385
2022-03-29,-0.5767104393518209
2022-03-30,-0.5767653062684165
2022-03-31,-0.5770176940213082
2022-04-01,-0.5771164543922536
2022-04-04,-0.5772481348544735
2022-04-05,-0.5773907886418728
2022-04-06,-0.5774895489258492
2022-04-07,-0.5775773358212787
2022-04-08,-0.5776651226998308
2022-04-11,-0.5777309628499168
2022-04-12,-0.5777858296324742
2022-04-13,-0.5778736164701025
2022-04-14,-0.5779723766408814
2022-04-19,-0.5779943233408034
2022-04-20,-0.5780601634344685
2022-04-21,-0.578126003521276
2022-04-22,-0.5781918435936554
2022-04-25,-0.5782796303424445
2022-04-26,-0.5783344970482307
2022-04-27,-0.5784113104237913
2022-04-28,-0.5784881237846123
2022-04-29,-0.5786527237897527
2022-05-02,-0.5787514837602761
2022-05-03,-0.5787844037440975
2022-05-04,-0.5788392703855364
2022-05-05,-0.5789380303153139
2022-05-06,-0.579047763540836
2022-05-09,-0.5791355501040647
2022-05-10,-0.5791794433786878
2022-05-11,-0.5791136034561103
2022-05-12,-0.579102630137655
2022-05-13,-0.5791904166889938
2022-05-16,-0.5792672299048222
2022-05-17,-0.5793440431055545
2022-05-18,-0.5793989096699994
2022-05-19,-0.5794647495368687
2022-05-20,-0.5795305893927387
2022-05-23,-0.5796183758505628
2022-05-24,-0.5797171355935331
2022-05-25,-0.5798158953125903
2022-05-26,-0.5799475749051657
2022-05-27,-0.5800134146816817
2022-05-30,-0.5801012010332994
2022-05-31,-0.5802109339521371
2022-06-01,-0.5802438538187975
2022-06-02,-0.5803096935465522
2022-06-03,-0.5804084531191916
2022-06-06,-0.5805620790749016
2022-06-07,-0.5806718118496818
2022-06-08,-0.5807705713195884
2022-06-09,-0.580803491140293
2022-06-10,-0.5808364109571679
2022-06-13,-0.5808583574999402
2022-06-14,-0.580869330770614
2022-06-15,-0.5808912773114269
2022-06-16,-0.5809351703914053
2022-06-17,-0.5810229565313675
2022-06-20,-0.5810558763303856
2022-06-21,-0.5811656089666299
2022-06-22,-0.5811765822290209
2022-06-23,-0.5811765822290654
2022-06-24,-0.581220475274933
2022-06-27,-0.5812533950560497
2022-06-28,-0.5813082613531756
2022-06-29,-0.5813302078689176
2022-06-30,-0.581494806728411
2022-07-01,-0.5815496729908028
2022-07-04,-0.5815935659959246
2022-07-05,-0.5816374589961927
2022-07-06,-0.5816923252393025
2022-07-07,-0.5816813519908497
2022-07-08,-0.5817032984865084
2022-07-11,-0.5817252449819889
2022-07-12,-0.5817362182294619
2022-07-13,-0.581780111215391
2022-07-14,-0.5818130309529118
2022-07-15,-0.5818459506881616
2022-07-18,-0.5818678971767397
2022-07-19,-0.5819447098745844
2022-07-20,-0.5819995760785515
2022-07-21,-0.5820763887531509
2022-07-22,-0.5821751478769632
2022-07-25,-0.5822409872835608
2022-07-26,-0.5822739069823842
2022-07-27,-0.5768641035832401
2022-07-28,-0.5714761738740104
2022-07-29,-0.5661320657960054
2022-08-01,-0.560754965390933
2022-08-02,-0.5553558450078991
2022-08-03,-0.5499347036096452
2022-08-04,-0.5444915407501941
2022-08-05,-0.539070252606249
2022-08-08,-0.5336488910883003
2022-08-09,-0.5280738101530503
2022-08-10,-0.522630349921881
2022-08-11,-0.5171429157977945
2022-08-12,-0.5116773563901046
2022-08-15,-0.5062336730449366
2022-08-16,-0.5008008913395128
2022-08-17,-0.49535706034071253
2022-08-18,-0.48986925275420634
2022-08-19,-0.48439234590702906
2022-08-22,-0.47887146021883653
2022-08-23,-0.47331757009352543
2022-08-24,-0.46785141362866145
2022-08-25,-0.4623303002915301
2022-08-26,-0.45678715752470456
2022-08-29,-0.45127686838216335
2022-08-30,-0.4457774799744534
2022-08-31,-0.4403877862621066
2022-09-01,-0.43491020293133126
2022-09-02,-0.4294215674430395
2022-09-05,-0.42394383373805955
2022-09-06,-0.41847700316581204
2022-09-07,-0.4129552100029478
2022-09-08,-0.4074772513291227
2022-09-09,-0.40198823974013215
2022-09-12,-0.39651013113162276
2022-09-13,-0.3909880341836076
2022-09-14,-0.37730885477771736
2022-09-15,-0.363651166097046
2022-09-16,-0.35006986909491067
2022-09-19,-0.3364222308830982
2022-09-20,-0.32276314830035735
2022-09-21,-0.30908163949009626
2022-09-22,-0.2953996636272187
2022-09-23,-0.28170623960124846
2022-09-26,-0.26800136627152593
2022-09-27,-0.2542960239646941
2022-09-28,-0.24057923044426768
2022-09-29,-0.22687295013539108
2022-09-30,-0.2133419276153862
2022-10-03,-0.19971160014486222
2022-10-04,-0.1860588414309883
2022-10-05,-0.17242758482657486
2022-10-06,-0.1588398052150763
2022-10-07,-0.14520762464258313
2022-10-10,-0.13156399461252785
2022-10-11,-0.1178649712755379
2022-10-12,-0.1042313982836769
2022-10-13,-0.09060834844667562
2022-10-14,-0.07699582249577634
2022-10-17,-0.06338283483040515
2022-10-18,-0.04979136033321492
2022-10-19,-0.03623238941532162
2022-10-20,-0.022650982956488003
2022-10-21,-0.009036150142103386
2022-10-24,0.004590133776685986
2022-10-25,0.018183912314902566
2022-10-26,0.03178914161583812
2022-10-27,0.045372851153117635
2022-10-28,0.05893503945445973
2022-10-31,0.07243174221770589
2022-11-01,0.08603881039721101
2022-11-02,0.10784603206223256
2022-11-03,0.1296214608914213
2022-11-04,0.15151899947744957
2022-11-07,0.17328580650585337
2022-11-08,0.19505379432798126
2022-11-09,0.21682296300760154
2022-11-10,0.2386153028607609
2022-11-11,0.26041982121274754
2022-11-14,0.28219253523538085
2022-11-15,0.30396643096854087
2022-11-16,0.3257525053930799
2022-11-17,0.3475617590717394
2022-11-18,0.36939419565418485
2022-11-21,0.3912278195806751
2022-11-22,0.4130736308220467
2022-11-23,0.43494263233956576
2022-11-24,0.4568018232855734
2022-11-25,0.47866220542772886
2022-11-28,0.5005017718324697
2022-11-29,0.522342526568595
2022-11-30,0.5440414224448038
2022-12-01,0.5603822761054849
2022-12-02,0.5767458042698388
2022-12-05,0.5931320105545779
2022-12-06,0.6095739103996994
2022-12-07,0.6259284368853676
2022-12-08,0.64229463538832
2022-12-09,0.6586284794024871
2022-12-12,0.6749739950405523
2022-12-13,0.6913201756963935
2022-12-14,0.7076890373512769
2022-12-15,0.7240805831696591
2022-12-16,0.7404507794772386
2022-12-19,0.7568656813443653
2022-12-20,0.7732812537518149
2022-12-21,0.7951805873387578
2022-12-22,0.8171031359384202
2022-12-23,0.8390268785696032
2022-12-27,0.8609408050750217
2022-12-28,0.8828338998954334
2022-12-29,0.9046951462751385
2022-12-30,0.9264144030638027
2023-01-02,0.9482890339284493
2023-01-03,0.9701428249836892
2023-01-04,0.9920088201435717
2023-01-05,1.0138649900393208
2023-01-06,1.0357774362250691
2023-01-09,1.0576359852209427
2023-01-10,1.0794847037547664
2023-01-11,1.1013786861475547
2023-01-12,1.123251820794279
2023-01-13,1.145037981125382
2023-01-16,1.1669465519475726
2023-01-17,1.188834273423525
2023-01-18,1.2107452296506176
2023-01-19,1.2326353330616218
2023-01-20,1.2463143572030997
2023-01-23,1.2600048701309163
2023-01-24,1.2737178955677226
2023-01-25,1.2874644606198087
2023-01-26,1.301189446382506
2023-01-27,1.314914899539194
2023-01-30,1.3286187711833315
2023-01-31,1.3422018318003186
2023-02-01,1.355851504010735
2023-02-02,1.3695236914695057
2023-02-03,1.3831522380706027
2023-02-06,1.3968253533640287
2023-02-07,1.4107194820024342
2023-02-08,1.4299624043191712
2023-02-09,1.4491952180719172
2023-02-10,1.4684840959929444
2023-02-13,1.4877297804110166
2023-02-14,1.5069653548139241
2023-02-15,1.5262680294177147
2023-02-16,1.545494414022386
2023-02-17,1.5646886227450376
2023-02-20,1.5839058098242889
2023-02-21,1.6031128823660825
2023-02-22,1.6223208705166554
2023-02-23,1.6415408086309506
2023-02-24,1.6607616645467287
2023-02-27,1.6799834377804714
2023-02-28,1.699084744619006
2023-03-01,1.7182862750503742
2023-03-02,1.7375218295451984
2023-03-03,1.7567693390034993
2023-03-06,1.7759956936930978
2023-03-07,1.7952229664910855
2023-03-08,1.8145505031209401
2023-03-09,1.833779614373474
2023-03-10,1.844818441585446
2023-03-13,1.8558354929602898
2023-03-14,1.866874925024663
2023-03-15,1.8779146598295813
2023-03-16,1.8889436570447622
2023-03-17,1.9000060771284115
2023-03-20,1.9110025564293462
2023-03-21,1.921988294242307
2023-03-22,1.9385170371093223
2023-03-23,1.9550685417034424
2023-03-24,1.9716096834122125
2023-03-27,1.9881294183014646
2023-03-28,2.004594614516234
2023-03-29,2.0210604832965036
2023-03-30,2.037538068178247
2023-03-31,2.0538727488160706
2023-04-03,2.070362719307918
2023-04-04,2.0868754558022844
2023-04-05,2.103433051657547
2023-04-06,2.120013420367391
2023-04-11,2.136649709249431
2023-04-12,2.153198303416122
2023-04-13,2.1697586243077622
2023-04-14,2.186308578154953
2023-04-17,2.20278186818703
2023-04-18,2.2193773725903077
2023-04-19,2.2359735594282957
2023-04-20,2.252592528879105
2023-04-21,2.2691900824916367
2023-04-24,2.2858214713484033
2023-04-25,2.3023872377577295
2023-04-26,2.318931580686738
2023-04-27,2.3354876547073076
2023-04-28,2.351967039722422
2023-05-02,2.3684692039301147
2023-05-03,2.3794562085546906
2023-05-04,2.390432458144986
2023-05-05,2.4013868975816437
2023-05-08,2.4122863635974077
2023-05-09,2.42320823308018
2023-05-10,2.436916213953598
2023-05-11,2.450790494182117
2023-05-12,2.4645215228288087
2023-05-15,2.4782419634794746
2023-05-16,2.491984983263003
2023-05-17,2.5058169262174084
2023-05-18,2.5196935723338156
2023-05-19,2.5335264649210303
2023-05-22,2.5473487737447056
2023-05-23,2.5612489634908515
2023-05-24,2.575050104452753
2023-05-25,2.588840657912655
2023-05-26,2.6026648602025086
2023-05-29,2.61644529731388
2023-05-30,2.6302262044458535
2023-05-31,2.6439522791381864
2023-06-01,2.6577120031064925
2023-06-02,2.6714943188860607
2023-06-05,2.6852549811217266
2023-06-06,2.6989829263191143
2023-06-07,2.71270027586276
2023-06-08,2.726418090645367
2023-06-09,2.7401695615746235
2023-06-12,2.754032139652495
2023-06-13,2.767817743717203
2023-06-14,2.7816259465095374
2023-06-15,2.795445687562245
2023-06-16,2.809199510220605
2023-06-19,2.8229427354634016
2023-06-20,2.83116449407978
2023-06-21,2.8421639482036887
2023-06-22,2.8531858341552816
2023-06-23,2.86425228696266
2023-06-26,2.8753190429392372
2023-06-27,2.8862975641185593
2023-06-28,2.8973649240365242
2023-06-29,2.908454723083375
2023-06-30,2.919522690007168
2023-07-03,2.9306020290194716
2023-07-04,2.941692740129015
2023-07-05,2.9528169623155724
2023-07-06,2.963974698631827
2023-07-07,2.9751327430654677
2023-07-10,2.986357517464282
2023-07-11,2.9974940397870418
2023-07-12,3.008619798319227
2023-07-13,3.019701580021458
2023-07-14,3.0308058079516056
2023-07-17,3.041899269984065
2023-07-18,3.05297089298574
2023-07-19,3.0640317467668288
2023-07-20,3.075103974883905
2023-07-21,3.0862097245332323
2023-07-24,3.0973268521776522
2023-07-25,3.1084553590457737
2023-07-26,3.119562025720854
2023-07-27,3.130646849168111
2023-07-28,3.141787348081678
2023-07-31,3.152784187045879
2023-08-01,3.1583878887778827
2023-08-02,3.1667603336755215
2023-08-03,3.17511080218799
2023-08-04,3.1834725185369166
2023-08-07,3.191878710155322
2023-08-08,3.2002740009805617
2023-08-09,3.2086140866234487
2023-08-10,3.2171204876976347
2023-08-11,3.2254830729446278
2023-08-14,3.233879060660384
2023-08-15,3.2422419916137626
2023-08-16,3.250560787476421
2023-08-17,3.258946218985442
2023-08-18,3.2673318241609683
2023-08-21,3.2756954477153775
2023-08-22,3.284103556452206
2023-08-23,3.2924675273588617
2023-08-24,3.3007541219978433
2023-08-25,3.309063043337953
2023-08-28,3.3173388985744325
2023-08-29,3.3256481606709585
2023-08-30,3.333924355080156
2023-08-31,3.342178560820149
2023-09-01,3.3505104931300607
2023-09-04,3.3588425970866433
2023-09-05,3.367230274840628
2023-09-06,3.3756070456958116
2023-09-07,3.3839839900390203
2023-09-08,3.392361107644927
2023-09-11,3.4007162363721566
2023-09-12,3.4091601894810806
2023-09-13,3.41755999226018
2023-09-14,3.4231894897248405
2023-09-15,3.4287858200065515
2023-09-18,3.4343268172782917
2023-09-19,3.439934383786003
2023-09-20,3.4482904381819925
2023-09-21,3.456613416678617
2023-09-22,3.464947648708363
2023-09-25,3.4732931358723835
2023-09-26,3.4816498786313073
2023-09-27,3.489940291762335
2023-09-28,3.4983417135190904
2023-09-29,3.5064551283325605
2023-10-02,3.5147349667722447
2023-10-03,3.5230814818808893
2023-10-04,3.531428168936345
2023-10-05,3.5398082835078712
2023-10-06,3.5481442308013706
2023-10-09,3.556480349595926
2023-10-10,3.564805554629374
2023-10-11,3.5731863602344442
2023-10-12,3.581578425591556
2023-10-13,3.58997066452433
2023-10-16,3.598340904442654
2023-10-17,3.6067334907639235
2023-10-18,3.615115164260928
2023-10-19,3.6234859235586425
2023-10-20,3.631890118664888
2023-10-23,3.6403277516563195
2023-10-24,3.6487544727605945
2023-10-25,3.6571370172241275
2023-10-26,3.6627476338607905
2023-10-27,3.6683583279628236
2023-10-30,3.673891480009979
2023-10-31,3.679236200940989
2023-11-01,3.684813857263643
2023-11-02,3.6903915899848845
2023-11-03,3.6959583104803793
2023-11-06,3.7015029290554473
2023-11-07,3.7070808918975393
2023-11-08,3.7126367522123367
2023-11-09,3.718159419245235
2023-11-10,3.7236821613185276
2023-11-13,3.729193888741009
2023-11-14,3.734738962252898
2023-11-15,3.7402286599211436
2023-11-16,3.745796065172746
2023-11-17,3.751352456844239
2023-11-20,3.756908924622909
2023-11-21,3.7624654689672488
2023-11-22,3.7680442718448677
2023-11-23,3.7736120602308283
2023-11-24,3.7791688333651665
2023-11-27,3.7847034995813718
2023-11-28,3.7902271496375235
2023-11-29,3.7957397832330377
2023-11-30,3.801163756576352
2023-12-01,3.806720907850638
2023-12-04,3.8122670429731533
2023-12-05,3.817957457421374
2023-12-06,3.8235037464547843
2023-12-07,3.8262547245799037
2023-12-08,3.829027907004893
2023-12-11,3.8317900156175124
2023-12-12,3.8345854217141255
2023-12-13,3.8373919401442276
2023-12-14,3.8402539434364424
2023-12-15,3.8430494080392967
2023-12-18,3.8458005191057882
2023-12-19,3.8485183688436555
2023-12-20,3.8512251434101588
2023-12-21,3.8539430297049746
2023-12-22,3.8566609342418845
2023-12-27,3.859378856945451
2023-12-28,3.8621078916023914
2023-12-29,3.864626164061461
2024-01-02,3.867443984479139
2024-01-03,3.8702729185951785
2024-01-04,3.873046402560693
2024-01-05,3.8758642816444784
2024-01-08,3.8786599920818987
2024-01-09,3.881455721818576
2024-01-10,3.884340225266992
2024-01-11,3.8871470885385984
2024-01-12,3.88994287686479
2024-01-15,3.89272759009345
2024-01-16,3.895534511495813
2024-01-17,3.8983303577243174
2024-01-18,3.901148412586175
2024-01-19,3.90394429756923
2024-01-22,3.9066958222704664
2024-01-23,3.9094695556828074
2024-01-24,3.912265498033982
2024-01-25,3.9150947451777443
2024-01-26,3.9179351074051363
2024-01-29,3.920775489318224
2024-01-30,3.920842060780029
2024-01-31,3.9207532988183984
2024-02-01,3.9207532988186653
2024-02-02,3.9207754893028164
2024-02-05,3.9208087750310026
2024-02-06,3.9208420607612373
2024-02-07,3.920864251249396
2024-02-08,3.9211749183190987
2024-02-09,3.92129696612621
2024-02-12,3.9213968234508614
2024-02-13,3.92148558553611
2024-02-14,3.921607633434064
2024-02-15,3.9217407766390195
2024-02-16,3.9218406340725944
2024-02-19,3.9219626820814306
2024-02-20,3.9220736348426697
2024-02-21,3.922173492356222
2024-02-22,3.922240064044867
2024-02-23,3.922295540461601
2024-02-26,3.922295540461334
2024-02-27,3.9223177310316077
2024-02-28,3.9223288263156313
2024-02-29,3.922129111185571
2024-03-01,3.922118015906001
2024-03-04,3.92210692062643
2024-03-05,3.922228968711325
2024-03-06,3.9222733498448368
2024-03-07,3.9223288262654004
2024-03-08,3.922417588560835
2024-03-11,3.9226616850385114
2024-03-12,3.922717161516698
2024-03-13,3.9227615427012417
2024-03-14,3.9228281144879444
2024-03-15,3.9229279721900405
2024-03-18,3.923005639306455
2024-03-19,3.9230722111329683
2024-03-20,3.923138782970703
2024-03-21,3.9231720688932215
2024-03-22,3.9232386407453843
2024-03-25,3.9233163079212034
2024-03-26,3.9233939751183082
2024-03-27,3.9233939751186644
2024-03-28,3.9233606891735238
2024-04-02,3.9233939751145677
2024-04-03,3.923504928268836
2024-04-04,3.9236158814504463
2024-04-05,3.92367135805617
2024-04-08,3.9237157393449165
2024-04-09,3.9237823112861414
2024-04-10,3.9238266925878014
2024-04-11,3.9238821692223804
2024-04-12,3.9240929805272615
2024-04-15,3.924126266528244
2024-04-16,3.9242039338697174
2024-04-17,3.9242372198790716
2024-04-18,3.92429269656691
2024-04-19,3.924370363943118
2024-04-22,3.9244480313333976
2024-04-23,3.9245146033977947
2024-04-24,3.9245811754670012
2024-04-25,3.9246255568530035
2024-04-26,3.9246255568535378
2024-04-29,3.9246477475498343
2024-04-30,3.9245146033529075
2024-05-02,3.9246144614680727
2024-05-03,3.9246921289100083
2024-05-06,3.924803082425779
2024-05-07,3.924880749908416
2024-05-08,3.9249362266903924
2024-05-09,3.9249473220481597
2024-05-10,3.9252136107778646
2024-05-13,3.925224706141153
2024-05-14,3.9252579922352946
2024-05-15,3.9253245644319485
2024-05-16,3.925313469064741
2024-05-17,3.9252801829640984
2024-05-20,3.9252801829637427
2024-05-21,3.9253467551574572
2024-05-22,3.9254022319954536
2024-05-23,3.925490994952172
2024-05-24,3.925579757932403
2024-05-27,3.9256463301767055
2024-05-28,3.925701807057273
2024-05-29,3.925723997811371
2024-05-30,3.9257905700811446
2024-05-31,3.925679616273518
2024-06-03,3.9258016654286694
2024-06-04,3.925868237709308
2024-06-05,3.925957000765242
2024-06-06,3.926034668457887
2024-06-07,3.9260901453875277
2024-06-10,3.926145622324828
2024-06-11,3.926312053218132
2024-06-12,3.9236158724454033
2024-06-13,3.9208975190552207
2024-06-14,3.918179183982477
2024-06-17,3.9154497720596417
2024-06-18,3.9127647589117784
2024-06-19,3.9100464784986064
2024-06-20,3.9073060265833015
2024-06-21,3.904587782881333
2024-06-24,3.9018584626254045
2024-06-25,3.8991069714661943
2024-06-26,3.896333309707049
2024-06-27,3.8935929505053943
2024-06-28,3.890774948448752
2024-07-01,3.8880457214262374
2024-07-02,3.885294324032943
2024-07-03,3.882565133795911
2024-07-04,3.8798581501911893
2024-07-05,3.877184466822918
2024-07-08,3.8744886130835994
2024-07-09,3.871781683389973
2024-07-10,3.8692966484966687
2024-07-11,3.866611941023848
2024-07-12,3.8639272512760274
2024-07-15,3.8611538304468125
2024-07-16,3.8584580834209534
2024-07-17,3.855729073958453
2024-07-18,3.8530222697311483
2024-07-19,3.8503487635352123
2024-07-22,3.8476752750627616
2024-07-23,3.844990711148465
2024-07-24,3.842295071937939
2024-07-25,3.839588357655442
2024-07-26,3.8368594754300793
2024-07-29,3.8341417044638533
2024-07-30,3.8314461374741136
2024-07-31,3.8286285676120815
2024-08-01,3.825910851962258
2024-08-02,3.823193154552033
2024-08-05,3.8205087528670085
2024-08-06,3.817813276481489
2024-08-07,3.815195464488605
2024-08-08,3.812522208172335
2024-08-09,3.809771323945567
2024-08-12,3.807020458483238
2024-08-13,3.8043250719613897
2024-08-14,3.801596427301112
2024-08-15,3.798856709127623
2024-08-16,3.796161376949532
2024-08-19,3.7934660627147316
2024-08-20,3.7907374913824565
2024-08-21,3.7880311215739053
2024-08-22,3.7852914953386043
2024-08-23,3.782585162005689
2024-08-26,3.779878846837561
2024-08-27,3.777161458451015
2024-08-28,3.774455179609433
2024-08-29,3.7717489187087367
2024-08-30,3.7688984910642565
2024-09-02,3.7661811762990833
2024-09-03,3.7634749706300914
2024-09-04,3.760779873907923
2024-09-05,3.7582622477020102
2024-09-06,3.7555228228204935
2024-09-09,3.7528055977529813
2024-09-10,3.750088390997385
2024-09-11,3.7474044739540684
2024-09-12,3.744731665123171
2024-09-13,3.742092144908557
2024-09-16,3.739386100182159
2024-09-17,3.736702254162103
2024-09-18,3.731256966312587
2024-09-19,3.7257784817053543
2024-09-20,3.7203222504391857
2024-09-23,3.7149215410249194
2024-09-24,3.709498724899411
2024-09-25,3.7039983564367454
2024-09-26,3.6985091517122854
2024-09-27,3.6929978434201107
2024-09-30,3.6874533428595604
2024-10-01,3.6819643626389094
2024-10-02,3.676431101753012
2024-10-03,3.6708646508619776
2024-10-04,3.665364807041634
2024-10-07,3.6600535354832737
2024-10-08,3.654520574719057
2024-10-09,3.6490209531269024
2024-10-10,3.643488143175475
2024-10-11,3.637966496198014
2024-10-14,3.6324338372071296
2024-10-15,3.6269012538463192
2024-10-16,3.621413094423302
2024-10-17,3.6186745769117215
2024-10-18,3.615947164896084
2024-10-21,3.6132086843701074
2024-10-22,3.6104813092642822
2024-10-23,3.604937901892661
2024-10-24,3.5994278299860807
2024-10-25,3.59391783309959
2024-10-28,3.588374652298012
2024-10-29,3.5828426334812797
2024-10-30,3.577321776344712
2024-10-31,3.5717123069608148
2024-11-01,3.5661805157646995
2024-11-04,3.5607153129034232
2024-11-05,3.5551504161329808
2024-11-06,3.549607766035541
2024-11-07,3.5440651920079627
2024-11-08,3.538522693899375
2024-11-11,3.5329691868633573
2024-11-12,3.5274379252800165
2024-11-13,3.521917823849341
2024-11-14,3.5163977978776515
2024-11-15,3.510888931300088
2024-11-18,3.5053912236627007
2024-11-19,3.499904674664374
2024-11-20,3.494418200215532
2024-11-21,3.4889318001648615
2024-11-22,3.4834454746612717
2024-11-25,3.4779481402187633
2024-11-26,3.4724176310680246
2024-11-27,3.4668761146376785
2024-11-28,3.4613235912300007
2024-11-29,3.455760061299918
2024-12-02,3.4502409378830348
2024-12-03,3.4447108073351886
2024-12-04,3.4391696704122454
2024-12-05,3.4337615930742684
2024-12-06,3.42823168794828
2024-12-09,3.422690776592099
2024-12-10,3.4171388594603864
2024-12-11,3.4116091814124507
2024-12-12,3.4060795789562905
2024-12-13,3.400561133605456
2024-12-16,3.395042763238374
2024-12-17,3.3895023064800447
2024-12-18,3.381224977460055
2024-12-19,3.37299213951446
2024-12-20,3.3647262282107904
2024-12-23,3.3563829257034183
2024-12-24,3.3480176355936244
2024-12-27,3.339730075878599
2024-12-30,3.3314426857581703
2024-12-31,3.323033594798309
2025-01-02,3.3147908627972984
2025-01-03,3.3065261415917333
2025-01-06,3.2982394323100275
2025-01-07,3.289952893058876
2025-01-08,3.281677601188899
2025-01-09,3.2735464879372325
2025-01-10,3.265271531802364
2025-01-13,3.257018899495133
2025-01-14,3.2487775127480285
2025-01-15,3.240558447561226
2025-01-16,3.2323284729846504
2025-01-17,3.2240986659220088
2025-01-20,3.2158468741340887
2025-01-21,3.2076174027654987
2025-01-22,3.1993770231208543
2025-01-23,3.1911700378635013
2025-01-24,3.182963218977508
2025-01-27,3.1747233420486936
2025-01-28,3.1692412402064782
2025-01-29,3.163803511618117
2025-01-30,3.158388005184211
2025-01-31,3.152828603010499
2025-02-03,3.1473246492115976
2025-02-04,3.141798622095462
2025-02-05,3.133504157479293
2025-02-06,3.125243084527349
2025-02-07,3.1169932528699142
2025-02-10,3.1086660773378454
2025-02-11,3.100427657147351
2025-02-12,3.0922115500331255
2025-02-13,3.0839402480347697
2025-02-14,3.0756691150733055
2025-02-17,3.067376007116392
2025-02-18,3.0590830695497537
2025-02-19,3.050790301916415
2025-02-20,3.0425309188893284
2025-02-21,3.034260633321147
2025-02-24,3.0259905169946104
2025-02-25,3.0177094992537903
2025-02-26,3.009406510123901
2025-02-27,3.0011147620120737
2025-02-28,2.9927346224551368
2025-03-03,2.9843989367842862
2025-03-04,2.9788418895787685
2025-03-05,2.9732849187942825
2025-03-06,2.9677501634529073
2025-03-07,2.962226552979848
2025-03-10,2.956680879597678
2025-03-11,2.951124213424926
2025-03-12,2.9429000155758236
2025-03-13,2.9345985061749467
2025-03-14,2.9263414411447886
2025-03-17,2.9180845448604686
2025-03-18,2.909838885092311
2025-03-19,2.9015712582909226
2025-03-20,2.893314868224789
2025-03-21,2.8850697139856583
2025-03-24,2.8768247282496717
2025-03-25,2.8685688441441584
2025-03-26,2.8602909957025626
2025-03-27,2.8520133168845985
2025-03-28,2.8437358076886623
2025-03-31,2.8354252704515464
2025-04-01,2.8271591673539023
2025-04-02,2.8188600368928385
2025-04-03,2.810538946614156
2025-04-04,2.8022180275303343
2025-04-07,2.7939083442339716
2025-04-08,2.785609896493953
2025-04-09,2.7773226833988183
2025-04-10,2.769057768405896
2025-04-11,2.7607708951656043
2025-04-14,2.752506319115353
2025-04-15,2.7442197854911297
2025-04-16,2.735955548368231
2025-04-17,2.7276804173550824
2025-04-22,2.719416518467348
2025-04-23,2.7083982117972987
2025-04-24,2.6973912683222223
2025-04-25,2.686362500966673
2025-04-28,2.675300850793123
2025-04-29,2.6642616257410783
2025-04-30,2.653112091743953
2025-05-02,2.6448275412822317
2025-05-05,2.6365099795019393
2025-05-06,2.628225769470934
2025-05-07,2.6200191492336504
2025-05-08,2.6118569350070784
2025-05-09,2.6035953501995106
2025-05-12,2.5953560531504225
2025-05-13,2.587249632839924
2025-05-14,2.578977493494017
2025-05-15,2.570716582214352
2025-05-16,2.562455839534908
2025-05-19,2.5541952661297067
2025-05-20,2.545956977754219
2025-05-21,2.537652510921742
2025-05-22,2.529425617825135
2025-05-23,2.52115466292805
2025-05-26,2.5128507061435976
2025-05-27,2.5045800913447613
2025-05-28,2.496254362298479
2025-05-29,2.487862465897213
2025-05-30,2.4794818000446988
2025-06-02,2.471200813194089
2025-06-03,2.4629310518643344
2025-06-04,2.4546504048440756
2025-06-05,2.4463920382611457
2025-06-06,2.4381227855277965
2025-06-09,2.4298205374708495
2025-06-10,2.4215405700693435
2025-06-11,2.410497155238525
2025-06-12,2.3995645810135393
2025-06-13,2.3885880893143128
2025-06-16,2.3776118959114445
2025-06-17,2.369410314891166
2025-06-18,2.3611536356704277
2025-06-19,2.3528860716188102
2025-06-20,2.3446960454256547
2025-06-23,2.3365061859369507
2025-06-24,2.328338596913677
2025-06-25,2.3201380177107507
2025-06-26,2.3119928638245217
2025-06-27,2.303847874168161
2025-06-30,2.29561463860212
