Date,rate_pct
2012-09-28,0.6345666790558147
2012-09-29,0.6340901651513908
2012-09-30,0.6335986737759702
2012-10-01,0.6331071871713445
2012-10-02,0.6326157053372583
2012-10-03,0.6321242282739781
2012-10-04,0.6316327559811152
2012-10-05,0.6311412884592027
2012-10-06,0.6306498257076298
2012-10-07,0.6301583677265521
2012-10-08,0.6296669145159806
2012-10-09,0.6291754660756821
2012-10-10,0.6286840224060009
2012-10-11,0.6281925835062929
2012-10-12,0.62770114937718
2012-10-13,0.6272097200180959
2012-10-14,0.6267182954291073
2012-10-15,0.6262268756105471
2012-10-16,0.6257354605618048
2012-10-17,0.6252440502830359
2012-10-18,0.6247526447744733
2012-10-19,0.6242612440358175
2012-10-20,0.623769848067024
2012-10-21,0.6232784568682148
2012-10-22,0.6227870704389016
2012-10-23,0.6222956887793396
2012-10-24,0.6218043118896732
2012-10-25,0.6213129397697692
2012-10-26,0.6208215724192168
2012-10-27,0.6203302098384822
2012-10-28,0.6198388520272324
2012-10-29,0.6193474989853565
2012-10-30,0.6185126425000353
2012-10-31,0.6176658734595275
2012-11-01,0.6168191185841332
2012-11-02,0.6159723778734971
2012-11-03,0.6151256513276859
2012-11-04,0.6142789389462666
2012-11-05,0.6134322407289505
2012-11-06,0.6125855566755045
2012-11-07,0.6117388867858953
2012-11-08,0.6108922310596454
2012-11-09,0.610045589496877
2012-11-10,0.6091989620969351
2012-11-11,0.6083523488597531
2012-11-12,0.6075057497852976
2012-11-13,0.6066591648728692
2012-11-14,0.6058125941224901
2012-11-15,0.6049660375340382
2012-11-16,0.6041194951072137
2012-11-17,0.6032729668416503
2012-11-18,0.6024264527370815
2012-11-19,0.6015799527933963
2012-11-20,0.6007334670104059
2012-11-21,0.5998869953877883
2012-11-22,0.5990405379254993
2012-11-23,0.5981940946229614
2012-11-24,0.5973476654799637
2012-11-25,0.5965012504965839
2012-11-26,0.5956548496722669
2012-11-27,0.5948084630073458
2012-11-28,0.593962090500677
2012-11-29,0.5932664001634391
2012-11-30,0.5925538090411187
2012-12-01,0.5918412279549146
2012-12-02,0.5911286569055041
2012-12-03,0.590416095892321
2012-12-04,0.5897035449154431
2012-12-05,0.5889910039746482
2012-12-06,0.5882784730697477
2012-12-07,0.5875659522004861
2012-12-08,0.5868534413671078
2012-12-09,0.5861409405691131
2012-12-10,0.5854284498065243
2012-12-11,0.5847159690790305
2012-12-12,0.5840034983868869
2012-12-13,0.58329103772925
2012-12-14,0.5825785871066635
2012-12-15,0.5818661465189723
2012-12-16,0.5811537159655877
2012-12-17,0.5804412954463989
2012-12-18,0.57972888496165
2012-12-19,0.5790164845108636
2012-12-20,0.5783040940942286
2012-12-21,0.5775917137111231
2012-12-22,0.5768793433618691
2012-12-23,0.5761669830460558
2012-12-24,0.5754546327636945
2012-12-25,0.5747422925145518
2012-12-26,0.5740299622983502
2012-12-27,0.5733176421154895
2012-12-28,0.5726053319651925
2012-12-29,0.5718930318475479
2012-12-30,0.5713116708409238
2012-12-31,0.5707232504854942
2013-01-01,0.5701348369766102
2013-01-02,0.5695464303140163
2013-01-03,0.5689580304980346
2013-01-04,0.5683696375282654
2013-01-05,0.5677812514046865
2013-01-06,0.5671928721272312
2013-01-07,0.5666044996958997
2013-01-08,0.5660161341106251
2013-01-09,0.5654277753710191
2013-01-10,0.5648394234772924
2013-01-11,0.5642510784294563
2013-01-12,0.5636627402273553
2013-01-13,0.5630744088706785
2013-01-14,0.5624860843596036
2013-01-15,0.5618977666937752
2013-01-16,0.5613094558732712
2013-01-17,0.5607211518981803
2013-01-18,0.5601328547681805
2013-01-19,0.559544564483494
2013-01-20,0.5589562810435544
2013-01-21,0.5583680044486505
2013-01-22,0.5577797346989821
2013-01-23,0.5571914717935278
2013-01-24,0.5566032157330536
2013-01-25,0.5560149665174263
2013-01-26,0.5554267241460131
2013-01-27,0.5548384886191249
2013-01-28,0.5542502599368282
2013-01-29,0.5536620380986235
2013-01-30,0.5528509780985735
2013-01-31,0.5520338371785338
2013-02-01,0.5512167094668952
2013-02-02,0.5503995949632356
2013-02-03,0.5495824936677773
2013-02-04,0.5487654055797209
2013-02-05,0.5479483306993438
2013-02-06,0.5471312690261465
2013-02-07,0.5463142205598737
2013-02-08,0.5454971853007362
2013-02-09,0.5446801632480569
2013-02-10,0.5438631544016692
2013-02-11,0.5430461587617064
2013-02-12,0.542229176327691
2013-02-13,0.5414122070994676
2013-02-14,0.5405952510766587
2013-02-15,0.5397783082592089
2013-02-16,0.5389613786471736
2013-02-17,0.5381444622398646
2013-02-18,0.5373275590373372
2013-02-19,0.5365106690391697
2013-02-20,0.5356937922454064
2013-02-21,0.5348769286558697
2013-02-22,0.5340600782700711
2013-02-23,0.5332432410878329
2013-02-24,0.5324264171090887
2013-02-25,0.5316096063331943
2013-02-26,0.5307928087608049
2013-02-27,0.5299094368633517
2013-02-28,0.5290242807482359
2013-03-01,0.5281391401389057
2013-03-02,0.5272540150348615
2013-03-03,0.526368905436192
2013-03-04,0.5254838113421867
2013-03-05,0.52459873275289
2013-03-06,0.5237136696679578
2013-03-07,0.5228286220870348
2013-03-08,0.5219435900098213
2013-03-09,0.5210585734361728
2013-03-10,0.5201735723660117
2013-03-11,0.5192885867985719
2013-03-12,0.5184036167340422
2013-03-13,0.5175186621717898
2013-03-14,0.5166337231116813
2013-03-15,0.5157487995535615
2013-03-16,0.514863891496975
2013-03-17,0.5139789989417998
2013-03-18,0.513094121887625
2013-03-19,0.5122092603342399
2013-03-20,0.5113244142817219
2013-03-21,0.5104395837290165
2013-03-22,0.5095547686766788
2013-03-23,0.5086699691236429
2013-03-24,0.5077851850702864
2013-03-25,0.5069004165161872
2013-03-26,0.5060156634608015
2013-03-27,0.505130925904318
2013-03-28,0.5042462038460704
2013-03-29,0.5033614972858924
2013-03-30,0.5025437726829174
2013-03-31,0.5017250927955685
2013-04-01,0.5009064261796259
2013-04-02,0.5000877728347675
2013-04-03,0.49926913276098217
2013-04-04,0.4984505059576372
2013-04-05,0.49763189242510997
2013-04-06,0.49681329216249015
2013-04-07,0.4959947051701552
2013-04-08,0.49517613144770545
2013-04-09,0.49435757099483
2013-04-10,0.49353902381122916
2013-04-11,0.4927204898970361
2013-04-12,0.4919019692516291
2013-04-13,0.4910834618751303
2013-04-14,0.4902649677671733
2013-04-15,0.4894464869273363
2013-04-16,0.4886280193557746
2013-04-17,0.487809565052133
2013-04-18,0.4869911240161118
2013-04-19,0.48617269624769976
2013-04-20,0.4853542817465639
2013-04-21,0.4845358805123712
2013-04-22,0.4837174925449772
2013-04-23,0.48289911784424877
2013-04-24,0.4820807564098861
2013-04-25,0.48126240824178934
2013-04-26,0.48044407333958095
2013-04-27,0.47962575170324984
2013-04-28,0.478807443332141
2013-04-29,0.4775640380027313
2013-04-30,0.47634002404647324
2013-05-01,0.4751160397707954
2013-05-02,0.47389208517495396
2013-05-03,0.4726681602586824
2013-05-04,0.47144426502083725
2013-05-05,0.4702203994606413
2013-05-06,0.46899656357777264
2013-05-07,0.4677727573711321
2013-05-08,0.46654898084046437
2013-05-09,0.46532523398439274
2013-05-10,0.4641015168028284
2013-05-11,0.4628778292945057
2013-05-12,0.461654171459136
2013-05-13,0.4604305432958533
2013-05-14,0.4592069448040914
2013-05-15,0.45798337598260686
2013-05-16,0.45675983683145516
2013-05-17,0.45553632734925964
2013-05-18,0.4543128475354874
2013-05-19,0.45308939738964993
2013-05-20,0.45186597691081465
2013-05-21,0.4506425860981711
2013-05-22,0.44941922495117526
2013-05-23,0.4481958934691055
2013-05-24,0.44697259165135117
2013-05-25,0.44574931949674657
2013-05-26,0.44452607700514735
2013-05-27,0.4433028641754211
2013-05-28,0.44207968100696826
2013-05-29,0.44085652749910054
2013-05-30,0.4395404038916251
2013-05-31,0.4382211363326949
2013-06-01,0.4369019032800292
2013-06-02,0.4355827047325622
2013-06-03,0.43426354068893946
2013-06-04,0.43294441114895
2013-06-05,0.431625316111095
2013-06-06,0.43030625557506363
2013-06-07,0.4289872295394015
2013-06-08,0.42766823800338694
2013-06-09,0.4263492809661651
2013-06-10,0.4250303584269255
2013-06-11,0.42371147038471335
2013-06-12,0.42239261683838514
2013-06-13,0.42107379778734133
2013-06-14,0.4197550132305494
2013-06-15,0.41843626316714344
2013-06-16,0.417117547596324
2013-06-17,0.4157988665166479
2013-06-18,0.4144802199280373
2013-06-19,0.413161607829049
2013-06-20,0.4118430302189169
2013-06-21,0.41052448709685274
2013-06-22,0.40920597846185736
2013-06-23,0.407887504312765
2013-06-24,0.40656906464904274
2013-06-25,0.4052506594696803
2013-06-26,0.4039322887738006
2013-06-27,0.40261395256040444
2013-06-28,0.40129565082874796
2013-06-29,0.39985228502015246
2013-06-30,0.3984193163616201
2013-07-01,0.3969863884450864
2013-07-02,0.3955535012693967
2013-07-03,0.3941206548337295
2013-07-04,0.3926878491367414
2013-07-05,0.3912550841771001
2013-07-06,0.3898223599541284
2013-07-07,0.3883896764663275
2013-07-08,0.38695703371246504
2013-07-09,0.38552443169127537
2013-07-10,0.38409187040207016
2013-07-11,0.38265934984359484
2013-07-12,0.3812268700142396
2013-07-13,0.3797944309132828
2013-07-14,0.3783620325395365
2013-07-15,0.3769296748916351
2013-07-16,0.3754973579685572
2013-07-17,0.3740650817689706
2013-07-18,0.3726328462920314
2013-07-19,0.3712006515365185
2013-07-20,0.36976849750114393
2013-07-21,0.36833638418444226
2013-07-22,0.3669043115860138
2013-07-23,0.3654722797039045
2013-07-24,0.36404028853730397
2013-07-25,0.36260833808559045
2013-07-26,0.361176428346599
2013-07-27,0.3597445593198634
2013-07-28,0.3583127310041845
2013-07-29,0.35688094339807463
2013-07-30,0.3556039834810232
2013-07-31,0.3543365749600347
2013-08-01,0.3530691983384848
2013-08-02,0.35180185361606275
2013-08-03,0.3505345407914362
2013-08-04,0.34926725986410556
2013-08-05,0.34800001083313825
2013-08-06,0.34673279369790144
2013-08-07,0.3454656084573293
2013-08-08,0.34419845511078906
2013-08-09,0.34293133365725925
2013-08-10,0.3416642440963402
2013-08-11,0.340397186427166
2013-08-12,0.3391301606484487
2013-08-13,0.33786316675978867
2013-08-14,0.33659620476044205
2013-08-15,0.33532927464935414
2013-08-16,0.334062376425881
2013-08-17,0.3327955100890456
2013-08-18,0.33152867563845945
2013-08-19,0.3302618730727791
2013-08-20,0.3289951023915272
2013-08-21,0.3277283635938155
2013-08-22,0.326461656678978
2013-08-23,0.32519498164605976
2013-08-24,0.32392833849439473
2013-08-25,0.3226617272229726
2013-08-26,0.32139514783090517
2013-08-27,0.3201286003178927
2013-08-28,0.31886208468279165
2013-08-29,0.3175956009245584
2013-08-30,0.3164752695506312
2013-08-31,0.3153396617782911
2013-09-01,0.31420407963570485
2013-09-02,0.3130685231223618
2013-09-03,0.3119329922378178
2013-09-04,0.31079748698150667
2013-09-05,0.30966200735271787
2013-09-06,0.3085265533508297
2013-09-07,0.3073911249753314
2013-09-08,0.3062557222257678
2013-09-09,0.30512034510135067
2013-09-10,0.3039849936017358
2013-09-11,0.30284966772596844
2013-09-12,0.30171436747399305
2013-09-13,0.30057909284492146
2013-09-14,0.29944384383810974
2013-09-15,0.2983086204530583
2013-09-16,0.2971734226893785
2013-09-17,0.29603825054601574
2013-09-18,0.2949031040228922
2013-09-19,0.2937679831191864
2013-09-20,0.2926328878344431
2013-09-21,0.2914978181679073
2013-09-22,0.29036277411924605
2013-09-23,0.2892277556875933
2013-09-24,0.28809276287243835
2013-09-25,0.2869577956736258
2013-09-26,0.28582285408994546
2013-09-27,0.2846879381210088
2013-09-28,0.28355304776674917
2013-09-29,0.28228084003960596
2013-09-30,0.281006322650712
2013-10-01,0.27973183756675457
2013-10-02,0.2784573847877003
2013-10-03,0.2771829643125834
2013-10-04,0.27590857614049336
2013-10-05,0.2746342202706531
2013-10-06,0.27335989670225214
2013-10-07,0.2720856054345355
2013-10-08,0.2708113464661599
2013-10-09,0.26953711979706974
2013-10-10,0.2682629254260882
2013-10-11,0.26698876335252697
2013-10-12,0.2657146335753535
2013-10-13,0.26444053609395723
2013-10-14,0.2631664709072501
2013-10-15,0.2618924380147103
2013-10-16,0.26061843741536084
2013-10-17,0.25934446910833575
2013-10-18,0.2580705330929911
2013-10-19,0.25679662936847203
2013-10-20,0.2555227579338015
2013-10-21,0.25424891878832456
2013-10-22,0.25297511193104194
2013-10-23,0.25170133736148737
2013-10-24,0.2504275950785395
2013-10-25,0.24915388508156555
2013-10-26,0.24788020736922212
2013-10-27,0.2466065619414426
2013-10-28,0.24533294879698353
2013-10-29,0.24405936793502336
2013-10-30,0.24284899971773743
2013-10-31,0.24165655490078208
2013-11-01,0.24046413838487712
2013-11-02,0.23927175016934532
2013-11-03,0.23807939025350944
2013-11-04,0.2368870586365701
2013-11-05,0.23569475531817208
2013-11-06,0.2345024802972384
2013-11-07,0.23331023357349157
2013-11-08,0.23211801514605446
2013-11-09,0.23092582501436087
2013-11-10,0.22973366317748933
2013-11-11,0.22854152963491803
2013-11-12,0.22734942438613626
2013-11-13,0.22615734743026694
2013-11-14,0.22496529876672167
2013-11-15,0.2237732783948232
2013-11-16,0.22258128631372776
2013-11-17,0.22138932252310228
2013-11-18,0.22019738702189207
2013-11-19,0.21900547980990837
2013-11-20,0.21781360088591883
2013-11-21,0.21662175024979025
2013-11-22,0.21542992790034576
2013-11-23,0.21423813383752988
2013-11-24,0.21304636806016575
2013-11-25,0.2118546305674318
2013-11-26,0.2106629213589617
2013-11-27,0.20947124043434462
2013-11-28,0.20827958779253697
2013-11-29,0.20732124940056051
2013-11-30,0.20637640933124368
2013-12-01,0.2054315870422374
2013-12-02,0.20448678253380814
2013-12-03,0.20354199580512322
2013-12-04,0.2025972268564713
2013-12-05,0.201652475686942
2013-12-06,0.20070774229673516
2013-12-07,0.19976302668534007
2013-12-08,0.19881832885196848
2013-12-09,0.19787364879690905
2013-12-10,0.19692898651945123
2013-12-11,0.1959843420194285
2013-12-12,0.19503971529636344
2013-12-13,0.19409510635004512
2013-12-14,0.19315051518032922
2013-12-15,0.19220594178649408
2013-12-16,0.19126138616823996
2013-12-17,0.19031684832548912
2013-12-18,0.18937232825768646
2013-12-19,0.18842782596475427
2013-12-20,0.1874833414459598
2013-12-21,0.18653887470150288
2013-12-22,0.18559442573039542
2013-12-23,0.184649994533026
2013-12-24,0.18370558110841761
2013-12-25,0.182761185456759
2013-12-26,0.18181680757725083
2013-12-27,0.18087244746989306
2013-12-28,0.17992810513430824
2013-12-29,0.1789837805697192
2013-12-30,0.1782635526790033
2013-12-31,0.17763351697585028
2014-01-01,0.17700348918366915
2014-01-02,0.17637346930222675
2014-01-03,0.1757434573311567
2014-01-04,0.17511345327071437
2014-01-05,0.17448345712041125
2014-01-06,0.1738534688800475
2014-01-07,0.1732234885500561
2014-01-08,0.17259351612995966
2014-01-09,0.17196355161970267
2014-01-10,0.17133359501939616
2014-01-11,0.17070364632875146
2014-01-12,0.17007370554760204
2014-01-13,0.16944377267625876
2014-01-14,0.1688138477141221
2014-01-15,0.1681839306613364
2014-01-16,0.16755402151769072
2014-01-17,0.1669241202829186
2014-01-18,0.1662942269574974
2014-01-19,0.16566434154098308
2014-01-20,0.16503446403314248
2014-01-21,0.1644045944340755
2014-01-22,0.16377473274359344
2014-01-23,0.16314487896160745
2014-01-24,0.16251503308810644
2014-01-25,0.1618851951229794
2014-01-26,0.1612553650658155
2014-01-27,0.16062554291691455
2014-01-28,0.15999572867601008
2014-01-29,0.1593659223431465
2014-01-30,0.15907555073539914
2014-01-31,0.15882283407888664
2014-02-01,0.15857011869572224
2014-02-02,0.158317404585806
2014-02-03,0.15806469174899362
2014-02-04,0.15781198018568476
2014-02-05,0.15755926989550195
2014-02-06,0.1573065608784452
2014-02-07,0.1570538531346921
2014-02-08,0.15680114666405398
2014-02-09,0.15654844146671953
2014-02-10,0.15629573754259996
2014-02-11,0.15604303489186178
2014-02-12,0.155790333513961
2014-02-13,0.1555376334093861
2014-02-14,0.15528493457803716
2014-02-15,0.15503223701984759
2014-02-16,0.15477954073486178
2014-02-17,0.1545268457229687
2014-02-18,0.15427415198415728
2014-02-19,0.1540214595184164
2014-02-20,0.1537687683260236
2014-02-21,0.15351607840687898
2014-02-22,0.15326338976070497
2014-02-23,0.1530107023876015
2014-02-24,0.1527580162877129
2014-02-25,0.15250533146097256
2014-02-26,0.15225264790725834
2014-02-27,0.15199996562643703
2014-02-28,0.15171293417860499
2014-03-01,0.15142590437313697
2014-03-02,0.1511388762106658
2014-03-03,0.15085184969093612
2014-03-04,0.1505648248136593
2014-03-05,0.1502778015793904
2014-03-06,0.14999077998757437
2014-03-07,0.14970376003858865
2014-03-08,0.14941674173230002
2014-03-09,0.1491297250687751
2014-03-10,0.14884271004749206
2014-03-11,0.14855569666923918
2014-03-12,0.14826868493349465
2014-03-13,0.14798167484046942
2014-03-14,0.1476946663901635
2014-03-15,0.14740765958212165
2014-03-16,0.14712065441697675
2014-03-17,0.1468336508944179
2014-03-18,0.1465466490142564
2014-03-19,0.14625964877670317
2014-03-20,0.14597265018194694
2014-03-21,0.14568565322965465
2014-03-22,0.1453986579196931
2014-03-23,0.14511166425252853
2014-03-24,0.14482467222769468
2014-03-25,0.14453768184561344
2014-03-26,0.14425069310611827
2014-03-27,0.1439637060088539
2014-03-28,0.14367672055418668
2014-03-29,0.1433897367418946
2014-03-30,0.14310275457201094
2014-03-31,0.14287635724123948
2014-04-01,0.14264996093249493
2014-04-02,0.14242356564604375
2014-04-03,0.14219717138158616
2014-04-04,0.14197077813955516
2014-04-05,0.1417443859196843
2014-04-06,0.14151799472178483
2014-04-07,0.14129160454612322
2014-04-08,0.14106521539252181
2014-04-09,0.14083882726118047
2014-04-10,0.14061244015199925
2014-04-11,0.14038605406473392
2014-04-12,0.1401596689999285
2014-04-13,0.13993328495713886
2014-04-14,0.13970690193639834
2014-04-15,0.13948051993779575
2014-04-16,0.13925413896149763
2014-04-17,0.1390277590071598
2014-04-18,0.1388013800749155
2014-04-19,0.1385750021648091
2014-04-20,0.13834862527681846
2014-04-21,0.13812224941109896
2014-04-22,0.13789587456704
2014-04-23,0.13766950074547424
2014-04-24,0.13744312794590208
2014-04-25,0.1372167561682458
2014-04-26,0.1369903854128829
2014-04-27,0.13676401567949137
2014-04-28,0.13653764696798243
2014-04-29,0.13631127927888897
2014-04-30,0.13618600836482475
2014-05-01,0.1360607377638101
2014-05-02,0.1359354674760338
2014-05-03,0.13581019750122936
2014-05-04,0.13568492783928576
2014-05-05,0.13555965849033624
2014-05-06,0.1354343894543586
2014-05-07,0.13530912073160817
2014-05-08,0.135183852321763
2014-05-09,0.13505858422462325
2014-05-10,0.13493331644079953
2014-05-11,0.13480804896977006
2014-05-12,0.13468278181204552
2014-05-13,0.1345575149670708
2014-05-14,0.13443224843513457
2014-05-15,0.13430698221599258
2014-05-16,0.13418171631015552
2014-05-17,0.1340564507171793
2014-05-18,0.1339311854373082
2014-05-19,0.13380592047020912
2014-05-20,0.13368065581640387
2014-05-21,0.13355539147531514
2014-05-22,0.1334301274472316
2014-05-23,0.1333048637320533
2014-05-24,0.133179600329969
2014-05-25,0.1330543372410009
2014-05-26,0.13292907446487146
2014-05-27,0.1328038120018027
2014-05-28,0.13267854985153926
2014-05-29,0.13255328801456967
2014-05-30,0.13242802649041652
2014-05-31,0.13230578690411887
2014-06-01,0.13218354761596052
2014-06-02,0.13206130862556398
2014-06-03,0.13193906993358429
2014-06-04,0.13181683153961066
2014-06-05,0.1316945934436209
2014-06-06,0.131572355645726
2014-06-07,0.13145011814573726
2014-06-08,0.13132788094402104
2014-06-09,0.13120564404009993
2014-06-10,0.13108340743439584
2014-06-11,0.1309611711266867
2014-06-12,0.13083893511717237
2014-06-13,0.13071669940554198
2014-06-14,0.13059446399223962
2014-06-15,0.13047222887667687
2014-06-16,0.13034999405935332
2014-06-17,0.1302277595398471
2014-06-18,0.13010552531846908
2014-06-19,0.12998329139530806
2014-06-20,0.1298610577701087
2014-06-21,0.1297388244429265
2014-06-22,0.12961659141372817
2014-06-23,0.12949435868280235
2014-06-24,0.12937212624971606
2014-06-25,0.12924989411465804
2014-06-26,0.12912766227781702
2014-06-27,0.12900543073890436
2014-06-28,0.1288831994981643
2014-06-29,0.12876096855518604
2014-06-30,0.12840910905556058
2014-07-01,0.1280572520254042
2014-07-02,0.12770539746492782
2014-07-03,0.1273535453743424
2014-07-04,0.12700169575353693
2014-07-05,0.12664984860230044
2014-07-06,0.12629800392058854
2014-07-07,0.1259461617087121
2014-07-08,0.1255943219662159
2014-07-09,0.12524248469365507
2014-07-10,0.1248906498904856
2014-07-11,0.12453881755684071
2014-07-12,0.12418698769276482
2014-07-13,0.12383516029838004
2014-07-14,0.1234833353732312
2014-07-15,0.12313151291770685
2014-07-16,0.12277969293181812
2014-07-17,0.12242787541529854
2014-07-18,0.1220760603681037
2014-07-19,0.12172424779061108
2014-07-20,0.12137243768229888
2014-07-21,0.12102063004345576
2014-07-22,0.12066882487384856
2014-07-23,0.12031702217392137
2014-07-24,0.11996522194307468
2014-07-25,0.11961342418167487
2014-07-26,0.11926162888947767
2014-07-27,0.11890983606681615
2014-07-28,0.11855804571300199
2014-07-29,0.11820625782885674
2014-07-30,0.11785447241364766
2014-07-31,0.1176610047408766
2014-08-01,0.11746753781493036
2014-08-02,0.11727407163566461
2014-08-03,0.11708060620331251
2014-08-04,0.11688714151784074
2014-08-05,0.11669367757894955
2014-08-06,0.11650021438714964
2014-08-07,0.11630675194213014
2014-08-08,0.11611329024391326
2014-08-09,0.11591982929245459
2014-08-10,0.11572636908780964
2014-08-11,0.11553290963005614
2014-08-12,0.11533945091891651
2014-08-13,0.1151459929545906
2014-08-14,0.11495253573736708
2014-08-15,0.11475907926665752
2014-08-16,0.1145656235428616
2014-08-17,0.11437216856574617
2014-08-18,0.11417871433554438
2014-08-19,0.11398526085223404
2014-08-20,0.11379180811545986
2014-08-21,0.11359835612554381
2014-08-22,0.11340490488244148
2014-08-23,0.11321145438601965
2014-08-24,0.11301800463641154
2014-08-25,0.11282455563357274
2014-08-26,0.11263110737756987
2014-08-27,0.11243765986799215
2014-08-28,0.11224421310561672
2014-08-29,0.11205076708956652
2014-08-30,0.1118573218206409
2014-08-31,0.11173073827808189
2014-09-01,0.11160415505503396
2014-09-02,0.11147757215196341
2014-09-03,0.11135098956849276
2014-09-04,0.11122440730478855
2014-09-05,0.11109782536072865
2014-09-06,0.11097124373661282
2014-09-07,0.11084466243229674
2014-09-08,0.11071808144750284
2014-09-09,0.1105915007826086
2014-09-10,0.11046492043729206
2014-09-11,0.11033834041190849
2014-09-12,0.11021176070622474
2014-09-13,0.11008518132036293
2014-09-14,0.1099586022539567
2014-09-15,0.10983202350747234
2014-09-16,0.1097054450806989
2014-09-17,0.1095788669737141
2014-09-18,0.10945228918651795
2014-09-19,0.1093257117189661
2014-09-20,0.1091991345712362
2014-09-21,0.10907255774317282
2014-09-22,0.10894598123474264
2014-09-23,0.10881940504612331
2014-09-24,0.10869282917728151
2014-09-25,0.10856625362822836
2014-09-26,0.1084396783987196
2014-09-27,0.10831310348904388
2014-09-28,0.10818652889933444
2014-09-29,0.10805995462902507
2014-09-30,0.10793269423134966
2014-10-01,0.10780543415658261
2014-10-02,0.1076781744050237
2014-10-03,0.10755091497700597
2014-10-04,0.10742365587198544
2014-10-05,0.10729639709020633
2014-10-06,0.10716913863160205
2014-10-07,0.10704188049613927
2014-10-08,0.10691462268407337
2014-10-09,0.10678736519504906
2014-10-10,0.10666010802915515
2014-10-11,0.1065328511865582
2014-10-12,0.10640559466722488
2014-10-13,0.10627833847088874
2014-10-14,0.10615108259793837
2014-10-15,0.10602382704800739
2014-10-16,0.10589657182149548
2014-10-17,0.10576931691798075
2014-10-18,0.10564206233789619
2014-10-19,0.10551480808075331
2014-10-20,0.10538755414684076
2014-10-21,0.1052603005360031
2014-10-22,0.10513304724873995
2014-10-23,0.10500579428441847
2014-10-24,0.1048785416431941
2014-10-25,0.10475128932535549
2014-10-26,0.10462403733063619
2014-10-27,0.10449678565894738
2014-10-28,0.10436953431069984
2014-10-29,0.10424228328547169
2014-10-30,0.1041150325835849
2014-10-31,0.10398435039455922
2014-11-01,0.10385366854648304
2014-11-02,0.10372298703897886
2014-11-03,0.10359230587242418
2014-11-04,0.10346162504688561
2014-11-05,0.10333094456224101
2014-11-06,0.10320026441830166
2014-11-07,0.10306958461514526
2014-11-08,0.10293890515297166
2014-11-09,0.10280822603172535
2014-11-10,0.10267754725103995
2014-11-11,0.10254686881134845
2014-11-12,0.10241619071251762
2014-11-13,0.1022855129542588
2014-11-14,0.1021548355370605
2014-11-15,0.1020241584608339
2014-11-16,0.101893481725146
2014-11-17,0.10176280533049642
2014-11-18,0.10163212927680743
2014-11-19,0.10150145356357942
2014-11-20,0.10137077819128981
2014-11-21,0.1012401031600052
2014-11-22,0.10110942846940363
2014-11-23,0.10097875411959611
2014-11-24,0.10084808011071589
2014-11-25,0.10071740644265192
2014-11-26,0.10058673311550415
2014-11-27,0.10045606012909492
2014-11-28,0.10032538748336872
2014-11-29,0.10019471517859202
2014-11-30,0.1000710434573171
2014-12-01,0.09994737204090942
2014-12-02,0.09982370093015724
2014-12-03,0.09970003012430562
2014-12-04,0.09957635962399847
2014-12-05,0.09945268942880281
2014-12-06,0.09932901953892959
2014-12-07,0.09920534995426777
2014-12-08,0.09908168067518375
2014-12-09,0.0989580117011335
2014-12-10,0.09883434303228356
2014-12-11,0.09871067466891148
2014-12-12,0.0985870066106509
2014-12-13,0.09846333885791259
2014-12-14,0.09833967141019695
2014-12-15,0.09821600426762611
2014-12-16,0.09809233743057755
2014-12-17,0.09796867089869599
2014-12-18,0.09784500467214796
2014-12-19,0.09772133875098898
2014-12-20,0.09759767313486378
2014-12-21,0.09747400782418314
2014-12-22,0.09735034281894706
2014-12-23,0.09722667811842278
2014-12-24,0.09710301372337637
2014-12-25,0.09697934963391885
2014-12-26,0.0968556858494396
2014-12-27,0.09673202237021616
2014-12-28,0.09660835919640398
2014-12-29,0.09648469632784762
2014-12-30,0.09636103376423621
2014-12-31,0.09621897998505213
2015-01-01,0.09607692660871248
2015-01-02,0.09593487363526165
2015-01-03,0.09579282106427778
2015-01-04,0.09565076889631596
2015-01-05,0.09550871713128739
2015-01-06,0.09536666576883679
2015-01-07,0.09522461480944155
2015-01-08,0.09508256425255768
2015-01-09,0.09494051409870696
2015-01-10,0.09479846434763406
2015-01-11,0.09465641499932786
2015-01-12,0.09451436605381058
2015-01-13,0.09437231751096009
2015-01-14,0.09423026937116497
2015-01-15,0.09408822163375907
2015-01-16,0.09394617429950847
2015-01-17,0.09380412736778032
2015-01-18,0.09366208083912975
2015-01-19,0.09352003471304604
2015-01-20,0.09337798898980676
2015-01-21,0.0932359436693897
2015-01-22,0.09309389875167273
2015-01-23,0.09295185423678909
2015-01-24,0.09280981012466105
2015-01-25,0.09266776641547736
2015-01-26,0.09252572310912699
2015-01-27,0.0923836802054101
2015-01-28,0.09224163770421567
2015-01-29,0.09209959560614323
2015-01-30,0.09195755391075977
2015-01-31,0.09179341728623447
2015-02-01,0.09162928119937908
2015-02-02,0.09146514565037123
2015-02-03,0.09130101063929974
2015-02-04,0.09113687616602029
2015-02-05,0.09097274223049956
2015-02-06,0.0908086088329263
2015-02-07,0.09064447597287861
2015-02-08,0.09048034365118918
2015-02-09,0.09031621186678107
2015-02-10,0.09015208062040925
2015-02-11,0.08998794991162962
2015-02-12,0.08982381974088627
2015-02-13,0.08965969010800157
2015-02-14,0.08949556101274236
2015-02-15,0.08933143245549724
2015-02-16,0.08916730443595533
2015-02-17,0.08900317695426097
2015-02-18,0.088839050010181
2015-02-19,0.0886749236040485
2015-02-20,0.08851079773564141
2015-02-21,0.08834667240499305
2015-02-22,0.08818254761205901
2015-02-23,0.08801842335713905
2015-02-24,0.0878542996399001
2015-02-25,0.08769017646060862
2015-02-26,0.08752605381887602
2015-02-27,0.08736193171502427
2015-02-28,0.08721962898079472
2015-03-01,0.08707732665098611
2015-03-02,0.08693502472523207
2015-03-03,0.08679272320391007
2015-03-04,0.08665042208686469
2015-03-05,0.08650812137414032
2015-03-06,0.08636582106569257
2015-03-07,0.08622352116146592
2015-03-08,0.08608122166170462
2015-03-09,0.0859389225660867
2015-03-10,0.08579662387477871
2015-03-11,0.08565432558768071
2015-03-12,0.08551202770504807
2015-03-13,0.08536973022642558
2015-03-14,0.08522743315219072
2015-03-15,0.0850851364823324
2015-03-16,0.08494284021649534
2015-03-17,0.08480054435539008
2015-03-18,0.08465824889823947
2015-03-19,0.0845159538454876
2015-03-20,0.08437365919702344
2015-03-21,0.08423136495255834
2015-03-22,0.0840890711125919
2015-03-23,0.08394677767704639
2015-03-24,0.08380448464567758
2015-03-25,0.08366219201838554
2015-03-26,0.08351989979563657
2015-03-27,0.08337760797689775
2015-03-28,0.08323531656251326
2015-03-29,0.08309302555221665
2015-03-30,0.08295073494662963
2015-03-31,0.08278964651849963
2015-04-01,0.08262855860843299
2015-04-02,0.08246747121669618
2015-04-03,0.08230638434311155
2015-04-04,0.08214529798754588
2015-04-05,0.08198421215013241
2015-04-06,0.08182312683087112
2015-04-07,0.0816620420296843
2015-04-08,0.08150095774666077
2015-04-09,0.08133987398154519
2015-04-10,0.08117879073483714
2015-04-11,0.08101770800618135
2015-04-12,0.08085662579552233
2015-04-13,0.08069554410313762
2015-04-14,0.0805344629289384
2015-04-15,0.08037338227234736
2015-04-16,0.08021230213413055
2015-04-17,0.08005122251412145
2015-04-18,0.07989014341253098
2015-04-19,0.07972906482851538
2015-04-20,0.0795679867627519
2015-04-21,0.07940690921500737
2015-04-22,0.07924583218551495
2015-04-23,0.07908475567420803
2015-04-24,0.07892367968075353
2015-04-25,0.07876260420538461
2015-04-26,0.0786015292482567
2015-04-27,0.07844045480889239
2015-04-28,0.07827938088806885
2015-04-29,0.07811830748504223
2015-04-30,0.0779049614544558
2015-05-01,0.07769161633280897
2015-05-02,0.07747827212006841
2015-05-03,0.07726492881624525
2015-05-04,0.07705158642115073
2015-05-05,0.07683824493538438
2015-05-06,0.0766249043579359
2015-05-07,0.0764115646898933
2015-05-08,0.0761982259303684
2015-05-09,0.0759848880798164
2015-05-10,0.07577155113802636
2015-05-11,0.07555821510529803
2015-05-12,0.07534487998140937
2015-05-13,0.07513154576654912
2015-05-14,0.07491821246040642
2015-05-15,0.07470488006280362
2015-05-16,0.07449154857442908
2015-05-17,0.07427821799479428
2015-05-18,0.07406488832408797
2015-05-19,0.07385155956213252
2015-05-20,0.07363823170920547
2015-05-21,0.07342490476498487
2015-05-22,0.07321157872939299
2015-05-23,0.07299825360305157
2015-05-24,0.07278492938517234
2015-05-25,0.07257160607617719
2015-05-26,0.07235828367593289
2015-05-27,0.07214496218462818
2015-05-28,0.0719316416019744
2015-05-29,0.07171832192827132
2015-05-30,0.07150500316340791
2015-05-31,0.07125190253988167
2015-06-01,0.0709988031959985
2015-06-02,0.07074570513123657
2015-06-03,0.07049260834602888
2015-06-04,0.07023951283982033
2015-06-05,0.06998641861337696
2015-06-06,0.06973332566594381
2015-06-07,0.06948023399818704
2015-06-08,0.0692271436094627
2015-06-09,0.068974054500337
2015-06-10,0.06872096667015493
2015-06-11,0.06846788011937166
2015-06-12,0.06821479484823145
2015-06-13,0.06796171085603486
2015-06-14,0.067708628143337
2015-06-15,0.06745554670970488
2015-06-16,0.06720246655544937
2015-06-17,0.06694938768042613
2015-06-18,0.06669631008470178
2015-06-19,0.06644323376828742
2015-06-20,0.06619015873100542
2015-06-21,0.06593708497285578
2015-06-22,0.06568401249418265
2015-06-23,0.06543094129445315
2015-06-24,0.0651778713743667
2015-06-25,0.06492480273317947
2015-06-26,0.06467173537124671
2015-06-27,0.06441866928855733
2015-06-28,0.06416560448503361
2015-06-29,0.06391254096068666
2015-06-30,0.06363177222934446
2015-07-01,0.06335100507260938
2015-07-02,0.06307023949041479
2015-07-03,0.06278947548300495
2015-07-04,0.06250871304983585
2015-07-05,0.0622279521914626
2015-07-06,0.061947192907441107
2015-07-07,0.061666435198315384
2015-07-08,0.06138567906353032
2015-07-09,0.0611049245035189
2015-07-10,0.0608241715176816
2015-07-11,0.06054342010647362
2015-07-12,0.060262670269983776
2015-07-13,0.05998192200769026
2015-07-14,0.059701175320125976
2015-07-15,0.059420430207013375
2015-07-16,0.05913968666839686
2015-07-17,0.058858944704154315
2015-07-18,0.05857820431437455
2015-07-19,0.058297465499057566
2015-07-20,0.05801672825829218
2015-07-21,0.057735992591700924
2015-07-22,0.057455258499661266
2015-07-23,0.0571745259821288
2015-07-24,0.056893795038959194
2015-07-25,0.056613065670119145
2015-07-26,0.056332337875619753
2015-07-27,0.05605161165561645
2015-07-28,0.05577088701005373
2015-07-29,0.055490163938709536
2015-07-30,0.05520944244178372
2015-07-31,0.054920357202448145
2015-08-01,0.05463127363268816
2015-08-02,0.054342191732359435
2015-08-03,0.05405311150175063
2015-08-04,0.053764032940450956
2015-08-05,0.05347495604889341
2015-08-06,0.05318588082677822
2015-08-07,0.052896807274360746
2015-08-08,0.052607735391130284
2015-08-09,0.052318665177397694
2015-08-10,0.05202959663321849
2015-08-11,0.05174052975834842
2015-08-12,0.051451464553087245
2015-08-13,0.05116240101741276
2015-08-14,0.05087333915116954
2015-08-15,0.05058427895413553
2015-08-16,0.0502952204266216
2015-08-17,0.05000616356849452
2015-08-18,0.049717108379765396
2015-08-19,0.04942805486036761
2015-08-20,0.04913900301058982
2015-08-21,0.04884995282992133
2015-08-22,0.04856090431877291
2015-08-23,0.0482718574767782
2015-08-24,0.04798281230420365
2015-08-25,0.04769376880123799
2015-08-26,0.04740472696720399
2015-08-27,0.04711568680247913
2015-08-28,0.04682664830751859
2015-08-29,0.04653761148146751
2015-08-30,0.04624857632463675
2015-08-31,0.045969826201897046
2015-09-01,0.0456910776320929
2015-09-02,0.04541233061445826
2015-09-03,0.045133585149537137
2015-09-04,0.04485484123725181
2015-09-05,0.044576098877247006
2015-09-06,0.04429735807021107
2015-09-07,0.04401861881538904
2015-09-08,0.043739881113291634
2015-09-09,0.0434611449637079
2015-09-10,0.04318241036666004
2015-09-11,0.04290367732204814
2015-09-12,0.04262494582983889
2015-09-13,0.04234621589022103
2015-09-14,0.04206748750301692
2015-09-15,0.04178876066849302
2015-09-16,0.041510035386349564
2015-09-17,0.04123131165657545
2015-09-18,0.04095258947933722
2015-09-19,0.04067386885442392
2015-09-20,0.0403951497820243
2015-09-21,0.04011643226194961
2015-09-22,0.03983771629466615
2015-09-23,0.03955900187924133
2015-09-24,0.03928028901657443
2015-09-25,0.03900157770632129
2015-09-26,0.03872286794830426
2015-09-27,0.03844415974258997
2015-09-28,0.03816545308940045
2015-09-29,0.03788674798852476
2015-09-30,0.03759063402242191
2015-10-01,0.037294521808761694
2015-10-02,0.03699841134743309
2015-10-03,0.036702302638425
2015-10-04,0.03640619568178183
2015-10-05,0.03611009047738145
2015-10-06,0.03581398702526828
2015-10-07,0.035517885325464515
2015-10-08,0.03522178537781473
2015-10-09,0.034925687182540965
2015-10-10,0.034629590739310157
2015-10-11,0.034333496048677414
2015-10-12,0.034037403110032116
2015-10-13,0.03374131192361851
2015-10-14,0.03344522248950321
2015-10-15,0.0331491348075752
2015-10-16,0.03285304887761242
2015-10-17,0.032556964700047875
2015-10-18,0.032260882274592895
2015-10-19,0.03196480160139181
2015-10-20,0.03166872268020038
2015-10-21,0.03137264551124064
2015-10-22,0.03107657009426834
2015-10-23,0.030780496429505533
2015-10-24,0.030484424516696862
2015-10-25,0.030188354356330827
2015-10-26,0.029892285947941133
2015-10-27,0.02959621929131684
2015-10-28,0.02930015438697975
2015-10-29,0.02900409123451908
2015-10-30,0.028708029834423332
2015-10-31,0.028389765825820312
2015-11-01,0.02807150384211976
2015-11-02,0.02775324388269995
2015-11-03,0.027434985948449064
2015-11-04,0.02711673003873427
2015-11-05,0.026798476153233608
2015-11-06,0.026480224292757537
2015-11-07,0.026161974456684334
2015-11-08,0.02584372664512502
2015-11-09,0.02552548085830164
2015-11-10,0.025207237096069868
2015-11-11,0.024888995358207655
2015-11-12,0.024570755645014764
2015-11-13,0.02425251795613592
2015-11-14,0.023934282292081832
2015-11-15,0.023616048652419508
2015-11-16,0.023297817037226665
2015-11-17,0.022979587446259053
2015-11-18,0.022661359880282728
2015-11-19,0.022343134338276283
2015-11-20,0.022024910820928056
2015-11-21,0.021706689327960493
2015-11-22,0.021388469859395798
2015-11-23,0.021070252415222868
2015-11-24,0.02075203699538619
2015-11-25,0.020433823599907974
2015-11-26,0.020115612228821522
2015-11-27,0.01979740288210463
2015-11-28,0.0194791955597573
2015-11-29,0.01916099026157969
2015-11-30,0.01883511292226636
2015-12-01,0.018509237706154646
2015-12-02,0.018183364613033604
2015-12-03,0.017857493642803313
2015-12-04,0.017531624795863454
2015-12-05,0.017205758071947574
2015-12-06,0.01687989347108898
2015-12-07,0.016554030993110036
2015-12-08,0.01622817063839932
2015-12-09,0.01590231240645723
2015-12-10,0.015576456297650143
2015-12-11,0.015250602311689399
2015-12-12,0.01492475044864161
2015-12-13,0.014598900708606699
2015-12-14,0.01427305309156246
2015-12-15,0.013947207597331257
2015-12-16,0.013621364226046317
2015-12-17,0.013295522977585517
2015-12-18,0.012969683852304126
2015-12-19,0.012643846849713647
2015-12-20,0.012318011969636444
2015-12-21,0.011992179212594323
2015-12-22,0.011666348578553976
2015-12-23,0.011340520067226745
2015-12-24,0.011014693678579324
2015-12-25,0.010688869412855961
2015-12-26,0.010363047269856818
2015-12-27,0.010037227249437564
2015-12-28,0.009711409351864653
2015-12-29,0.009385593577149187
2015-12-30,0.009059779924880385
2015-12-31,0.008555992355352426
2016-01-01,0.008052209860798243
2016-01-02,0.007548432441373265
2016-01-03,0.007044660096755528
2016-01-04,0.00654089282737802
2016-01-05,0.006037130632940979
2016-01-06,0.005533373513211259
2016-01-07,0.005029621468199963
2016-01-08,0.004525874497984805
2016-01-09,0.004022132602621298
2016-01-10,0.0035183957819762135
2016-01-11,0.0030146640358608146
2016-01-12,0.002510937363986443
2016-01-13,0.002007215766997028
2016-01-14,0.0015034992445261963
2016-01-15,0.0009997877961742674
2016-01-16,0.0004960814222410015
2016-01-17,-7.619877273601361e-06
2016-01-18,-0.0005113161026637503
2016-01-19,-0.0010150072537906674
2016-01-20,-0.0015186933308708461
2016-01-21,-0.002022374333482402
2016-01-22,-0.002526050262369184
2016-01-23,-0.0030297211174590277
2016-01-24,-0.0035333868984077643
2016-01-25,-0.004037047605204291
2016-01-26,-0.004540703238581356
2016-01-27,-0.005044353797745149
2016-01-28,-0.005547999283433969
2016-01-29,-0.006051639695353606
2016-01-30,-0.006555275033814922
2016-01-31,-0.007150810183959022
2016-02-01,-0.007746338240099959
2016-02-02,-0.008341859202015689
2016-02-03,-0.008937373069756172
2016-02-04,-0.009532879843893172
2016-02-05,-0.010128379524143583
2016-02-06,-0.010723872110518506
2016-02-07,-0.011319357603190028
2016-02-08,-0.011914836002580032
2016-02-09,-0.01251030730815006
2016-02-10,-0.013105771520416365
2016-02-11,-0.013701228639401153
2016-02-12,-0.014296678665015605
2016-02-13,-0.014892121597592789
2016-02-14,-0.015487557436971722
2016-02-15,-0.016082986183663106
2016-02-16,-0.01667840783711738
2016-02-17,-0.017273822397700922
2016-02-18,-0.01786922986597994
2016-02-19,-0.018464630241227242
2016-02-20,-0.01906002352410896
2016-02-21,-0.019655409714369743
2016-02-22,-0.020250788812248288
2016-02-23,-0.02084616081791113
2016-02-24,-0.021441525731391575
2016-02-25,-0.02203688355237321
2016-02-26,-0.02263223428172756
2016-02-27,-0.02322757791908825
2016-02-28,-0.023768967808651675
2016-02-29,-0.024312679484039812
2016-03-01,-0.024856385243982038
2016-03-02,-0.025400085088450597
2016-03-03,-0.025943779018122726
2016-03-04,-0.026487467032615397
2016-03-05,-0.027031149132061838
2016-03-06,-0.027574825316600826
2016-03-07,-0.028118495586504366
2016-03-08,-0.028662159941256204
2016-03-09,-0.029205818381411452
2016-03-10,-0.029749470906903497
2016-03-11,-0.030293117517632417
2016-03-12,-0.030836758213864668
2016-03-13,-0.03138039299579454
2016-03-14,-0.031924021863316554
2016-03-15,-0.032467644816014385
2016-03-16,-0.03301126185482617
2016-03-17,-0.03355487297944659
2016-03-18,-0.03409847818969247
2016-03-19,-0.03464207748593018
2016-03-20,-0.03518567086815416
2016-03-21,-0.03572925833635332
2016-03-22,-0.036272839890538755
2016-03-23,-0.03681641553097137
2016-03-24,-0.03735998525787321
2016-03-25,-0.03790354907099447
2016-03-26,-0.03844710697016307
2016-03-27,-0.038990658955861957
2016-03-28,-0.03953420502783578
2016-03-29,-0.040077745186789526
2016-03-30,-0.040669459182351986
2016-03-31,-0.04132590764696076
2016-04-01,-0.04198234748594154
2016-04-02,-0.04263877869947197
2016-04-03,-0.04329520128787956
2016-04-04,-0.043951615251131004
2016-04-05,-0.0446080205892041
2016-04-06,-0.045264417302381954
2016-04-07,-0.045920805390808894
2016-04-08,-0.046577184854451614
2016-04-09,-0.047233555693415585
2016-04-10,-0.047889917907939505
2016-04-11,-0.04854627149821211
2016-04-12,-0.04920261646411128
2016-04-13,-0.04985895280565922
2016-04-14,-0.050515280523527606
2016-04-15,-0.051171599617322316
2016-04-16,-0.051827910087470785
2016-04-17,-0.052484211933678804
2016-04-18,-0.053140505156357154
2016-04-19,-0.05379678975563906
2016-04-20,-0.05445306573153008
2016-04-21,-0.05510933308416344
2016-04-22,-0.05576559181370566
2016-04-23,-0.056421841920201166
2016-04-24,-0.05707808340380538
2016-04-25,-0.057734316264668184
2016-04-26,-0.05839054050284509
2016-04-27,-0.05904675611851373
2016-04-28,-0.05970296311157974
2016-04-29,-0.06044398987130606
2016-04-30,-0.061253552330042815
2016-05-01,-0.06206310166502749
2016-05-02,-0.06287263787659314
2016-05-03,-0.06368216096481749
2016-05-04,-0.06449167093003916
2016-05-05,-0.06530116777238026
2016-05-06,-0.06611065149212947
2016-05-07,-0.06692012208957543
2016-05-08,-0.06772957956463488
2016-05-09,-0.06853902391791289
2016-05-10,-0.06934845514918742
2016-05-11,-0.07015787325906353
2016-05-12,-0.07096727824733029
2016-05-13,-0.07177667011474265
2016-05-14,-0.07258604886105635
2016-05-15,-0.07339541448683762
2016-05-16,-0.07420476699193101
2016-05-17,-0.07501410637695272
2016-05-18,-0.07582343264160296
2016-05-19,-0.07663274578659784
2016-05-20,-0.07744204581189851
2016-05-21,-0.07825133271765483
2016-05-22,-0.0790606065042887
2016-05-23,-0.07986986717206657
2016-05-24,-0.08067911472080525
2016-05-25,-0.08148834915100989
2016-05-26,-0.08229757046286368
2016-05-27,-0.08310677865657756
2016-05-28,-0.08391597373232917
2016-05-29,-0.08472515569028505
2016-05-30,-0.08552625621988663
2016-05-31,-0.0863276173945493
2016-06-01,-0.08712896570363116
2016-06-02,-0.08793030114753186
2016-06-03,-0.08873162372590171
2016-06-04,-0.08953293343962332
2016-06-05,-0.09033423028814158
2016-06-06,-0.09113551427251121
2016-06-07,-0.09193678539212713
2016-06-08,-0.09273804364783866
2016-06-09,-0.09353928903967912
2016-06-10,-0.09434052156758743
2016-06-11,-0.09514174123212427
2016-06-12,-0.09594294803319525
2016-06-13,-0.09674414197114456
2016-06-14,-0.09754532304616648
2016-06-15,-0.09834649125849415
2016-06-16,-0.099147646608444
2016-06-17,-0.09994878909597715
2016-06-18,-0.10074991872134342
2016-06-19,-0.1015510354850313
2016-06-20,-0.10235213938691312
2016-06-21,-0.10315323042741076
2016-06-22,-0.10395430860646315
2016-06-23,-0.10475537392457546
2016-06-24,-0.10555642638188645
2016-06-25,-0.10635746597844609
2016-06-26,-0.10715849271460409
2016-06-27,-0.10795950659057696
2016-06-28,-0.10876050760651457
2016-06-29,-0.10932612273045761
2016-06-30,-0.10988421368499646
2016-07-01,-0.11044229839672903
2016-07-02,-0.11100037686526676
2016-07-03,-0.11155844909132573
2016-07-04,-0.11211651507423426
2016-07-05,-0.11267457481476395
2016-07-06,-0.11323262831255954
2016-07-07,-0.11379067556798739
2016-07-08,-0.11434871658065338
2016-07-09,-0.11490675135108486
2016-07-10,-0.11546477987923742
2016-07-11,-0.11602280216504446
2016-07-12,-0.11658081820859478
2016-07-13,-0.1171388280101826
2016-07-14,-0.11769683156959698
2016-07-15,-0.11825482888709327
2016-07-16,-0.11881281996262705
2016-07-17,-0.11937080479629825
2016-07-18,-0.1199287833882734
2016-07-19,-0.1204867557385414
2016-07-20,-0.12104472184714665
2016-07-21,-0.12160268171405031
2016-07-22,-0.12216063533957433
2016-07-23,-0.12271858272374092
2016-07-24,-0.12327652386652788
2016-07-25,-0.1238344587679241
2016-07-26,-0.12439238742824044
2016-07-27,-0.12495030984740474
2016-07-28,-0.1255082260254725
2016-07-29,-0.1260661359624271
2016-07-30,-0.12657963191066712
2016-07-31,-0.12708806691624774
2016-08-01,-0.12759649673872442
2016-08-02,-0.12810492137781404
2016-08-03,-0.12861334083379972
2016-08-04,-0.12912175510678137
2016-08-05,-0.12963016419655915
2016-08-06,-0.13013856810341062
2016-08-07,-0.13064696682743016
2016-08-08,-0.13115536036856779
2016-08-09,-0.131663748726768
2016-08-10,-0.13217213190233612
2016-08-11,-0.13268050989518887
2016-08-12,-0.13318888270524853
2016-08-13,-0.13369725033271496
2016-08-14,-0.13420561277773801
2016-08-15,-0.13471397004015673
2016-08-16,-0.13522232212014318
2016-08-17,-0.13573066901782505
2016-08-18,-0.13623901073298028
2016-08-19,-0.13674734726594195
2016-08-20,-0.13725567861672672
2016-08-21,-0.1377640047852402
2016-08-22,-0.13827232577163784
2016-08-23,-0.13878064157593628
2016-08-24,-0.139288952198241
2016-08-25,-0.13979725763846318
2016-08-26,-0.14030555789694144
2016-08-27,-0.14081385297344262
2016-08-28,-0.14132214286811662
2016-08-29,-0.14183042758105224
2016-08-30,-0.14230401166084872
2016-08-31,-0.1427912508783047
2016-09-01,-0.14327848533420284
2016-09-02,-0.14376571502844882
2016-09-03,-0.14425293996134236
2016-09-04,-0.14474016013275026
2016-09-05,-0.14522737554266696
2016-09-06,-0.14571458619133115
2016-09-07,-0.14620179207861517
2016-09-08,-0.14668899320465778
2016-09-09,-0.14717618956942013
2016-09-10,-0.14766338117309097
2016-09-11,-0.1481505680155537
2016-09-12,-0.14863775009701374
2016-09-13,-0.14912492741741
2016-09-14,-0.14961209997678138
2016-09-15,-0.1500992677752111
2016-09-16,-0.15058643081282685
2016-09-17,-0.15107358908952317
2016-09-18,-0.1515607426054777
2016-09-19,-0.15204789136065155
2016-09-20,-0.1525350353550503
2016-09-21,-0.15302217458877387
2016-09-22,-0.1535093090620998
2016-09-23,-0.15399643877468394
2016-09-24,-0.1544835637266484
2016-09-25,-0.1549706839183096
2016-09-26,-0.15545779934957316
2016-09-27,-0.1559449100202892
2016-09-28,-0.15643201593062428
2016-09-29,-0.15690368621200657
2016-09-30,-0.15738108739891676
2016-10-01,-0.1578584840131403
2016-10-02,-0.1583358760549325
2016-10-03,-0.1588132635241435
2016-10-04,-0.15929064642096757
2016-10-05,-0.15976802474527152
2016-10-06,-0.16024539849722186
2016-10-07,-0.16072276767702953
2016-10-08,-0.16120013228431707
2016-10-09,-0.16167749231946194
2016-10-10,-0.16215484778253075
2016-10-11,-0.16263219867331258
2016-10-12,-0.16310954499207386
2016-10-13,-0.16358688673864252
2016-10-14,-0.16406422391330722
2016-10-15,-0.16454155651593472
2016-10-16,-0.16501888454668046
2016-10-17,-0.16549620800558884
2016-10-18,-0.1659735268925433
2016-10-19,-0.1664508412077048
2016-10-20,-0.1669281509512066
2016-10-21,-0.1674054561228877
2016-10-22,-0.16788275672298125
2016-10-23,-0.16836005275147614
2016-10-24,-0.16883734420833907
2016-10-25,-0.16931463109361444
2016-10-26,-0.1697919134074688
2016-10-27,-0.17026919114985772
2016-10-28,-0.17074646432075347
2016-10-29,-0.17122373292038917
2016-10-30,-0.17168584368337236
2016-10-31,-0.1721528647346593
2016-11-01,-0.17261988140889195
2016-11-02,-0.17308689370580943
2016-11-03,-0.17355390162575035
2016-11-04,-0.1740209051684649
2016-11-05,-0.17448790433429173
2016-11-06,-0.17495489912303652
2016-11-07,-0.1754218895348325
2016-11-08,-0.17588887556977406
2016-11-09,-0.176355857227678
2016-11-10,-0.17682283450888847
2016-11-11,-0.1772898074132223
2016-11-12,-0.17775677594086825
2016-11-13,-0.17822374009179298
2016-11-14,-0.17869069986606312
2016-11-15,-0.17915765526371197
2016-11-16,-0.17962460628466737
2016-11-17,-0.18009155292917356
2016-11-18,-0.1805584951971584
2016-11-19,-0.1810254330886385
2016-11-20,-0.18149236660374157
2016-11-21,-0.1819592957424898
2016-11-22,-0.1824262205047722
2016-11-23,-0.18289314089090514
2016-11-24,-0.183360056900711
2016-11-25,-0.1838269685342564
2016-11-26,-0.1842938757916246
2016-11-27,-0.18476077867291552
2016-11-28,-0.18522767717810695
2016-11-29,-0.18568488139817374
2016-11-30,-0.18614494745187726
2016-12-01,-0.18660500925679058
2016-12-02,-0.18706506681260837
2016-12-03,-0.18752512011944167
2016-12-04,-0.18798516917757357
2016-12-05,-0.18844521398673764
2016-12-06,-0.1889052545471559
2016-12-07,-0.1893652908588339
2016-12-08,-0.18982532292176613
2016-12-09,-0.1902853507360025
2016-12-10,-0.19074537430166516
2016-12-11,-0.19120539361860978
2016-12-12,-0.19166540868701398
2016-12-13,-0.1921254195069888
2016-12-14,-0.19258542607842322
2016-12-15,-0.1930454284014005
2016-12-16,-0.19350542647593727
2016-12-17,-0.1939654203021557
2016-12-18,-0.19442540988000578
2016-12-19,-0.1948853952096541
2016-12-20,-0.19534537629105064
2016-12-21,-0.19580535312411218
2016-12-22,-0.196265325709033
2016-12-23,-0.19672529404591854
2016-12-24,-0.19718525813469112
2016-12-25,-0.19764521797537293
2016-12-26,-0.19810517356806945
2016-12-27,-0.19856512491276956
2016-12-28,-0.19902507200946218
2016-12-29,-0.19948501485829717
2016-12-30,-0.1999197123147889
2016-12-31,-0.20035672543456395
2017-01-01,-0.20079373471932338
2017-01-02,-0.2012307401691893
2017-01-03,-0.20166774178418945
2017-01-04,-0.2021047395643072
2017-01-05,-0.20254173350973126
2017-01-06,-0.2029787236202063
2017-01-07,-0.2034157098960876
2017-01-08,-0.20385269233730297
2017-01-09,-0.20428967094375805
2017-01-10,-0.20472664571551946
2017-01-11,-0.20516361665270932
2017-01-12,-0.2056005837553776
2017-01-13,-0.20603754702352983
2017-01-14,-0.2064745064570661
2017-01-15,-0.20691146205623623
2017-01-16,-0.20734841382096247
2017-01-17,-0.20778536175119489
2017-01-18,-0.20822230584713886
2017-01-19,-0.20865924610868336
2017-01-20,-0.20909618253597828
2017-01-21,-0.20953311512886819
2017-01-22,-0.20997004388766394
2017-01-23,-0.21040696881220455
2017-01-24,-0.21084388990262326
2017-01-25,-0.21128080715896447
2017-01-26,-0.2117177205810783
2017-01-27,-0.21215463016910352
2017-01-28,-0.21259153592324553
2017-01-29,-0.21302843784321568
2017-01-30,-0.21343737359035275
2017-01-31,-0.21384780639747691
2017-02-01,-0.2142582358211076
2017-02-02,-0.21466866186125588
2017-02-03,-0.21507908451787183
2017-02-04,-0.2154895037910054
2017-02-05,-0.21589991968077316
2017-02-06,-0.2163103321871418
2017-02-07,-0.21672074131011687
2017-02-08,-0.21713114704971503
2017-02-09,-0.2175415494059585
2017-02-10,-0.2179519483789194
2017-02-11,-0.21836234396864773
2017-02-12,-0.21877273617514348
2017-02-13,-0.2191831249984788
2017-02-14,-0.21959351043845943
2017-02-15,-0.2200038924954073
2017-02-16,-0.22041427116920587
2017-02-17,-0.22082464645991617
2017-02-18,-0.22123501836759374
2017-02-19,-0.22164538689216084
2017-02-20,-0.22205575203377848
2017-02-21,-0.22246611379239112
2017-02-22,-0.22287647216803208
2017-02-23,-0.2232868271606847
2017-02-24,-0.2236971787703934
2017-02-25,-0.22410752699734693
2017-02-26,-0.2245178718414398
2017-02-27,-0.22494812335109304
2017-02-28,-0.22538028032357826
2017-03-01,-0.2258124335440037
2017-03-02,-0.22624458301236383
2017-03-03,-0.22667672872888067
2017-03-04,-0.22710887069322672
2017-03-05,-0.22754100890574613
2017-03-06,-0.2279731433663279
2017-03-07,-0.22840527407501088
2017-03-08,-0.22883740103197825
2017-03-09,-0.22926952423691915
2017-03-10,-0.2297016436901389
2017-03-11,-0.23013375939164304
2017-03-12,-0.23056587134153705
2017-03-13,-0.23099797953956558
2017-03-14,-0.2314300839861505
2017-03-15,-0.2318621846808755
2017-03-16,-0.23229428162418464
2017-03-17,-0.23272637481598357
2017-03-18,-0.2331584642560669
2017-03-19,-0.23359054994479544
2017-03-20,-0.23402263188200823
2017-03-21,-0.23445471006784402
2017-03-22,-0.23488678450233613
2017-03-23,-0.23531885518539575
2017-03-24,-0.2357509221171339
2017-03-25,-0.2361829852975894
2017-03-26,-0.23661504472678452
2017-03-27,-0.23704710040478028
2017-03-28,-0.23747915233154337
2017-03-29,-0.23791120050718484
2017-03-30,-0.23832361290850868
2017-03-31,-0.23873683989310557
2017-04-01,-0.2391500634463195
2017-04-02,-0.23956328356802836
2017-04-03,-0.2399765002582932
2017-04-04,-0.24038971351713623
2017-04-05,-0.240802923344563
2017-04-06,-0.24121612974087325
2017-04-07,-0.24162933270560627
2017-04-08,-0.24204253223911731
2017-04-09,-0.2424557283415063
2017-04-10,-0.24286892101255675
2017-04-11,-0.24328211025239632
2017-04-12,-0.24369529606105833
2017-04-13,-0.24410847843860384
2017-04-14,-0.24452165738511056
2017-04-15,-0.24493483290036755
2017-04-16,-0.24534800498465792
2017-04-17,-0.24576117363790395
2017-04-18,-0.246174338860089
2017-04-19,-0.2465875006514462
2017-04-20,-0.2470006590117313
2017-04-21,-0.2474138139411497
2017-04-22,-0.247826965439657
2017-04-23,-0.24824011350729758
2017-04-24,-0.24865325814414918
2017-04-25,-0.24906639935010078
2017-04-26,-0.24947953712537996
2017-04-27,-0.24989267146994232
2017-04-28,-0.2503058023837379
2017-04-29,-0.25068608164434125
2017-04-30,-0.25107099219018325
2017-05-01,-0.2514558997580685
2017-05-02,-0.2518408043479803
2017-05-03,-0.25222570595976324
2017-05-04,-0.2526106045936338
2017-05-05,-0.25299550024946993
2017-05-06,-0.253380392927427
2017-05-07,-0.2537652826275216
2017-05-08,-0.25415016934958734
2017-05-09,-0.2545350530939239
2017-05-10,-0.25491993386039247
2017-05-11,-0.255304811648982
2017-05-12,-0.2556896864597036
2017-05-13,-0.2560745582928403
2017-05-14,-0.25645942714813685
2017-05-15,-0.2568442930255488
2017-05-16,-0.2572291559254314
2017-05-17,-0.25761401584764587
2017-05-18,-0.257998872792109
2017-05-19,-0.25838372675897614
2017-05-20,-0.25876857774824735
2017-05-21,-0.25915342575978384
2017-05-22,-0.25953827079390757
2017-05-23,-0.2599231128504409
2017-05-24,-0.2603079519294227
2017-05-25,-0.26069278803089735
2017-05-26,-0.26107762115494815
2017-05-27,-0.2614624513015862
2017-05-28,-0.2618472784706116
2017-05-29,-0.2622321026623131
2017-05-30,-0.26257427224381513
2017-05-31,-0.2629191648175433
2017-06-01,-0.26326405499957906
2017-06-02,-0.2636089427902166
2017-06-03,-0.26395382818933943
2017-06-04,-0.26429871119680315
2017-06-05,-0.2646435918127743
2017-06-06,-0.2649884700373528
2017-06-07,-0.2653333458703
2017-06-08,-0.2656782193119378
2017-06-09,-0.2660230903621552
2017-06-10,-0.26636795902075794
2017-06-11,-0.26671282528810125
2017-06-12,-0.2670576891639742
2017-06-13,-0.2674025506485267
2017-06-14,-0.26774740974159217
2017-06-15,-0.268092266443537
2017-06-16,-0.2684371207540004
2017-06-17,-0.2687819726731988
2017-06-18,-0.26912682220106565
2017-06-19,-0.2694716693377619
2017-06-20,-0.2698165140829323
2017-06-21,-0.2701613564370764
2017-06-22,-0.27050619639998885
2017-06-23,-0.270851033971653
2017-06-24,-0.2711958691519911
2017-06-25,-0.27154070194128077
2017-06-26,-0.2718855323394387
2017-06-27,-0.2722303603464593
2017-06-28,-0.2725751859622927
2017-06-29,-0.27290270683179574
2017-06-30,-0.2732299530659288
2017-07-01,-0.2735571971466677
2017-07-02,-0.27388443907370164
2017-07-03,-0.2742116788473359
2017-07-04,-0.2745389164673595
2017-07-05,-0.27486615193392794
2017-07-06,-0.27519338524697456
2017-07-07,-0.2755206164066881
2017-07-08,-0.27584784541277996
2017-07-09,-0.2761750722654721
2017-07-10,-0.2765022969647757
2017-07-11,-0.2768295195106574
2017-07-12,-0.277156739903206
2017-07-13,-0.27748395814213844
2017-07-14,-0.27781117422788215
2017-07-15,-0.27813838816030945
2017-07-16,-0.278465599939387
2017-07-17,-0.27879280956494834
2017-07-18,-0.27912001703737643
2017-07-19,-0.2794472223563549
2017-07-20,-0.27977442552219456
2017-07-21,-0.28010162653459014
2017-07-22,-0.28042882539394687
2017-07-23,-0.28075602209985395
2017-07-24,-0.2810832166527055
2017-07-25,-0.28141040905222403
2017-07-26,-0.28173759929857045
2017-07-27,-0.2820647873917448
2017-07-28,-0.28239197333179145
2017-07-29,-0.28271915711861606
2017-07-30,-0.2830474284424733
2017-07-31,-0.2833767872889137
2017-08-01,-0.28370614395351046
2017-08-02,-0.2840354984362581
2017-08-03,-0.28436485073708995
2017-08-04,-0.2846942008561726
2017-08-05,-0.2850235487932451
2017-08-06,-0.28535289454862944
2017-08-07,-0.28568223812213134
2017-08-08,-0.28601157951394507
2017-08-09,-0.2863409187239041
2017-08-10,-0.28667025575200844
2017-08-11,-0.2869995905985967
2017-08-12,-0.2873289232632248
2017-08-13,-0.2876582537462258
2017-08-14,-0.28798758204752195
2017-08-15,-0.28831690816701894
2017-08-16,-0.2886462321049055
2017-08-17,-0.2889755538611427
2017-08-18,-0.2893048734356418
2017-08-19,-0.28963419082865816
2017-08-20,-0.289963506040003
2017-08-21,-0.2902928190697873
2017-08-22,-0.29062212991794456
2017-08-23,-0.2909514385843581
2017-08-24,-0.29128074506938884
2017-08-25,-0.29161004937280355
2017-08-26,-0.29193935149463557
2017-08-27,-0.2922686514350237
2017-08-28,-0.2925979491939179
2017-08-29,-0.2929272447712905
2017-08-30,-0.29325163556788714
2017-08-31,-0.29357098546457516
2017-09-01,-0.29389033330967096
2017-09-02,-0.294209679102847
2017-09-03,-0.2945290228443753
2017-09-04,-0.29484836453426144
2017-09-05,-0.2951677041724998
2017-09-06,-0.29548704175900165
2017-09-07,-0.2958063772938724
2017-09-08,-0.2961257107771398
2017-09-09,-0.296445042208876
2017-09-10,-0.29676437158895896
2017-09-11,-0.29708369891738307
2017-09-12,-0.29740302419429265
2017-09-13,-0.29772234741959336
2017-09-14,-0.2980416685933629
2017-09-15,-0.29836098771566233
2017-09-16,-0.2986803047863251
2017-09-17,-0.29899961980555667
2017-09-18,-0.2993189327733181
2017-09-19,-0.2996382436895262
2017-09-20,-0.2999575525543141
2017-09-21,-0.3002768593675986
2017-09-22,-0.30059616412945744
2017-09-23,-0.3009154668399072
2017-09-24,-0.30123476749889244
2017-09-25,-0.3015540661064964
2017-09-26,-0.30187336266280784
2017-09-27,-0.30219265716762145
2017-09-28,-0.30251194962098715
2017-09-29,-0.30281163339606065
2017-09-30,-0.3031144469792191
2017-10-01,-0.3034172587171813
2017-10-02,-0.3037200686102193
2017-10-03,-0.3040228766580444
2017-10-04,-0.30432568286082873
2017-10-05,-0.3046284872185778
2017-10-06,-0.30493128973133055
2017-10-07,-0.30523409039909244
2017-10-08,-0.30553688922178024
2017-10-09,-0.3058396861994772
2017-10-10,-0.3061424813321445
2017-10-11,-0.3064452746198931
2017-10-12,-0.3067480660625399
2017-10-13,-0.3070508556603957
2017-10-14,-0.3073536434131552
2017-10-15,-0.30765642932107373
2017-10-16,-0.30795921338405696
2017-10-17,-0.3082619956020105
2017-10-18,-0.3085647759751009
2017-10-19,-0.3088675545034447
2017-10-20,-0.3091703311867311
2017-10-21,-0.30947310602527645
2017-10-22,-0.30977587901891424
2017-10-23,-0.31007865016756675
2017-10-24,-0.31038141947157816
2017-10-25,-0.3106841869307486
2017-10-26,-0.3109869525450393
2017-10-27,-0.3112897163144668
2017-10-28,-0.3115924782392254
2017-10-29,-0.31189523831914867
2017-10-30,-0.3121936403468806
2017-10-31,-0.31249326576592296
2017-11-01,-0.3127928893783438
2017-11-02,-0.31309251118384895
2017-11-03,-0.3133921311825827
2017-11-04,-0.31369174937471156
2017-11-05,-0.3139913657599691
2017-11-06,-0.3142909803384497
2017-11-07,-0.3145905931102533
2017-11-08,-0.314890204075452
2017-11-09,-0.31518981323396256
2017-11-10,-0.31548942058551854
2017-11-11,-0.31578902613055293
2017-11-12,-0.31608862986893804
2017-11-13,-0.3163882318006017
2017-11-14,-0.3166878319256661
2017-11-15,-0.3169874302441811
2017-11-16,-0.3172870267560024
2017-11-17,-0.31758662146115224
2017-11-18,-0.3178862143597583
2017-11-19,-0.3181858054516207
2017-11-20,-0.3184853947371835
2017-11-21,-0.3187849822159583
2017-11-22,-0.3190845678881171
2017-11-23,-0.31938415175385426
2017-11-24,-0.31968373381314197
2017-11-25,-0.31998331406581926
2017-11-26,-0.32028289251187503
2017-11-27,-0.3205824691514758
2017-11-28,-0.3208820439846882
2017-11-29,-0.32118733349911777
2017-11-30,-0.3214792826674806
2017-12-01,-0.321771230120077
2017-12-02,-0.3220631758569015
2017-12-03,-0.3223551198781094
2017-12-04,-0.3226470621837174
2017-12-05,-0.32293900277345355
2017-12-06,-0.32323094164771193
2017-12-07,-0.3235228788063149
2017-12-08,-0.32381481424916814
2017-12-09,-0.3241067479764381
2017-12-10,-0.3243986799881138
2017-12-11,-0.3246906102841396
2017-12-12,-0.32498253886462103
2017-12-13,-0.32527446572953034
2017-12-14,-0.32556639087881756
2017-12-15,-0.32585831431243273
2017-12-16,-0.32615023603065896
2017-12-17,-0.32644215603333526
2017-12-18,-0.3267340743203617
2017-12-19,-0.3270259908919326
2017-12-20,-0.32731790574801467
2017-12-21,-0.32760981888857454
2017-12-22,-0.32790173031359005
2017-12-23,-0.3281936400232166
2017-12-24,-0.3284855480172766
2017-12-25,-0.32877745429589766
2017-12-26,-0.3290693588590299
2017-12-27,-0.3293612617067898
2017-12-28,-0.3296531628390831
2017-12-29,-0.32994506225592635
2017-12-30,-0.3301494590484011
2017-12-31,-0.33034446530560424
2018-01-01,-0.330539470797403
2018-01-02,-0.33073447552325885
2018-01-03,-0.330929479483727
2018-01-04,-0.33112448267856864
2018-01-05,-0.3313194851078005
2018-01-06,-0.33151448677151696
2018-01-07,-0.3317094876695459
2018-01-08,-0.3319044878018984
2018-01-09,-0.33209948716889093
2018-01-10,-0.33229448577021814
2018-01-11,-0.33248948360591335
2018-01-12,-0.3326844806761875
2018-01-13,-0.33287947698080744
2018-01-14,-0.33307447251976763
2018-01-15,-0.33326946729321794
2018-01-16,-0.33346446130118057
2018-01-17,-0.3336594545435556
2018-01-18,-0.33385444702035416
2018-01-19,-0.33404943873169834
2018-01-20,-0.3342444296774161
2018-01-21,-0.33443941985757397
2018-01-22,-0.3346344092721554
2018-01-23,-0.33482939792121025
2018-01-24,-0.33502438580479965
2018-01-25,-0.3352193729228792
2018-01-26,-0.3354143592753489
2018-01-27,-0.33560934486221994
2018-01-28,-0.3358043296837476
2018-01-29,-0.33599931373973213
2018-01-30,-0.3361402787841028
2018-01-31,-0.3363085927463427
2018-02-01,-0.33647690613825
2018-02-02,-0.3366452189596858
2018-02-03,-0.33681353121080004
2018-02-04,-0.3369818428913651
2018-02-05,-0.3371501540015087
2018-02-06,-0.33731846454136405
2018-02-07,-0.33748677451068687
2018-02-08,-0.3376550839095771
2018-02-09,-0.33782339273814577
2018-02-10,-0.33799170099627074
2018-02-11,-0.338160008683952
2018-02-12,-0.33832831580131173
2018-02-13,-0.33849662234821665
2018-02-14,-0.3386649283246834
2018-02-15,-0.33883323373075647
2018-02-16,-0.33900153856646353
2018-02-17,-0.3391698428318435
2018-02-18,-0.3393381465267187
2018-02-19,-0.33950644965127785
2018-02-20,-0.33967475220541554
2018-02-21,-0.33984305418916505
2018-02-22,-0.3400113556024653
2018-02-23,-0.3401796564454995
2018-02-24,-0.34034795671805673
2018-02-25,-0.3405162564202924
2018-02-26,-0.34068455555216204
2018-02-27,-0.3408528541136102
2018-02-28,-0.3410219684326199
2018-03-01,-0.34119108217579575
2018-03-02,-0.3413601953430101
2018-03-03,-0.3415293079342463
2018-03-04,-0.3416984199496709
2018-03-05,-0.34186753138908954
2018-03-06,-0.3420366422526466
2018-03-07,-0.342205752540381
2018-03-08,-0.34237486225209834
2018-03-09,-0.3425439713880096
2018-03-10,-0.3427130799479483
2018-03-11,-0.3428821879318644
2018-03-12,-0.3430512953401521
2018-03-13,-0.3432204021723173
2018-03-14,-0.3433895084288152
2018-03-15,-0.34355861410919064
2018-03-16,-0.34372771921376555
2018-03-17,-0.3438968237424622
2018-03-18,-0.3440659276953473
2018-03-19,-0.3442350310722486
2018-03-20,-0.344404133873194
2018-03-21,-0.34457323609839996
2018-03-22,-0.34474233774767216
2018-03-23,-0.3449114388210883
2018-03-24,-0.34508053931865956
2018-03-25,-0.34524963924035257
2018-03-26,-0.3454187385861507
2018-03-27,-0.34558783735600396
2018-03-28,-0.3457569355501455
2018-03-29,-0.3459260331683034
2018-03-30,-0.34609513021060523
2018-03-31,-0.34619879205655124
2018-04-01,-0.3463024536859649
2018-04-02,-0.3464061150990072
2018-04-03,-0.3465097762956726
2018-04-04,-0.34661343727586114
2018-04-05,-0.3467170980397283
2018-04-06,-0.3468207585870575
2018-04-07,-0.34692441891813197
2018-04-08,-0.347028079032774
2018-04-09,-0.34713173893088367
2018-04-10,-0.34723539861261643
2018-04-11,-0.3473390580779889
2018-04-12,-0.34744271732692344
2018-04-13,-0.3475463763594977
2018-04-14,-0.347650035175634
2018-04-15,-0.3477536937753378
2018-04-16,-0.34785735215868696
2018-04-17,-0.34796101032554816
2018-04-18,-0.34806466827612126
2018-04-19,-0.3481683260101842
2018-04-20,-0.3482719835278425
2018-04-21,-0.3483756408291405
2018-04-22,-0.3484792979139617
2018-04-23,-0.3485829547825392
2018-04-24,-0.34868661143463986
2018-04-25,-0.348790267870297
2018-04-26,-0.34889392408956055
2018-04-27,-0.3489975800924583
2018-04-28,-0.34910123587885145
2018-04-29,-0.3492048914489121
2018-04-30,-0.34924284405185024
2018-05-01,-0.34928079662568945
2018-05-02,-0.3493187491704186
2018-05-03,-0.3493567016862986
2018-05-04,-0.3493946541731019
2018-05-05,-0.34943260663087283
2018-05-06,-0.349470559059617
2018-05-07,-0.34950851145942874
2018-05-08,-0.3495464638302026
2018-05-09,-0.3495844161718775
2018-05-10,-0.3496223684846089
2018-05-11,-0.34966032076841347
2018-05-12,-0.3496982730231024
2018-05-13,-0.3497362252487757
2018-05-14,-0.3497741774455665
2018-05-15,-0.34981212961326946
2018-05-16,-0.34985008175197896
2018-05-17,-0.34988803386159506
2018-05-18,-0.3499259859422399
2018-05-19,-0.349963937993919
2018-05-20,-0.3500018900166546
2018-05-21,-0.35003984201019134
2018-05-22,-0.3500777939748234
2018-05-23,-0.3501157459104176
2018-05-24,-0.35015369781705163
2018-05-25,-0.35019164969467553
2018-05-26,-0.3502296015432449
2018-05-27,-0.35026755336273196
2018-05-28,-0.3503055051533088
2018-05-29,-0.3503434569148922
2018-05-30,-0.3503814086474044
2018-05-31,-0.3504147354122855
2018-06-01,-0.3504480621549011
2018-06-02,-0.35048138887507907
2018-06-03,-0.3505147155729915
2018-06-04,-0.3505480422483609
2018-06-05,-0.3505813689014259
2018-06-06,-0.3506146955321199
2018-06-07,-0.3506480221405428
2018-06-08,-0.3506813487265392
2018-06-09,-0.3507146752901369
2018-06-10,-0.3507480018313136
2018-06-11,-0.35078132835021925
2018-06-12,-0.35081465484669283
2018-06-13,-0.350847981320801
2018-06-14,-0.35088130777252147
2018-06-15,-0.3509146342019487
2018-06-16,-0.35094796060892164
2018-06-17,-0.35098128699347364
2018-06-18,-0.3510146133558101
2018-06-19,-0.35104793969571446
2018-06-20,-0.35108126601315903
2018-06-21,-0.35111459230837694
2018-06-22,-0.35114791858112393
2018-06-23,-0.35118124483156654
2018-06-24,-0.3512145710595882
2018-06-25,-0.351247897265311
2018-06-26,-0.35128122344865176
2018-06-27,-0.3513145496095438
2018-06-28,-0.3513478757480759
2018-06-29,-0.3513812018643703
2018-06-30,-0.35142105714608407
2018-07-01,-0.35146091239576793
2018-07-02,-0.3515007676134996
2018-07-03,-0.35154062279922904
2018-07-04,-0.3515804779529841
2018-07-05,-0.3516203330746648
2018-07-06,-0.35166018816453204
2018-07-07,-0.3517000432222306
2018-07-08,-0.35173989824798246
2018-07-09,-0.35177975324188204
2018-07-10,-0.3518196082035796
2018-07-11,-0.35185946313335825
2018-07-12,-0.3518993180310681
2018-07-13,-0.3519391728969312
2018-07-14,-0.35197902773076994
2018-07-15,-0.3520188825325399
2018-07-16,-0.35205873730235204
2018-07-17,-0.3520985920401343
2018-07-18,-0.35213844674598094
2018-07-19,-0.35217830141980877
2018-07-20,-0.35221815606170104
2018-07-21,-0.3522580106716633
2018-07-22,-0.3522978652494291
2018-07-23,-0.35233771979536477
2018-07-24,-0.3523775743091928
2018-07-25,-0.352417428791052
2018-07-26,-0.35245728324099224
2018-07-27,-0.35249713765893587
2018-07-28,-0.3525369920448884
2018-07-29,-0.3525768463987333
2018-07-30,-0.3526167007205483
2018-07-31,-0.35266403618648967
2018-08-01,-0.35271137160706734
2018-08-02,-0.35275870698259215
2018-08-03,-0.352806042313214
2018-08-04,-0.3528533775983944
2018-08-05,-0.35290071283863855
2018-08-06,-0.3529480480337466
2018-08-07,-0.35299538318358525
2018-08-08,-0.3530427182883711
2018-08-09,-0.353090053348043
2018-08-10,-0.3531373883624733
2018-08-11,-0.35318472333186746
2018-08-12,-0.3532320582561699
2018-08-13,-0.3532793931352418
2018-08-14,-0.3533267279692831
2018-08-15,-0.3533740627581605
2018-08-16,-0.3534213975018685
2018-08-17,-0.3534687322004737
2018-08-18,-0.3535160668539705
2018-08-19,-0.35356340146235343
2018-08-20,-0.353610736025578
2018-08-21,-0.3536580705435277
2018-08-22,-0.35370540501655223
2018-08-23,-0.3537527394443185
2018-08-24,-0.353800073827093
2018-08-25,-0.35384740816458704
2018-08-26,-0.3538947424570116
2018-08-27,-0.35394207670436106
2018-08-28,-0.3539894109065078
2018-08-29,-0.3540367450635906
2018-08-30,-0.3540840791754707
2018-08-31,-0.3541116907220032
2018-09-01,-0.35413930225314805
2018-09-02,-0.3541669137689274
2018-09-03,-0.3541945252694634
2018-09-04,-0.354222136754484
2018-09-05,-0.3542497482242224
2018-09-06,-0.3542773596786619
2018-09-07,-0.3543049711176305
2018-09-08,-0.3543325825412724
2018-09-09,-0.3543601939495544
2018-09-10,-0.3543878053425098
2018-09-11,-0.3544154167201441
2018-09-12,-0.35444302808244066
2018-09-13,-0.3544706394292829
2018-09-14,-0.3544982507608485
2018-09-15,-0.35452586207697645
2018-09-16,-0.35455347337771115
2018-09-17,-0.35458108466324134
2018-09-18,-0.354608695933295
2018-09-19,-0.3546363071880665
2018-09-20,-0.35466391842748357
2018-09-21,-0.3546915296515407
2018-09-22,-0.35471914086018796
2018-09-23,-0.3547467520535752
2018-09-24,-0.35477436323148037
2018-09-25,-0.35480197439407
2018-09-26,-0.3548295855412442
2018-09-27,-0.3548571966732028
2018-09-28,-0.3548848077898348
2018-09-29,-0.35491241889096803
2018-09-30,-0.3549392138886498
2018-10-01,-0.35496600887186536
2018-10-02,-0.3549928038406813
2018-10-03,-0.3550195987949367
2018-10-04,-0.35504639373488134
2018-10-05,-0.35507318866025983
2018-10-06,-0.3550999835711277
2018-10-07,-0.3551267784676071
2018-10-08,-0.35515357334956477
2018-10-09,-0.35518036821707843
2018-10-10,-0.35520716307023137
2018-10-11,-0.3552339579088182
2018-10-12,-0.35526075273304425
2018-10-13,-0.35528754754264313
2018-10-14,-0.3553143423379479
2018-10-15,-0.355341137118631
2018-10-16,-0.3553679318850089
2018-10-17,-0.3553947266368762
2018-10-18,-0.355421521374244
2018-10-19,-0.35544831609714556
2018-10-20,-0.3554751108055809
2018-10-21,-0.3555019054996056
2018-10-22,-0.3555287001791474
2018-10-23,-0.3555554948442674
2018-10-24,-0.35558228949478243
2018-10-25,-0.35560908413099224
2018-10-26,-0.35563587875264147
2018-10-27,-0.355662673359991
2018-10-28,-0.3556894679526801
2018-10-29,-0.3557162625309307
2018-10-30,-0.3557430570947817
2018-10-31,-0.35576944360797835
2018-11-01,-0.3557958301070252
2018-11-02,-0.3558222165922553
2018-11-03,-0.35584860306325794
2018-11-04,-0.35587498952036056
2018-11-05,-0.35590137596342997
2018-11-06,-0.3559277623924051
2018-11-07,-0.35595414880743026
2018-11-08,-0.35598053520830564
2018-11-09,-0.356006921595281
2018-11-10,-0.35603330796817323
2018-11-11,-0.3560596943270711
2018-11-12,-0.3560860806718691
2018-11-13,-0.356112467002756
2018-11-14,-0.3561388533196097
2018-11-15,-0.3561652396223691
2018-11-16,-0.3561916259111064
2018-11-17,-0.35621801218586047
2018-11-18,-0.35624439844657574
2018-11-19,-0.3562707846932023
2018-11-20,-0.35629717092595103
2018-11-21,-0.35632355714456665
2018-11-22,-0.35634994334917125
2018-11-23,-0.35637632953986476
2018-11-24,-0.35640271571638626
2018-11-25,-0.35642910187883015
2018-11-26,-0.3564554880274462
2018-11-27,-0.35648187416193466
2018-11-28,-0.3565082602823233
2018-11-29,-0.3565346463887842
2018-11-30,-0.3565517837488319
2018-12-01,-0.3565689211028733
2018-12-02,-0.3565860584510361
2018-12-03,-0.35660319579327027
2018-12-04,-0.35662033312952035
2018-12-05,-0.35663747045981964
2018-12-06,-0.35665460778448455
2018-12-07,-0.3566717451029988
2018-12-08,-0.35668888241561225
2018-12-09,-0.3567060197224081
2018-12-10,-0.35672315702322543
2018-12-11,-0.3567402943180975
2018-12-12,-0.3567574316071076
2018-12-13,-0.3567745688901336
2018-12-14,-0.3567917061672865
2018-12-15,-0.35680884343859964
2018-12-16,-0.35682598070393423
2018-12-17,-0.3568431179632292
2018-12-18,-0.35686025521667886
2018-12-19,-0.35687739246436645
2018-12-20,-0.3568945297059811
2018-12-21,-0.3569116669417671
2018-12-22,-0.3569288041716856
2018-12-23,-0.3569459413954146
2018-12-24,-0.3569630786135092
2018-12-25,-0.3569802158255586
2018-12-26,-0.3569973530317405
2018-12-27,-0.3570144902320327
2018-12-28,-0.35703162742632966
2018-12-29,-0.3570487646147813
2018-12-30,-0.3570659017973099
2018-12-31,-0.35707963874093696
2019-01-01,-0.3570933756809891
2019-01-02,-0.35710711261712214
2019-01-03,-0.3571208495495304
2019-01-04,-0.35713458647809726
2019-01-05,-0.35714832340284497
2019-01-06,-0.3571620603237735
2019-01-07,-0.35717579724088844
2019-01-08,-0.357189534154323
2019-01-09,-0.35720327106396055
2019-01-10,-0.3572170079696291
2019-01-11,-0.35723074487158946
2019-01-12,-0.357244481769764
2019-01-13,-0.3572582186640916
2019-01-14,-0.3572719555546888
2019-01-15,-0.35728569244140584
2019-01-16,-0.3572994293243481
2019-01-17,-0.35731316620356557
2019-01-18,-0.35732690307894166
2019-01-19,-0.3573406399505208
2019-01-20,-0.35735437681822524
2019-01-21,-0.35736811368218824
2019-01-22,-0.35738185054226546
2019-01-23,-0.35739558739864563
2019-01-24,-0.3574093242512344
2019-01-25,-0.35742306109997624
2019-01-26,-0.35743679794491556
2019-01-27,-0.3574505347860024
2019-01-28,-0.35746427162337
2019-01-29,-0.35747800845690736
2019-01-30,-0.3574917452866311
2019-01-31,-0.35751282655480665
2019-02-01,-0.3575339078140283
2019-02-02,-0.3575549890641794
2019-02-03,-0.3575760703055708
2019-02-04,-0.357597151537864
2019-02-05,-0.3576182327613031
2019-02-06,-0.35763931397571613
2019-02-07,-0.3576603951812418
2019-02-08,-0.3576814763778524
2019-02-09,-0.35770255756546465
2019-02-10,-0.3577236387439786
2019-02-11,-0.3577447199137884
2019-02-12,-0.3577658010744389
2019-02-13,-0.3577868822262631
2019-02-14,-0.3578079633691167
2019-02-15,-0.3578290445029497
2019-02-16,-0.3578501256279121
2019-02-17,-0.3578712067438983
2019-02-18,-0.3578922878508306
2019-02-19,-0.3579133689489755
2019-02-20,-0.35793445003805546
2019-02-21,-0.3579555311182758
2019-02-22,-0.3579766121894923
2019-02-23,-0.3579976932517437
2019-02-24,-0.3580187743050356
2019-02-25,-0.35803985534938465
2019-02-26,-0.35806093638476866
2019-02-27,-0.3580820174112598
2019-02-28,-0.35810133034414604
2019-03-01,-0.3581206432694939
2019-03-02,-0.3581399561874199
2019-03-03,-0.3581592690977575
2019-03-04,-0.3581785820006622
2019-03-05,-0.3581978948958786
2019-03-06,-0.3582172077838175
2019-03-07,-0.35823652066412914
2019-03-08,-0.3582558335367858
2019-03-09,-0.35827514640212055
2019-03-10,-0.3582944592599113
2019-03-11,-0.3583137721102192
2019-03-12,-0.3583330849528721
2019-03-13,-0.3583523977881531
2019-03-14,-0.35837171061582906
2019-03-15,-0.3583910234359833
2019-03-16,-0.3584103362487212
2019-03-17,-0.3584296490539318
2019-03-18,-0.3584489618515485
2019-03-19,-0.3584682746417267
2019-03-20,-0.35848758742436093
2019-03-21,-0.358506900199429
2019-03-22,-0.35852621296696974
2019-03-23,-0.3585455257271386
2019-03-24,-0.3585648384796858
2019-03-25,-0.3585841512247945
2019-03-26,-0.3586034639623037
2019-03-27,-0.35862277669231335
2019-03-28,-0.3586420894147957
2019-03-29,-0.35866140212983955
2019-03-30,-0.35868071483737274
2019-03-31,-0.3587002995476207
2019-04-01,-0.35871988424997503
2019-04-02,-0.3587394689446133
2019-04-03,-0.35875905363165206
2019-04-04,-0.35877863831086376
2019-04-05,-0.3587982229824205
2019-04-06,-0.35881780764620563
2019-04-07,-0.3588373923023802
2019-04-08,-0.3588569769505834
2019-04-09,-0.3588765615912648
2019-04-10,-0.35889614622414134
2019-04-11,-0.3589157308493518
2019-04-12,-0.35893531546679625
2019-04-13,-0.35895490007648023
2019-04-14,-0.35897448467845927
2019-04-15,-0.35899406927274446
2019-04-16,-0.35901365385920814
2019-04-17,-0.35903323843811674
2019-04-18,-0.3590528230091705
2019-04-19,-0.3590724075725471
2019-04-20,-0.35909199212811327
2019-04-21,-0.3591115766760744
2019-04-22,-0.3591311612162529
2019-04-23,-0.3591507457486265
2019-04-24,-0.3591703302733895
2019-04-25,-0.35918991479036433
2019-04-26,-0.35920949929963975
2019-04-27,-0.3592290838011991
2019-04-28,-0.3592486682950202
2019-04-29,-0.35926825278114194
2019-04-30,-0.3592819891178767
2019-05-01,-0.3592957254509366
2019-05-02,-0.3593094617801107
2019-05-03,-0.3593231981053602
2019-05-04,-0.35933693442700143
2019-05-05,-0.35935067074474025
2019-05-06,-0.35936440705881534
2019-05-07,-0.3593781433689658
2019-05-08,-0.3593918796754636
2019-05-09,-0.3594056159779868
2019-05-10,-0.3594193522767686
2019-05-11,-0.35943308857172007
2019-05-12,-0.35944682486285795
2019-05-13,-0.3594605611503099
2019-05-14,-0.35947429743388715
2019-05-15,-0.3594880337136397
2019-05-16,-0.3595017699896341
2019-05-17,-0.35951550626179274
2019-05-18,-0.3595292425302321
2019-05-19,-0.35954297879480235
2019-05-20,-0.3595567150555423
2019-05-21,-0.3595704513124798
2019-05-22,-0.35958418756575905
2019-05-23,-0.35959792381504707
2019-05-24,-0.3596116600606436
2019-05-25,-0.3596253963025098
2019-05-26,-0.3596391325403736
2019-05-27,-0.35965286877459035
2019-05-28,-0.35966660500491576
2019-05-29,-0.35968034123157744
2019-05-30,-0.3596940774541646
2019-05-31,-0.35970454962175324
2019-06-01,-0.35971502178705483
2019-06-02,-0.3597254939501471
2019-06-03,-0.35973596611105774
2019-06-04,-0.3597464382696869
2019-06-05,-0.35975691042625657
2019-06-06,-0.3597673825804282
2019-06-07,-0.35977785473245705
2019-06-08,-0.35978832688228213
2019-06-09,-0.35979879902990897
2019-06-10,-0.3598092711753764
2019-06-11,-0.3598197433184791
2019-06-12,-0.35983021545960003
2019-06-13,-0.3598406875983895
2019-06-14,-0.3598511597349474
2019-06-15,-0.35986163186931264
2019-06-16,-0.3598721040015296
2019-06-17,-0.3598825761314761
2019-06-18,-0.3598930482591467
2019-06-19,-0.35990352038467455
2019-06-20,-0.3599139925080763
2019-06-21,-0.35992446462912997
2019-06-22,-0.3599349367480298
2019-06-23,-0.3599454088646814
2019-06-24,-0.3599558809792902
2019-06-25,-0.35996635309151204
2019-06-26,-0.3599768252015578
2019-06-27,-0.35998729730946644
2019-06-28,-0.3599977694150658
2019-06-29,-0.3600082415185668
2019-06-30,-0.360012185556674
2019-07-01,-0.3600161295944371
2019-07-02,-0.36002007363191146
2019-07-03,-0.3600240176690861
2019-07-04,-0.36002796170592766
2019-07-05,-0.3600319057425583
2019-07-06,-0.36003584977870595
2019-07-07,-0.3600397938146649
2019-07-08,-0.36004373785022414
2019-07-09,-0.3600476818855225
2019-07-10,-0.36005162592043227
2019-07-11,-0.3600555699551089
2019-07-12,-0.36005951398943026
2019-07-13,-0.3600634580234796
2019-07-14,-0.36006740205731247
2019-07-15,-0.3600713460906624
2019-07-16,-0.3600752901237514
2019-07-17,-0.3600792341564796
2019-07-18,-0.3600831781889968
2019-07-19,-0.3600871222210589
2019-07-20,-0.3600910662528989
2019-07-21,-0.3600950102844169
2019-07-22,-0.3600989543156796
2019-07-23,-0.3601028983466037
2019-07-24,-0.3601068423771836
2019-07-25,-0.3601107864074915
2019-07-26,-0.36011473043737197
2019-07-27,-0.36011867446705814
2019-07-28,-0.36012261849637794
2019-07-29,-0.3601265625253536
2019-07-30,-0.360130506554146
2019-07-31,-0.3601404346257109
2019-08-01,-0.36015036269549383
2019-08-02,-0.36016029076318956
2019-08-03,-0.3601702188289313
2019-08-04,-0.36018014689271904
2019-08-05,-0.3601900749544473
2019-08-06,-0.3602000030141661
2019-08-07,-0.36020993107204746
2019-08-08,-0.3602198591278194
2019-08-09,-0.3602297871815763
2019-08-10,-0.3602397152334791
2019-08-11,-0.3602496432833058
2019-08-12,-0.36025957133112296
2019-08-13,-0.36026949937697506
2019-08-14,-0.36027942742089536
2019-08-15,-0.36028935546281726
2019-08-16,-0.3602992835026908
2019-08-17,-0.36030921154065476
2019-08-18,-0.3603191395765981
2019-08-19,-0.3603290676105486
2019-08-20,-0.3603389956425229
2019-08-21,-0.3603489236725155
2019-08-22,-0.3603588517004708
2019-08-23,-0.3603687797265165
2019-08-24,-0.3603787077505749
2019-08-25,-0.36038863577262936
2019-08-26,-0.36039856379267987
2019-08-27,-0.36040849181067647
2019-08-28,-0.3604184198268079
2019-08-29,-0.36042834784089095
2019-08-30,-0.36043827585299226
2019-08-31,-0.3604456198596895
2019-09-01,-0.36045296386537085
2019-09-02,-0.3604603078699864
2019-09-03,-0.36046765187346397
2019-09-04,-0.3604749958758313
2019-09-05,-0.36048233987727163
2019-09-06,-0.3604896838774463
2019-09-07,-0.36049702787661064
2019-09-08,-0.3605043718746259
2019-09-09,-0.3605117158715643
2019-09-10,-0.36051905986749233
2019-09-11,-0.3605264038622935
2019-09-12,-0.36053374785599
2019-09-13,-0.36054109184865957
2019-09-14,-0.36054843584014673
2019-09-15,-0.360555779830557
2019-09-16,-0.36056312382001243
2019-09-17,-0.36057046780823554
2019-09-18,-0.36057781179547055
2019-09-19,-0.3605851557815065
2019-09-20,-0.36059249976655994
2019-09-21,-0.36059984375050314
2019-09-22,-0.3606071877334138
2019-09-23,-0.3606145317151144
2019-09-24,-0.36062187569572135
2019-09-25,-0.3606292196754235
2019-09-26,-0.3606365636539155
2019-09-27,-0.3606439076313639
2019-09-28,-0.3606512516077076
2019-09-29,-0.36065859558284674
2019-09-30,-0.3607199313708953
2019-10-01,-0.3609795541527183
2019-10-02,-0.3612418955496466
2019-10-03,-0.36150967547744495
2019-10-04,-0.36177473401656224
2019-10-07,-0.362041151105158
2019-10-08,-0.36230484684904307
2019-10-09,-0.3625685411920765
2019-10-10,-0.36283223413413057
2019-10-11,-0.3630932058040326
2019-10-14,-0.363352816173107
2019-10-15,-0.3636151450274516
2019-10-16,-0.3638733927524118
2019-10-17,-0.3641316391338967
2019-10-18,-0.36438852427154167
2019-10-21,-0.36464812786587975
2019-10-22,-0.3649063702164834
2019-10-23,-0.3651632513445635
2019-10-24,-0.3654214910151832
2019-10-25,-0.36567972934202775
2019-10-28,-0.3659379663253526
2019-10-29,-0.36619212241332244
2019-10-30,-0.36644627719976675
2019-10-31,-0.36669771101134896
2019-11-01,-0.36695730252820913
2019-11-04,-0.36719921499198116
2019-11-05,-0.3674479253570839
2019-11-06,-0.3676939148573033
2019-11-07,-0.3679371835332401
2019-11-08,-0.3681845304045528
2019-11-11,-0.3684332358322162
2019-11-12,-0.36867527708651093
2019-11-13,-0.3689091585060311
2019-11-14,-0.3691498376698965
2019-11-15,-0.36939731448015767
2019-11-18,-0.3696447900564781
2019-11-19,-0.3698936241477324
2019-11-20,-0.37010030497974244
2019-11-21,-0.3703491367873568
2019-11-22,-0.37058980896823024
2019-11-25,-0.37082640081240736
2019-11-26,-0.37106299152861455
2019-11-27,-0.37129958111687955
2019-11-28,-0.37153345016985306
2019-11-29,-0.37176867781806844
2019-12-02,-0.372016141569792
2019-12-03,-0.3722608847193609
2019-12-04,-0.37250698633935486
2019-12-05,-0.3727530867389306
2019-12-06,-0.37300054558219164
2019-12-09,-0.37324800319137874
2019-12-10,-0.3734995385180462
2019-12-11,-0.37375107256963913
2019-12-12,-0.37400260534637964
2019-12-13,-0.37425277721857
2019-12-16,-0.3745029478295192
2019-12-17,-0.3747435998671278
2019-12-18,-0.37498968917556996
2019-12-19,-0.37523577726348845
2019-12-20,-0.3754818641311719
2019-12-23,-0.3757347477244988
2019-12-24,-0.3760063921917356
2019-12-27,-0.3762685181507408
2019-12-30,-0.3765292831578393
2019-12-31,-0.3767764511931726
2020-01-02,-0.377034494424211
2020-01-03,-0.37728981722091604
2020-01-06,-0.377547857782623
2020-01-07,-0.37780725653472347
2020-01-08,-0.37806121583019436
2020-01-09,-0.3783192523805545
2020-01-10,-0.3785759280780565
2020-01-13,-0.37883124294369463
2020-01-14,-0.3790879159928595
2020-01-15,-0.3793445877141588
2020-01-16,-0.37959853914181774
2020-01-17,-0.3798538487458869
2020-01-20,-0.38011051650543304
2020-01-21,-0.38036310455117905
2020-01-22,-0.38061705076631314
2020-01-23,-0.3808723551298576
2020-01-24,-0.38112765817984173
2020-01-27,-0.3813843193502475
2020-01-28,-0.38163826033895676
2020-01-29,-0.38189763770866136
2020-01-30,-0.3821556543093352
2020-01-31,-0.38241366956844325
2020-02-03,-0.38266896468793776
2020-02-04,-0.3829228991019451
2020-02-05,-0.3831768322162754
2020-02-06,-0.3834294046531517
2020-02-07,-0.3836846945463934
2020-02-10,-0.3839493626885404
2020-02-11,-0.3842194668451149
2020-02-12,-0.3844895695313877
2020-02-13,-0.38475831140543093
2020-02-14,-0.38502433315492635
2020-02-17,-0.3852944314596096
2020-02-18,-0.3855577316951353
2020-02-19,-0.3858237491583649
2020-02-20,-0.38608976519537985
2020-02-21,-0.3863571391040599
2020-02-24,-0.38662587086235045
2020-02-25,-0.3868932418819193
2020-02-26,-0.3871606114605797
2020-02-27,-0.38742662032973385
2020-02-28,-0.38769534629525815
2020-03-02,-0.38796678931307116
2020-03-03,-0.38823823084599973
2020-03-04,-0.3885083116544785
2020-03-05,-0.38877703176107836
2020-03-06,-0.3890471096363146
2020-03-09,-0.3893144676076654
2020-03-10,-0.3895845425573419
2020-03-11,-0.38985733444100723
2020-03-12,-0.39012604724070754
2020-03-13,-0.3903961177721682
2020-03-16,-0.3906593909335787
2020-03-17,-0.39091586683391855
2020-03-18,-0.3911696230769479
2020-03-19,-0.3914193005455979
2020-03-20,-0.39166625845366565
2020-03-23,-0.3919145742775687
2020-03-24,-0.3921382885772762
2020-03-25,-0.3923620018679852
2020-03-26,-0.3925884324035678
2020-03-27,-0.39281622102622094
2020-03-30,-0.39304129037418534
2020-03-31,-0.3932582040514554
2020-04-01,-0.39348191229174323
2020-04-02,-0.3937151331964539
2020-04-03,-0.3939551484537174
2020-04-06,-0.3941870080503118
2020-04-07,-0.394418866563373
2020-04-08,-0.3946534421334913
2020-04-09,-0.3948893756585692
2020-04-14,-0.3951225899462951
2020-04-15,-0.39535716218877526
2020-04-16,-0.3955903742770994
2020-04-17,-0.3958290214227611
2020-04-20,-0.39607174451598004
2020-04-21,-0.39631446642139356
2020-04-22,-0.39655446910196734
2020-04-23,-0.39679447062136997
2020-04-24,-0.3970344709795848
2020-04-27,-0.39727447017646744
2020-04-28,-0.3975171861967386
2020-04-29,-0.3977626190005912
2020-04-30,-0.3979917428431845
2020-05-04,-0.39823717329895425
2020-05-05,-0.39847716667678057
2020-05-06,-0.39871811018010184
2020-05-07,-0.3989576935601369
2020-05-08,-0.3991972757829365
2020-05-11,-0.399440933667744
2020-05-12,-0.39968323142234863
2020-05-13,-0.39992416906716177
2020-05-14,-0.4001637466217456
2020-05-15,-0.4004060408454968
2020-05-18,-0.4006469749791075
2020-05-19,-0.4008879079423988
2020-05-20,-0.4011329164154642
2020-05-21,-0.401377923678059
2020-05-22,-0.401614776450987
2020-05-25,-0.40185298696613914
2020-05-26,-0.40209255520426423
2020-05-27,-0.40233212228508175
2020-05-28,-0.40257168820891365
2020-05-29,-0.4028098941281977
2020-06-01,-0.40305625194773653
2020-06-02,-0.4032971732077728
2020-06-03,-0.40353945212491804
2020-06-04,-0.4037844474998886
2020-06-05,-0.4040280828505993
2020-06-08,-0.4042757934264396
2020-06-09,-0.40451670876245904
2020-06-10,-0.4047657756918899
2020-06-11,-0.4050134825833329
2020-06-12,-0.405259829457294
2020-06-15,-0.40550753388107763
2020-06-16,-0.40575387830104614
2020-06-17,-0.40599750397716794
2020-06-18,-0.40624221545385586
2020-06-19,-0.4064896432163567
2020-06-22,-0.4067357110046521
2020-06-23,-0.4069804188387427
2020-06-24,-0.4072278429183007
2020-06-25,-0.4074766244830108
2020-06-26,-0.4077254047997969
2020-06-29,-0.4079714664565359
2020-06-30,-0.40823111388496036
2020-07-01,-0.4084812491090384
2020-07-02,-0.4087313830713091
2020-07-03,-0.4089828744504531
2020-07-06,-0.40923572322582036
2020-07-07,-0.4094885707119966
2020-07-08,-0.4097400582510957
2020-07-09,-0.40999154451501485
2020-07-10,-0.4102430295035375
2020-07-13,-0.410498589127789
2020-07-14,-0.41075278880491894
2020-07-15,-0.4110069871789801
2020-07-16,-0.4112475980892094
2020-07-17,-0.4115017939269161
2020-07-20,-0.4117559884616151
2020-07-21,-0.4120074645020677
2020-07-22,-0.41226029785602636
2020-07-23,-0.4125131299207885
2020-07-24,-0.4127673192711734
2020-07-27,-0.41302286588657533
2020-07-28,-0.4132770526241225
2020-07-29,-0.41353395516649516
2020-07-30,-0.41378705245920244
2020-07-31,-0.4140374313799988
2020-08-03,-0.41429052610277295
2020-08-04,-0.41454226100762215
2020-08-05,-0.41479535315365745
2020-08-06,-0.4150498025203564
2020-08-07,-0.41530425058127207
2020-08-10,-0.4155600558349015
2020-08-11,-0.4158131427859091
2020-08-12,-0.4160662284453054
2020-08-13,-0.41631931281281287
2020-08-14,-0.4165683204767623
2020-08-17,-0.4168227607453445
2020-08-18,-0.4170785581649794
2020-08-19,-0.4173329958153005
2020-08-20,-0.41758743215983274
2020-08-21,-0.41784322563461207
2020-08-24,-0.4180963009320138
2020-08-25,-0.4183507333597347
2020-08-26,-0.4186065228966751
2020-08-27,-0.41885959429815434
2020-08-28,-0.4191126644078891
2020-08-31,-0.419372525196271
2020-09-01,-0.4196283094619391
2020-09-02,-0.41988545078782136
2020-09-03,-0.42013715728860257
2020-09-04,-0.4203902208773702
2020-09-07,-0.4206419248155624
2020-09-08,-0.4208963441801994
2020-09-09,-0.4211521205843005
2020-09-10,-0.42140789566911807
2020-09-11,-0.42166665774021617
2020-09-14,-0.42192813510886773
2020-09-15,-0.4221841778311697
2020-09-16,-0.42244701078008595
2020-09-17,-0.42270576742796107
2020-09-18,-0.4229631644296239
2020-09-21,-0.4232205600949557
2020-09-22,-0.42347795442404523
2020-09-23,-0.4237339891423997
2020-09-24,-0.4239927390730591
2020-09-25,-0.4242528459136419
2020-09-28,-0.4245143096426429
2020-09-29,-0.4247771302385295
2020-09-30,-0.4250589647840364
2020-10-01,-0.42532449895467117
2020-10-02,-0.4255859570317655
2020-10-05,-0.425847413729874
2020-10-06,-0.4261102272585082
2020-10-07,-0.42637168119156743
2020-10-08,-0.42663041735561125
2020-10-09,-0.426889152169202
2020-10-12,-0.4271519601751095
2020-10-13,-0.4274134086141579
2020-10-14,-0.4276762138407664
2020-10-15,-0.42793901767411713
2020-10-16,-0.4281977456578656
2020-10-19,-0.428456472291322
2020-10-20,-0.4287151975742365
2020-10-21,-0.42897256337608436
2020-10-22,-0.4292326440894112
2020-10-23,-0.42949231599796467
2020-10-26,-0.4297506284368646
2020-10-27,-0.43001165573461897
2020-10-28,-0.4302740397532534
2020-10-29,-0.4305323481185064
2020-10-30,-0.4307974455431962
2020-11-02,-0.43105982540248555
2020-11-03,-0.4313194877396065
2020-11-04,-0.4315859390140231
2020-11-05,-0.43184967275186614
2020-11-06,-0.4321161211763902
2020-11-09,-0.4323825681686322
2020-11-10,-0.4326476556983261
2020-11-11,-0.4329140998332537
2020-11-12,-0.43316696237800656
2020-11-13,-0.4334306877038341
2020-11-16,-0.43369712762975077
2020-11-17,-0.4339622081290795
2020-11-18,-0.43422728721084214
2020-11-19,-0.4344923648748611
2020-11-20,-0.4347574411212418
2020-11-23,-0.43502251595017305
2020-11-24,-0.4352862314031647
2020-11-25,-0.435547229551686
2020-11-26,-0.43581094221301075
2020-11-27,-0.4360760114076656
2020-11-30,-0.4363451529723672
2020-12-01,-0.4366102193100352
2020-12-02,-0.436873926315684
2020-12-03,-0.43713763191821076
2020-12-04,-0.4373999782175564
2020-12-07,-0.43765987893387703
2020-12-08,-0.4379252098306974
2020-12-09,-0.438186465671242
2020-12-10,-0.43844772013474365
2020-12-11,-0.43871033108535684
2020-12-14,-0.4389742985015266
2020-12-15,-0.43922875956275975
2020-12-16,-0.439491366374839
2020-12-17,-0.43975261395982623
2020-12-18,-0.4400165758247476
2020-12-21,-0.44027917846249376
2020-12-22,-0.44054313752278085
2020-12-23,-0.4408084529841816
2020-12-24,-0.4410683358267997
2020-12-28,-0.4413255017216955
2020-12-29,-0.44158809742376737
2020-12-30,-0.44184797617802807
2020-12-31,-0.44214587116073734
2021-01-04,-0.44242068238253274
2021-01-05,-0.44269141881421725
2021-01-06,-0.44296622701093247
2021-01-07,-0.4432396759430912
2021-01-08,-0.44350905016753983
2021-01-11,-0.4437811383791068
2021-01-12,-0.44405186737851987
2021-01-13,-0.4443212371881555
2021-01-14,-0.44459332094026194
2021-01-15,-0.44486811859052455
2021-01-18,-0.44514155702831126
2021-01-19,-0.44541363627650377
2021-01-20,-0.44568571403084123
2021-01-21,-0.44596118442239985
2021-01-22,-0.44623529562433095
2021-01-25,-0.4465134782621727
2021-01-26,-0.4467835134797149
2021-01-27,-0.44706033540424794
2021-01-28,-0.44733444052617033
2021-01-29,-0.4476126169937422
2021-02-01,-0.447893507125785
2021-02-02,-0.448171680454873
2021-02-03,-0.4484417066362323
2021-02-04,-0.44871987688779313
2021-02-05,-0.44899940316054376
2021-02-08,-0.4492762127063843
2021-02-09,-0.44955437827338685
2021-02-10,-0.4498325422787719
2021-02-11,-0.45011206227486
2021-02-12,-0.4503902231494772
2021-02-15,-0.4506670249257938
2021-02-16,-0.4509451826848754
2021-02-17,-0.45122198136113845
2021-02-18,-0.451497420976682
2021-02-19,-0.4517742165676686
2021-02-22,-0.45205236811142746
2021-02-23,-0.4523318755850936
2021-02-24,-0.4526100239983011
2021-02-25,-0.4528881708500576
2021-02-26,-0.4531690310773606
2021-03-01,-0.45344581733017253
2021-03-02,-0.4537253169431321
2021-03-03,-0.4540048149794085
2021-03-04,-0.4542794246896853
2021-03-05,-0.4545499605865144
2021-03-08,-0.4548150653138794
2021-03-09,-0.45508288345423864
2021-03-10,-0.45535341496392157
2021-03-11,-0.4556225875953501
2021-03-12,-0.45589311615811257
2021-03-15,-0.45616635801625227
2021-03-16,-0.4564368836097177
2021-03-17,-0.4567060503547271
2021-03-18,-0.45698200245740117
2021-03-19,-0.4572565956666108
2021-03-22,-0.4575325447028489
2021-03-23,-0.457804420177943
2021-03-24,-0.45807765149483703
2021-03-25,-0.4583508813050252
2021-03-26,-0.4586295388840811
2021-03-29,-0.45891090951817315
2021-03-30,-0.4591922785544267
2021-03-31,-0.4594790751762001
2021-04-01,-0.4597550118333016
2021-04-06,-0.4600323042340593
2021-04-07,-0.46030959508253644
2021-04-08,-0.4605909561749222
2021-04-09,-0.4608696011540958
2021-04-12,-0.461146887316094
2021-04-13,-0.461418742956643
2021-04-14,-0.4616865254006508
2021-04-15,-0.4619624497625263
2021-04-16,-0.4622370153674671
2021-04-19,-0.4625142938757487
2021-04-20,-0.4627870920802635
2021-04-21,-0.4630571743876044
2021-04-22,-0.4633272552225398
2021-04-23,-0.4635973345848421
2021-04-26,-0.4638701268253609
2021-04-27,-0.4641334173885847
2021-04-28,-0.46440484951631444
2021-04-29,-0.4646762801566229
2021-04-30,-0.46495178074700827
2021-05-03,-0.4652245655287046
2021-05-04,-0.4654932774159404
2021-05-05,-0.4657647020923139
2021-05-06,-0.46603476816540756
2021-05-07,-0.4663021185490168
2021-05-10,-0.46657489589448375
2021-05-11,-0.4668436004566623
2021-05-12,-0.46711230356111244
2021-05-13,-0.46738100520785086
2021-05-14,-0.4676497053969664
2021-05-17,-0.4679197611929087
2021-05-18,-0.4681803161181164
2021-05-19,-0.4684490119712559
2021-05-20,-0.46871634932434403
2021-05-21,-0.468985042269604
2021-05-24,-0.4692564478128103
2021-05-25,-0.4695264948485711
2021-05-26,-0.4697965404119153
2021-05-27,-0.4700652274975181
2021-05-28,-0.47033662712181457
2021-05-31,-0.47061481021247187
2021-06-01,-0.47088987064410337
2021-06-02,-0.4711635725730523
2021-06-03,-0.47143727298931126
2021-06-04,-0.47171097189321887
2021-06-07,-0.4719860262372533
2021-06-08,-0.47225972210864775
2021-06-09,-0.47253477340533645
2021-06-10,-0.4728057523837592
2021-06-11,-0.47308351449373287
2021-06-14,-0.4733599181308723
2021-06-15,-0.4736308925946453
2021-06-16,-0.47390322247613526
2021-06-17,-0.4741769077528879
2021-06-18,-0.4744505915171726
2021-06-21,-0.47472563064695494
2021-06-22,-0.4750006682493424
2021-06-23,-0.47527434746152397
2021-06-24,-0.47555073887181054
2021-06-25,-0.4758271287396365
2021-06-28,-0.47610487390505885
2021-06-29,-0.4763853311776478
2021-06-30,-0.4766834255843899
2021-07-01,-0.4769598091307503
2021-07-02,-0.47723619113473337
2021-07-05,-0.4775139283975882
2021-07-06,-0.4777903073090284
2021-07-07,-0.47806668467811897
2021-07-08,-0.47834441728343835
2021-07-09,-0.47862214833117034
2021-07-12,-0.4789025913483125
2021-07-13,-0.47918031926568183
2021-07-14,-0.479459131017862
2021-07-15,-0.47973794120030333
2021-07-16,-0.4800181065459652
2021-07-19,-0.48029691358127957
2021-07-20,-0.48057707576441566
2021-07-21,-0.48085859307251955
2021-07-22,-0.4811333252690897
2021-07-23,-0.48141348272021656
2021-07-26,-0.48169363858621694
2021-07-27,-0.4819683661500096
2021-07-28,-0.48224851887676
2021-07-29,-0.4825286700186171
2021-07-30,-0.48281424620120195
2021-08-02,-0.4830916808451047
2021-08-03,-0.48337589713964846
2021-08-04,-0.48366011180293045
2021-08-05,-0.4839388983330195
2021-08-06,-0.48422175314706273
2021-08-09,-0.48450324973515757
2021-08-10,-0.48478338812052435
2021-08-11,-0.4850635249211366
2021-08-12,-0.4853450167236928
2021-08-13,-0.4856278635054556
2021-08-16,-0.4859107086713277
2021-08-17,-0.4861921956577864
2021-08-18,-0.48647232448773003
2021-08-19,-0.48675245173301906
2021-08-20,-0.487032577393387
2021-08-23,-0.48731405800198635
2021-08-24,-0.4875941804850459
2021-08-25,-0.48787023183026745
2021-08-26,-0.4881456034303566
2021-08-27,-0.48842097349895974
2021-08-30,-0.488693629045428
2021-08-31,-0.4889689960660859
2021-09-01,-0.48924300507502405
2021-09-02,-0.48951701256737534
2021-09-03,-0.48978966207819385
2021-09-06,-0.4900636665452651
2021-09-07,-0.49033766949591606
2021-09-08,-0.4906116709301689
2021-09-09,-0.49088702728322664
2021-09-10,-0.4911623821048483
2021-09-13,-0.4914390918150935
2021-09-14,-0.49171173074115115
2021-09-15,-0.491991150191301
2021-09-16,-0.4922624296797018
2021-09-17,-0.49253913324183163
2021-09-20,-0.49280905334525005
2021-09-21,-0.4930857538522404
2021-09-22,-0.49335567097534283
2021-09-23,-0.49363101206704174
2021-09-24,-0.4939049952748853
2021-09-27,-0.4941816896564366
2021-09-28,-0.49446109516643744
2021-09-29,-0.4947391427696901
2021-09-30,-0.4950280393885509
2021-10-01,-0.4953047274932676
2021-10-04,-0.49557870143842053
2021-10-05,-0.49585253823806186
2021-10-06,-0.49612637352281497
2021-10-07,-0.49639885100887793
2021-10-08,-0.4966713269949852
2021-10-11,-0.4969465140198748
2021-10-12,-0.4972108494215921
2021-10-13,-0.4974846771928998
2021-10-14,-0.49775985969641723
2021-10-15,-0.4980377531490221
2021-10-18,-0.49831835750517306
2021-10-19,-0.4985976040466522
2021-10-20,-0.4988741365798244
2021-10-21,-0.4991533799859449
2021-10-22,-0.4994271970120201
2021-10-25,-0.4997037249108993
2021-10-26,-0.4999788950789008
2021-10-27,-0.5002581322529898
2021-10-28,-0.5005373678517555
2021-10-29,-0.5008233826918451
2021-11-01,-0.5011107520348446
2021-11-02,-0.5013845582335308
2021-11-03,-0.5016651436180852
2021-11-04,-0.5019443712798943
2021-11-05,-0.5022222412417399
2021-11-08,-0.5025041779949391
2021-11-09,-0.502786113142345
2021-11-10,-0.5030694027854998
2021-11-11,-0.5033513347134089
2021-11-12,-0.5036291967768836
2021-11-15,-0.5039029890446189
2021-11-16,-0.5041794919401654
2021-11-17,-0.5044549084461614
2021-11-18,-0.5047303234196665
2021-11-19,-0.5050084489575168
2021-11-22,-0.5052865729326339
2021-11-23,-0.5055660513780091
2021-11-24,-0.5058401041431071
2021-11-25,-0.5061182234448569
2021-11-26,-0.5063963411838346
2021-11-29,-0.506674457359968
2021-11-30,-0.5069552839637281
2021-12-01,-0.5072347529864851
2021-12-02,-0.5075155764110884
2021-12-03,-0.5078004661587199
2021-12-06,-0.5080853542664798
2021-12-07,-0.5083688847777657
2021-12-08,-0.5086524136648507
2021-12-09,-0.5089372968685335
2021-12-10,-0.50922082249929
2021-12-13,-0.5095070583565453
2021-12-14,-0.509790580723174
2021-12-15,-0.5100741014653909
2021-12-16,-0.5103576205837235
2021-12-17,-0.5106397821833086
2021-12-20,-0.5109219421742417
2021-12-21,-0.5111973211621879
2021-12-22,-0.5114767662319664
2021-12-23,-0.5117589214508
2021-12-24,-0.5120464984845696
2021-12-27,-0.5123286504552571
2021-12-28,-0.5126094449768415
2021-12-29,-0.5128955256452794
2021-12-30,-0.5131843163093841
2021-12-31,-0.513486663456203
2022-01-03,-0.5137727390535696
2022-01-04,-0.5140588129972146
2022-01-05,-0.5143448852869936
2022-01-06,-0.5146309559230844
2022-01-07,-0.5149197364597347
2022-01-10,-0.5152071595419694
2022-01-11,-0.5154945809548339
2022-01-12,-0.5157806449445856
2022-01-13,-0.5160667072807601
2022-01-14,-0.5163527679631741
2022-01-17,-0.5166388269918498
2022-01-18,-0.5169262400892105
2022-01-19,-0.5172122958026937
2022-01-20,-0.5174997055690189
2022-01-21,-0.5177871136660794
2022-01-24,-0.5180745200937753
2022-01-25,-0.5183605691692517
2022-01-26,-0.5186439052411618
2022-01-27,-0.5189231726890287
2022-01-28,-0.5192024385607785
2022-01-31,-0.5194898367679501
2022-02-01,-0.5197758776616324
2022-02-02,-0.5200619169017928
2022-02-03,-0.5203465988599998
2022-02-04,-0.5206326348009327
2022-02-07,-0.5209186690882328
2022-02-08,-0.5211992793024978
2022-02-09,-0.5214853103141626
2022-02-10,-0.5217637483687365
2022-02-11,-0.5220503183468117
2022-02-14,-0.5223368866651756
2022-02-15,-0.5226207421916373
2022-02-16,-0.5229045960896961
2022-02-17,-0.5231884483591742
2022-02-18,-0.5234722990002216
2022-02-21,-0.5237561480128772
2022-02-22,-0.5240386398698726
2022-02-23,-0.5243224856332662
2022-02-24,-0.5246063297684289
2022-02-25,-0.5248888167711185
2022-02-28,-0.525178079641514
2022-03-01,-0.5254632743562138
2022-03-02,-0.5257498229072843
2022-03-03,-0.5260377252710557
2022-03-04,-0.5263229150303583
2022-03-07,-0.5266108140593362
2022-03-08,-0.5268987114129153
2022-03-09,-0.5271879625322551
2022-03-10,-0.527471790227857
2022-03-11,-0.5277569717206221
2022-03-14,-0.528042151569319
2022-03-15,-0.5283219081352375
2022-03-16,-0.5286070847276669
2022-03-17,-0.5288936150701362
2022-03-18,-0.5291801437531662
2022-03-21,-0.5294666707766904
2022-03-22,-0.5297531961406698
2022-03-23,-0.5300397198452045
2022-03-24,-0.5303343739798683
2022-03-25,-0.5306317370527502
2022-03-28,-0.5309277429997705
2022-03-29,-0.5312223918450987
2022-03-30,-0.5315170389353474
2022-03-31,-0.5318306586713284
2022-04-01,-0.5321293680558503
2022-04-04,-0.5324321415293154
2022-04-05,-0.5327362684389048
2022-04-06,-0.5330376829168648
2022-04-07,-0.533336385012928
2022-04-08,-0.5336364405697847
2022-04-11,-0.5339378495627878
2022-04-12,-0.5342379014711629
2022-04-13,-0.5345406620391346
2022-04-14,-0.5348447759855102
2022-04-19,-0.535140756723318
2022-04-20,-0.535440801335163
2022-04-21,-0.535743554540602
2022-04-22,-0.5360435954960663
2022-04-25,-0.5363463450120676
2022-04-26,-0.536645027129079
2022-04-27,-0.5369450626163008
2022-04-28,-0.5372450962835396
2022-04-29,-0.5375491936030707
2022-05-02,-0.5378492236057575
2022-05-03,-0.5381438312250741
2022-05-04,-0.5384465678864248
2022-05-05,-0.5387493026948076
2022-05-06,-0.5390520356503281
2022-05-09,-0.5393561218606457
2022-05-10,-0.5396504495266352
2022-05-11,-0.5399447754412479
2022-05-12,-0.5402296140189333
2022-05-13,-0.5405266466387282
2022-05-16,-0.5408223224069364
2022-05-17,-0.5411179964075863
2022-05-18,-0.5414136686405613
2022-05-19,-0.5417093391060057
2022-05-20,-0.5420050078039307
2022-05-23,-0.5423020297614933
2022-05-24,-0.5426004049542577
2022-05-25,-0.5428987783468953
2022-05-26,-0.5432012149476362
2022-05-27,-0.543496874726912
2022-05-30,-0.543793887724997
2022-05-31,-0.5440949638738923
2022-06-01,-0.5443865534003556
2022-06-02,-0.5446822060935219
2022-06-03,-0.5449805669268781
2022-06-06,-0.545282990797108
2022-06-07,-0.5455759282565142
2022-06-08,-0.5458675090514065
2022-06-09,-0.5461590881270351
2022-06-10,-0.5464493105703017
2022-06-13,-0.5467381764049095
2022-06-14,-0.5470243307571621
2022-06-15,-0.5473131932330233
2022-06-16,-0.5476047637850423
2022-06-17,-0.5478963326179254
2022-06-20,-0.5481865448659973
2022-06-21,-0.5484781102689018
2022-06-22,-0.5487731965168552
2022-06-23,-0.5490669261625281
2022-06-24,-0.5493633637304873
2022-06-27,-0.5496584446959496
2022-06-28,-0.5499562335352703
2022-06-29,-0.5502499561539864
2022-06-30,-0.5505612894420864
2022-07-01,-0.5508577180519392
2022-07-04,-0.5511541448847079
2022-07-05,-0.5514505699406813
2022-07-06,-0.5517469932196761
2022-07-07,-0.5520420599616493
2022-07-08,-0.5523371249429754
2022-07-11,-0.5526335429074603
2022-07-12,-0.5529299590949
2022-07-13,-0.553227728233302
2022-07-14,-0.5535268502980084
2022-07-15,-0.5538259705532178
2022-07-18,-0.5541250889988747
2022-07-19,-0.5544255603299075
2022-07-20,-0.5547246751485213
2022-07-21,-0.555026497514477
2022-07-22,-0.5553256086978042
2022-07-25,-0.5556260727336615
2022-07-26,-0.5559238256359567
2022-07-27,-0.5555496725131337
2022-07-28,-0.5551782258708449
2022-07-29,-0.5548121951022333
2022-08-01,-0.5544420975956921
2022-08-02,-0.5540706426328146
2022-08-03,-0.5536422871375735
2022-08-04,-0.553012344612297
2022-08-05,-0.5523810392944806
2022-08-08,-0.5517443068479677
2022-08-09,-0.5511102757717323
2022-08-10,-0.5504762365483751
2022-08-11,-0.5498435440322136
2022-08-12,-0.5492149078786535
2022-08-15,-0.5485862637336691
2022-08-16,-0.5479589664850015
2022-08-17,-0.5473330161671508
2022-08-18,-0.5467002834515899
2022-08-19,-0.5460716074082161
2022-08-22,-0.5454402135277869
2022-08-23,-0.5448074566637762
2022-08-24,-0.5441746916689805
2022-08-25,-0.5435405636212476
2022-08-26,-0.5429077824516404
2022-08-29,-0.5422749931685678
2022-08-30,-0.5416462608686279
2022-08-31,-0.5410270058820443
2022-09-01,-0.5404023229504562
2022-09-02,-0.5397762770512349
2022-09-05,-0.5391583538306433
2022-09-06,-0.5385295818931823
2022-09-07,-0.5379062227010567
2022-09-08,-0.5372896312969944
2022-09-09,-0.5366743874032909
2022-09-12,-0.536063201428999
2022-09-13,-0.5354438766741798
2022-09-14,-0.5338135549475709
2022-09-15,-0.5321913112127874
2022-09-16,-0.5305771463560538
2022-09-19,-0.5289602179139596
2022-09-20,-0.5273337486630281
2022-09-21,-0.525704515067088
2022-09-22,-0.5240738722924965
2022-09-23,-0.5224838428718848
2022-09-26,-0.5208503828086963
2022-09-27,-0.5192263583780277
2022-09-28,-0.5176063477489223
2022-09-29,-0.5159876397819119
2022-09-30,-0.5143946380396058
2022-10-03,-0.5127853156255968
2022-10-04,-0.5111732291627813
2022-10-05,-0.5095556662740586
2022-10-06,-0.5079366946806496
2022-10-07,-0.5063149581476634
2022-10-10,-0.5046945244857937
2022-10-11,-0.5030699695586893
2022-10-12,-0.5014440052092506
2022-10-13,-0.49981391887847226
2022-10-14,-0.4981851350553401
2022-10-17,-0.49655494140348755
2022-10-18,-0.4949274066686271
2022-10-19,-0.4933011747486449
2022-10-20,-0.49168438429385564
2022-10-21,-0.4900607587992767
2022-10-24,-0.4884357236011938
2022-10-25,-0.48681334806803256
2022-10-26,-0.4851841364218623
2022-10-27,-0.48354808803486304
2022-10-28,-0.48192283898625954
2022-10-31,-0.4803097467553752
2022-11-01,-0.4786952456949711
2022-11-02,-0.47606040202345934
2022-11-03,-0.4734281319864586
2022-11-04,-0.4707957218962888
2022-11-07,-0.46816317181741507
2022-11-08,-0.4655359103294787
2022-11-09,-0.46290443788469804
2022-11-10,-0.4602714685169096
2022-11-11,-0.45763700200207036
2022-11-14,-0.4550051100072783
2022-11-15,-0.45237443561276236
2022-11-16,-0.4497449791714514
2022-11-17,-0.44711266799239424
2022-11-18,-0.4444775016353597
2022-11-21,-0.4418462684761648
2022-11-22,-0.43921217997994755
2022-11-23,-0.43657523570641565
2022-11-24,-0.4339381511309248
2022-11-25,-0.43130228416791705
2022-11-28,-0.4286689933100496
2022-11-29,-0.42603148785613776
2022-11-30,-0.4234101406743018
2022-12-01,-0.42077643033719414
2022-12-02,-0.41814529694064184
2022-12-05,-0.4155180992647056
2022-12-06,-0.4128798943898726
2022-12-07,-0.41025241778769317
2022-12-08,-0.40762072588940157
2022-12-09,-0.404988894329128
2022-12-12,-0.40235148766084583
2022-12-13,-0.39971394073824995
2022-12-14,-0.3970748946941327
2022-12-15,-0.39443706738506723
2022-12-16,-0.3917963814291825
2022-12-19,-0.38916099185701825
2022-12-20,-0.38652274369556094
2022-12-21,-0.38320606783589506
2022-12-22,-0.3798850920117447
2022-12-23,-0.3765584559141055
2022-12-27,-0.37323431601596346
2022-12-28,-0.3699099534425154
2022-12-29,-0.3665880877671779
2022-12-30,-0.36328367748424406
2023-01-02,-0.35995456828057937
2023-01-03,-0.3566279558381402
2023-01-04,-0.353302480667389
2023-01-05,-0.3499835838413401
2023-01-06,-0.3466658253496402
2023-01-09,-0.3433478453375105
2023-01-10,-0.34002692247368516
2023-01-11,-0.3367030561973017
2023-01-12,-0.3333830496946355
2023-01-13,-0.3300600996588188
2023-01-16,-0.3267423711169892
2023-01-17,-0.323432587005984
2023-01-18,-0.3201239435634273
2023-01-19,-0.3168178022490753
2023-01-20,-0.3135141635011107
2023-01-23,-0.3102103049901217
2023-01-24,-0.3069007810759805
2023-01-25,-0.3035910367352901
2023-01-26,-0.3002783486415972
2023-01-27,-0.2969613546703054
2023-01-30,-0.2936495864895805
2023-01-31,-0.290359387583089
2023-02-01,-0.2870526273072771
2023-02-02,-0.2837347502786858
2023-02-03,-0.2804152892484868
2023-02-06,-0.27709969373064247
2023-02-07,-0.27378251481822713
2023-02-08,-0.26978256099604025
2023-02-09,-0.26578092281804855
2023-02-10,-0.26178168806229585
2023-02-13,-0.2577821316100848
2023-02-14,-0.25378361647486747
2023-02-15,-0.2497725131107853
2023-02-16,-0.24576381207661036
2023-02-17,-0.24175751433525572
2023-02-20,-0.23775089421924078
2023-02-21,-0.23374667822197437
2023-02-22,-0.22974077653873937
2023-02-23,-0.22573455240305074
2023-02-24,-0.22172664187063984
2023-02-27,-0.21771568077766368
2023-02-28,-0.21373440401091792
2023-03-01,-0.20972279893088364
2023-03-02,-0.2057149634612787
2023-03-03,-0.20170134806523632
2023-03-06,-0.19769013798026092
2023-03-07,-0.1936799692628388
2023-03-08,-0.18966401900181173
2023-03-09,-0.18564638035232228
2023-03-10,-0.1816270529581665
2023-03-13,-0.17761149609173965
2023-03-14,-0.17359288530102157
2023-03-15,-0.16957668073898646
2023-03-16,-0.1655615176923142
2023-03-17,-0.16153783870299088
2023-03-20,-0.1575192966688732
2023-03-21,-0.15350725911290608
2023-03-22,-0.14881205973065748
2023-03-23,-0.14411368635157684
2023-03-24,-0.13941487016044807
2023-03-27,-0.13471697717901687
2023-03-28,-0.13002547264991948
2023-03-29,-0.12532532802925767
2023-03-30,-0.12062747384403716
2023-03-31,-0.11594420938768057
2023-04-03,-0.11123863764448405
2023-04-04,-0.10653398898866628
2023-04-05,-0.10181932753137724
2023-04-06,-0.0971096895850676
2023-04-11,-0.09239960634540578
2023-04-12,-0.0876890786737583
2023-04-13,-0.082978106528242
2023-04-14,-0.07826942482887511
2023-04-17,-0.07356029908767714
2023-04-18,-0.06884799365572403
2023-04-19,-0.06413387545595728
2023-04-20,-0.05941383942111855
2023-04-21,-0.05469746213568327
2023-04-24,-0.0499779027961611
2023-04-25,-0.04526063425359661
2023-04-26,-0.04054292008429661
2023-04-27,-0.03582476037505278
2023-04-28,-0.03111710655805955
2023-05-02,-0.026392579517514614
2023-05-03,-0.02167719080551911
2023-05-04,-0.016959987871073556
2023-05-05,-0.012239600736474454
2023-05-08,-0.007525615421788423
2023-05-09,-0.0028084462102173635
2023-05-10,0.0022516196411470624
2023-05-11,0.007312197606679227
2023-05-12,0.012377397989982164
2023-05-15,0.017443111839665626
2023-05-16,0.022510709014311736
2023-05-17,0.027584301622407548
2023-05-18,0.03264744232289729
2023-05-19,0.037722063061174094
2023-05-22,0.04279582758173195
2023-05-23,0.04787696157831922
2023-05-24,0.05294764206819069
2023-05-25,0.05801883630208726
2023-05-26,0.06309740183748636
2023-05-29,0.06817099630080925
2023-05-30,0.07324510480357649
2023-05-31,0.07831698403375498
2023-06-01,0.08339212091033055
2023-06-02,0.08846639967523551
2023-06-05,0.0935439374418423
2023-06-06,0.0986165000000927
2023-06-07,0.10368957635407128
2023-06-08,0.10876728472997144
2023-06-09,0.11384688056463865
2023-06-12,0.1189283644672634
2023-06-13,0.12400761706362617
2023-06-14,0.12909150425566285
2023-06-15,0.13417178682517683
2023-06-16,0.13924434247553075
2023-06-19,0.14432290671626546
2023-06-20,0.14940335933758542
2023-06-21,0.15482782082230084
2023-06-22,0.16025561730067528
2023-06-23,0.1656894984261803
2023-06-26,0.17112121906200928
2023-06-27,0.1765507788253684
2023-06-28,0.18198642521229935
2023-06-29,0.1874199104079044
2023-06-30,0.19285398391729602
2023-07-03,0.19829414721964644
2023-07-04,0.2037335243913252
2023-07-05,0.20917899297372422
2023-07-06,0.21462230038572505
2023-07-07,0.22006757383379316
2023-07-10,0.22550655805295694
2023-07-11,0.23095163587696366
2023-07-12,0.23639868037678147
2023-07-13,0.24184218647215205
2023-07-14,0.24728628226482474
2023-07-17,0.25273096826606833
2023-07-18,0.25816935960526477
2023-07-19,0.2636166019792552
2023-07-20,0.26906443430624316
2023-07-21,0.2745128569480948
2023-07-24,0.2799632475230962
2023-07-25,0.28541422898931135
2023-07-26,0.29086029044745887
2023-07-27,0.296311075587119
2023-07-28,0.3017652076644284
2023-07-31,0.3072047716708992
2023-08-01,0.3126628419608313
2023-08-02,0.31848679593783347
2023-08-03,0.32429212161640963
2023-08-04,0.330093980281565
2023-08-07,0.3358965078397391
2023-08-08,0.341699704527032
2023-08-09,0.3474980531198324
2023-08-10,0.35329844865215065
2023-08-11,0.35910089199541195
2023-08-14,0.36491228279244003
2023-08-15,0.37072434405903687
2023-08-16,0.3765343161091228
2023-08-17,0.3823449583061467
2023-08-18,0.3881535095311417
2023-08-21,0.3939613499024386
2023-08-22,0.3997712403745246
2023-08-23,0.40557627715995803
2023-08-24,0.4113806018912536
2023-08-25,0.4171883571548851
2023-08-28,0.4229940187271741
2023-08-29,0.4288044935722657
2023-08-30,0.4346170197765731
2023-08-31,0.4404177793455144
2023-09-01,0.44623440833987393
2023-09-04,0.4520489435514752
2023-09-05,0.45786000183294373
2023-09-06,0.4636800247968309
2023-09-07,0.46949795357256185
2023-09-08,0.4753207016540917
2023-09-11,0.4811427386087974
2023-09-12,0.4869668300086172
2023-09-13,0.49279021027708314
2023-09-14,0.49860181017925553
2023-09-15,0.5044209979787828
2023-09-18,0.5102408566692973
2023-09-19,0.516064153575968
2023-09-20,0.522234127567045
2023-09-21,0.5284062393435041
2023-09-22,0.5345832582268839
2023-09-25,0.5407596477107646
2023-09-26,0.5469354072108468
2023-09-27,0.5531105361424427
2023-09-28,0.5592905749180033
2023-09-29,0.5654367391837112
2023-10-02,0.5716141293688803
2023-10-03,0.5777895026251256
2023-10-04,0.5839656297961682
2023-10-05,0.5901411252598576
2023-10-06,0.596314602379
2023-10-09,0.6024902190646109
2023-10-10,0.6086707493744514
2023-10-11,0.6148506474993098
2023-10-12,0.6210313002602774
2023-10-13,0.6272168686153767
2023-10-16,0.6334031929770667
2023-10-17,0.6395833358945113
2023-10-18,0.6457711711902681
2023-10-19,0.6519611500074518
2023-10-20,0.6581546612018041
2023-10-23,0.6643475416273747
2023-10-24,0.6705411792924831
2023-10-25,0.6767314095242782
2023-10-26,0.6829182300405745
2023-10-27,0.6891058055299659
2023-10-30,0.6952941371016874
2023-10-31,0.701456834098424
2023-11-01,0.7076841837295511
2023-11-02,0.7138928455026838
2023-11-03,0.7200967091828714
2023-11-06,0.7263027219091556
2023-11-07,0.7325108836043981
2023-11-08,0.7387156347180901
2023-11-09,0.7449239252798501
2023-11-10,0.7511343655989933
2023-11-13,0.7573427848887371
2023-11-14,0.763553354632196
2023-11-15,0.7697632938254317
2023-11-16,0.7759823383581388
2023-11-17,0.7821951888013157
2023-11-20,0.7884101907510654
2023-11-21,0.7946203870473179
2023-11-22,0.8008313425306168
2023-11-23,0.8070472334492429
2023-11-24,0.8132583159298878
2023-11-27,0.8194757272185771
2023-11-28,0.8256911142454859
2023-11-29,0.8319100469575624
2023-11-30,0.8381172068572029
2023-12-01,0.8443404456951575
2023-12-04,0.8505560872129059
2023-12-05,0.8567822419169868
2023-12-06,0.8630091591238065
2023-12-07,0.8692326578288556
2023-12-08,0.8754583118988246
2023-12-11,0.8816833340284269
2023-12-12,0.8879146941716098
2023-12-13,0.8941454230728785
2023-12-14,0.9003783090771433
2023-12-15,0.9066091694741485
2023-12-18,0.9128352135452489
2023-12-19,0.9190606240175314
2023-12-20,0.9252881909421196
2023-12-21,0.9315151244541076
2023-12-22,0.9377442149459125
2023-12-27,0.94397406710508
2023-12-28,0.95020468119551
2023-12-29,0.9564137229692959
2024-01-02,0.9626528387377209
2024-01-03,0.9688927187669893
2024-01-04,0.9751305699494117
2024-01-05,0.9813733743558539
2024-01-08,0.987611355704765
2024-01-09,0.9938445118684802
2024-01-10,1.0000840188194582
2024-01-11,1.00632568685034
2024-01-12,1.0125653236895737
2024-01-15,1.0188043263723356
2024-01-16,1.0250510814327263
2024-01-17,1.0312944071007246
2024-01-18,1.0375412927969396
2024-01-19,1.0437917406691088
2024-01-22,1.0500387584024606
2024-01-23,1.0562879395041636
2024-01-24,1.062537885072179
2024-01-25,1.068789994880237
2024-01-26,1.0750414710318124
2024-01-29,1.0813035084955125
2024-01-30,1.08756911307627
2024-01-31,1.0938172903359522
2024-02-01,1.100087230242508
2024-02-02,1.1063481380171214
2024-02-05,1.1126126134559877
2024-02-06,1.1188792571446005
2024-02-07,1.125150871285352
2024-02-08,1.1314204531051697
2024-02-09,1.1376922044872395
2024-02-12,1.1439577192004058
2024-02-13,1.1502197973869532
2024-02-14,1.1564938545142844
2024-02-15,1.1627672794725208
2024-02-16,1.1690414740975763
2024-02-19,1.1753178400531472
2024-02-20,1.1815935734350025
2024-02-21,1.187868674165904
2024-02-22,1.1941431418241888
2024-02-23,1.200418378932988
2024-02-26,1.206680356312384
2024-02-27,1.2129529211931556
2024-02-28,1.2192276575484051
2024-02-29,1.2254807106012011
2024-03-01,1.2317555786042211
2024-03-04,1.2380256002058831
2024-03-05,1.2443104275433936
2024-03-06,1.250586197774095
2024-03-07,1.2568641403870484
2024-03-08,1.2631470656633281
2024-03-11,1.2694223336179422
2024-03-12,1.2756997744093002
2024-03-13,1.281980793482751
2024-03-14,1.2882639869576162
2024-03-15,1.2945507607961315
2024-03-18,1.3008284665826153
2024-03-19,1.3071139693203282
2024-03-20,1.3133988363048799
2024-03-21,1.3196844733267765
2024-03-22,1.3259765048145744
2024-03-25,1.3322679013493377
2024-03-26,1.3385558499106054
2024-03-27,1.344843161984377
2024-03-28,1.3511242107457466
2024-04-02,1.357422911558026
2024-04-03,1.3637195696084459
2024-04-04,1.3700169994860123
2024-04-05,1.3763081643603514
2024-04-08,1.3826015072905928
2024-04-09,1.3888984368251256
2024-04-10,1.395191914064553
2024-04-11,1.40148757033296
2024-04-12,1.4077839972707618
2024-04-15,1.4140840132603305
2024-04-16,1.4203890270240493
2024-04-17,1.4266849516974545
2024-04-18,1.4329844653617085
2024-04-19,1.439287569146952
2024-04-22,1.445591445376604
2024-04-23,1.451894684827959
2024-04-24,1.4582029255554851
2024-04-25,1.4645077100234105
2024-04-26,1.4708132673143193
2024-04-29,1.4771181869964956
2024-04-30,1.4834013135108015
2024-05-02,1.4897176493672393
2024-05-03,1.4960502801011244
2024-05-06,1.5023625238099303
2024-05-07,1.50867130811988
2024-05-08,1.5149808653970975
2024-05-09,1.5212841384352638
2024-05-10,1.52759524054924
2024-05-13,1.5339099393884226
2024-05-14,1.5402254120929992
2024-05-15,1.5465458953526912
2024-05-16,1.5528586798236432
2024-05-17,1.5591680001193153
2024-05-20,1.565482330389889
2024-05-21,1.5718101491085101
2024-05-22,1.5781345053225704
2024-05-23,1.584463876643183
2024-05-24,1.5907926115462878
2024-05-27,1.5971164681620742
2024-05-28,1.6034439279149604
2024-05-29,1.6097721636171403
2024-05-30,1.616096932705724
2024-05-31,1.6224026793243418
2024-06-03,1.6287388973143968
2024-06-04,1.6350787227330854
2024-06-05,1.6414136668910673
2024-06-06,1.6477536336970577
2024-06-07,1.654095793883792
2024-06-10,1.6604330713596127
2024-06-11,1.6667711268568586
2024-06-12,1.6727589033752155
2024-06-13,1.6787445422381753
2024-06-14,1.6847322903402184
2024-06-17,1.6907221484177115
2024-06-18,1.6967197818684387
2024-06-19,1.7027138621080518
2024-06-20,1.708707220644412
2024-06-21,1.714701273764474
2024-06-24,1.7206946048496374
2024-06-25,1.7266886305151052
2024-06-26,1.7326819338141397
2024-06-27,1.7386759313620326
2024-06-28,1.7446578652314693
2024-07-01,1.750661756965155
2024-07-02,1.7566620917801035
2024-07-03,1.7626617039743553
2024-07-04,1.768664848324697
2024-07-05,1.7746672703800148
2024-07-08,1.7806689698918188
2024-07-09,1.7866699462835145
2024-07-10,1.7926744559760621
2024-07-11,1.798678242874141
2024-07-12,1.804681306564937
2024-07-15,1.8106864854569804
2024-07-16,1.8166937799600102
2024-07-17,1.8227031908133462
2024-07-18,1.8287104584661429
2024-07-19,1.8347255232370574
2024-07-22,1.840734184349191
2024-07-23,1.8467506442233383
2024-07-24,1.8527606991183054
2024-07-25,1.8587785547488633
2024-07-26,1.8647871622935908
2024-07-29,1.87080215058405
2024-07-30,1.8768192574343923
2024-07-31,1.8828228495602395
2024-08-01,1.8888456159016576
2024-08-02,1.8948676595904157
2024-08-05,1.9009017778954918
2024-08-06,1.906922376686826
2024-08-07,1.9129408292895111
2024-08-08,1.9189628243028167
2024-08-09,1.9249826729594965
2024-08-12,1.9310032194346571
2024-08-13,1.9370244639741019
2024-08-14,1.9430464069889242
2024-08-15,1.9490576619573874
2024-08-16,1.9550824233045105
2024-08-19,1.9611093069841212
2024-08-20,1.9671397373521193
2024-08-21,1.9731722917013972
2024-08-22,1.9792055461686942
2024-08-23,1.985236652449418
2024-08-26,1.991272731671645
2024-08-27,1.9973038133272447
2024-08-28,2.0033398687476667
2024-08-29,2.0093723503781913
2024-08-30,2.0153955577269067
2024-09-02,2.0214337136403304
2024-09-03,2.0274782723837204
2024-09-04,2.0335249590648696
2024-09-05,2.0395566652606556
2024-09-06,2.0455976260579267
2024-09-09,2.0516378620195175
2024-09-10,2.057678798825102
2024-09-11,2.0637247159985495
2024-09-12,2.0697713353374336
2024-09-13,2.075818657089612
2024-09-16,2.081863827490127
2024-09-17,2.087909699141466
2024-09-18,2.0935966458819677
2024-09-19,2.0992842138335854
2024-09-20,2.104969547952762
2024-09-23,2.1106583575955185
2024-09-24,2.116352071787908
2024-09-25,2.12204783595481
2024-09-26,2.127744222764383
2024-09-27,2.133435518785165
2024-09-30,2.1391245799769143
2024-10-01,2.1448228329372654
2024-10-02,2.1505131367697827
2024-10-03,2.1562026330649298
2024-10-04,2.161901323671822
2024-10-07,2.1676006370849876
2024-10-08,2.1733062907730805
2024-10-09,2.179013997925483
2024-10-10,2.184719470170149
2024-10-11,2.1904241365338417
2024-10-14,2.1961308565671467
2024-10-15,2.201836770387222
2024-10-16,2.20754759890206
2024-10-17,2.2132576214965005
2024-10-18,2.2189682686054035
2024-10-21,2.224679540296559
2024-10-22,2.230391436482282
2024-10-23,2.2357462093342995
2024-10-24,2.241094374742303
2024-10-25,2.246447382018535
2024-10-28,2.2518009380969817
2024-10-29,2.2571607696425855
2024-10-30,2.262516855219099
2024-10-31,2.2678577390240817
2024-11-01,2.2732149212775
2024-11-04,2.2785755172390343
2024-11-05,2.283950987525074
2024-11-06,2.2893083867926878
2024-11-07,2.294667767625491
2024-11-08,2.3000276977670375
2024-11-11,2.3053867443728615
2024-11-12,2.3107506395413036
2024-11-13,2.316115084627679
2024-11-14,2.3214815131767708
2024-11-15,2.3268470585628864
2024-11-18,2.332213154183127
2024-11-19,2.3375812338761293
2024-11-20,2.342951298139828
2024-11-21,2.3483233476187637
2024-11-22,2.353695948293366
2024-11-25,2.3590691005145437
2024-11-26,2.3644399351563594
2024-11-27,2.3698113207220484
2024-11-28,2.3751803874970223
2024-11-29,2.380545699548653
2024-12-02,2.385910125675794
2024-12-03,2.391273665934779
2024-12-04,2.396647804023211
2024-12-05,2.4020210576799816
2024-12-06,2.407394862361567
2024-12-09,2.412766346293904
2024-12-10,2.41813838092233
2024-12-11,2.4235124022922716
2024-12-12,2.4288812288967843
2024-12-13,2.4342606609383144
2024-12-16,2.4396291514278134
2024-12-17,2.445005376078113
2024-12-18,2.4500272444735183
2024-12-19,2.455049593462477
2024-12-20,2.4600681119240186
2024-12-23,2.465079924096858
2024-12-24,2.4700893402328283
2024-12-27,2.475109297588063
2024-12-30,2.4801268596852055
2024-12-31,2.4851319611795986
2025-01-02,2.4901591095896736
2025-01-03,2.495183863155781
2025-01-06,2.500213413158603
2025-01-07,2.5052405678587575
2025-01-08,2.5102682040712976
2025-01-09,2.5153020764838496
2025-01-10,2.5203292371995367
2025-01-13,2.525361196236575
2025-01-14,2.5303950764577587
2025-01-15,2.5354323176734916
2025-01-16,2.5404642839689906
2025-01-17,2.5454981718637693
2025-01-20,2.550531102428555
2025-01-21,2.5555616349810517
2025-01-22,2.5605969693488273
2025-01-23,2.565637106406171
2025-01-24,2.5706762865945754
2025-01-27,2.575715949861701
2025-01-28,2.5807560962539555
2025-01-29,2.5857996070003164
2025-01-30,2.5908450423847595
2025-01-31,2.595877994326623
2025-02-03,2.6009186328141087
2025-02-04,2.6059568719559167
2025-02-05,2.610633831901499
2025-02-06,2.6153357134297006
2025-02-07,2.620016390668445
2025-02-10,2.6247003680213044
2025-02-11,2.629389087834566
2025-02-12,2.6340738993708923
2025-02-13,2.6387591276695654
2025-02-14,2.6434447731529254
2025-02-17,2.6481308358578093
2025-02-18,2.652817315564715
2025-02-19,2.6575056552621046
2025-02-20,2.662198740633104
2025-02-21,2.6668821437423995
2025-02-24,2.6715702925992013
2025-02-25,2.6762617451888793
2025-02-26,2.6809492857638118
2025-02-27,2.6856415737395833
2025-02-28,2.690318401153824
2025-03-03,2.6950043054115524
2025-03-04,2.699692070122328
2025-03-05,2.7043845837947944
2025-03-06,2.709076070935934
2025-03-07,2.7137607546400155
2025-03-10,2.7184516324234353
2025-03-11,2.7231429276373897
2025-03-12,2.7274720726210955
2025-03-13,2.731804462416376
2025-03-14,2.7361400974082906
2025-03-17,2.740476088878141
2025-03-18,2.7448023212518824
2025-03-19,2.749140470258149
2025-03-20,2.7534789759490197
2025-03-21,2.7578178384728314
2025-03-24,2.762158503301837
2025-03-25,2.7664995252602798
2025-03-26,2.7708394586970386
2025-03-27,2.775181195002552
2025-03-28,2.7795247345630436
2025-03-31,2.783865739533675
2025-04-01,2.788218671153131
2025-04-02,2.7925603909436325
2025-04-03,2.796902467950413
2025-04-04,2.801247795468742
2025-04-07,2.8055819067247856
2025-04-08,2.809922161102052
2025-04-09,2.8142656661968246
2025-04-10,2.8186153168512362
2025-04-11,2.82295519513851
2025-04-14,2.8272954298959374
2025-04-15,2.831634573925579
2025-04-16,2.835975521711176
2025-04-17,2.840313930887095
2025-04-22,2.8446498006503007
2025-04-23,2.8486269666709307
2025-04-24,2.8526102239598283
2025-04-25,2.8565908853912525
2025-04-28,2.8605703983736963
2025-04-29,2.8645516593357456
2025-04-30,2.868512942688406
2025-05-02,2.8724904559909614
2025-05-05,2.8764697173404685
2025-05-06,2.8804478293724234
2025-05-07,2.8844320361217424
2025-05-08,2.888415093817076
2025-05-09,2.8924143921525203
2025-05-12,2.8963995003975063
2025-05-13,2.9003878073739386
2025-05-14,2.904376415062726
2025-05-15,2.908365323486284
2025-05-16,2.9123501838564048
2025-05-19,2.916336794027885
2025-05-20,2.9203266042455045
2025-05-21,2.924312365603754
2025-05-22,2.9283056772852145
2025-05-23,2.9322963901567523
2025-05-26,2.9362845034761054
2025-05-27,2.940278718603817
2025-05-28,2.9442674334501984
2025-05-29,2.9482462948547505
2025-05-30,2.9522283568166663
2025-06-02,2.9562237749597653
2025-06-03,2.9602209455584783
2025-06-04,2.9642169666591056
2025-06-05,2.9674949514468807
2025-06-06,2.9707745904582694
2025-06-09,2.974055884155491
2025-06-10,2.9773388321914562
2025-06-11,2.980257672803277
2025-06-12,2.9831752227141073
2025-06-13,2.9860914814535233
2025-06-16,2.9890079007872106
2025-06-17,2.991924480644237
2025-06-18,2.994838317359627
2025-06-19,2.9977465067090203
2025-06-20,3.000662115553232
2025-06-23,3.003585145417842
2025-06-24,3.006509788647038
2025-06-25,3.009431688698827
2025-06-26,3.0123595590826224
2025-06-27,3.0152817813538624
2025-06-30,3.0181939973702443
