Date,rate_pct
2010-10-29,0.4536817469619203
2010-10-30,0.4536817469619203
2010-10-31,0.46194138980375127
2010-11-01,0.47020108869719
2010-11-02,0.4784608436427769
2010-11-03,0.48672065464078207
2010-11-04,0.4949805216920159
2010-11-05,0.5032404447959382
2010-11-06,0.5115004239541698
2010-11-07,0.5197604591659003
2010-11-08,0.5280205504319402
2010-11-09,0.5362806977528296
2010-11-10,0.5445409011293793
2010-11-11,0.5528011605605083
2010-11-12,0.5610614760486483
2010-11-13,0.569321847591638
2010-11-14,0.5775822751927191
2010-11-15,0.585842758850541
2010-11-16,0.5941032985656439
2010-11-17,0.6023638943377577
2010-11-18,0.6106245461693138
2010-11-19,0.6188852540592316
2010-11-20,0.6271460180069706
2010-11-21,0.6354068380152326
2010-11-22,0.6436677140829368
2010-11-23,0.6519286462100833
2010-11-24,0.660189634398293
2010-11-25,0.6684506786470257
2010-11-26,0.6767117789581722
2010-11-27,0.6849729353298417
2010-11-28,0.6932341477644655
2010-11-29,0.701495416261233
2010-11-30,0.6978700634731864
2010-12-01,0.6942447214818551
2010-12-02,0.6906193902866989
2010-12-03,0.6869940698877178
2010-12-04,0.6833687602851819
2010-12-05,0.6797434614793614
2010-12-06,0.6761181734694458
2010-12-07,0.6724928962557053
2010-12-08,0.6688676298375995
2010-12-09,0.6652423742159389
2010-12-10,0.6616171293907236
2010-12-11,0.657991895361143
2010-12-12,0.6543666721282777
2010-12-13,0.650741459690507
2010-12-14,0.6471162580494516
2010-12-15,0.6434910672034906
2010-12-16,0.6398658871545152
2010-12-17,0.6362407179014447
2010-12-18,0.6326155594437388
2010-12-19,0.6289904117813975
2010-12-20,0.6253652749149611
2010-12-21,0.6217401488452401
2010-12-22,0.6181150335695329
2010-12-23,0.6144899290908112
2010-12-24,0.6108648354074542
2010-12-25,0.6072397525197318
2010-12-26,0.6036146804284548
2010-12-27,0.5999896191309213
2010-12-28,0.5963645686303735
2010-12-29,0.59273952892492
2010-12-30,0.59273952892492
2010-12-31,0.5895880454639808
2011-01-01,0.5864365701622409
2011-01-02,0.5832851030199704
2011-01-03,0.5801336440366289
2011-01-04,0.5769821932122166
2011-01-05,0.5738307505467333
2011-01-06,0.5706793160412597
2011-01-07,0.5675278896939047
2011-01-08,0.5643764715060191
2011-01-09,0.5612250614773329
2011-01-10,0.5580736596073055
2011-01-11,0.5549222658964773
2011-01-12,0.5517708803443081
2011-01-13,0.5486195029513381
2011-01-14,0.5454681337170271
2011-01-15,0.5423167726419154
2011-01-16,0.5391654197260027
2011-01-17,0.5360140749682089
2011-01-18,0.5328627383696142
2011-01-19,0.5297114099299486
2011-01-20,0.5265600896486717
2011-01-21,0.5234087775260539
2011-01-22,0.5202574735626353
2011-01-23,0.5171061777573353
2011-01-24,0.5139548901115046
2011-01-25,0.5108036106254136
2011-01-26,0.5076523392963606
2011-01-27,0.5045010761256963
2011-01-28,0.5013498211142312
2011-01-29,0.498198574261155
2011-01-30,0.498198574261155
2011-01-31,0.50356403054298
2011-02-01,0.5089295104765412
2011-02-02,0.5142950140618385
2011-02-03,0.5196605412994122
2011-02-04,0.5250260921889922
2011-02-05,0.5303916667308487
2011-02-06,0.5357572649244413
2011-02-07,0.5411228867713909
2011-02-08,0.5464885322700767
2011-02-09,0.5518542014218493
2011-02-10,0.5572198942261686
2011-02-11,0.5625856106835747
2011-02-12,0.5679513507932572
2011-02-13,0.5733171145568372
2011-02-14,0.5786829019724233
2011-02-15,0.5840487130416367
2011-02-16,0.5894145477647476
2011-02-17,0.5947804061412154
2011-02-18,0.6001462881707701
2011-02-19,0.6055121938547625
2011-02-20,0.6108781231923821
2011-02-21,0.6162440761830885
2011-02-22,0.6216100528282327
2011-02-23,0.6269760531275443
2011-02-24,0.6323420770810235
2011-02-25,0.6377081246889404
2011-02-26,0.6430741959510248
2011-02-27,0.6484402908680871
2011-02-28,0.6554105754008499
2011-03-01,0.6623808998462044
2011-03-02,0.6639850771074799
2011-03-03,0.6655892564827126
2011-03-04,0.6671934379721726
2011-03-05,0.6687976215750494
2011-03-06,0.6704018072921536
2011-03-07,0.672005995123485
2011-03-08,0.6736101850682333
2011-03-09,0.6752143771277492
2011-03-10,0.6768185713004119
2011-03-11,0.678422767587572
2011-03-12,0.6800269659881489
2011-03-13,0.6816311665032233
2011-03-14,0.6832353691317146
2011-03-15,0.6848395738752436
2011-03-16,0.6864437807319194
2011-03-17,0.6880479897028224
2011-03-18,0.6896522007874124
2011-03-19,0.6912564139865
2011-03-20,0.6928606292990043
2011-03-21,0.6944648467268166
2011-03-22,0.6960690662664248
2011-03-23,0.6976732879216111
2011-03-24,0.6992775116912948
2011-03-25,0.7008817375746657
2011-03-26,0.7024859655719935
2011-03-27,0.7040901956830085
2011-03-28,0.7056944279082507
2011-03-29,0.70729866224718
2011-03-30,0.70729866224718
2011-03-31,0.7056844222885956
2011-04-01,0.7040701844704437
2011-04-02,0.7024559487924538
2011-04-03,0.7008417152557067
2011-04-04,0.6992274838583112
2011-04-05,0.6976132546024286
2011-04-06,0.6959990274869783
2011-04-07,0.6943848025111499
2011-04-08,0.6927705796768342
2011-04-09,0.6911563589818703
2011-04-10,0.689542140427879
2011-04-11,0.68792792401459
2011-04-12,0.6863137097414632
2011-04-13,0.684699497609309
2011-04-14,0.6830852876170468
2011-04-15,0.6814710797649466
2011-04-16,0.6798568740535489
2011-04-17,0.6782426704828537
2011-04-18,0.6766284690525907
2011-04-19,0.6750142697627599
2011-04-20,0.6734000726136317
2011-04-21,0.6717858776043953
2011-04-22,0.6701716847355913
2011-04-23,0.6685574940072195
2011-04-24,0.66694330541928
2011-04-25,0.6653291189723132
2011-04-26,0.6637149346655083
2011-04-27,0.6621007524985956
2011-04-28,0.660486572472115
2011-04-29,0.6588723945866071
2011-04-30,0.669124425208208
2011-05-01,0.6793765421697628
2011-05-02,0.689628745472622
2011-05-03,0.6998810351170559
2011-05-04,0.7101334111038748
2011-05-05,0.720385873433349
2011-05-06,0.7306384221073695
2011-05-07,0.740891057125396
2011-05-08,0.7511437784893197
2011-05-09,0.76139658619833
2011-05-10,0.7716494802553986
2011-05-11,0.7819024606586344
2011-05-12,0.792155527410739
2011-05-13,0.8024086805119827
2011-05-14,0.8126619199623653
2011-05-15,0.8229152457632375
2011-05-16,0.83316865791541
2011-05-17,0.8434221564183423
2011-05-18,0.8536757412750062
2011-05-19,0.8639294124843211
2011-05-20,0.8741831700481779
2011-05-21,0.8844370139665769
2011-05-22,0.8946909442405985
2011-05-23,0.9049449608718636
2011-05-24,0.9151990638576708
2011-05-25,0.9254532532026127
2011-05-26,0.9357075289058787
2011-05-27,0.9459618909682794
2011-05-28,0.9562163393908955
2011-05-29,0.9664708741729162
2011-05-30,0.9664708741729162
2011-05-31,0.9687159300968269
2011-06-01,0.9709609901600413
2011-06-02,0.9732060543625594
2011-06-03,0.9754511227043812
2011-06-04,0.9776961951857769
2011-06-05,0.9799412718067464
2011-06-06,0.9821863525670197
2011-06-07,0.9844314374668668
2011-06-08,0.9866765265057476
2011-06-09,0.9889216196844722
2011-06-10,0.9911667170027708
2011-06-11,0.9934118184598328
2011-06-12,0.9956569240567388
2011-06-13,0.997902033793759
2011-06-14,1.0001471476706232
2011-06-15,1.0023922656854403
2011-06-16,1.004637387840912
2011-06-17,1.0068825141354172
2011-06-18,1.0091276445697663
2011-06-19,1.0113727791439597
2011-06-20,1.013617917856376
2011-06-21,1.015863060709717
2011-06-22,1.0181082077020915
2011-06-23,1.02035335883431
2011-06-24,1.0225985141061025
2011-06-25,1.0248436735163882
2011-06-26,1.0270888370673283
2011-06-27,1.0293340047567618
2011-06-28,1.0315791765876603
2011-06-29,1.0338243525570519
2011-06-30,1.036846833133768
2011-07-01,1.0398693212126682
2011-07-02,1.0428918167940227
2011-07-03,1.0459143198772909
2011-07-04,1.0489368304630133
2011-07-05,1.05195934855092
2011-07-06,1.0549818741410106
2011-07-07,1.0580044072332853
2011-07-08,1.0610269478280143
2011-07-09,1.0640494959249271
2011-07-10,1.0670720515237542
2011-07-11,1.0700946146255754
2011-07-12,1.0731171852298511
2011-07-13,1.076139763336581
2011-07-14,1.0791623489452247
2011-07-15,1.082184942055512
2011-07-16,1.085207542670415
2011-07-17,1.0882301507864214
2011-07-18,1.0912527664040717
2011-07-19,1.0942753895252566
2011-07-20,1.0972980201491658
2011-07-21,1.1003206582744487
2011-07-22,1.1033433039038067
2011-07-23,1.106365957035349
2011-07-24,1.1093886176693453
2011-07-25,1.1124112858066062
2011-07-26,1.115433961445511
2011-07-27,1.11845664458687
2011-07-28,1.1214793352312236
2011-07-29,1.1245020333780311
2011-07-30,1.1245020333780311
2011-07-31,1.1207586919639412
2011-08-01,1.1170153620565317
2011-08-02,1.1132720436558032
2011-08-03,1.1095287367614854
2011-08-04,1.1057854413735781
2011-08-05,1.1020421574923518
2011-08-06,1.098298885117536
2011-08-07,1.0945556242485905
2011-08-08,1.0908123748863259
2011-08-09,1.0870691370302017
2011-08-10,1.0833259106804882
2011-08-11,1.079582695836915
2011-08-12,1.0758394924994825
2011-08-13,1.0720963006671098
2011-08-14,1.0683531203430388
2011-08-15,1.0646099515240277
2011-08-16,1.060866794210887
2011-08-17,1.0571236484041568
2011-08-18,1.0533805141024866
2011-08-19,1.049637391307497
2011-08-20,1.045894280018648
2011-08-21,1.0421511802343186
2011-08-22,1.0384080919577505
2011-08-23,1.034665015185702
2011-08-24,1.0309219499192537
2011-08-25,1.0271788961600266
2011-08-26,1.023435853905589
2011-08-27,1.0196928231564817
2011-08-28,1.0159498039132444
2011-08-29,1.0122067961758776
2011-08-30,1.0122067961758776
2011-08-31,1.0086706213072727
2011-09-01,1.005134456708312
2011-09-02,1.0015983023781851
2011-09-03,0.9980621583174327
2011-09-04,0.9945260245255142
2011-09-05,0.9909899010024296
2011-09-06,0.9874537877487192
2011-09-07,0.9839176847638427
2011-09-08,0.9803815920478002
2011-09-09,0.9768455096005916
2011-09-10,0.9733094374227572
2011-09-11,0.9697733755129463
2011-09-12,0.96623732387305
2011-09-13,0.9627012825009069
2011-09-14,0.9591652513986785
2011-09-15,0.9556292305644735
2011-09-16,0.9520932199988322
2011-09-17,0.9485572197017548
2011-09-18,0.9450212296735112
2011-09-19,0.9414852499143718
2011-09-20,0.9379492804237961
2011-09-21,0.9344133212007036
2011-09-22,0.9308773722469854
2011-09-23,0.9273414335612906
2011-09-24,0.9238055051449701
2011-09-25,0.9202695869966729
2011-09-26,0.9167336791166695
2011-09-27,0.9131977815049597
2011-09-28,0.9096618941612733
2011-09-29,0.9061260170864208
2011-09-30,0.9094517429765451
2011-10-01,0.9127774779508768
2011-10-02,0.9161032220091458
2011-10-03,0.9194289751516223
2011-10-04,0.922754737378036
2011-10-05,0.9260805086883872
2011-10-06,0.9294062890832159
2011-10-07,0.9327320785617117
2011-10-08,0.936057877124415
2011-10-09,0.9393836847713258
2011-10-10,0.9427095015027143
2011-10-11,0.9460353273185802
2011-10-12,0.9493611622186537
2011-10-13,0.9526870062032048
2011-10-14,0.9560128592716932
2011-10-15,0.9593387214246591
2011-10-16,0.9626645926621028
2011-10-17,0.9659904729842942
2011-10-18,0.9693163623906931
2011-10-19,0.9726422608810292
2011-10-20,0.9759681684566535
2011-10-21,0.9792940851154045
2011-10-22,0.9826200108602541
2011-10-23,0.9859459456885007
2011-10-24,0.9892718896020354
2011-10-25,0.9925978426011284
2011-10-26,0.995923804683078
2011-10-27,0.9992497758505858
2011-10-28,1.0025757561025712
2011-10-29,1.0059017454395747
2011-10-30,1.0059017454395747
2011-10-31,1.0043705226657762
2011-11-01,1.0028393018173671
2011-11-02,1.0013080828946177
2011-11-03,0.9997768658975281
2011-11-04,0.9982456508258278
2011-11-05,0.996714437679247
2011-11-06,0.9951832264588659
2011-11-07,0.9936520171636043
2011-11-08,0.9921208097937321
2011-11-09,0.9905896043495195
2011-11-10,0.9890584008309666
2011-11-11,0.987527199237533
2011-11-12,0.9859959995692187
2011-11-13,0.9844648018271044
2011-11-14,0.9829336060103795
2011-11-15,0.9814024121185039
2011-11-16,0.9798712201528281
2011-11-17,0.9783400301125418
2011-11-18,0.9768088419973748
2011-11-19,0.9752776558078675
2011-11-20,0.9737464715442901
2011-11-21,0.972215289206102
2011-11-22,0.9706841087924929
2011-11-23,0.9691529303056241
2011-11-24,0.9676217537433344
2011-11-25,0.9660905791067043
2011-11-26,0.9645594063949232
2011-11-27,0.9630282356093423
2011-11-28,0.9614970667491507
2011-11-29,0.9599658998143485
2011-11-30,0.9543082546689081
2011-12-01,0.9486506358116393
2011-12-02,0.942993043242002
2011-12-03,0.9373354769599958
2011-12-04,0.9316779369658912
2011-12-05,0.9260204232588776
2011-12-06,0.9203629358397654
2011-12-07,0.9147054747077443
2011-12-08,0.9090480398630844
2011-12-09,0.9033906313049751
2011-12-10,0.8977332490336868
2011-12-11,0.8920758930492193
2011-12-12,0.8864185633515727
2011-12-13,0.8807612599404768
2011-12-14,0.8751039828153913
2011-12-15,0.8694467319768565
2011-12-16,0.8637895074248725
2011-12-17,0.8581323091580884
2011-12-18,0.8524751371781251
2011-12-19,0.8468179914833618
2011-12-20,0.8411608720737984
2011-12-21,0.8355037789505155
2011-12-22,0.829846712112973
2011-12-23,0.8241896715598199
2011-12-24,0.818532657292137
2011-12-25,0.8128756693101942
2011-12-26,0.8072187076129111
2011-12-27,0.801561772199207
2011-12-28,0.7959048630709731
2011-12-29,0.7902479802276688
2011-12-30,0.7902479802276688
2011-12-31,0.7848112355137937
2012-01-01,0.7793745150784126
2012-01-02,0.7739378189215255
2012-01-03,0.7685011470436727
2012-01-04,0.7630644994435035
2012-01-05,0.7576278761220985
2012-01-06,0.7521912770783771
2012-01-07,0.7467547023123392
2012-01-08,0.7413181518242551
2012-01-09,0.7358816256143947
2012-01-10,0.7304451236816778
2012-01-11,0.7250086460274547
2012-01-12,0.7195721926503751
2012-01-13,0.7141357635498983
2012-01-14,0.7086993587271051
2012-01-15,0.703262978181185
2012-01-16,0.6978266219129484
2012-01-17,0.6923902899207746
2012-01-18,0.686953982206014
2012-01-19,0.6815176987673162
2012-01-20,0.6760814396049512
2012-01-21,0.6706452047202697
2012-01-22,0.6652089941113807
2012-01-23,0.6597728077788245
2012-01-24,0.6543366457220607
2012-01-25,0.6489005079421701
2012-01-26,0.6434643944367213
2012-01-27,0.6380283052084157
2012-01-28,0.6325922402548219
2012-01-29,0.627156199577561
2012-01-30,0.627156199577561
2012-01-31,0.6189187637041127
2012-02-01,0.610681383573756
2012-02-02,0.6024440591856806
2012-02-03,0.5942067905393459
2012-02-04,0.5859695776347521
2012-02-05,0.577732420471629
2012-02-06,0.569495319048896
2012-02-07,0.5612582733679039
2012-02-08,0.553021283425951
2012-02-09,0.544784349223848
2012-02-10,0.5365474707618648
2012-02-11,0.5283106480378403
2012-02-12,0.5200738810528552
2012-02-13,0.5118371698066393
2012-02-14,0.5036005142973013
2012-02-15,0.4953639145267326
2012-02-16,0.48712737049250165
2012-02-17,0.4788908821948786
2012-02-18,0.4706544496344037
2012-02-19,0.46241807280918606
2012-02-20,0.454181751720036
2012-02-21,0.44594548636587295
2012-02-22,0.43770927674723714
2012-02-23,0.4294731228622376
2012-02-24,0.42123702471114444
2012-02-25,0.4130009822947681
2012-02-26,0.4047649956114877
2012-02-27,0.39652906465995247
2012-02-28,0.38829318944313407
2012-02-29,0.3795772250153558
2012-03-01,0.37909708026310956
2012-03-02,0.37861693570024146
2012-03-03,0.37813679132675154
2012-03-04,0.3776566471429099
2012-03-05,0.3771765031479061
2012-03-06,0.37669635934282075
2012-03-07,0.3762162157271135
2012-03-08,0.3757360723005143
2012-03-09,0.3752559290632932
2012-03-10,0.3747757860159906
2012-03-11,0.37429564315779595
2012-03-12,0.3738155004892496
2012-03-13,0.37333535801035156
2012-03-14,0.37285521572002117
2012-03-15,0.37237507361960925
2012-03-16,0.3718949317091158
2012-03-17,0.37141478998719
2012-03-18,0.37093464845491253
2012-03-19,0.3704545071133639
2012-03-20,0.36997436595957256
2012-03-21,0.3694942249954295
2012-03-22,0.36901408422039444
2012-03-23,0.36853394363635844
2012-03-24,0.3680538032408901
2012-03-25,0.3675736630350701
2012-03-26,0.36709352301835807
2012-03-27,0.36661338319048387
2012-03-28,0.36613324355279825
2012-03-29,0.3656531041034102
2012-03-30,0.3656531041034102
2012-03-31,0.36535635125005683
2012-04-01,0.3650595984688346
2012-04-02,0.36476284576001383
2012-04-03,0.36446609312386447
2012-04-04,0.36416934055957617
2012-04-05,0.36387258806822953
2012-04-06,0.3635758356490141
2012-04-07,0.36327908330247016
2012-04-08,0.3629823310275171
2012-04-09,0.3626855788255057
2012-04-10,0.36238882669562544
2012-04-11,0.3620920746381465
2012-04-12,0.361795322653069
2012-04-13,0.3614985707403928
2012-04-14,0.36120181890011793
2012-04-15,0.3609050671319743
2012-04-16,0.3606083154367723
2012-04-17,0.360311563812891
2012-04-18,0.36001481226222154
2012-04-19,0.3597180607839534
2012-04-20,0.35942130937781647
2012-04-21,0.3591245580438107
2012-04-22,0.35882780678193615
2012-04-23,0.35853105559273307
2012-04-24,0.35823430447593135
2012-04-25,0.3579375534318011
2012-04-26,0.3576408024598021
2012-04-27,0.35734405156047455
2012-04-28,0.35704730073273794
2012-04-29,0.35675054997713246
2012-04-30,0.35636377371224637
2012-05-01,0.3559769975702805
2012-05-02,0.3555902215512348
2012-05-03,0.3552034456551093
2012-05-04,0.35481666988136373
2012-05-05,0.35442989423134874
2012-05-06,0.3540431187037137
2012-05-07,0.3536563432989988
2012-05-08,0.3532695680174743
2012-05-09,0.35288279285832963
2012-05-10,0.35249601782345596
2012-05-11,0.35210924291042184
2012-05-12,0.35172246812003777
2012-05-13,0.3513356934531142
2012-05-14,0.35094891890884067
2012-05-15,0.35056214448748735
2012-05-16,0.3501753701893243
2012-05-17,0.34978859601462187
2012-05-18,0.34940182196175895
2012-05-19,0.3490150480323565
2012-05-20,0.3486282742258743
2012-05-21,0.3482415005415018
2012-05-22,0.3478547269814003
2012-05-23,0.34746795354367865
2012-05-24,0.34708118022914736
2012-05-25,0.3466944070364556
2012-05-26,0.346307633968305
2012-05-27,0.3459208610217238
2012-05-28,0.3455340881977927
2012-05-29,0.34514731549678174
2012-05-30,0.34514731549678174
2012-05-31,0.34487724145570997
2012-06-01,0.34460716747488257
2012-06-02,0.3443370935537593
2012-06-03,0.3440670196926102
2012-06-04,0.3437969458911653
2012-06-05,0.3435268721496946
2012-06-06,0.3432567984684683
2012-06-07,0.3429867248469461
2012-06-08,0.34271665128539813
2012-06-09,0.3424465777846349
2012-06-10,0.34217650434249514
2012-06-11,0.34190643096059975
2012-06-12,0.34163635763921896
2012-06-13,0.34136628437727207
2012-06-14,0.3410962111750293
2012-06-15,0.3408261380330309
2012-06-16,0.3405560649515471
2012-06-17,0.3402859919294972
2012-06-18,0.34001591896688127
2012-06-19,0.3397458460653202
2012-06-20,0.3394757732221124
2012-06-21,0.3392057004402297
2012-06-22,0.3389356277177809
2012-06-23,0.3386655550555765
2012-06-24,0.3383954824519956
2012-06-25,0.3381254099097397
2012-06-26,0.3378553374266476
2012-06-27,0.33758526500461034
2012-06-28,0.33731519264200704
2012-06-29,0.33704512033910783
2012-06-30,0.33687840904101185
2012-07-01,0.33671169776587906
2012-07-02,0.33654498651343917
2012-07-03,0.33637827528369224
2012-07-04,0.33621156407690844
2012-07-05,0.3360448528930878
2012-07-06,0.3358781417322302
2012-07-07,0.3357114305943357
2012-07-08,0.33554471947859393
2012-07-09,0.3353780083860854
2012-07-10,0.3352112973162698
2012-07-11,0.33504458626995764
2012-07-12,0.3348778752452578
2012-07-13,0.33471116424460173
2012-07-14,0.334544453265558
2012-07-15,0.33437774231001766
2012-07-16,0.33421103137798075
2012-07-17,0.33404432046782634
2012-07-18,0.3338776095809052
2012-07-19,0.33371089871586657
2012-07-20,0.33354418787541196
2012-07-21,0.3333774770562995
2012-07-22,0.3332107662606905
2012-07-23,0.3330440554877745
2012-07-24,0.33287734473836184
2012-07-25,0.33271063401083173
2012-07-26,0.33254392330653487
2012-07-27,0.332377212624931
2012-07-28,0.3322105019673708
2012-07-29,0.33204379133034234
2012-07-30,0.33204379133034234
2012-07-31,0.3271158249381326
2012-08-01,0.32218787850086805
2012-08-02,0.3172599520180082
2012-08-03,0.31233204548982335
2012-08-04,0.307404158915503
2012-08-05,0.3024762922961277
2012-08-06,0.29754844563088706
2012-08-07,0.2926206189197811
2012-08-08,0.28769281216335
2012-08-09,0.2827650253605133
2012-08-10,0.27783725851181124
2012-08-11,0.2729095116177841
2012-08-12,0.2679817846762707
2012-08-13,0.26305407768862177
2012-08-14,0.2581263906553777
2012-08-15,0.2531987235749174
2012-08-16,0.2482710764485918
2012-08-17,0.24334344927505006
2012-08-18,0.23841584205510263
2012-08-19,0.23348825478901972
2012-08-20,0.2285606874754505
2012-08-21,0.22363314011547564
2012-08-22,0.21870561270747416
2012-08-23,0.213778105253067
2012-08-24,0.20885061775198405
2012-08-25,0.20392315020314467
2012-08-26,0.19899570260708913
2012-08-27,0.19406827496327717
2012-08-28,0.18914086727278936
2012-08-29,0.18421347953427497
2012-08-30,0.18421347953427497
2012-08-31,0.18174311802248155
2012-09-01,0.17927276152583196
2012-09-02,0.17680241004432623
2012-09-03,0.17433206357796438
2012-09-04,0.1718617221270165
2012-09-05,0.1693913856901319
2012-09-06,0.16692105427001205
2012-09-07,0.16445072786341514
2012-09-08,0.1619804064730427
2012-09-09,0.1595100900967335
2012-09-10,0.15703977873610847
2012-09-11,0.1545694723906273
2012-09-12,0.15209917106056015
2012-09-13,0.14962887474482636
2012-09-14,0.14715858344315583
2012-09-15,0.14468829715770976
2012-09-16,0.14221801588740757
2012-09-17,0.13974773963278952
2012-09-18,0.1372774683922347
2012-09-19,0.13480720216628345
2012-09-20,0.13233694095547605
2012-09-21,0.1298666847592722
2012-09-22,0.12739643357848235
2012-09-23,0.12492618741229607
2012-09-24,0.12245594626206409
2012-09-25,0.1199857101256252
2012-09-26,0.11751547900487047
2012-09-27,0.11504525289736851
2012-09-28,0.1125750318069015
2012-09-29,0.11010481573049771
2012-09-30,0.10974478423740885
2012-10-01,0.10938475285076077
2012-10-02,0.10902472157082362
2012-10-03,0.10866469039732725
2012-10-04,0.10830465933027167
2012-10-05,0.10794462836992702
2012-10-06,0.1075845975162933
2012-10-07,0.10722456676910037
2012-10-08,0.10686453612780791
2012-10-09,0.1065045055937667
2012-10-10,0.10614447516589612
2012-10-11,0.10578444484527678
2012-10-12,0.10542441462974746
2012-10-13,0.10506438452173952
2012-10-14,0.10470435451990223
2012-10-15,0.10434432462477586
2012-10-16,0.10398429483636043
2012-10-17,0.10362426515411563
2012-10-18,0.10326423557858178
2012-10-19,0.10290420610975884
2012-10-20,0.10254417674710654
2012-10-21,0.10218414749116518
2012-10-22,0.10182411834139445
2012-10-23,0.1014640892980645
2012-10-24,0.10110406036198578
2012-10-25,0.10074403153234786
2012-10-26,0.10038400280915072
2012-10-27,0.1000239741921242
2012-10-28,0.09966394568180861
2012-10-29,0.09930391727847412
2012-10-30,0.09930391727847412
2012-10-31,0.09901722799394719
2012-11-01,0.09873053877722895
2012-11-02,0.09844384962804931
2012-11-03,0.09815716054640822
2012-11-04,0.09787047153203554
2012-11-05,0.09758378258520142
2012-11-06,0.09729709370617604
2012-11-07,0.09701040489468922
2012-11-08,0.09672371615074096
2012-11-09,0.0964370274748716
2012-11-10,0.09615033886600047
2012-11-11,0.09586365032466793
2012-11-12,0.09557696185087394
2012-11-13,0.09529027344434837
2012-11-14,0.09500358510563152
2012-11-15,0.0947168968347234
2012-11-16,0.09443020863135383
2012-11-17,0.09414352049525268
2012-11-18,0.09385683242696026
2012-11-19,0.0935701444256661
2012-11-20,0.09328345649218064
2012-11-21,0.09299676862623377
2012-11-22,0.09271008082809562
2012-11-23,0.09242339309695571
2012-11-24,0.09213670543497532
2012-11-25,0.0918500178391827
2012-11-26,0.09156333031038835
2012-11-27,0.09127664284940273
2012-11-28,0.09098995545649598
2012-11-29,0.09070326813085763
2012-11-30,0.0902965721576295
2012-12-01,0.08988987632028896
2012-12-02,0.089483180618836
2012-12-03,0.08907648505327066
2012-12-04,0.08866978962386307
2012-12-05,0.08826309433034307
2012-12-06,0.08785639917244051
2012-12-07,0.08744970415096587
2012-12-08,0.08704300926510866
2012-12-09,0.08663631451540921
2012-12-10,0.08622961990132719
2012-12-11,0.08582292542367309
2012-12-12,0.08541623108136627
2012-12-13,0.08500953687494706
2012-12-14,0.08460284280495574
2012-12-15,0.08419614887112217
2012-12-16,0.08378945507209559
2012-12-17,0.08338276141111785
2012-12-18,0.08297606788359631
2012-12-19,0.08256937449331314
2012-12-20,0.08216268123918771
2012-12-21,0.08175598811986928
2012-12-22,0.08134929513805936
2012-12-23,0.08094260229105643
2012-12-24,0.0805359095810217
2012-12-25,0.08012921700525366
2012-12-26,0.07972252456618367
2012-12-27,0.0793158322640819
2012-12-28,0.07890914009651695
2012-12-29,0.07850244806592022
2012-12-30,0.07850244806592022
2012-12-31,0.07833243746261376
2013-01-01,0.07816242688335102
2013-01-02,0.07799241632759171
2013-01-03,0.07782240579533584
2013-01-04,0.07765239528739383
2013-01-05,0.07748238480295525
2013-01-06,0.07731237434229024
2013-01-07,0.07714236390512866
2013-01-08,0.07697235349174066
2013-01-09,0.07680234310239638
2013-01-10,0.07663233273628536
2013-01-11,0.07646232239475839
2013-01-12,0.07629231207619454
2013-01-13,0.07612230178221471
2013-01-14,0.07595229151092786
2013-01-15,0.07578228126476534
2013-01-16,0.07561227104075548
2013-01-17,0.07544226084186996
2013-01-18,0.07527225066594756
2013-01-19,0.07510224051433903
2013-01-20,0.07493223038569363
2013-01-21,0.07476222028190241
2013-01-22,0.07459221020107432
2013-01-23,0.07442220014401979
2013-01-24,0.07425219011127915
2013-01-25,0.07408218010150161
2013-01-26,0.07391217011657827
2013-01-27,0.0737421601543479
2013-01-28,0.07357215021724187
2013-01-29,0.07340214030201833
2013-01-30,0.07340214030201833
2013-01-31,0.07325546508202643
2013-02-01,0.07310878987932441
2013-02-02,0.07296211469472272
2013-02-03,0.0728154395274109
2013-02-04,0.07266876437819943
2013-02-05,0.07252208924600767
2013-02-06,0.0723754141321864
2013-02-07,0.07222873903565499
2013-02-08,0.07208206395722394
2013-02-09,0.07193538889662306
2013-02-10,0.07178871385250159
2013-02-11,0.07164203882702076
2013-02-12,0.07149536381991042
2013-02-13,0.0713486888287392
2013-02-14,0.07120201385647876
2013-02-15,0.07105533890231866
2013-02-16,0.07090866396409767
2013-02-17,0.07076198904451732
2013-02-18,0.0706153141435776
2013-02-19,0.07046863925830685
2013-02-20,0.07032196439194689
2013-02-21,0.07017528954341712
2013-02-22,0.07002861471190705
2013-02-23,0.06988193989849734
2013-02-24,0.06973526510264763
2013-02-25,0.06958859032408782
2013-02-26,0.06944191556416864
2013-02-27,0.06929524082072887
2013-02-28,0.06910523038159422
2013-03-01,0.06891521997271684
2013-03-02,0.06887188426702624
2013-03-03,0.06882854856268641
2013-03-04,0.06878521285996753
2013-03-05,0.06874187715859939
2013-03-06,0.0686985414588522
2013-03-07,0.06865520576099607
2013-03-08,0.06861187006422056
2013-03-09,0.06856853436933615
2013-03-10,0.06852519867607265
2013-03-11,0.06848186298415992
2013-03-12,0.06843852729359796
2013-03-13,0.06839519160465693
2013-03-14,0.06835185591733683
2013-03-15,0.06830852023163765
2013-03-16,0.06826518454728925
2013-03-17,0.06822184886510207
2013-03-18,0.06817851318372536
2013-03-19,0.06813517750478004
2013-03-20,0.06809184182583472
2013-03-21,0.06804850615013125
2013-03-22,0.06800517047442778
2013-03-23,0.0679618348022363
2013-03-24,0.06791849912950454
2013-03-25,0.06787516346001461
2013-03-26,0.06783182779052468
2013-03-27,0.06778849212427662
2013-03-28,0.06774515645775839
2013-03-29,0.06770182079502232
2013-03-30,0.06770182079502232
2013-03-31,0.06767848620650163
2013-04-01,0.06765515161852123
2013-04-02,0.067631817030811
2013-04-03,0.06760848244391122
2013-04-04,0.06758514785701145
2013-04-05,0.06756181327065199
2013-04-06,0.06753847868510299
2013-04-07,0.06751514409982413
2013-04-08,0.06749180951481544
2013-04-09,0.0674684749300769
2013-04-10,0.06744514034587867
2013-04-11,0.06742180576222075
2013-04-12,0.06739847117883298
2013-04-13,0.06737513659625567
2013-04-14,0.06735180201367837
2013-04-15,0.06732846743191152
2013-04-16,0.06730513285068498
2013-04-17,0.0672817982697286
2013-04-18,0.06725846368958269
2013-04-19,0.06723512910916662
2013-04-20,0.06721179452929085
2013-04-21,0.06718845995049572
2013-04-22,0.0671651253714304
2013-04-23,0.06714179079398604
2013-04-24,0.0671184562157312
2013-04-25,0.06709512163936744
2013-04-26,0.06707178706165291
2013-04-27,0.06704845248582947
2013-04-28,0.06702511790919555
2013-04-29,0.0670017833333721
2013-04-30,0.06746847484254692
2013-05-01,0.067935166530834
2013-05-02,0.06840185839796323
2013-05-03,0.06886855044447489
2013-05-04,0.06933524266955851
2013-05-05,0.06980193507429473
2013-05-06,0.07026862765706261
2013-05-07,0.07073532041975324
2013-05-08,0.07120201336047552
2013-05-09,0.07166870648112056
2013-05-10,0.07213539978114802
2013-05-11,0.07260209325839669
2013-05-12,0.07306878691637855
2013-05-13,0.07353548075212193
2013-05-14,0.07400217476751791
2013-05-15,0.07446886896202616
2013-05-16,0.07493556333510638
2013-05-17,0.07540225788810935
2013-05-18,0.07586895261860367
2013-05-19,0.0763356475292909
2013-05-20,0.07680234261827992
2013-05-21,0.0772690378866514
2013-05-22,0.07773573333467546
2013-05-23,0.07820242896073118
2013-05-24,0.0786691247669798
2013-05-25,0.07913582075071979
2013-05-26,0.0796025169143825
2013-05-27,0.0800692132566172
2013-05-28,0.08053590977796417
2013-05-29,0.08100260647842342
2013-05-30,0.08100260647842342
2013-05-31,0.08092593487757001
2013-06-01,0.08084926328130922
2013-06-02,0.08077259169018136
2013-06-03,0.08069592010364612
2013-06-04,0.08061924852251397
2013-06-05,0.08054257694570428
2013-06-06,0.08046590537375738
2013-06-07,0.08038923380640309
2013-06-08,0.0803125622444519
2013-06-09,0.08023589068682316
2013-06-10,0.08015921913459752
2013-06-11,0.0800825475869645
2013-06-12,0.08000587604365395
2013-06-13,0.07992920450547632
2013-06-14,0.07985253297216147
2013-06-15,0.0797758614437094
2013-06-16,0.07969918992012011
2013-06-17,0.07962251840139359
2013-06-18,0.0795458468872597
2013-06-19,0.07946917537825873
2013-06-20,0.07939250387412056
2013-06-21,0.07931583237484514
2013-06-22,0.07923916088070267
2013-06-23,0.07916248939115281
2013-06-24,0.07908581790619558
2013-06-25,0.07900914642556081
2013-06-26,0.07893247495005898
2013-06-27,0.07885580347941992
2013-06-28,0.0787791320139138
2013-06-29,0.0787024605530003
2013-06-30,0.0789524761858266
2013-07-01,0.07920249186998221
2013-07-02,0.07945250760519698
2013-07-03,0.07970252339201123
2013-07-04,0.07995253923042492
2013-07-05,0.08020255512043808
2013-07-06,0.08045257106124026
2013-07-07,0.08070258705364189
2013-07-08,0.08095260309710268
2013-07-09,0.0812026191924331
2013-07-10,0.08145263533882266
2013-07-11,0.08170265153627139
2013-07-12,0.08195266778613004
2013-07-13,0.08220268408650755
2013-07-14,0.08245270043821436
2013-07-15,0.08270271684206094
2013-07-16,0.08295273329642638
2013-07-17,0.08320274980266143
2013-07-18,0.08345276636076611
2013-07-19,0.08370278296938963
2013-07-20,0.08395279963015292
2013-07-21,0.08420281634062461
2013-07-22,0.08445283310404653
2013-07-23,0.08470284991771715
2013-07-24,0.08495286678406784
2013-07-25,0.08520288370066723
2013-07-26,0.08545290066967655
2013-07-27,0.08570291768920471
2013-07-28,0.08595293476087265
2013-07-29,0.08620295188305944
2013-07-30,0.08620295188305944
2013-07-31,0.08643296763575226
2013-08-01,0.0866629834319399
2013-08-02,0.08689299927162238
2013-08-03,0.08712301515452954
2013-08-04,0.0873530310812017
2013-08-05,0.08758304705136868
2013-08-06,0.08781306306476036
2013-08-07,0.08804307912218719
2013-08-08,0.08827309522310885
2013-08-09,0.08850311136617457
2013-08-10,0.08873312755408591
2013-08-11,0.08896314378549208
2013-08-12,0.08919316005904232
2013-08-13,0.08942317637716801
2013-08-14,0.089653192739599
2013-08-15,0.08988320914363375
2013-08-16,0.09011322559224395
2013-08-17,0.09034324208461915
2013-08-18,0.09057325861967871
2013-08-19,0.09080327519796297
2013-08-20,0.09103329182109283
2013-08-21,0.09126330848609661
2013-08-22,0.09149332519567584
2013-08-23,0.09172334194929022
2013-08-24,0.0919533587447785
2013-08-25,0.09218337558457208
2013-08-26,0.09241339246786051
2013-08-27,0.09264340939464377
2013-08-28,0.09287342636492187
2013-08-29,0.09310344337788434
2013-08-30,0.09310344337788434
2013-08-31,0.09273341600798402
2013-09-01,0.09236338875073802
2013-09-02,0.09199336160587619
2013-09-03,0.0916233345736687
2013-09-04,0.09125330765384539
2013-09-05,0.0908832808466764
2013-09-06,0.09051325415216174
2013-09-07,0.09014322756976112
2013-09-08,0.08977320110028497
2013-09-09,0.089403174743193
2013-09-10,0.08903314849875535
2013-09-11,0.08866312236643173
2013-09-12,0.08829309634676244
2013-09-13,0.08792307044001764
2013-09-14,0.08755304464538685
2013-09-15,0.08718301896368055
2013-09-16,0.08681299339435844
2013-09-17,0.08644296793715034
2013-09-18,0.08607294259313687
2013-09-19,0.08570291736096727
2013-09-20,0.08533289224145202
2013-09-21,0.08496286723513138
2013-09-22,0.08459284234119493
2013-09-23,0.08422281755964267
2013-09-24,0.08385279289074472
2013-09-25,0.08348276833369064
2013-09-26,0.08311274388929091
2013-09-27,0.08274271955754549
2013-09-28,0.0823726953384544
2013-09-29,0.0820026712322878
2013-09-30,0.08194600087368571
2013-10-01,0.08188933051778516
2013-10-02,0.08183266016404585
2013-10-03,0.08177598981354839
2013-10-04,0.0817193194654823
2013-10-05,0.08166264912011778
2013-10-06,0.08160597877718463
2013-10-07,0.08154930843722319
2013-10-08,0.08149263809969312
2013-10-09,0.08143596776486461
2013-10-10,0.08137929743246748
2013-10-11,0.08132262710304206
2013-10-12,0.08126595677577786
2013-10-13,0.08120928645148535
2013-10-14,0.0811526161298944
2013-10-15,0.08109594581073483
2013-10-16,0.08103927549427681
2013-10-17,0.08098260518025016
2013-10-18,0.08092593486946538
2013-10-19,0.08086926456057167
2013-10-20,0.08081259425546013
2013-10-21,0.08075592395115905
2013-10-22,0.08069925365145059
2013-10-23,0.08064258335309289
2013-10-24,0.08058591305824721
2013-10-25,0.08052924276475229
2013-10-26,0.08047257247503954
2013-10-27,0.08041590218748802
2013-10-28,0.08035923190263805
2013-10-29,0.08030256162075977
2013-10-30,0.08030256162075977
2013-10-31,0.08073592260138632
2013-11-01,0.08116928373681127
2013-11-02,0.08160264502622416
2013-11-03,0.08203600646989513
2013-11-04,0.0824693680683645
2013-11-05,0.08290272982082181
2013-11-06,0.0833360917275372
2013-11-07,0.08376945378959129
2013-11-08,0.0842028160045527
2013-11-09,0.0846361783743125
2013-11-10,0.08506954089914087
2013-11-11,0.08550290357741686
2013-11-12,0.08593626641022108
2013-11-13,0.0863696293978237
2013-11-14,0.0868029925391441
2013-11-15,0.08723635583607336
2013-11-16,0.08766971928618009
2013-11-17,0.08810308289054491
2013-11-18,0.08853644665024843
2013-11-19,0.08896981056312943
2013-11-20,0.08940317463134913
2013-11-21,0.08983653885382692
2013-11-22,0.09026990322975233
2013-11-23,0.09070326775993583
2013-11-24,0.09113663244572819
2013-11-25,0.09156999728550848
2013-11-26,0.0920033622792767
2013-11-27,0.09243672742757317
2013-11-28,0.09287009272958742
2013-11-29,0.09330345818721053
2013-11-30,0.09363014907013412
2013-12-01,0.09395684004112799
2013-12-02,0.0942835310993817
2013-12-03,0.09461022224597584
2013-12-04,0.09493691347955968
2013-12-05,0.09526360480121379
2013-12-06,0.09559029621066806
2013-12-07,0.0959169877076523
2013-12-08,0.09624367929243667
2013-12-09,0.09657037096502119
2013-12-10,0.096897062725676
2013-12-11,0.09722375457278017
2013-12-12,0.0975504465087651
2013-12-13,0.09787713853200986
2013-12-14,0.0982038306438652
2013-12-15,0.09853052284189978
2013-12-16,0.09885721512827479
2013-12-17,0.09918390750326041
2013-12-18,0.09951059996550585
2013-12-19,0.09983729251366036
2013-12-20,0.10016398515177623
2013-12-21,0.10049067787742208
2013-12-22,0.10081737068978747
2013-12-23,0.10114406359022313
2013-12-24,0.10147075657872909
2013-12-25,0.10179744965476503
2013-12-26,0.10212414281833096
2013-12-27,0.10245083606942687
2013-12-28,0.10277752940832292
2013-12-29,0.10310422283582957
2013-12-30,0.10310422283582957
2013-12-31,0.10529106863040501
2014-01-01,0.10747791835572507
2014-01-02,0.10966477201070912
2014-01-03,0.1118516295969781
2014-01-04,0.11403849111291109
2014-01-05,0.11622535655877822
2014-01-06,0.11841222593593029
2014-01-07,0.12059909924274637
2014-01-08,0.12278597648003689
2014-01-09,0.12497285764780189
2014-01-10,0.12715974274604136
2014-01-11,0.12934663177475528
2014-01-12,0.13153352473340335
2014-01-13,0.13372042162279607
2014-01-14,0.13590732244239306
2014-01-15,0.13809422719246456
2014-01-16,0.14028113587274033
2014-01-17,0.14246804848403088
2014-01-18,0.14465496502606606
2014-01-19,0.1468418854974951
2014-01-20,0.14902880989966874
2014-01-21,0.1512157382331273
2014-01-22,0.15340267049652004
2014-01-23,0.15558960669011707
2014-01-24,0.15777654681472889
2014-01-25,0.15996349086981515
2014-01-26,0.1621504388548356
2014-01-27,0.16433739077114096
2014-01-28,0.16652434661684015
2014-01-29,0.16871130639382428
2014-01-30,0.16871130639382428
2014-01-31,0.16962476215437078
2014-02-01,0.17053821860056884
2014-02-02,0.17145167573268855
2014-02-03,0.17236513355018968
2014-02-04,0.1732785920533423
2014-02-05,0.17419205124295695
2014-02-06,0.1751055111171425
2014-02-07,0.17601897167779007
2014-02-08,0.17693243292381902
2014-02-09,0.17784589485576965
2014-02-10,0.17875935747310168
2014-02-11,0.17967282077689567
2014-02-12,0.1805862847658009
2014-02-13,0.18149974944035768
2014-02-14,0.1824132148011063
2014-02-15,0.183326680846696
2014-02-16,0.184240147579288
2014-02-17,0.18515361499645092
2014-02-18,0.18606708310061615
2014-02-19,0.18698055188935228
2014-02-20,0.18789402136401012
2014-02-21,0.18880749152567025
2014-02-22,0.1897209623708207
2014-02-23,0.1906344339027033
2014-02-24,0.19154790612050757
2014-02-25,0.1924613790255843
2014-02-26,0.19337485261415135
2014-02-27,0.19428832688891023
2014-02-28,0.19388826486309202
2014-03-01,0.1934882029666777
2014-03-02,0.19217466782911474
2014-03-03,0.19086113410959152
2014-03-04,0.18954760180783792
2014-03-05,0.18823407092412406
2014-03-06,0.18692054145817982
2014-03-07,0.18560701341000518
2014-03-08,0.18429348677960014
2014-03-09,0.182979961567505
2014-03-10,0.1816664377731795
2014-03-11,0.1803529153966236
2014-03-12,0.17903939443756714
2014-03-13,0.1777258748973609
2014-03-14,0.17641235677411382
2014-03-15,0.1750988400694468
2014-03-16,0.17378532478173891
2014-03-17,0.1724718109126111
2014-03-18,0.17115829846098274
2014-03-19,0.1698447874276643
2014-03-20,0.16853127781211544
2014-03-21,0.1672177696137959
2014-03-22,0.1659042628340564
2014-03-23,0.1645907574718164
2014-03-24,0.16327725352788627
2014-03-25,0.1619637510014556
2014-03-26,0.1606502498930647
2014-03-27,0.1593367502019031
2014-03-28,0.1580232519295917
2014-03-29,0.15670975507342902
2014-03-30,0.15670975507342902
2014-03-31,0.1578832344970434
2014-04-01,0.15905671505287433
2014-04-02,0.16023019673984118
2014-04-03,0.16140367955848425
2014-04-04,0.16257716350934387
2014-04-05,0.16375064859106928
2014-04-06,0.16492413480528137
2014-04-07,0.1660976221511697
2014-04-08,0.16727111062819394
2014-04-09,0.1684446002371646
2014-04-10,0.16961809097754132
2014-04-11,0.17079158284986443
2014-04-12,0.17196507585440407
2014-04-13,0.1731385699892692
2014-04-14,0.17431206525689116
2014-04-15,0.17548556165618936
2014-04-16,0.17665905918635333
2014-04-17,0.17783255784927415
2014-04-18,0.17900605764306077
2014-04-19,0.18017955856960421
2014-04-20,0.18135306062755374
2014-04-21,0.18252656381609889
2014-04-22,0.18370006813767104
2014-04-23,0.18487357358956863
2014-04-24,0.1860470801742231
2014-04-25,0.18722058788974333
2014-04-26,0.18839409673802043
2014-04-27,0.1895676067177036
2014-04-28,0.190741117829063
2014-04-29,0.19191463007236878
2014-04-30,0.19398161186373236
2014-05-01,0.196048597166291
2014-05-02,0.19811558597977452
2014-05-03,0.2001825783041829
2014-05-04,0.20224957413978634
2014-05-05,0.20431657348658483
2014-05-06,0.20638357634349772
2014-05-07,0.20845058271241612
2014-05-08,0.21051759259198924
2014-05-09,0.21258460598302756
2014-05-10,0.2146516228852609
2014-05-11,0.2167186432976087
2014-05-12,0.21878566722142168
2014-05-13,0.22085269465669982
2014-05-14,0.22291972560290288
2014-05-15,0.22498676006003082
2014-05-16,0.22705379802862394
2014-05-17,0.22912083950868226
2014-05-18,0.231187884498855
2014-05-19,0.23325493300022276
2014-05-20,0.23532198501440652
2014-05-21,0.23738904053762405
2014-05-22,0.23945609957257696
2014-05-23,0.24152316211899505
2014-05-24,0.2435902281768783
2014-05-25,0.24565729774541634
2014-05-26,0.24772437082595983
2014-05-27,0.24979144741634762
2014-05-28,0.2518585275179304
2014-05-29,0.2539256111317889
2014-05-30,0.2539256111317889
2014-05-31,0.25372890478779403
2014-06-01,0.2535321984756774
2014-06-02,0.25333549219543894
2014-06-03,0.2531387859468085
2014-06-04,0.25294207973032645
2014-06-05,0.25274537354545246
2014-06-06,0.2525486673921865
2014-06-07,0.2523519612707988
2014-06-08,0.25215525518128923
2014-06-09,0.2519585491236579
2014-06-10,0.2517618430979048
2014-06-11,0.2515651371037597
2014-06-12,0.25136843114068236
2014-06-13,0.2511717252102937
2014-06-14,0.25097501931178323
2014-06-15,0.25077831344461066
2014-06-16,0.2505816076098566
2014-06-17,0.2503849018064404
2014-06-18,0.2501881960351726
2014-06-19,0.24999149029551285
2014-06-20,0.2497947845877313
2014-06-21,0.24959807891101748
2014-06-22,0.24940137326672218
2014-06-23,0.24920466765403493
2014-06-24,0.24900796207322587
2014-06-25,0.24881125652483532
2014-06-26,0.24861455100697222
2014-06-27,0.2484178455217978
2014-06-28,0.24822114006796125
2014-06-29,0.2480244346460029
2014-06-30,0.2422833035224762
2014-07-01,0.2365421994843464
2014-07-02,0.23080112253134333
2014-07-03,0.22506007266373712
2014-07-04,0.21931904988098752
2014-07-05,0.21357805418336465
2014-07-06,0.20783708557059835
2014-07-07,0.2020961440410677
2014-07-08,0.1963552295972041
2014-07-09,0.19061434223738663
2014-07-10,0.18487348196215558
2014-07-11,0.17913264877043034
2014-07-12,0.17339184266248103
2014-07-13,0.16765106363884802
2014-07-14,0.16191031169980144
2014-07-15,0.15616958684318005
2014-07-16,0.1504288890703346
2014-07-17,0.14468821838045468
2014-07-18,0.1389475747743507
2014-07-19,0.13320695825067191
2014-07-20,0.12746636880995865
2014-07-21,0.12172580645302133
2014-07-22,0.11598527117769875
2014-07-23,0.11024476298534165
2014-07-24,0.10450428187595007
2014-07-25,0.0987638278481732
2014-07-26,0.09302340090282153
2014-07-27,0.0872830010401652
2014-07-28,0.08154262825831315
2014-07-29,0.0758022825599669
2014-07-30,0.0758022825599669
2014-07-31,0.07471888398133211
2014-08-01,0.07363548636741823
2014-08-02,0.07255208971795508
2014-08-03,0.07146869403321283
2014-08-04,0.07038529931319149
2014-08-05,0.06930190555789102
2014-08-06,0.06821851276731146
2014-08-07,0.06713512094091248
2014-08-08,0.06605173007950456
2014-08-09,0.06496834018308768
2014-08-10,0.06388495125058125
2014-08-11,0.062801563283336
2014-08-12,0.061718176280811665
2014-08-13,0.06063479024273806
2014-08-14,0.0595514051691152
2014-08-15,0.05846802106021324
2014-08-16,0.05738463791630233
2014-08-17,0.05630125573684215
2014-08-18,0.05521787452183272
2014-08-19,0.05413449427154419
2014-08-20,0.05305111498651686
2014-08-21,0.05196773666539996
2014-08-22,0.05088435930927411
2014-08-23,0.04980098291732885
2014-08-24,0.0487176074906448
2014-08-25,0.04763423302868164
2014-08-26,0.04655085953035876
2014-08-27,0.04546748699675677
2014-08-28,0.044384115428415985
2014-08-29,0.043300744825606564
2014-08-30,0.043300744825606564
2014-08-31,0.042454049031037666
2014-09-01,0.04160735382540507
2014-09-02,0.040760659208978936
2014-09-03,0.03991396518175927
2014-09-04,0.03906727174401621
2014-09-05,0.03822057889547962
2014-09-06,0.03737388663614949
2014-09-07,0.036527194966025814
2014-09-08,0.035680503884838455
2014-09-09,0.03483381339285755
2014-09-10,0.03398712349008311
2014-09-11,0.033140434176785284
2014-09-12,0.03229374545269392
2014-09-13,0.031447057317809016
2014-09-14,0.030600369772130577
2014-09-15,0.029753682815388444
2014-09-16,0.028906996447852773
2014-09-17,0.028060310669793715
2014-09-18,0.02721362548094112
2014-09-19,0.02636694088102483
2014-09-20,0.025520256870315006
2014-09-21,0.024673573448811638
2014-09-22,0.02382689061678489
2014-09-23,0.022980208374234756
2014-09-24,0.02213352672008062
2014-09-25,0.021286845655132947
2014-09-26,0.020440165179661886
2014-09-27,0.01959348529339729
2014-09-28,0.018746805996339155
2014-09-29,0.017900127288757634
2014-09-30,0.01752345526523369
2014-10-01,0.017146783358146234
2014-10-02,0.016770111567495267
2014-10-03,0.0163934398938211
2014-10-04,0.01601676833658342
2014-10-05,0.015640096896322543
2014-10-06,0.015263425572228002
2014-10-07,0.014886754365110258
2014-10-08,0.014510083274429004
2014-10-09,0.01413341230018424
2014-10-10,0.01375674144264612
2014-10-11,0.013380070701814645
2014-10-12,0.01300340007795997
2014-10-13,0.012626729570001475
2014-10-14,0.012250059179560086
2014-10-15,0.011873388904474572
2014-10-16,0.011496718747176319
2014-10-17,0.011120048705233938
2014-10-18,0.010743378781348973
2014-10-19,0.010366708972819882
2014-10-20,0.009990039282078051
2014-10-21,0.009613369706692094
2014-10-22,0.009236700249363553
2014-10-23,0.00886003090712073
2014-10-24,0.00848336168266517
2014-10-25,0.00810669257410579
2014-10-26,0.0077300235825232076
2014-10-27,0.0073533547079174255
2014-10-28,0.00697668594893767
2014-10-29,0.00660001730801533
2014-10-30,0.00660001730801533
2014-10-31,0.0062300153677363745
2014-11-01,0.005860013540111749
2014-11-02,0.005490011824871299
2014-11-03,0.005120010222285179
2014-11-04,0.004750008731813082
2014-11-05,0.004380007354265469
2014-11-06,0.004010006089372187
2014-11-07,0.0036400049363227716
2014-11-08,0.003270003896467995
2014-11-09,0.0029000029687272404
2014-11-10,0.002530002153640816
2014-11-11,0.0021600014512087222
2014-11-12,0.0017900008611608045
2014-11-13,0.0014200003840373712
2014-11-14,0.0010500000184876512
2014-11-15,0.0006799997658624157
2014-11-16,0.00030999962643181905
2014-11-17,-6.000040115491008e-05
2014-11-18,-0.00043000031568207753
2014-11-19,-0.0008000001186355317
2014-11-20,-0.001169999808529424
2014-11-21,-0.001539999385498832
2014-11-22,-0.0019099988507594496
2014-11-23,-0.0022799982029605053
2014-11-24,-0.0026499974427773854
2014-11-25,-0.0030199965698048574
2014-11-26,-0.003389995584583231
2014-11-27,-0.0037599944869774284
2014-11-28,-0.004129993276312064
2014-11-29,-0.004499991953532678
2014-11-30,-0.004736657774010814
2014-12-01,-0.004973323548562725
2014-12-02,-0.005209989277053332
2014-12-03,-0.005446654959617714
2014-12-04,-0.005683320596120792
2014-12-05,-0.005919986186427491
2014-12-06,-0.006156651730807964
2014-12-07,-0.006393317229262211
2014-12-08,-0.006629982681520078
2014-12-09,-0.0068666480877166425
2014-12-10,-0.007103313447986981
2014-12-11,-0.007339978761925861
2014-12-12,-0.007576644029938517
2014-12-13,-0.0078133092522951
2014-12-14,-0.008049974428455304
2014-12-15,-0.008286639558284051
2014-12-16,-0.008523304642456726
2014-12-17,-0.008759969680433022
2014-12-18,-0.008996634672348014
2014-12-19,-0.009233299618201702
2014-12-20,-0.009469964518264243
2014-12-21,-0.009706629371860249
2014-12-22,-0.00994329417953003
2014-12-23,-0.010179958941273584
2014-12-24,-0.010416623656955837
2014-12-25,-0.010653288326711863
2014-12-26,-0.010889952950406585
2014-12-27,-0.011126617527904928
2014-12-28,-0.011363282059477045
2014-12-29,-0.011599946545122936
2014-12-30,-0.011599946545122936
2014-12-31,-0.012216607528425794
2015-01-01,-0.012833268199160159
2015-01-02,-0.01344992855719096
2015-01-03,-0.014066588602788347
2015-01-04,-0.014683248335817245
2015-01-05,-0.015299907756277653
2015-01-06,-0.01591656686416957
2015-01-07,-0.016533225659493
2015-01-08,-0.017149884142383016
2015-01-09,-0.017766542312569467
2015-01-10,-0.0183832001703225
2015-01-11,-0.01899985771550705
2015-01-12,-0.01961651494812311
2015-01-13,-0.0202331718680356
2015-01-14,-0.020849828475514677
2015-01-15,-0.021466484770425266
2015-01-16,-0.022083140752902443
2015-01-17,-0.022699796422540976
2015-01-18,-0.023316451779881175
2015-01-19,-0.023933106824652883
2015-01-20,-0.0245497615568561
2015-01-21,-0.02516641597649083
2015-01-22,-0.02578307008342199
2015-01-23,-0.02639972387791974
2015-01-24,-0.02701637735998408
2015-01-25,-0.027633030529479925
2015-01-26,-0.028249683386137127
2015-01-27,-0.02886633593036092
2015-01-28,-0.029482988162151298
2015-01-29,-0.030099640081508262
2015-01-30,-0.030099640081508262
2015-01-31,-0.0307829570729945
2015-02-01,-0.03146627368059152
2015-02-02,-0.03214958990456947
2015-02-03,-0.032832905744793285
2015-02-04,-0.033516221201127884
2015-02-05,-0.03419953627370834
2015-02-06,-0.034882850962804815
2015-02-07,-0.03556616526774192
2015-02-08,-0.036249479188924884
2015-02-09,-0.036932792726353705
2015-02-10,-0.037616105879893315
2015-02-11,-0.03829941864981386
2015-02-12,-0.03898273103584519
2015-02-13,-0.03966604303812238
2015-02-14,-0.04034935465664542
2015-02-15,-0.041032665891279255
2015-02-16,-0.04171597674215895
2015-02-17,-0.04239928720941958
2015-02-18,-0.043082597293061145
2015-02-19,-0.04376590699267842
2015-02-20,-0.04444921630854155
2015-02-21,-0.045132525240515475
2015-02-22,-0.0458158337890054
2015-02-23,-0.0464991419537412
2015-02-24,-0.04718244973472285
2015-02-25,-0.04786575713222052
2015-02-26,-0.04854906414542374
2015-02-27,-0.049232370774602664
2015-02-28,-0.049429029645333314
2015-03-01,-0.04962568848432084
2015-03-02,-0.04913904099346037
2015-03-03,-0.048652393307683596
2015-03-04,-0.048165745427530826
2015-03-05,-0.04767909735259682
2015-03-06,-0.04719244908315175
2015-03-07,-0.04670580061879037
2015-03-08,-0.046219151959917916
2015-03-09,-0.045732503106534386
2015-03-10,-0.04524585405836963
2015-03-11,-0.04475920481542365
2015-03-12,-0.044272555377966594
2015-03-13,-0.043785905745593226
2015-03-14,-0.04329925591884387
2015-03-15,-0.042812605897448355
2015-03-16,-0.04232595568113654
2015-03-17,-0.041839305270313654
2015-03-18,-0.04135265466470953
2015-03-19,-0.04086600386459434
2015-03-20,-0.04037935286996808
2015-03-21,-0.03989270168015535
2015-03-22,-0.039406050296506935
2015-03-23,-0.03891939871726683
2015-03-24,-0.038432746944461194
2015-03-25,-0.03794609497552355
2015-03-26,-0.037459442813695766
2015-03-27,-0.0369727904556009
2015-03-28,-0.03648613790421066
2015-03-29,-0.035999485156823496
2015-03-30,-0.035999485156823496
2015-03-31,-0.03647947142766024
2015-04-01,-0.036959457509118845
2015-04-02,-0.03743944340119931
2015-04-03,-0.03791942910390163
2015-04-04,-0.038399414617225805
2015-04-05,-0.038879399941171844
2015-04-06,-0.03935938507587481
2015-04-07,-0.03983937002119964
2015-04-08,-0.04031935477714632
2015-04-09,-0.04079933934371486
2015-04-10,-0.04127932372104033
2015-04-11,-0.041759307908852586
2015-04-12,-0.04223929190715162
2015-04-13,-0.042719275716477746
2015-04-14,-0.04319925933602049
2015-04-15,-0.04367924276659033
2015-04-16,-0.044159226007376796
2015-04-17,-0.044639209059190346
2015-04-18,-0.04511919192149068
2015-04-19,-0.04559917459427779
2015-04-20,-0.046079157078091994
2015-04-21,-0.04655913937212282
2015-04-22,-0.047039121477180736
2015-04-23,-0.04751910339245528
2015-04-24,-0.04799908511862183
2015-04-25,-0.04847906665500501
2015-04-26,-0.048959048002280195
2015-04-27,-0.0494390291604474
2015-04-28,-0.0499190101289663
2015-04-29,-0.05039899090837722
2015-04-30,-0.05120229207377276
2015-05-01,-0.05200559270885548
2015-05-02,-0.05280889281335521
2015-05-03,-0.053612192387677185
2015-05-04,-0.054415491431686336
2015-05-05,-0.05521878994484234
2015-05-06,-0.056022087927820596
2015-05-07,-0.05682538538075617
2015-05-08,-0.05762868230283861
2015-05-09,-0.058431978694608214
2015-05-10,-0.05923527455620007
2015-05-11,-0.060038569886938786
2015-05-12,-0.06084186468763482
2015-05-13,-0.061645158958153104
2015-05-14,-0.06244845269781825
2015-05-15,-0.06325174590703549
2015-05-16,-0.06405503858634512
2015-05-17,-0.0648583307349367
2015-05-18,-0.06566162235321545
2015-05-19,-0.06646491344104628
2015-05-20,-0.06726820399856429
2015-05-21,-0.06807149402549931
2015-05-22,-0.06887478352239165
2015-05-23,-0.06967807248843086
2015-05-24,-0.07048136092429232
2015-05-25,-0.07128464883038124
2015-05-26,-0.07208793620534688
2015-05-27,-0.07289122304945939
2015-05-28,-0.07369450936460982
2015-05-29,-0.07449779514836681
2015-05-30,-0.07449779514836681
2015-05-31,-0.0755410667267753
2015-06-01,-0.07658433741056792
2015-06-02,-0.0776276071996096
2015-06-03,-0.07867087609430556
2015-06-04,-0.07971414409411551
2015-06-05,-0.08075741119903945
2015-06-06,-0.0818006774094826
2015-06-07,-0.08284394272530989
2015-06-08,-0.08388720714652131
2015-06-09,-0.08493047067325195
2015-06-10,-0.08597373330509657
2015-06-11,-0.08701699504259548
2015-06-12,-0.08806025588520838
2015-06-13,-0.08910351583361065
2015-06-14,-0.09014677488712688
2015-06-15,-0.09119003304575712
2015-06-16,-0.09223329030963641
2015-06-17,-0.09327654667957522
2015-06-18,-0.09431980215422278
2015-06-19,-0.0953630567347948
2015-06-20,-0.09640631042048078
2015-06-21,-0.09744956321141585
2015-06-22,-0.09849281510787011
2015-06-23,-0.09953606610984359
2015-06-24,-0.10057931621706613
2015-06-25,-0.10162256542953774
2015-06-26,-0.10266581374698824
2015-06-27,-0.10370906117063335
2015-06-28,-0.10475230769871705
2015-06-29,-0.10579555333340059
2015-06-30,-0.10621885108262341
2015-07-01,-0.10664214868447708
2015-07-02,-0.10706544613909666
2015-07-03,-0.10748874344648218
2015-07-04,-0.10791204060649853
2015-07-05,-0.10833533761928082
2015-07-06,-0.10875863448469394
2015-07-07,-0.10918193120273792
2015-07-08,-0.1096052277736829
2015-07-09,-0.1100285241973938
2015-07-10,-0.11045182047387062
2015-07-11,-0.11087511660270813
2015-07-12,-0.11129841258444664
2015-07-13,-0.11172170841868093
2015-07-14,-0.11214500410635653
2015-07-15,-0.11256829964612265
2015-07-16,-0.11299159503878978
2015-07-17,-0.11341489028449299
2015-07-18,-0.11383818538215165
2015-07-19,-0.11426148033298147
2015-07-20,-0.11468477513657722
2015-07-21,-0.11510806979280382
2015-07-22,-0.11553136430179634
2015-07-23,-0.1159546586634197
2015-07-24,-0.11637795287794406
2015-07-25,-0.1168012469448291
2015-07-26,-0.11722454086448009
2015-07-27,-0.11764783463730222
2015-07-28,-0.11807112826262012
2015-07-29,-0.1184944217402987
2015-07-30,-0.1184944217402987
2015-07-31,-0.1184677575841564
2015-08-01,-0.11844109342760885
2015-08-02,-0.11841442927025084
2015-08-03,-0.11838776511248761
2015-08-04,-0.11836110095404898
2015-08-05,-0.1183344367947999
2015-08-06,-0.11830777263541573
2015-08-07,-0.11828110847495095
2015-08-08,-0.11825444431448617
2015-08-09,-0.11822778015267062
2015-08-10,-0.11820111599085506
2015-08-11,-0.11817445182809397
2015-08-12,-0.1181477876651978
2015-08-13,-0.11812112350135609
2015-08-14,-0.11809445933710916
2015-08-15,-0.11806779517232191
2015-08-16,-0.11804113100658911
2015-08-17,-0.11801446684085633
2015-08-18,-0.11798780267390785
2015-08-19,-0.11796113850722952
2015-08-20,-0.11793447433879518
2015-08-21,-0.11790781017090116
2015-08-22,-0.11788114600192652
2015-08-23,-0.11785448183214142
2015-08-24,-0.11782781766235631
2015-08-25,-0.11780115349135552
2015-08-26,-0.1177744893204898
2015-08-27,-0.11774782514827331
2015-08-28,-0.11772116097578667
2015-08-29,-0.1176944968027597
2015-08-30,-0.1176944968027597
2015-08-31,-0.11781448558158361
2015-09-01,-0.11793447434852074
2015-09-02,-0.11805446310357107
2015-09-03,-0.1181744518468697
2015-09-04,-0.11829444057828153
2015-09-05,-0.11841442929794166
2015-09-06,-0.11853441800585007
2015-09-07,-0.11865440670200678
2015-09-08,-0.11877439538600654
2015-09-09,-0.1188943840581195
2015-09-10,-0.11901437271861584
2015-09-11,-0.1191343613672254
2015-09-12,-0.11925435000408324
2015-09-13,-0.11937433862878413
2015-09-14,-0.11949432724200348
2015-09-15,-0.11961431584333604
2015-09-16,-0.11973430443251165
2015-09-17,-0.11985429301034078
2015-09-18,-0.11997428157574282
2015-09-19,-0.12009427012979837
2015-09-20,-0.12021425867210223
2015-09-21,-0.12033424720224913
2015-09-22,-0.12045423572064431
2015-09-23,-0.12057422422701765
2015-09-24,-0.12069421272177434
2015-09-25,-0.1208142012049144
2015-09-26,-0.1209341896760326
2015-09-27,-0.121054178135264
2015-09-28,-0.12117416658274371
2015-09-29,-0.1212941550184717
2015-09-30,-0.12177410876030303
2015-10-01,-0.12225406231289129
2015-10-02,-0.12273401567610143
2015-10-03,-0.12321396884993341
2015-10-04,-0.12369392183452232
2015-10-05,-0.12417387462973309
2015-10-06,-0.12465382723543064
2015-10-07,-0.12513377965215527
2015-10-08,-0.12561373187909655
2015-10-09,-0.12609368391692982
2015-10-10,-0.12657363576538497
2015-10-11,-0.12705358742432687
2015-10-12,-0.1275335388941608
2015-10-13,-0.12801349017434643
2015-10-14,-0.12849344126555917
2015-10-15,-0.12897339216685344
2015-10-16,-0.12945334287930987
2015-10-17,-0.12993329340198292
2015-10-18,-0.13041324373581814
2015-10-19,-0.13089319388014015
2015-10-20,-0.13137314383494894
2015-10-21,-0.13185309360010944
2015-10-22,-0.13233304317643207
2015-10-23,-0.13281299256364676
2015-10-24,-0.1332929417606728
2015-10-25,-0.13377289076913118
2015-10-26,-0.13425283958807635
2015-10-27,-0.13473278821750828
2015-10-28,-0.1352127366575621
2015-10-29,-0.13569268490837283
2015-10-30,-0.13569268490837283
2015-10-31,-0.13579934007505456
2015-11-01,-0.13590599523255104
2015-11-02,-0.1360126503807272
2015-11-03,-0.13611930551944798
2015-11-04,-0.13622596064871334
2015-11-05,-0.13633261576879346
2015-11-06,-0.1364392708794182
2015-11-07,-0.13654592598099274
2015-11-08,-0.13665258107297684
2015-11-09,-0.1367592361555055
2015-11-10,-0.13686589122871387
2015-11-11,-0.13697254629273697
2015-11-12,-0.13707920134743978
2015-11-13,-0.137185856392417
2015-11-14,-0.13729251142847915
2015-11-15,-0.13739916645495082
2015-11-16,-0.13750582147223725
2015-11-17,-0.1376124764799332
2015-11-18,-0.13771913147817375
2015-11-19,-0.1378257864674992
2015-11-20,-0.13793244144763941
2015-11-21,-0.13803909641778392
2015-11-22,-0.13814575137887825
2015-11-23,-0.1382524063305172
2015-11-24,-0.13835906127283581
2015-11-25,-0.1384657162058341
2015-11-26,-0.13857237112937698
2015-11-27,-0.13867902604400478
2015-11-28,-0.13878568094877197
2015-11-29,-0.13889233584462404
2015-11-30,-0.13875235129417277
2015-12-01,-0.13861236672764732
2015-12-02,-0.13847238214477753
2015-12-03,-0.13833239754596863
2015-12-04,-0.13819241293108556
2015-12-05,-0.13805242830012832
2015-12-06,-0.1379124436529618
2015-12-07,-0.13777245898972112
2015-12-08,-0.13763247431027117
2015-12-09,-0.1374924896150172
2015-12-10,-0.13735250490328382
2015-12-11,-0.1372125201760166
2015-12-12,-0.1370725354318647
2015-12-13,-0.13693255067217894
2015-12-14,-0.13679256589601377
2015-12-15,-0.1366525811044498
2015-12-16,-0.13651259629573104
2015-12-17,-0.13637261147134333
2015-12-18,-0.13623262663101654
2015-12-19,-0.13609264177461555
2015-12-20,-0.13595265690173514
2015-12-21,-0.1358126720131858
2015-12-22,-0.13567268710883243
2015-12-23,-0.13553270218718919
2015-12-24,-0.13539271725028224
2015-12-25,-0.1352527322973011
2015-12-26,-0.13511274732784054
2015-12-27,-0.13497276234257596
2015-12-28,-0.13483277734042676
2015-12-29,-0.13469279232328396
2015-12-30,-0.13469279232328396
2015-12-31,-0.1368358962847982
2016-01-01,-0.1389789964709065
2016-01-02,-0.14112209288160887
2016-01-03,-0.14326518551690537
2016-01-04,-0.14540827437679593
2016-01-05,-0.14755135946141565
2016-01-06,-0.14969444077035932
2016-01-07,-0.15183751830457243
2016-01-08,-0.15398059206297443
2016-01-09,-0.15612366204610556
2016-01-10,-0.1582667282538308
2016-01-11,-0.1604097906862852
2016-01-12,-0.16255284934373893
2016-01-13,-0.16469590422551655
2016-01-14,-0.16683895533202336
2016-01-15,-0.16898200266285412
2016-01-16,-0.17112504621881924
2016-01-17,-0.17326808599951354
2016-01-18,-0.17541112200466685
2016-01-19,-0.17755415423495458
2016-01-20,-0.1796971826895662
2016-01-21,-0.18184020736931222
2016-01-22,-0.18398322827365235
2016-01-23,-0.18612624540258654
2016-01-24,-0.18826925875624992
2016-01-25,-0.19041226833504768
2016-01-26,-0.19255527413816936
2016-01-27,-0.1946982761654799
2016-01-28,-0.19684127441860025
2016-01-29,-0.19898426889631465
2016-01-30,-0.19898426889631465
2016-01-31,-0.20030739301391912
2016-02-01,-0.2016305156922767
2016-02-02,-0.20295363693165758
2016-02-03,-0.20427675673192663
2016-02-04,-0.20559987509281377
2016-02-05,-0.20692299201499434
2016-02-06,-0.20824610749792805
2016-02-07,-0.20956922154120963
2016-02-08,-0.21089233414605482
2016-02-09,-0.21221544531138298
2016-02-10,-0.2135385550378695
2016-02-11,-0.21486166332483903
2016-02-12,-0.21618477017323703
2016-02-13,-0.2175078755822531
2016-02-14,-0.2188309795520223
2016-02-15,-0.22015408208294987
2016-02-16,-0.22147718317422532
2016-02-17,-0.22280028282679423
2016-02-18,-0.22412338104038643
2016-02-19,-0.22544647781473173
2016-02-20,-0.22676957314996526
2016-02-21,-0.228092667046087
2016-02-22,-0.22941575950309692
2016-02-23,-0.23073885052113013
2016-02-24,-0.23206194009978143
2016-02-25,-0.2333850282398612
2016-02-26,-0.23470811494055904
2016-02-27,-0.23603120020201002
2016-02-28,-0.23735428402475445
2016-02-29,-0.23873402232899946
2016-03-01,-0.23879067824718048
2016-03-02,-0.23884733416252485
2016-03-03,-0.23890399007543786
2016-03-04,-0.23896064598551425
2016-03-05,-0.23901730189288908
2016-03-06,-0.23907395779769747
2016-03-07,-0.23913061370020952
2016-03-08,-0.2391872695996148
2016-03-09,-0.2392439254967238
2016-03-10,-0.23930058139099614
2016-03-11,-0.23935723728256697
2016-03-12,-0.23941389317197653
2016-03-13,-0.23947054905787413
2016-03-14,-0.23952720494161045
2016-03-15,-0.23958386082251018
2016-03-16,-0.23964051670138375
2016-03-17,-0.23969717257701545
2016-03-18,-0.23975382845035087
2016-03-19,-0.23981048432071456
2016-03-20,-0.23986714018837674
2016-03-21,-0.23992379605441796
2016-03-22,-0.23998045191667705
2016-03-23,-0.24003710777650472
2016-03-24,-0.24009376363403612
2016-03-25,-0.24015041948873087
2016-03-26,-0.24020707534099422
2016-03-27,-0.240263731190421
2016-03-28,-0.24032038703755143
2016-03-29,-0.24037704288103479
2016-03-30,-0.24037704288103479
2016-03-31,-0.24195340842783444
2016-04-01,-0.2435297719318626
2016-04-02,-0.24510613339298418
2016-04-03,-0.2466824928114693
2016-04-04,-0.24825885018704788
2016-04-05,-0.24983520551971986
2016-04-06,-0.2514115588097554
2016-04-07,-0.2529879100570194
2016-04-08,-0.2545642592613769
2016-04-09,-0.256140606423233
2016-04-10,-0.2577169515419123
2016-04-11,-0.25929329461809036
2016-04-12,-0.2608696356510916
2016-04-13,-0.2624459746417266
2016-04-14,-0.26402231158931994
2016-04-15,-0.2655986464944119
2016-04-16,-0.2671749793565973
2016-04-17,-0.26875131017601117
2016-04-18,-0.2703276389525185
2016-04-19,-0.27190396568638936
2016-04-20,-0.2734802903777589
2016-04-21,-0.2750566130256815
2016-04-22,-0.27663293363177816
2016-04-23,-0.27820925219415776
2016-04-24,-0.27978556871403604
2016-04-25,-0.2813618831919532
2016-04-26,-0.2829381956264235
2016-04-27,-0.2845145060183925
2016-04-28,-0.28609081436745487
2016-04-29,-0.2876671206734756
2016-04-30,-0.2893367389811108
2016-05-01,-0.2910063549967571
2016-05-02,-0.29267596872081986
2016-05-03,-0.2943455801531639
2016-05-04,-0.29601518929392445
2016-05-05,-0.29768479614256105
2016-05-06,-0.29935440069988417
2016-05-07,-0.3010240029654887
2016-05-08,-0.30269360293910436
2016-05-09,-0.30436320062127153
2016-05-10,-0.3060327960110446
2016-05-11,-0.30770238910977443
2016-05-12,-0.30937197991665055
2016-05-13,-0.311041568431943
2016-05-14,-0.3127111546556519
2016-05-15,-0.31438073858737203
2016-05-16,-0.31605032022723833
2016-05-17,-0.31771989957565616
2016-05-18,-0.31938947663208517
2016-05-19,-0.32105905139747093
2016-05-20,-0.3227286238704626
2016-05-21,-0.32439819405187065
2016-05-22,-0.3260677619419653
2016-05-23,-0.3277373275403413
2016-05-24,-0.32940689084686353
2016-05-25,-0.33107645186207235
2016-05-26,-0.33274601058583264
2016-05-27,-0.3344155670169287
2016-05-28,-0.3360851211569815
2016-05-29,-0.33775467300504547
2016-05-30,-0.33775467300504547
2016-05-31,-0.33776133788268786
2016-06-01,-0.33776800276033025
2016-06-02,-0.3377746676381077
2016-06-03,-0.33778133251575004
2016-06-04,-0.3377879973932574
2016-06-05,-0.33779466227076466
2016-06-06,-0.33780132714827193
2016-06-07,-0.3378079920259143
2016-06-08,-0.33781465690328655
2016-06-09,-0.33782132178065877
2016-06-10,-0.337827986658031
2016-06-11,-0.33783465153526815
2016-06-12,-0.33784131641250525
2016-06-13,-0.33784798128960736
2016-06-14,-0.3378546461667094
2016-06-15,-0.33786131104394657
2016-06-16,-0.3378679759210486
2016-06-17,-0.3378746407982858
2016-06-18,-0.3378813056753878
2016-06-19,-0.3378879705523548
2016-06-20,-0.3378946354293218
2016-06-21,-0.3379013003062888
2016-06-22,-0.3379079651831207
2016-06-23,-0.33791463006022276
2016-06-24,-0.3379212949373248
2016-06-25,-0.3379279598140217
2016-06-26,-0.33793462469058344
2016-06-27,-0.3379412895671452
2016-06-28,-0.3379479544441122
2016-06-29,-0.337954619320809
2016-06-30,-0.33777133521495545
2016-07-01,-0.337588051081276
2016-07-02,-0.3374047669201759
2016-07-03,-0.33722148273138497
2016-07-04,-0.33703819851503836
2016-07-05,-0.3368549142710009
2016-07-06,-0.3366716299991375
2016-07-07,-0.3364883456997184
2016-07-08,-0.33630506137314886
2016-07-09,-0.3361217770184832
2016-07-10,-0.33593849263653197
2016-07-11,-0.3357552082266198
2016-07-12,-0.33557192378928696
2016-07-13,-0.3353886393241282
2016-07-14,-0.33520535483127867
2016-07-15,-0.3350220703110085
2016-07-16,-0.3348387857634527
2016-07-17,-0.3346555011876658
2016-07-18,-0.33447221658472837
2016-07-19,-0.33428893195410014
2016-07-20,-0.33410564729551095
2016-07-21,-0.3339223626096362
2016-07-22,-0.33373907789593554
2016-07-23,-0.33355579315467915
2016-07-24,-0.33337250838627225
2016-07-25,-0.3331892235897693
2016-07-26,-0.33300593876557555
2016-07-27,-0.3328226539143664
2016-07-28,-0.33263936903438573
2016-07-29,-0.33245608412765987
2016-07-30,-0.33245608412765987
2016-07-31,-0.3323327833720394
2016-08-01,-0.3322094826039919
2016-08-02,-0.3320861818235173
2016-08-03,-0.3319628810304805
2016-08-04,-0.3318395802248815
2016-08-05,-0.3317162794067204
2016-08-06,-0.3315929785761321
2016-08-07,-0.33146967773325187
2016-08-08,-0.3313463768776744
2016-08-09,-0.33122307600926454
2016-08-10,-0.33109977512896793
2016-08-11,-0.33097647423570387
2016-08-12,-0.3308531733305531
2016-08-13,-0.33072987241216467
2016-08-14,-0.3306065714814843
2016-08-15,-0.33048327053864696
2016-08-16,-0.33035996958311237
2016-08-17,-0.33023666861488055
2016-08-18,-0.33011336763435667
2016-08-19,-0.32999006664140573
2016-08-20,-0.3298667656360277
2016-08-21,-0.3297434646176822
2016-08-22,-0.3296201635873149
2016-08-23,-0.32949686254465554
2016-08-24,-0.32937356148889374
2016-08-25,-0.3292502604208399
2016-08-26,-0.32912695933995373
2016-08-27,-0.3290036582473158
2016-08-28,-0.32888035714144037
2016-08-29,-0.32875705602367816
2016-08-30,-0.32875705602367816
2016-08-31,-0.3290903022885575
2016-09-01,-0.32942354846225985
2016-09-02,-0.32975679454465
2016-09-03,-0.330090040535728
2016-09-04,-0.33042328643562896
2016-09-05,-0.3307565322440827
2016-09-06,-0.3310897779612243
2016-09-07,-0.3314230235871888
2016-09-08,-0.3317562691218412
2016-09-09,-0.3320895145647762
2016-09-10,-0.33242275991653414
2016-09-11,-0.33275600517725007
2016-09-12,-0.3330892503463837
2016-09-13,-0.33342249542474556
2016-09-14,-0.3337557404112549
2016-09-15,-0.3340889853068574
2016-09-16,-0.3344222301111477
2016-09-17,-0.3347554748238557
2016-09-18,-0.33508871944565677
2016-09-19,-0.3354219639758756
2016-09-20,-0.335755208414377
2016-09-21,-0.33608845276210664
2016-09-22,-0.3364216970187942
2016-09-23,-0.33675494118389954
2016-09-24,-0.33708818525728745
2016-09-25,-0.3374214292397685
2016-09-26,-0.3377546731308023
2016-09-27,-0.3380879169309292
2016-09-28,-0.3384211606397439
2016-09-29,-0.33875440425657116
2016-09-30,-0.33889436657575744
2016-10-01,-0.3390343288785994
2016-10-02,-0.33917429116563735
2016-10-03,-0.3393142534361959
2016-10-04,-0.33945421569108547
2016-10-05,-0.33959417792963076
2016-10-06,-0.3397341401521018
2016-10-07,-0.3398741023584987
2016-10-08,-0.3400140645484162
2016-10-09,-0.34015402672306994
2016-10-10,-0.340293988880704
2016-10-11,-0.34043395102280416
2016-10-12,-0.3405739131488302
2016-10-13,-0.3407138752585118
2016-10-14,-0.34085383735184915
2016-10-15,-0.3409937994295176
2016-10-16,-0.3411337614908416
2016-10-17,-0.3412737235358213
2016-10-18,-0.3414136855652672
2016-10-19,-0.34155364757850376
2016-10-20,-0.3416936095755311
2016-10-21,-0.3418335715562141
2016-10-22,-0.34197353352122817
2016-10-23,-0.3421134954698979
2016-10-24,-0.34225345740235835
2016-10-25,-0.34239341931914985
2016-10-26,-0.34253338121905674
2016-10-27,-0.34267334310342973
2016-10-28,-0.3428133049714584
2016-10-29,-0.3429532668239532
2016-10-30,-0.3429532668239532
2016-10-31,-0.34307323412591795
2016-11-01,-0.34319320141599585
2016-11-02,-0.34331316869418704
2016-11-03,-0.3434331359607615
2016-11-04,-0.3435531032153142
2016-11-05,-0.34367307045798007
2016-11-06,-0.3437930376890293
2016-11-07,-0.34391300490805665
2016-11-08,-0.34403297211519723
2016-11-09,-0.3441529393107212
2016-11-10,-0.3442729064940882
2016-11-11,-0.34439287366597365
2016-11-12,-0.3445128408261074
2016-11-13,-0.34463280797394913
2016-11-14,-0.34475277511044433
2016-11-15,-0.34487274223478265
2016-11-16,-0.34499270934723414
2016-11-17,-0.345112676447934
2016-11-18,-0.3452326435371522
2016-11-19,-0.3453526106143486
2016-11-20,-0.34547257767925293
2016-11-21,-0.3455925447324056
2016-11-22,-0.34571251177421175
2016-11-23,-0.34583247880399604
2016-11-24,-0.3459524458217585
2016-11-25,-0.34607241282803936
2016-11-26,-0.3461923798220282
2016-11-27,-0.3463123468049408
2016-11-28,-0.3464323137755613
2016-11-29,-0.34655228073415995
2016-11-30,-0.3466222614601555
2016-12-01,-0.34669224218196365
2016-12-02,-0.3467622228998546
2016-12-03,-0.34683220361369316
2016-12-04,-0.34690218432347947
2016-12-05,-0.3469721650293485
2016-12-06,-0.3470421457310302
2016-12-07,-0.34711212642852446
2016-12-08,-0.34718210712250674
2016-12-09,-0.34725208781216654
2016-12-10,-0.34732206849750386
2016-12-11,-0.3473920491795993
2016-12-12,-0.3474620298569671
2016-12-13,-0.34753201053068783
2016-12-14,-0.34760199119995094
2016-12-15,-0.347671971865432
2016-12-16,-0.34774195252726586
2016-12-17,-0.3478119331846422
2016-12-18,-0.3478819138383715
2016-12-19,-0.34795189448696784
2016-12-20,-0.34802187513259253
2016-12-21,-0.34809185577416485
2016-12-22,-0.3481618364115498
2016-12-23,-0.3482318170451526
2016-12-24,-0.3483017976742978
2016-12-25,-0.34837177829939076
2016-12-26,-0.34844175892124185
2016-12-27,-0.34851173953809506
2016-12-28,-0.34858172015089595
2016-12-29,-0.34865170076072516
2016-12-30,-0.34865170076072516
2016-12-31,-0.34870835172995013
2017-01-01,-0.3487650026967437
2017-01-02,-0.3488216536607006
2017-01-03,-0.34887830462209113
2017-01-04,-0.34893495558078
2017-01-05,-0.3489916065367674
2017-01-06,-0.34904825749045854
2017-01-07,-0.3491049084410428
2017-01-08,-0.349161559389601
2017-01-09,-0.3492182103347822
2017-01-10,-0.3492748612779373
2017-01-11,-0.3493315122185259
2017-01-12,-0.34938816315560245
2017-01-13,-0.34944481409092304
2017-01-14,-0.34950146502327195
2017-01-15,-0.34955811595264913
2017-01-16,-0.3496147668798651
2017-01-17,-0.3496714178043795
2017-01-18,-0.34972806872605733
2017-01-19,-0.3497847196453037
2017-01-20,-0.34984137056198367
2017-01-21,-0.34989802147596205
2017-01-22,-0.34995467238723893
2017-01-23,-0.3500113232959493
2017-01-24,-0.350067974201688
2017-01-25,-0.3501246251049953
2017-01-26,-0.35018127600600635
2017-01-27,-0.35023792690404565
2017-01-28,-0.3502945777991132
2017-01-29,-0.35035122869174945
2017-01-30,-0.35035122869174945
2017-01-31,-0.35038788515177793
2017-02-01,-0.3504245416105907
2017-02-02,-0.350461198068458
2017-02-03,-0.3504978545248394
2017-02-04,-0.35053451098068045
2017-02-05,-0.3505711674350357
2017-02-06,-0.35060782388831035
2017-02-07,-0.35064448034090956
2017-02-08,-0.3506811367916177
2017-02-09,-0.35071779324192065
2017-02-10,-0.35075444969073777
2017-02-11,-0.3507911061386093
2017-02-12,-0.3508277625854002
2017-02-13,-0.3508644190307053
2017-02-14,-0.3509010754756051
2017-02-15,-0.35093773191888405
2017-02-16,-0.3509743883612174
2017-02-17,-0.3510110448024702
2017-02-18,-0.35104770124237217
2017-02-19,-0.35108435768146373
2017-02-20,-0.35112101411933955
2017-02-21,-0.3511576705558646
2017-02-22,-0.3511943269915792
2017-02-23,-0.35123098342648335
2017-02-24,-0.3512676398599016
2017-02-25,-0.35130429629196913
2017-02-26,-0.3513409527232262
2017-02-27,-0.35137760915394295
2017-02-28,-0.351460919219726
2017-03-01,-0.35154422927983575
2017-03-02,-0.3515908829116602
2017-03-03,-0.35163753654213387
2017-03-04,-0.3516841901703112
2017-03-05,-0.3517308437971378
2017-03-06,-0.3517774974216681
2017-03-07,-0.35182415104498266
2017-03-08,-0.35187080466613596
2017-03-09,-0.35191745828580345
2017-03-10,-0.35196411190330973
2017-03-11,-0.35201076551933014
2017-03-12,-0.35205741913345945
2017-03-13,-0.3521040727459679
2017-03-14,-0.3521507263564501
2017-03-15,-0.3521973799653114
2017-03-16,-0.3522440335721466
2017-03-17,-0.35229068717736084
2017-03-18,-0.3523373407808191
2017-03-19,-0.35238399438225115
2017-03-20,-0.3524306479820623
2017-03-21,-0.3524773015801175
2017-03-22,-0.3525239551766868
2017-03-23,-0.3525706087708247
2017-03-24,-0.3526172623637469
2017-03-25,-0.3526639159550482
2017-03-26,-0.3527105695435129
2017-03-27,-0.3527572231308969
2017-03-28,-0.35280387671584956
2017-03-29,-0.35285053029972163
2017-03-30,-0.35285053029972163
2017-03-31,-0.3528705246928868
2017-04-01,-0.35289051908564684
2017-04-02,-0.35291051347800156
2017-04-03,-0.3529305078700862
2017-04-04,-0.35295050226217073
2017-04-05,-0.35297049665357993
2017-04-06,-0.3529904910445839
2017-04-07,-0.3530104854354528
2017-04-08,-0.35303047982605157
2017-04-09,-0.3530504742162451
2017-04-10,-0.35307046860603336
2017-04-11,-0.35309046299555147
2017-04-12,-0.3531104573849345
2017-04-13,-0.3531304517735071
2017-04-14,-0.3531504461620797
2017-04-15,-0.3531704405505172
2017-04-16,-0.35319043493827934
2017-04-17,-0.3532104293255012
2017-04-18,-0.35323042371285807
2017-04-19,-0.35325041810007984
2017-04-20,-0.35327041248635616
2017-04-21,-0.3532904068722272
2017-04-22,-0.3533104012583684
2017-04-23,-0.3533303956442394
2017-04-24,-0.35335039002957014
2017-04-25,-0.35337038441395535
2017-04-26,-0.3533903787986107
2017-04-27,-0.35341037318286084
2017-04-28,-0.35343036756657065
2017-04-29,-0.35345036195082075
2017-04-30,-0.35356366345742907
2017-05-01,-0.35367696495336626
2017-05-02,-0.35379026643876743
2017-05-03,-0.35390356791349753
2017-05-04,-0.3540168693776916
2017-05-05,-0.3541301708313497
2017-05-06,-0.3542434722747419
2017-05-07,-0.35435677370732793
2017-05-08,-0.354470075129513
2017-05-09,-0.3545833765407569
2017-05-10,-0.3546966779417349
2017-05-11,-0.3548099793323119
2017-05-12,-0.354923280712488
2017-05-13,-0.35503658208172284
2017-05-14,-0.3551498834404217
2017-05-15,-0.3552631847884494
2017-05-16,-0.3553764861258061
2017-05-17,-0.35548978745303195
2017-05-18,-0.3556030887697218
2017-05-19,-0.3557163900754704
2017-05-20,-0.3558296913710882
2017-05-21,-0.35594299265603496
2017-05-22,-0.3560562939304457
2017-05-23,-0.3561695951941853
2017-05-24,-0.35628289644765904
2017-05-25,-0.35639619768992137
2017-05-26,-0.35650949892218803
2017-05-27,-0.3566228001439187
2017-05-28,-0.356736101354708
2017-05-29,-0.3568494025546912
2017-05-30,-0.3568494025546912
2017-05-31,-0.3569160503196574
2017-06-01,-0.3569826980808414
2017-06-02,-0.35704934583837833
2017-06-03,-0.3571159935925383
2017-06-04,-0.357182641342646
2017-06-05,-0.3572492890891066
2017-06-06,-0.3573159368323253
2017-06-07,-0.35738258457176186
2017-06-08,-0.3574492323072812
2017-06-09,-0.3575158800390184
2017-06-10,-0.35758252776751376
2017-06-11,-0.35764917549236197
2017-06-12,-0.3577158232131579
2017-06-13,-0.357782470930712
2017-06-14,-0.35784911864448393
2017-06-15,-0.35791576635460876
2017-06-16,-0.3579824140612216
2017-06-17,-0.35804906176432244
2017-06-18,-0.3581157094631008
2017-06-19,-0.3581823571585022
2017-06-20,-0.35824900485025657
2017-06-21,-0.358315652538634
2017-06-22,-0.35838230022322926
2017-06-23,-0.35844894790404236
2017-06-24,-0.3585155955812084
2017-06-25,-0.35858224325486243
2017-06-26,-0.3586488909250044
2017-06-27,-0.3587155385912292
2017-06-28,-0.358782186253942
2017-06-29,-0.3588488339127375
2017-06-30,-0.358842169146939
2017-07-01,-0.3588355043810054
2017-07-02,-0.35882883961507184
2017-07-03,-0.3588221748492733
2017-07-04,-0.35881551008333973
2017-07-05,-0.35880884531713597
2017-07-06,-0.35880218055093227
2017-07-07,-0.3587955157848636
2017-07-08,-0.35878885101879493
2017-07-09,-0.3587821862524561
2017-07-10,-0.35877552148625236
2017-07-11,-0.35876885672004866
2017-07-12,-0.35876219195397996
2017-07-13,-0.35875552718777626
2017-07-14,-0.35874886242130233
2017-07-15,-0.3587421976549635
2017-07-16,-0.3587355328883546
2017-07-17,-0.35872886812188065
2017-07-18,-0.3587222033551366
2017-07-19,-0.35871553858866273
2017-07-20,-0.3587088738219187
2017-07-21,-0.3587022090554448
2017-07-22,-0.3586955442889709
2017-07-23,-0.35868887952236195
2017-07-24,-0.358682214755888
2017-07-25,-0.35867554998941414
2017-07-26,-0.35866888522253504
2017-07-27,-0.3586622204555208
2017-07-28,-0.3586555556886417
2017-07-29,-0.35864889092149244
2017-07-30,-0.35864889092149244
2017-07-31,-0.35867554998941414
2017-08-01,-0.35870220905679556
2017-08-02,-0.3587288681233665
2017-08-03,-0.35875552718953224
2017-08-04,-0.35878218625529273
2017-08-05,-0.35880884532024276
2017-08-06,-0.3588355043845174
2017-08-07,-0.3588621634482517
2017-08-08,-0.35888882251144577
2017-08-09,-0.3589154815739644
2017-08-10,-0.3589421406360778
2017-08-11,-0.35896879969738077
2017-08-12,-0.35899545875841354
2017-08-13,-0.35902211781877097
2017-08-14,-0.35904877687831793
2017-08-15,-0.35907543593732455
2017-08-16,-0.35910209499592594
2017-08-17,-0.35912875405398703
2017-08-18,-0.35915541311150784
2017-08-19,-0.35918207216808307
2017-08-20,-0.3592087312243882
2017-08-21,-0.35923539028015294
2017-08-22,-0.3592620493351073
2017-08-23,-0.3592887083893862
2017-08-24,-0.3593153674435301
2017-08-25,-0.35934202649645824
2017-08-26,-0.35936868554925133
2017-08-27,-0.35939534460150413
2017-08-28,-0.3594220036530815
2017-08-29,-0.35944866270384845
2017-08-30,-0.35944866270384845
2017-08-31,-0.35932536459344355
2017-09-01,-0.3592020664704765
2017-09-02,-0.35907876833494723
2017-09-03,-0.3589554701868558
2017-09-04,-0.35883217202633727
2017-09-05,-0.35870887385352673
2017-09-06,-0.3585855756677488
2017-09-07,-0.3584622774698139
2017-09-08,-0.3583389792590467
2017-09-09,-0.35821568103612256
2017-09-10,-0.35809238280050115
2017-09-11,-0.3579690845527228
2017-09-12,-0.35784578629184194
2017-09-13,-0.3577224880192094
2017-09-14,-0.3575991897336095
2017-09-15,-0.35747589143558245
2017-09-16,-0.35735259312499323
2017-09-17,-0.35722929480211196
2017-09-18,-0.3571059964666686
2017-09-19,-0.35698269811906824
2017-09-20,-0.3568593997580952
2017-09-21,-0.35673610138510037
2017-09-22,-0.35661280299967846
2017-09-23,-0.35648950460115403
2017-09-24,-0.356366206191148
2017-09-25,-0.3562429077677694
2017-09-26,-0.35611960933223386
2017-09-27,-0.35599631088440625
2017-09-28,-0.3558730124240165
2017-09-29,-0.35574971395065935
2017-09-30,-0.3558263589472606
2017-10-01,-0.3559030039391342
2017-10-02,-0.355979648926145
2017-10-03,-0.356056293908293
2017-10-04,-0.35613293888571335
2017-10-05,-0.35620958385813584
2017-10-06,-0.35628622882596567
2017-10-07,-0.3563628737886626
2017-10-08,-0.35643951874636165
2017-10-09,-0.35651616369973826
2017-10-10,-0.356592808648117
2017-10-11,-0.3566694535919031
2017-10-12,-0.35674609853082645
2017-10-13,-0.3568227434644818
2017-10-14,-0.35689938839327434
2017-10-15,-0.35697603331760935
2017-10-16,-0.3570526782370816
2017-10-17,-0.357129323151556
2017-10-18,-0.35720596806130267
2017-10-19,-0.3572826129661866
2017-10-20,-0.3573592578662077
2017-10-21,-0.3574359027615011
2017-10-22,-0.3575125476517967
2017-10-23,-0.3575891925372295
2017-10-24,-0.3576658374180697
2017-10-25,-0.35774248229404704
2017-10-26,-0.35781912716475645
2017-10-27,-0.35789577203195383
2017-10-28,-0.35797241689280257
2017-10-29,-0.3580490617491938
2017-10-30,-0.3580490617491938
2017-10-31,-0.35807905321487327
2017-11-01,-0.3581090446796072
2017-11-02,-0.3581390361438008
2017-11-03,-0.3581690276074541
2017-11-04,-0.3581990190700268
2017-11-05,-0.358229010531789
2017-11-06,-0.35825900199314603
2017-11-07,-0.35828899345355747
2017-11-08,-0.3583189849131585
2017-11-09,-0.3583489763722192
2017-11-10,-0.35837896783060447
2017-11-11,-0.3584089592880442
2017-11-12,-0.3584389507449437
2017-11-13,-0.35846894220103265
2017-11-14,-0.358498933656041
2017-11-15,-0.35852892511064416
2017-11-16,-0.35855891656457195
2017-11-17,-0.35858890801741905
2017-11-18,-0.3586188994697259
2017-11-19,-0.35864889092081703
2017-11-20,-0.35867888237190815
2017-11-21,-0.35870887382218886
2017-11-22,-0.358738865271524
2017-11-23,-0.3587688567203188
2017-11-24,-0.3587988481678979
2017-11-25,-0.3588288396152069
2017-11-26,-0.3588588310613002
2017-11-27,-0.35888882250739346
2017-11-28,-0.358918813952136
2017-11-29,-0.35894880539660834
2017-11-30,-0.35862223189328335
2017-12-01,-0.3582956583022934
2017-12-02,-0.3579690846235032
2017-12-03,-0.35764251085718307
2017-12-04,-0.35731593700319786
2017-12-05,-0.3569893630612775
2017-12-06,-0.35666278903196214
2017-12-07,-0.3563362149147116
2017-12-08,-0.3560096407100662
2017-12-09,-0.3556830664177557
2017-12-10,-0.35535649203723985
2017-12-11,-0.3550299175694641
2017-12-12,-0.3547033430142935
2017-12-13,-0.3543767683709176
2017-12-14,-0.3540501936400116
2017-12-15,-0.3537236188214406
2017-12-16,-0.35339704391506943
2017-12-17,-0.3530704689213034
2017-12-18,-0.35274389383960214
2017-12-19,-0.3524173186699656
2017-12-20,-0.3520907434129342
2017-12-21,-0.3517641680682378
2017-12-22,-0.35143759263614643
2017-12-23,-0.3511110171158497
2017-12-24,-0.35078444150829313
2017-12-25,-0.3504578658126663
2017-12-26,-0.35013129002964455
2017-12-27,-0.34980471415882264
2017-12-28,-0.3494781382007409
2017-12-29,-0.34915156215445387
2017-12-30,-0.34915156215445387
2017-12-31,-0.34892162595868137
2018-01-01,-0.348691689719414
2018-01-02,-0.34846175343651675
2018-01-03,-0.34823181711039486
2018-01-04,-0.3480018807405079
2018-01-05,-0.34777194432739633
2018-01-06,-0.3475420078706548
2018-01-07,-0.34731207137055353
2018-01-08,-0.3470821348268223
2018-01-09,-0.3468521982402717
2018-01-10,-0.3466222616095508
2018-01-11,-0.34639232493574035
2018-01-12,-0.3461623882180298
2018-01-13,-0.3459324514572296
2018-01-14,-0.34570251465279955
2018-01-15,-0.34547257780487467
2018-01-16,-0.3452426409134549
2018-01-17,-0.34501270397867545
2018-01-18,-0.34478276700067123
2018-01-19,-0.344552829978767
2018-01-20,-0.34432289291363805
2018-01-21,-0.3440929558050143
2018-01-22,-0.3438630186527606
2018-01-23,-0.3436330814572822
2018-01-24,-0.34340314421803886
2018-01-25,-0.34317320693584097
2018-01-26,-0.34294326960947286
2018-01-27,-0.34271333224001516
2018-01-28,-0.3424833948276029
2018-01-29,-0.3422534573706152
2018-01-30,-0.3422534573706152
2018-01-31,-0.342923275178351
2018-02-01,-0.3435930926171911
2018-02-02,-0.3442629096871356
2018-02-03,-0.3449327263881844
2018-02-04,-0.34560254272047264
2018-02-05,-0.3462723586837302
2018-02-06,-0.3469421742784973
2018-02-07,-0.3476119895042336
2018-02-08,-0.34828180436080414
2018-02-09,-0.3489516188487492
2018-02-10,-0.3496214329677986
2018-02-11,-0.3502912467182225
2018-02-12,-0.35096106009934547
2018-02-13,-0.351630873111843
2018-02-14,-0.352300685755715
2018-02-15,-0.35297049803069136
2018-02-16,-0.3536403099363668
2018-02-17,-0.3543101214736869
2018-02-18,-0.354979932641436
2018-02-19,-0.3556497434410999
2018-02-20,-0.35631955387146286
2018-02-21,-0.3569893639330653
2018-02-22,-0.3576591736261773
2018-02-23,-0.3583289829499884
2018-02-24,-0.35899879190490386
2018-02-25,-0.35966860049105875
2018-02-26,-0.3603384087087232
2018-02-27,-0.36100821655708676
2018-02-28,-0.3617546686737157
2018-03-01,-0.3625011203325682
2018-03-02,-0.36257776491785965
2018-03-03,-0.36265440949828825
2018-03-04,-0.3627310540738541
2018-03-05,-0.3628076986444221
2018-03-06,-0.3628843432103975
2018-03-07,-0.3629609877715101
2018-03-08,-0.3630376323276248
2018-03-09,-0.3631142768790119
2018-03-10,-0.3631909214255361
2018-03-11,-0.3632675659673327
2018-03-12,-0.36334421050426646
2018-03-13,-0.3634208550363375
2018-03-14,-0.3634974995636808
2018-03-15,-0.3635741440853509
2018-03-16,-0.36365078860350897
2018-03-17,-0.363727433116399
2018-03-18,-0.3638040776241561
2018-03-19,-0.36388072212732064
2018-03-20,-0.3639573666256224
2018-03-21,-0.3640340111191964
2018-03-22,-0.3641106556076375
2018-03-23,-0.364187300091486
2018-03-24,-0.3642639445703366
2018-03-25,-0.3643405890443244
2018-03-26,-0.3644172335139898
2018-03-27,-0.36449387797811705
2018-03-28,-0.36457052243765165
2018-03-29,-0.36464716689218835
2018-03-30,-0.36464716689218835
2018-03-31,-0.36462050795137424
2018-04-01,-0.3645938490098847
2018-04-02,-0.36456719006798993
2018-04-03,-0.3645405311254198
2018-04-04,-0.36451387218217424
2018-04-05,-0.36448721323865857
2018-04-06,-0.36446055429433244
2018-04-07,-0.3644338953493309
2018-04-08,-0.364407236403789
2018-04-09,-0.36438057745784197
2018-04-10,-0.3643539185112195
2018-04-11,-0.36432725956405676
2018-04-12,-0.3643006006162186
2018-04-13,-0.36427394166770505
2018-04-14,-0.3642472827186512
2018-04-15,-0.3642206237693272
2018-04-16,-0.36419396481919275
2018-04-17,-0.364167305868518
2018-04-18,-0.36414064691743797
2018-04-19,-0.3641139879655475
2018-04-20,-0.36408732901298163
2018-04-21,-0.3640606700600105
2018-04-22,-0.36403401110663425
2018-04-23,-0.3640073521520422
2018-04-24,-0.3639806931975853
2018-04-25,-0.36395403424231787
2018-04-26,-0.3639273752865102
2018-04-27,-0.3639007163292166
2018-04-28,-0.36387405737273354
2018-04-29,-0.3638473984150348
2018-04-30,-0.3639073810698908
2018-05-01,-0.36396736372177513
2018-05-02,-0.3640273463706878
2018-05-03,-0.3640873290166287
2018-05-04,-0.36414731165959796
2018-05-05,-0.3642072942994604
2018-05-06,-0.36426727693662136
2018-05-07,-0.3643272595706755
2018-05-08,-0.3643872422020281
2018-05-09,-0.3644472248301389
2018-05-10,-0.36450720745541304
2018-05-11,-0.3645671900777155
2018-05-12,-0.36462717269704625
2018-05-13,-0.3646871553134053
2018-05-14,-0.3647471379269277
2018-05-15,-0.3648071205373434
2018-05-16,-0.36486710314465226
2018-05-17,-0.3649270857491245
2018-05-18,-0.36498706835076017
2018-05-19,-0.36504705094942413
2018-05-20,-0.3651070335449813
2018-05-21,-0.36516701613756675
2018-05-22,-0.3652269987275858
2018-05-23,-0.36528698131436294
2018-05-24,-0.36534696389843857
2018-05-25,-0.365406946478732
2018-05-26,-0.3654669290571344
2018-05-27,-0.36552691163188966
2018-05-28,-0.3655868942040785
2018-05-29,-0.36564687677316055
2018-05-30,-0.36564687677316055
2018-05-31,-0.3655402410948675
2018-06-01,-0.36543360540711906
2018-06-02,-0.36532696971018536
2018-06-03,-0.36522033400366116
2018-06-04,-0.3651136982880868
2018-06-05,-0.3650070625630571
2018-06-06,-0.36490042682857193
2018-06-07,-0.3647937910847665
2018-06-08,-0.36468715533177576
2018-06-09,-0.3645805195693297
2018-06-10,-0.3644738837974282
2018-06-11,-0.36436724801647646
2018-06-12,-0.3642606122260694
2018-06-13,-0.36415397642620695
2018-06-14,-0.3640473406171592
2018-06-15,-0.3639407047983859
2018-06-16,-0.3638340689705625
2018-06-17,-0.36372743313328365
2018-06-18,-0.3636207972866845
2018-06-19,-0.3635141614306299
2018-06-20,-0.36340752556566025
2018-06-21,-0.36330088969055985
2018-06-22,-0.3631942538070846
2018-06-23,-0.36308761791334354
2018-06-24,-0.36298098201136275
2018-06-25,-0.36287434609884595
2018-06-26,-0.3627677101778193
2018-06-27,-0.36266107424693195
2018-06-28,-0.36255443830672435
2018-06-29,-0.3624478023571964
2018-06-30,-0.3624244757432245
2018-07-01,-0.36240114912884736
2018-07-02,-0.36237782251379486
2018-07-03,-0.3623544958984722
2018-07-04,-0.3623311692827443
2018-07-05,-0.3623078426664761
2018-07-06,-0.3622845160498026
2018-07-07,-0.362261189432859
2018-07-08,-0.3622378628153751
2018-07-09,-0.3622145361973509
2018-07-10,-0.3621912095786513
2018-07-11,-0.36216788295968155
2018-07-12,-0.36214455634030657
2018-07-13,-0.36212122972052635
2018-07-14,-0.36209790310047596
2018-07-15,-0.3620745764797502
2018-07-16,-0.36205124985848414
2018-07-17,-0.36202792323667776
2018-07-18,-0.3620045966150065
2018-07-19,-0.3619812699925247
2018-07-20,-0.3619579433693676
2018-07-21,-0.3619346167458052
2018-07-22,-0.36191129012210776
2018-07-23,-0.36188796349800506
2018-07-24,-0.3618646368730919
2018-07-25,-0.36184131024763844
2018-07-26,-0.36181798362191486
2018-07-27,-0.3617946569960562
2018-07-28,-0.36177133036965714
2018-07-29,-0.3617480037424477
2018-07-30,-0.3617480037424477
2018-07-31,-0.3618079864972608
2018-08-01,-0.3618679692492373
2018-08-02,-0.3619279519982421
2018-08-03,-0.36198793474414015
2018-08-04,-0.3620479174873366
2018-08-05,-0.3621079002275614
2018-08-06,-0.3621678829646794
2018-08-07,-0.36222786569869064
2018-08-08,-0.36228784843000034
2018-08-09,-0.3623478311584734
2018-08-10,-0.3624078138838397
2018-08-11,-0.36246779660609924
2018-08-12,-0.36252777932538705
2018-08-13,-0.3625877620418383
2018-08-14,-0.3626477447555879
2018-08-15,-0.3627077274662308
2018-08-16,-0.36276771017363185
2018-08-17,-0.3628276928786015
2018-08-18,-0.3628876755799241
2018-08-19,-0.36294765827881525
2018-08-20,-0.3630076409745997
2018-08-21,-0.3630676236672773
2018-08-22,-0.3631276063571183
2018-08-23,-0.36318758904385257
2018-08-24,-0.3632475717282905
2018-08-25,-0.36330755440908136
2018-08-26,-0.3633675370867654
2018-08-27,-0.3634275197624233
2018-08-28,-0.36348750243456923
2018-08-29,-0.3635474851032031
2018-08-30,-0.3635474851032031
2018-08-31,-0.3633975284303351
2018-09-01,-0.3632475717389616
2018-09-02,-0.3630976150293526
2018-09-03,-0.362947658301103
2018-09-04,-0.3627977015543478
2018-09-05,-0.36264774478908707
2018-09-06,-0.36249778800532073
2018-09-07,-0.3623478312029138
2018-09-08,-0.36219787438240647
2018-09-09,-0.3620479175429884
2018-09-10,-0.36189796068547
2018-09-11,-0.3617480038093109
2018-09-12,-0.36159804691451114
2018-09-13,-0.3614480900013409
2018-09-14,-0.3612981330696652
2018-09-15,-0.36114817611934874
2018-09-16,-0.360998219150932
2018-09-17,-0.36084826216387456
2018-09-18,-0.3606983051581765
2018-09-19,-0.3605483481339729
2018-09-20,-0.3603983910913988
2018-09-21,-0.36024843403018403
2018-09-22,-0.3600984769505988
2018-09-23,-0.3599485198526431
2018-09-24,-0.3597985627360467
2018-09-25,-0.3596486056012149
2018-09-26,-0.3594986484480126
2018-09-27,-0.3593486912756294
2018-09-28,-0.3591987340852809
2018-09-29,-0.3590487768762918
2018-09-30,-0.35916874264351006
2018-10-01,-0.35928870839884164
2018-10-02,-0.3594086741422864
2018-10-03,-0.3595286398739794
2018-10-04,-0.35964860559378564
2018-10-05,-0.3597685713018402
2018-10-06,-0.3598885369978729
2018-10-07,-0.360008502682424
2018-10-08,-0.3601284683552234
2018-10-09,-0.3602484340157308
2018-10-10,-0.3603683996642163
2018-10-11,-0.36048836530162554
2018-10-12,-0.3606083309266076
2018-10-13,-0.3607282965401082
2018-10-14,-0.36084826214158683
2018-10-15,-0.36096822773117876
2018-10-16,-0.361088193309154
2018-10-17,-0.3612081588749723
2018-10-18,-0.36132812442903894
2018-10-19,-0.361448089971624
2018-10-20,-0.3615680555021872
2018-10-21,-0.36168802102086356
2018-10-22,-0.3618079865280584
2018-10-23,-0.36192795202269107
2018-10-24,-0.3620479175061123
2018-10-25,-0.3621678829773767
2018-10-26,-0.36228784843702433
2018-10-27,-0.3624078138845151
2018-10-28,-0.3625277793206594
2018-10-29,-0.3626477447445116
2018-10-30,-0.3626477447445116
2018-10-31,-0.3627577130499234
2018-11-01,-0.36286768134547454
2018-11-02,-0.36297764963102996
2018-11-03,-0.36308761790658967
2018-11-04,-0.36319758617255893
2018-11-05,-0.36330755442812723
2018-11-06,-0.36341752267410504
2018-11-07,-0.3635274909100872
2018-11-08,-0.36363745913620865
2018-11-09,-0.36374742735219934
2018-11-10,-0.3638573955579242
2018-11-11,-0.3639673637537884
2018-11-12,-0.3640773319403323
2018-11-13,-0.3641873001167454
2018-11-14,-0.3642972682826225
2018-11-15,-0.36440723643931433
2018-11-16,-0.3645172045853351
2018-11-17,-0.3646271727220355
2018-11-18,-0.36473714084860515
2018-11-19,-0.36484710896531414
2018-11-20,-0.3649570770717573
2018-11-21,-0.3650670451684749
2018-11-22,-0.3651770132551968
2018-11-23,-0.36528698133205806
2018-11-24,-0.3653969493986534
2018-11-25,-0.3655069174559285
2018-11-26,-0.3656168855026676
2018-11-27,-0.36572685353968104
2018-11-28,-0.3658368215665638
2018-11-29,-0.36594678958426125
2018-11-30,-0.3657901684689694
2018-12-01,-0.365633547333416
2018-12-02,-0.3654769261778712
2018-12-03,-0.3653203050019297
2018-12-04,-0.3651636838061319
2018-12-05,-0.36500706259007254
2018-12-06,-0.36485044135375155
2018-12-07,-0.3646938200973041
2018-12-08,-0.36453719882046004
2018-12-09,-0.3643805775236245
2018-12-10,-0.3642239562069327
2018-12-11,-0.3640673348698442
2018-12-12,-0.36391071351235904
2018-12-13,-0.3637540921350176
2018-12-14,-0.36359747073741455
2018-12-15,-0.36344084931982007
2018-12-16,-0.36328422788182896
2018-12-17,-0.3631276064234412
2018-12-18,-0.36297098494492697
2018-12-19,-0.3628143634469616
2018-12-20,-0.36265774192819433
2018-12-21,-0.36250112038916554
2018-12-22,-0.36234449883055053
2018-12-23,-0.36218787725113366
2018-12-24,-0.3620312556517254
2018-12-25,-0.36187463403259584
2018-12-26,-0.3617180123927995
2018-12-27,-0.3615613907326065
2018-12-28,-0.3614047690528273
2018-12-29,-0.3612481473531918
2018-12-30,-0.3612481473531918
2018-12-31,-0.36122148834038154
2019-01-01,-0.36119482932703095
2019-01-02,-0.36116817031286996
2019-01-03,-0.3611415112983037
2019-01-04,-0.3611148522831971
2019-01-05,-0.36108819326741515
2019-01-06,-0.3610615342510929
2019-01-07,-0.3610348752340953
2019-01-08,-0.36100821621682744
2019-01-09,-0.360981557198479
2019-01-10,-0.3609548981802657
2019-01-11,-0.36092823916083666
2019-01-12,-0.36090158014073226
2019-01-13,-0.36087492112049274
2019-01-14,-0.3608482620995779
2019-01-15,-0.3608216030778525
2019-01-16,-0.36079494405572193
2019-01-17,-0.36076828503305103
2019-01-18,-0.3607416260094346
2019-01-19,-0.3607149669856831
2019-01-20,-0.3606883079612562
2019-01-21,-0.3606616489360189
2019-01-22,-0.36063498991064646
2019-01-23,-0.36060833088392324
2019-01-24,-0.36058167185774037
2019-01-25,-0.36055501282980146
2019-01-26,-0.3605283538022678
2019-01-27,-0.3605016947736535
2019-01-28,-0.3604750357440937
2019-01-29,-0.3604483767145339
2019-01-30,-0.3604483767145339
2019-01-31,-0.36066498133107505
2019-02-01,-0.3608815859091193
2019-02-02,-0.36109819044839636
2019-02-03,-0.36131479494917645
2019-02-04,-0.36153139941145956
2019-02-05,-0.3617480038352457
2019-02-06,-0.3619646082203998
2019-02-07,-0.36218121256692176
2019-02-08,-0.3623978168748117
2019-02-09,-0.3626144211440696
2019-02-10,-0.3628310253749656
2019-02-11,-0.3630476295670944
2019-02-12,-0.3632642337209964
2019-02-13,-0.3634808378359962
2019-02-14,-0.3636974419127692
2019-02-15,-0.3639140459506399
2019-02-16,-0.3641306499500137
2019-02-17,-0.36434725391116063
2019-02-18,-0.36456385783286505
2019-02-19,-0.36478046171701806
2019-02-20,-0.3649970655613233
2019-02-21,-0.365213669367942
2019-02-22,-0.3654302731359286
2019-02-23,-0.36564687686541825
2019-02-24,-0.36586348055641094
2019-02-25,-0.36608008420850136
2019-02-26,-0.36629668782209485
2019-02-27,-0.36651329139705624
2019-02-28,-0.36673322729548297
2019-03-01,-0.3669531631544672
2019-03-02,-0.36695649551588916
2019-03-03,-0.36695982787717607
2019-03-04,-0.3669631602385981
2019-03-05,-0.3669664926001551
2019-03-06,-0.36696982496157715
2019-03-07,-0.3669731573229991
2019-03-08,-0.3669764896844211
2019-03-09,-0.3669798220459782
2019-03-10,-0.36698315440713003
2019-03-11,-0.366986486768552
2019-03-12,-0.3669898191301091
2019-03-13,-0.36699315149153106
2019-03-14,-0.3669964838525478
2019-03-15,-0.3669998162138347
2019-03-16,-0.36700314857525673
2019-03-17,-0.3670064809366787
2019-03-18,-0.3670098132979656
2019-03-19,-0.3670131456592525
2019-03-20,-0.3670164780206745
2019-03-21,-0.36701981038182635
2019-03-22,-0.3670231427428431
2019-03-23,-0.36702647510399494
2019-03-24,-0.36702980746582214
2019-03-25,-0.36703313982737923
2019-03-26,-0.3670364721885311
2019-03-27,-0.3670398045496829
2019-03-28,-0.3670431369104295
2019-03-29,-0.36704646927185147
2019-03-30,-0.36704646927185147
2019-03-31,-0.36707312816174154
2019-04-01,-0.36709978705122637
2019-04-02,-0.3671264459397657
2019-04-03,-0.3671531048280348
2019-04-04,-0.3671797637158987
2019-04-05,-0.3672064226028171
2019-04-06,-0.3672330814893302
2019-04-07,-0.36725974037516795
2019-04-08,-0.36728639926060047
2019-04-09,-0.36731305814508747
2019-04-10,-0.36733971702943935
2019-04-11,-0.3673663759128457
2019-04-12,-0.3673930347957118
2019-04-13,-0.3674196936783077
2019-04-14,-0.3674463525595528
2019-04-15,-0.3674730114410681
2019-04-16,-0.3674996703217729
2019-04-17,-0.3675263292016673
2019-04-18,-0.3675529880810213
2019-04-19,-0.3675796469601052
2019-04-20,-0.3676063058379734
2019-04-21,-0.36763296471624685
2019-04-22,-0.3676596235934396
2019-04-23,-0.36768628246968693
2019-04-24,-0.367712941345664
2019-04-25,-0.3677396002208307
2019-04-26,-0.36776625909586225
2019-04-27,-0.3677929179698132
2019-04-28,-0.36781957684349403
2019-04-29,-0.36784623571649944
2019-04-30,-0.36781624448436834
2019-05-01,-0.3677862532515619
2019-05-02,-0.36775626201780987
2019-05-03,-0.3677262707836526
2019-05-04,-0.3676962795484147
2019-05-05,-0.3676662883127716
2019-05-06,-0.36763629707618295
2019-05-07,-0.36760630583891896
2019-05-08,-0.3675763146009795
2019-05-09,-0.3675463233624998
2019-05-10,-0.3675163321226693
2019-05-11,-0.3674863408827037
2019-05-12,-0.36745634964179263
2019-05-13,-0.367426358399936
2019-05-14,-0.367396367157539
2019-05-15,-0.3673663759143316
2019-05-16,-0.36733638467044877
2019-05-17,-0.36730639342562044
2019-05-18,-0.3672764021799816
2019-05-19,-0.36724641093420773
2019-05-20,-0.3672164196870831
2019-05-21,-0.36718642843941807
2019-05-22,-0.3671564371912128
2019-05-23,-0.3671264459419269
2019-05-24,-0.3670964546919656
2019-05-25,-0.36706646344146404
2019-05-26,-0.3670364721897468
2019-05-27,-0.36700648093802946
2019-05-28,-0.3669764896848263
2019-05-29,-0.36694649843148813
2019-05-30,-0.36694649843148813
2019-05-31,-0.36693316898539496
2019-06-01,-0.3669198395391667
2019-06-02,-0.3669065100929384
2019-06-03,-0.36689318064657506
2019-06-04,-0.3668798511998065
2019-06-05,-0.36686652175290285
2019-06-06,-0.3668531923061343
2019-06-07,-0.3668398628589605
2019-06-08,-0.36682653341205684
2019-06-09,-0.36681320396461287
2019-06-10,-0.36679987451703383
2019-06-11,-0.3667865450694548
2019-06-12,-0.3667732156216056
2019-06-13,-0.36675988617402655
2019-06-14,-0.36674655672563705
2019-06-15,-0.3667332272775177
2019-06-16,-0.366719897828723
2019-06-17,-0.36670656838060367
2019-06-18,-0.366693238931944
2019-06-19,-0.3666799094830142
2019-06-20,-0.3666665800339493
2019-06-21,-0.3666532505848844
2019-06-22,-0.36663992113568444
2019-06-23,-0.3666265916866196
2019-06-24,-0.36661326223674423
2019-06-25,-0.3665999327874092
2019-06-26,-0.3665866033371286
2019-06-27,-0.3665732738871182
2019-06-28,-0.3665599444381884
2019-06-29,-0.36654661498709734
2019-06-30,-0.36637999685886025
2019-07-01,-0.36621337870793025
2019-07-02,-0.36604676053403706
2019-07-03,-0.3658801423371808
2019-07-04,-0.3657135241177667
2019-07-05,-0.3655469058753894
2019-07-06,-0.3653802876103192
2019-07-07,-0.3652136693222859
2019-07-08,-0.36504705101142454
2019-07-09,-0.3648804326777351
2019-07-10,-0.36471381432148786
2019-07-11,-0.36454719594214235
2019-07-12,-0.364380577540239
2019-07-13,-0.36421395911496734
2019-07-14,-0.36404734066754296
2019-07-15,-0.3638807221968854
2019-07-16,-0.36371410370339974
2019-07-17,-0.363547485187086
2019-07-18,-0.3633808666480794
2019-07-19,-0.3632142480863798
2019-07-20,-0.36304762950131186
2019-07-21,-0.3628810108942263
2019-07-22,-0.3627143922633672
2019-07-23,-0.3625477736106256
2019-07-24,-0.36238115493492096
2019-07-25,-0.36221453623544264
2019-07-26,-0.3620479175138117
2019-07-27,-0.361881298769758
2019-07-28,-0.36171468000220086
2019-07-29,-0.36154806121235594
2019-07-30,-0.36154806121235594
2019-07-31,-0.3617213447540864
2019-08-01,-0.3618946282712328
2019-08-02,-0.3620679117636601
2019-08-03,-0.3622411952313683
2019-08-04,-0.3624144786744924
2019-08-05,-0.36258776209276233
2019-08-06,-0.36276104548631316
2019-08-07,-0.36293432885528
2019-08-08,-0.3631076121997978
2019-08-09,-0.3632808955191913
2019-08-10,-0.3634541788142709
2019-08-11,-0.36362746208449626
2019-08-12,-0.36380074533000256
2019-08-13,-0.3639740285509248
2019-08-14,-0.3641473117469929
2019-08-15,-0.36432059491861196
2019-08-16,-0.36449387806537686
2019-08-17,-0.36466716118742265
2019-08-18,-0.3648404442847493
2019-08-19,-0.3650137273580323
2019-08-20,-0.3651870104059207
2019-08-21,-0.3653602934292251
2019-08-22,-0.36553357642781037
2019-08-23,-0.36570685940181163
2019-08-24,-0.3658801423508236
2019-08-25,-0.36605342527565676
2019-08-26,-0.36622670817577085
2019-08-27,-0.36639999105076054
2019-08-28,-0.36657327390157146
2019-08-29,-0.366746556727258
2019-08-30,-0.366746556727258
2019-08-31,-0.366559944453317
2019-09-01,-0.36637333215060464
2019-09-02,-0.36618671981939094
2019-09-03,-0.36600010745927075
2019-09-04,-0.3658134950709194
2019-09-05,-0.3656268826537967
2019-09-06,-0.3654402702077675
2019-09-07,-0.36525365773337204
2019-09-08,-0.3650670452303402
2019-09-09,-0.3648804326986721
2019-09-10,-0.3646938201382325
2019-09-11,-0.36450720754929167
2019-09-12,-0.3643205949314443
2019-09-13,-0.3641339822853658
2019-09-14,-0.36394736961078605
2019-09-15,-0.3637607569068946
2019-09-16,-0.363574144174907
2019-09-17,-0.3633875314138779
2019-09-18,-0.36320091862475273
2019-09-19,-0.3630143058064509
2019-09-20,-0.36282769295991796
2019-09-21,-0.36264108008474866
2019-09-22,-0.3624544671810781
2019-09-23,-0.36226785424863606
2019-09-24,-0.36208124128742264
2019-09-25,-0.3618946282974378
2019-09-26,-0.3617080152790867
2019-09-27,-0.3615214022314239
2019-09-28,-0.36133478915634043
2019-09-29,-0.3611481760520803
2019-09-30,-0.362547774334504
2019-10-01,-0.36880597088212635
2019-10-02,-0.37513078234733266
2019-10-03,-0.3815888544652849
2019-10-04,-0.38798024587606467
2019-10-07,-0.39440492673478894
2019-10-08,-0.4007629279414282
2019-10-09,-0.40712089591220335
2019-10-10,-0.4134788306468443
2019-10-11,-0.4197700874760827
2019-10-14,-0.4260279896003971
2019-10-15,-0.4323525035079656
2019-10-16,-0.43857701907441166
2019-10-17,-0.44480150278480657
2019-10-18,-0.4509926331623911
2019-10-21,-0.4572503746383886
2019-10-22,-0.46347476278117045
2019-10-23,-0.46966579810335435
2019-10-24,-0.47589012270544684
2019-10-25,-0.48211441545270384
2019-10-28,-0.48833867634417993
2019-10-29,-0.49446294453008666
2019-10-30,-0.5005871818757224
2019-10-31,-0.5066447484849042
2019-11-01,-0.5129022036166923
2019-11-04,-0.518726471610235
2019-11-05,-0.524717308967008
2019-11-06,-0.5306414782390263
2019-11-07,-0.5364989804016821
2019-11-08,-0.5424564112457767
2019-11-11,-0.5470477473390079
2019-11-12,-0.5466479211762372
2019-11-13,-0.5459815439834407
2019-11-14,-0.545348485233571
2019-11-15,-0.5449486584683564
2019-11-18,-0.5445155126519625
2019-11-19,-0.5441823234620353
2019-11-20,-0.542816247408684
2019-11-21,-0.5424830577535511
2019-11-22,-0.5420165921333282
2019-11-25,-0.5414834883777881
2019-11-26,-0.5408837463571218
2019-11-27,-0.54038396113447
2019-11-28,-0.5398175376493933
2019-11-29,-0.5393177520023291
2019-12-02,-0.539051199532516
2019-12-03,-0.5387513279473621
2019-12-04,-0.5385180944411982
2019-12-05,-0.5382515418040246
2019-12-06,-0.5380183081953371
2019-12-09,-0.537785074541804
2019-12-10,-0.5377517554446987
2019-12-11,-0.5377184363473231
2019-12-12,-0.5377517554438882
2019-12-13,-0.5375518408343752
2019-12-16,-0.5377850745010108
2019-12-17,-0.5376184790339892
2019-12-18,-0.537651798129879
2019-12-19,-0.5377517554101189
2019-12-20,-0.537751755410254
2019-12-23,-0.5378850317873292
2019-12-24,-0.5382848608306197
2019-12-27,-0.5386513706067426
2019-12-30,-0.5388179659316631
2019-12-31,-0.538484775281552
2020-01-02,-0.5384181371332675
2020-01-03,-0.5382515417486429
2020-01-06,-0.5391844752377176
2020-01-07,-0.5391178371256337
2020-01-08,-0.539117837126174
2020-01-09,-0.5393177514231184
2020-01-10,-0.539484346643219
2020-01-13,-0.5396176228013342
2020-01-14,-0.539850856039505
2020-01-15,-0.5400507702108277
2020-01-16,-0.5398841750543485
2020-01-17,-0.5398175369858944
2020-01-20,-0.5397508989124425
2020-01-21,-0.5395843037194925
2020-01-22,-0.5394177084993919
2020-01-23,-0.5392844323048058
2020-01-24,-0.5390511989203465
2020-01-27,-0.538851284551541
2020-01-28,-0.5385847320164856
2020-01-29,-0.5384847747968953
2020-01-30,-0.5383514984927618
2020-01-31,-0.5384514557124871
2020-02-03,-0.5383514984899251
2020-02-04,-0.5382182221820093
2020-02-05,-0.5380849458596404
2020-02-06,-0.5377517549716585
2020-02-07,-0.5373519257531729
2020-02-10,-0.5371853302228002
2020-02-11,-0.5371853302228002
2020-02-12,-0.5375185212288395
2020-02-13,-0.5375518403281061
2020-02-14,-0.537585159424266
2020-02-17,-0.5376517976182067
2020-02-18,-0.5375185212337023
2020-02-19,-0.5375851594256168
2020-02-20,-0.5375518403286464
2020-02-21,-0.5375851594258869
2020-02-24,-0.537685116711395
2020-02-25,-0.5377184358051235
2020-02-26,-0.5377517548970959
2020-02-27,-0.5378183930763132
2020-02-28,-0.5379183503426402
2020-03-02,-0.5380516266905389
2020-03-03,-0.5382848602550561
2020-03-04,-0.538451455629955
2020-03-05,-0.5385514128448177
2020-03-06,-0.5386846891195044
2020-03-09,-0.5387180081848667
2020-03-10,-0.5388846035015474
2020-03-11,-0.5389845606885841
2020-03-12,-0.5390178797467874
2020-03-13,-0.5390845178625184
2020-03-16,-0.5390511988080974
2020-03-17,-0.5388846035382884
2020-03-18,-0.5386513701273539
2020-03-19,-0.5383514985498994
2020-03-20,-0.5379183505859142
2020-03-23,-0.5375185215532947
2020-03-24,-0.5370520541441104
2020-03-25,-0.536585586556489
2020-03-26,-0.536219076177652
2020-03-27,-0.5359525231099874
2020-03-30,-0.5355193742434168
2020-03-31,-0.5350529061314261
2020-04-01,-0.5346863953116971
2020-04-02,-0.5345531186093562
2020-04-03,-0.5345531186097614
2020-04-06,-0.5343198843425729
2020-04-07,-0.5341199692242244
2020-04-08,-0.533986692456236
2020-04-09,-0.5339200540668387
2020-04-14,-0.5337201388767643
2020-04-15,-0.5334869044376226
2020-04-16,-0.5332203507415793
2020-04-17,-0.5331203930856898
2020-04-20,-0.5331537123062557
2020-04-21,-0.5331537123061206
2020-04-22,-0.5331537123059855
2020-04-23,-0.5330870738655291
2020-04-24,-0.532953796970298
2020-04-27,-0.5329204777448693
2020-04-28,-0.5329204777450043
2020-04-29,-0.5331537123000422
2020-04-30,-0.533153712299772
2020-05-04,-0.5336201812296548
2020-05-05,-0.5340533307483778
2020-05-06,-0.5346530759895533
2020-05-07,-0.5351861826226415
2020-05-08,-0.5356526507474646
2020-05-11,-0.5362190761103836
2020-05-12,-0.5366855438641497
2020-05-13,-0.537085373225682
2020-05-14,-0.5375185215341138
2020-05-15,-0.5382182222833172
2020-05-18,-0.5387180083137303
2020-05-19,-0.5389845608051558
2020-05-20,-0.5391844751569415
2020-05-21,-0.5395843037294882
2020-05-22,-0.539784217950114
2020-05-25,-0.5399508131152382
2020-05-26,-0.5401174082629374
2020-05-27,-0.5403506414238441
2020-05-28,-0.5405505555299246
2020-05-29,-0.5407504695968327
2020-06-01,-0.5410170216714101
2020-06-02,-0.5410503406763929
2020-06-03,-0.5411169786844675
2020-06-04,-0.5413168926857281
2020-06-05,-0.5414834876597181
2020-06-08,-0.541750039580983
2020-06-09,-0.5418499965300139
2020-06-10,-0.5420832294034764
2020-06-11,-0.54221650531359
2020-06-12,-0.542716289755631
2020-06-15,-0.5428495655956396
2020-06-16,-0.5430827982650006
2020-06-17,-0.5431494361637978
2020-06-18,-0.5432493930027408
2020-06-19,-0.5434159877207596
2020-06-22,-0.5434493066627966
2020-06-23,-0.5434826256026721
2020-06-24,-0.543615901355691
2020-06-25,-0.5438158149568532
2020-06-26,-0.5439490906769132
2020-06-29,-0.5440490474527752
2020-06-30,-0.5444821934474708
2020-07-01,-0.5445821501876724
2020-07-02,-0.5446821069200395
2020-07-03,-0.5450152959462532
2020-07-06,-0.5453484848896646
2020-07-07,-0.545648354864429
2020-07-08,-0.5459149058882413
2020-07-09,-0.5461814568527549
2020-07-10,-0.5464813266143675
2020-07-13,-0.5466812397722065
2020-07-14,-0.546981109426838
2020-07-15,-0.5472476601730669
2020-07-16,-0.5471143848217674
2020-07-17,-0.5473476167056549
2020-07-20,-0.547480892052632
2020-07-21,-0.5477141238531769
2020-07-22,-0.5477807615084299
2020-07-23,-0.5478807179832049
2020-07-24,-0.5480473120899998
2020-07-27,-0.5482139061781539
2020-07-28,-0.5483805002388875
2020-07-29,-0.5486803694913944
2020-07-30,-0.5489469198719694
2020-07-31,-0.5490801950405095
2020-08-03,-0.5493134265533401
2020-08-04,-0.5495466580151116
2020-08-05,-0.5497465706692479
2020-08-06,-0.5499464832952883
2020-08-07,-0.5501463958891801
2020-08-10,-0.5504462647145731
2020-08-11,-0.5503463084363354
2020-08-12,-0.5504795834588572
2020-08-13,-0.5506128584667905
2020-08-14,-0.5506128584671958
2020-08-17,-0.5507128147172025
2020-08-18,-0.5508460897064952
2020-08-19,-0.5509793646776876
2020-08-20,-0.5511126396344268
2020-08-21,-0.5512792333119465
2020-08-24,-0.5512792333116763
2020-08-25,-0.5513458707776864
2020-08-26,-0.5514458269704203
2020-08-27,-0.5518123328800953
2020-08-28,-0.5518456515984445
2020-08-31,-0.5520455639019206
2020-09-01,-0.5522121574516573
2020-09-02,-0.5523787509831586
2020-09-03,-0.5524120696847582
2020-09-04,-0.552445388386763
2020-09-07,-0.5524120696846231
2020-09-08,-0.5524787070883626
2020-09-09,-0.5525120257900973
2020-09-10,-0.5525786631897844
2020-09-11,-0.5526786192785089
2020-09-14,-0.5527785753643969
2020-09-15,-0.552778575364532
2020-09-16,-0.5529118501351349
2020-09-17,-0.5529118501347297
2020-09-18,-0.5528785314451519
2020-09-21,-0.5528118940620792
2020-09-22,-0.5528118940618091
2020-09-23,-0.552778575369935
2020-09-24,-0.5528118940627547
2020-09-25,-0.5529784875075364
2020-09-28,-0.5530451248833149
2020-09-29,-0.5531117622576076
2020-09-30,-0.5536781798919532
2020-10-01,-0.5538447732363727
2020-10-02,-0.5538780919019066
2020-10-05,-0.5539780478893234
2020-10-06,-0.5540780038716071
2020-10-07,-0.5541113225305223
2020-10-08,-0.5541446411861957
2020-10-09,-0.5541779598413288
2020-10-12,-0.5541446411826837
2020-10-13,-0.5541779598393026
2020-10-14,-0.5542112784961917
2020-10-15,-0.5543778717587544
2020-10-16,-0.554411190407809
2020-10-19,-0.5544778277014606
2020-10-20,-0.5544778277017307
2020-10-21,-0.5544111904055127
2020-10-22,-0.5544111904059179
2020-10-23,-0.5544111904057828
2020-10-26,-0.5543112344538914
2020-10-27,-0.5544111904032163
2020-10-28,-0.5543778717514602
2020-10-29,-0.5543445531018654
2020-10-30,-0.554511146350245
2020-11-02,-0.554611102285792
2020-11-03,-0.5546444209278226
2020-11-04,-0.554877651412446
2020-11-05,-0.5549776073200322
2020-11-06,-0.5551108818569517
2020-11-09,-0.5552108377513002
2020-11-10,-0.5552441563806335
2020-11-11,-0.5548443326827505
2020-11-12,-0.5545111462675778
2020-11-13,-0.5545444649156868
2020-11-16,-0.5546444208565019
2020-11-17,-0.5546777395015041
2020-11-18,-0.5547443767881317
2020-11-19,-0.5548776513463933
2020-11-20,-0.5550109258910122
2020-11-23,-0.5550442445258836
2020-11-24,-0.555077563158864
2020-11-25,-0.5550109258927682
2020-11-26,-0.555010925892363
2020-11-27,-0.555144200421583
2020-11-30,-0.5553774308227288
2020-12-01,-0.555510705311966
2020-12-02,-0.5556439797825625
2020-12-03,-0.5557106170148891
2020-12-04,-0.5557772542412723
2020-12-07,-0.5558772100724048
2020-12-08,-0.5560438031200599
2020-12-09,-0.5560771217258897
2020-12-10,-0.5562103961351612
2020-12-11,-0.5562103961348911
2020-12-14,-0.5563103519386029
2020-12-15,-0.5562437147455838
2020-12-16,-0.5562103961424554
2020-12-17,-0.55621039614178
2020-12-18,-0.5562103961421853
2020-12-21,-0.5561770775379763
2020-12-22,-0.5562103961420501
2020-12-23,-0.5562437147466643
2020-12-24,-0.5564769449044011
2020-12-28,-0.5563769891200054
2020-12-29,-0.556343670520254
2020-12-30,-0.5562770333212914
2020-12-31,-0.5571433169557567
2021-01-04,-0.5574431841540106
2021-01-05,-0.5576430955705702
2021-01-06,-0.5579429626449584
2021-01-07,-0.5582428296381651
2021-01-08,-0.5585093779963652
2021-01-11,-0.5587759263095848
2021-01-12,-0.558975837506644
2021-01-13,-0.5590424745672876
2021-01-14,-0.559275704246311
2021-01-15,-0.5596088894284996
2021-01-18,-0.5599087560105316
2021-01-19,-0.5602086225103016
2021-01-20,-0.5605084889361844
2021-01-21,-0.5606084443976107
2021-01-22,-0.5607750368066211
2021-01-25,-0.5610415846241075
2021-01-26,-0.5610749030941848
2021-01-27,-0.561241495448489
2021-01-28,-0.5615746800468742
2021-01-29,-0.561807909239755
2021-02-01,-0.5621410937285927
2021-02-02,-0.562341004377644
2021-02-03,-0.5623743228132767
2021-02-04,-0.5625742334245065
2021-02-05,-0.5627741440080454
2021-02-08,-0.5630406913795072
2021-02-09,-0.5634071939152255
2021-02-10,-0.5636404227575812
2021-02-11,-0.5639736067348817
2021-02-12,-0.563340556864983
2021-02-15,-0.5632406016171135
2021-02-16,-0.56327392003316
2021-02-17,-0.5631739647797525
2021-02-18,-0.5630740095209419
2021-02-19,-0.5631073279400951
2021-02-22,-0.5631073279402302
2021-02-23,-0.5631739647798876
2021-02-24,-0.5632406016133313
2021-02-25,-0.5632406016134665
2021-02-26,-0.5632406016133313
2021-03-01,-0.5631739647777263
2021-03-02,-0.5632072831960692
2021-03-03,-0.563240601614412
2021-03-04,-0.5633405568601202
2021-03-05,-0.563373875271439
2021-03-08,-0.5631739647919094
2021-03-09,-0.5632406016180591
2021-03-10,-0.5632072832021476
2021-03-11,-0.5632072832022827
2021-03-12,-0.5631406463668127
2021-03-15,-0.5630740095236434
2021-03-16,-0.5630073726807442
2021-03-17,-0.5631073279341517
2021-03-18,-0.5631739647755651
2021-03-19,-0.5631739647752949
2021-03-22,-0.5632739200291077
2021-03-23,-0.5632406016131963
2021-03-24,-0.5632406016130612
2021-03-25,-0.5632072831947184
2021-03-26,-0.5633405568666039
2021-03-29,-0.5635737857594784
2021-03-30,-0.5637736962061841
2021-03-31,-0.564140198621819
2021-04-01,-0.5642734721836166
2021-04-06,-0.5644067457343378
2021-04-07,-0.5645067008887339
2021-04-08,-0.5646732928048477
2021-04-09,-0.5648065663159914
2021-04-12,-0.5649065214375637
2021-04-13,-0.5648065663184227
2021-04-14,-0.5647066111988767
2021-04-15,-0.5647399295769665
2021-04-16,-0.5647399295764262
2021-04-19,-0.5648065663304447
2021-04-20,-0.5649731581909068
2021-04-21,-0.5652063867386592
2021-04-22,-0.5653729785353648
2021-04-23,-0.565472933606013
2021-04-26,-0.5656728437242112
2021-04-27,-0.5656062070271953
2021-04-28,-0.5656728437313703
2021-04-29,-0.5658061171252671
2021-04-30,-0.5660726638767247
2021-05-03,-0.5661059822175333
2021-05-04,-0.5660726638780755
2021-05-05,-0.5660726638778053
2021-05-06,-0.5661393005545596
2021-05-07,-0.5661059822175333
2021-05-10,-0.5662059372326648
2021-05-11,-0.5660726638752389
2021-05-12,-0.565872753806614
2021-05-13,-0.565672843704625
2021-05-14,-0.5653396601106734
2021-05-17,-0.5653063417493331
2021-05-18,-0.5650064764817367
2021-05-19,-0.5649065213679989
2021-05-20,-0.5646732927304202
2021-05-21,-0.5645400192054987
2021-05-24,-0.5645067008216005
2021-05-25,-0.5645733375841289
2021-05-26,-0.564739929467554
2021-05-27,-0.56467329271259
2021-05-28,-0.5647066110912202
2021-05-31,-0.5648398846091177
2021-06-01,-0.5647399294818722
2021-06-02,-0.5646732927278537
2021-06-03,-0.5646066559705935
2021-06-04,-0.5645400192094159
2021-06-07,-0.5644400640574513
2021-06-08,-0.5645400191984746
2021-06-09,-0.5644733824324344
2021-06-10,-0.5643067905079457
2021-06-11,-0.5642068353309918
2021-06-14,-0.5641401985445549
2021-06-15,-0.5640402433678711
2021-06-16,-0.5639069697801387
2021-06-17,-0.5638403329812747
2021-06-18,-0.5638403329815448
2021-06-21,-0.563740377771497
2021-06-22,-0.5637403777716321
2021-06-23,-0.5637070593681477
2021-06-24,-0.5637403777724426
2021-06-25,-0.563773696176062
2021-06-28,-0.5638070145791411
2021-06-29,-0.5641401985383413
2021-06-30,-0.5647066112071164
2021-07-01,-0.5647732479589735
2021-07-02,-0.5648065663339567
2021-07-05,-0.5648065663339567
2021-07-06,-0.5648065663342268
2021-07-07,-0.5648065663343619
2021-07-08,-0.5648732030820317
2021-07-09,-0.5648732030821668
2021-07-12,-0.5647732479464114
2021-07-13,-0.5648398846959723
2021-07-14,-0.5649398398129519
2021-07-15,-0.5650397949212866
2021-07-16,-0.5651730683877199
2021-07-19,-0.5652397051158035
2021-07-20,-0.5653729785604892
2021-07-21,-0.565506251994909
2021-07-22,-0.5655728886992191
2021-07-23,-0.5656062070540757
2021-07-26,-0.5656728437602768
2021-07-27,-0.5657394804548613
2021-07-28,-0.5659060721880808
2021-07-29,-0.5660393455596897
2021-07-30,-0.5663058922745415
2021-08-02,-0.5663392106075156
2021-08-03,-0.566539120599957
2021-08-04,-0.5667723488795813
2021-08-05,-0.5668056672001283
2021-08-06,-0.5669389404808304
2021-08-09,-0.5670055771158459
2021-08-10,-0.5669722587982706
2021-08-11,-0.5665058021756708
2021-08-12,-0.56660575716041
2021-08-13,-0.5667390304629945
2021-08-16,-0.5668389854319296
2021-08-17,-0.5669389403900585
2021-08-18,-0.5670055770223725
2021-08-19,-0.5670388953379216
2021-08-20,-0.5670722136526603
2021-08-23,-0.5670722136527954
2021-08-24,-0.5671055319663183
2021-08-25,-0.5670388953406231
2021-08-26,-0.5671721685994427
2021-08-27,-0.5672721235351489
2021-08-30,-0.5673387601520641
2021-08-31,-0.5674387150746677
2021-09-01,-0.5674720333796808
2021-09-02,-0.5676719431800425
2021-09-03,-0.5677052614783018
2021-09-06,-0.5677718980730643
2021-09-07,-0.5679718078242579
2021-09-08,-0.5680384444044321
2021-09-09,-0.5681383992692227
2021-09-10,-0.5681050809797434
2021-09-13,-0.568304990686902
2021-09-14,-0.5682383541202355
2021-09-15,-0.568338308976111
2021-09-16,-0.5683716272553244
2021-09-17,-0.5684382638172631
2021-09-20,-0.5683716272607275
2021-09-21,-0.5685049003775811
2021-09-22,-0.5684715821020148
2021-09-23,-0.5685382186565242
2021-09-24,-0.5685382186562541
2021-09-27,-0.5686048552094128
2021-09-28,-0.5687714465772487
2021-09-29,-0.568938037918069
2021-09-30,-0.5693711753444167
2021-10-01,-0.5695044483515876
2021-10-04,-0.5695377666002736
2021-10-05,-0.5696044030942685
2021-10-06,-0.569770994307576
2021-10-07,-0.5697043578203349
2021-10-08,-0.5696377213297169
2021-10-11,-0.5697043578201999
2021-10-12,-0.569437811858268
2021-10-13,-0.5694378118581329
2021-10-14,-0.5694711301097906
2021-10-15,-0.5696044031093972
2021-10-18,-0.5697709943445872
2021-10-19,-0.569904267314747
2021-10-20,-0.5699709037928028
2021-10-21,-0.5700708585069825
2021-10-22,-0.5700375402718042
2021-10-25,-0.570037540271399
2021-10-26,-0.5701041767404047
2021-10-27,-0.5701041767406748
2021-10-28,-0.5703040861301318
2021-10-29,-0.5705373137381526
2021-11-01,-0.5709704505832636
2021-11-02,-0.5709038141603191
2021-11-03,-0.5711703598303493
2021-11-04,-0.5712703144459226
2021-11-05,-0.5713702690508249
2021-11-08,-0.5715035418529486
2021-11-09,-0.5715701782502284
2021-11-10,-0.5717034510343869
2021-11-11,-0.5715368600361221
2021-11-12,-0.571570178231993
2021-11-15,-0.5715701782321281
2021-11-16,-0.5716368146184665
2021-11-17,-0.5717034510015632
2021-11-18,-0.571803405567293
2021-11-19,-0.5719699964976139
2021-11-22,-0.5720699510467293
2021-11-23,-0.5724697691255387
2021-11-24,-0.5725030872942589
2021-11-25,-0.5726030418004198
2021-11-26,-0.5726363599679244
2021-11-29,-0.5726030417987988
2021-11-30,-0.5726696781361044
2021-12-01,-0.5727696326314591
2021-12-02,-0.5728362689595793
2021-12-03,-0.5731361323868848
2021-12-06,-0.5733693594518955
2021-12-07,-0.5736025864662523
2021-12-08,-0.5737358590314507
2021-12-09,-0.5739024497191731
2021-12-10,-0.5738691315819259
2021-12-13,-0.5738691315817908
2021-12-14,-0.5741356766243877
2021-12-15,-0.5742356310066827
2021-12-16,-0.5743689035027217
2021-12-17,-0.57450217597985
2021-12-20,-0.5745354940979164
2021-12-21,-0.5744022216284875
2021-12-22,-0.5743355853841151
2021-12-23,-0.5743689035069092
2021-12-24,-0.5746354484617059
2021-12-27,-0.5748686752268454
2021-12-28,-0.5750019476454852
2021-12-29,-0.5752351743529467
2021-12-30,-0.5755350372053639
2021-12-31,-0.576101444706493
2022-01-03,-0.5762680350704356
2022-01-04,-0.5764013073472444
2022-01-05,-0.5766678518415631
2022-01-06,-0.5768344421281064
2022-01-07,-0.5770676684973348
2022-01-10,-0.5772675767751071
2022-01-11,-0.5774008489456102
2022-01-12,-0.5775341210978779
2022-01-13,-0.577634075203535
2022-01-14,-0.5776340752040754
2022-01-17,-0.5776340752036702
2022-01-18,-0.5777007112725774
2022-01-19,-0.5777340293055451
2022-01-20,-0.5777673473381076
2022-01-21,-0.5778339833995856
2022-01-24,-0.5778339833991804
2022-01-25,-0.577867301428231
2022-01-26,-0.577833983400261
2022-01-27,-0.5777007112839239
2022-01-28,-0.5776007571889378
2022-01-31,-0.5777007112920285
2022-02-01,-0.5779339374824147
2022-02-02,-0.5780672095761941
2022-02-03,-0.5781005275982205
2022-02-04,-0.5780338915493047
2022-02-07,-0.5781005275940332
2022-02-08,-0.5780672095747081
2022-02-09,-0.5780672095745731
2022-02-10,-0.577800665372156
2022-02-11,-0.5774008488711827
2022-02-14,-0.5774008488713178
2022-02-15,-0.5773342127876872
2022-02-16,-0.5772675767004094
2022-02-17,-0.5772009406094847
2022-02-18,-0.5770676684133169
2022-02-21,-0.5769677142579513
2022-02-22,-0.5768344420400362
2022-02-23,-0.5767678059253378
2022-02-24,-0.5767011698069924
2022-02-25,-0.5766012156244763
2022-02-28,-0.5766678517517368
2022-03-01,-0.5766012156262323
2022-03-02,-0.5766012156260972
2022-03-03,-0.5766012156260972
2022-03-04,-0.5765345794969456
2022-03-07,-0.5765345794973509
2022-03-08,-0.5765678975623318
2022-03-09,-0.5767011698134761
2022-03-10,-0.5768011239830246
2022-03-11,-0.5769343961972928
2022-03-14,-0.5768677600867818
2022-03-15,-0.576701169804696
2022-03-16,-0.5766678517434971
2022-03-17,-0.576701169804696
2022-03-18,-0.5767011698044259
2022-03-21,-0.576701169804561
2022-03-22,-0.5768344420336875
2022-03-23,-0.5768344420334174
2022-03-24,-0.5770676683965673
2022-03-25,-0.5771676225489611
2022-03-28,-0.5772342586454241
2022-03-29,-0.5773342127785019
2022-03-30,-0.5774341669040154
2022-03-31,-0.5780005735672611
2022-04-01,-0.5782004817082002
2022-04-04,-0.5785003438701031
2022-04-05,-0.578866841967457
2022-04-06,-0.5791333859657725
2022-04-07,-0.5793332939201701
2022-04-08,-0.579599837808938
2022-04-11,-0.5797331097421106
2022-04-12,-0.5799330176034401
2022-04-13,-0.5801662434103423
2022-04-14,-0.5803994691787476
2022-04-19,-0.5804994230543684
2022-04-20,-0.5806326948855578
2022-04-21,-0.5808326026104593
2022-04-22,-0.5809325564593348
2022-04-25,-0.581232417947743
2022-04-26,-0.5813990076268445
2022-04-27,-0.5815989152142376
2022-04-28,-0.5819320944364177
2022-04-29,-0.5822319556862798
2022-05-02,-0.5823985452332758
2022-05-03,-0.5824318631376502
2022-05-04,-0.5826650884655689
2022-05-05,-0.5828983137476965
2022-05-06,-0.583131538985654
2022-05-09,-0.5833647641853845
2022-05-10,-0.5834647178288077
2022-05-11,-0.5835979893382433
2022-05-12,-0.5835313535924406
2022-05-13,-0.5837645787153123
2022-05-16,-0.5834980356667241
2022-05-17,-0.5835979893017724
2022-05-18,-0.5835979893015023
2022-05-19,-0.5835646714229277
2022-05-20,-0.5835979893005567
2022-05-23,-0.5837312608028333
2022-05-24,-0.5838645322945738
2022-05-25,-0.5839644859050381
2022-05-26,-0.5841977109700969
2022-05-27,-0.584197710970367
2022-05-30,-0.584197710970367
2022-05-31,-0.5844975716865393
2022-06-01,-0.5844642538344398
2022-06-02,-0.5844642538341697
2022-06-03,-0.5845975252454042
2022-06-06,-0.5847641145002284
2022-06-07,-0.5847974323439531
2022-06-08,-0.5847641145002284
2022-06-09,-0.584730796655423
2022-06-10,-0.5845642074145119
2022-06-13,-0.584464253864562
2022-06-14,-0.5844309360148939
2022-06-15,-0.5842643467380522
2022-06-16,-0.5841643931574398
2022-06-17,-0.5840644395687229
2022-06-20,-0.5838978502364995
2022-06-21,-0.5838312144983963
2022-06-22,-0.5836646251432098
2022-06-23,-0.5836979430121939
2022-06-24,-0.5834980357533085
2022-06-27,-0.5832981284665972
2022-06-28,-0.5831648569204206
2022-06-29,-0.582931631689217
2022-06-30,-0.5831315390685913
2022-07-01,-0.5829649496131776
2022-07-04,-0.582765042233128
2022-07-05,-0.5825318169125033
2022-07-06,-0.5822985915470331
2022-07-07,-0.5819320944434417
2022-07-08,-0.5817321868991383
2022-07-11,-0.5815322793172835
2022-07-12,-0.5812324178699386
2022-07-13,-0.5811990999296338
2022-07-14,-0.5810991460975079
2022-07-15,-0.5809325563545149
2022-07-18,-0.5806660127067246
2022-07-19,-0.5806660127067246
2022-07-20,-0.5806660127063193
2022-07-21,-0.5807326486185371
2022-07-22,-0.5807659665716742
2022-07-25,-0.5808659204258177
2022-07-26,-0.5809658742663185
2022-07-27,-0.564473491047283
2022-07-28,-0.5479808832580535
2022-07-29,-0.5316213272038443
2022-08-01,-0.5151949129270639
2022-08-02,-0.4987016368283118
2022-08-03,-0.4823080990018121
2022-08-04,-0.4658476993517198
2022-08-05,-0.4493537549167
2022-08-08,-0.4328929087958844
2022-08-09,-0.4163651949769716
2022-08-10,-0.39997054773265317
2022-08-11,-0.3831091528470461
2022-08-12,-0.36671405642370775
2022-08-15,-0.35031873899958876
2022-08-16,-0.33388987630750633
2022-08-17,-0.31746079170935637
2022-08-18,-0.30096483532391916
2022-08-19,-0.2844686552225158
2022-08-22,-0.2678722727430064
2022-08-23,-0.2512090107728959
2022-08-24,-0.2345788470607975
2022-08-25,-0.21784847322094772
2022-08-26,-0.20111786927719902
2022-08-29,-0.18442036358146674
2022-08-30,-0.16778928586007602
2022-08-31,-0.15142461536613397
2022-09-01,-0.13475975637176618
2022-09-02,-0.118128000173597
2022-09-05,-0.10159600802742141
2022-09-06,-0.08506379212988949
2022-09-07,-0.0847638124057637
2022-09-08,-0.08473048131529455
2022-09-09,-0.08453049474492398
2022-09-12,-0.08446383254993768
2022-09-13,-0.08433050815442691
2022-09-14,-0.05936551249105341
2022-09-15,-0.034566665499928075
2022-09-16,-0.00973397987626597
2022-09-19,0.014999213175318863
2022-09-20,0.03979957666689904
2022-09-21,0.06470044986570296
2022-09-22,0.08956849681537316
2022-09-23,0.1145703975417578
2022-09-26,0.1396061485608076
2022-09-27,0.16457573953817156
2022-09-28,0.18954584290714244
2022-09-29,0.21438310221232695
2022-09-30,0.23858742208397637
2022-10-03,0.2631923014016416
2022-10-04,0.28776433624637665
2022-10-05,0.31223684471490076
2022-10-06,0.33674318593659436
2022-10-07,0.36128336327568844
2022-10-10,0.3858240361252596
2022-10-11,0.41053192574372155
2022-10-12,0.435507079017298
2022-10-13,0.4602493226137705
2022-10-14,0.48492537647563116
2022-10-17,0.5097686668152172
2022-10-18,0.5345124207407403
2022-10-19,0.5589231911050688
2022-10-20,0.5836679449609639
2022-10-21,0.6084132011698032
2022-10-24,0.6332256612599544
2022-10-25,0.6578718712899057
2022-10-26,0.6576717667758543
2022-10-27,0.6575717145286892
2022-10-28,0.6574383115457068
2022-10-31,0.6571381548417632
2022-11-01,0.6571381548404124
2022-11-02,0.6818843988394311
2022-11-03,0.7066311458875818
2022-11-04,0.7312783390561961
2022-11-07,0.7558593250363417
2022-11-08,0.7804741614515238
2022-11-09,0.8050894955503041
2022-11-10,0.8298053923740834
2022-11-11,0.8552222689243753
2022-11-14,0.8800726115398542
2022-11-15,0.9048567469933395
2022-11-16,0.9298415355126322
2022-11-17,0.9547601182523106
2022-11-18,0.9796792102760113
2022-11-21,1.0046321725365162
2022-11-22,1.029552284529552
2022-11-23,1.0544729058379478
2022-11-24,1.0793940371576216
2022-11-25,1.104282316875534
2022-11-28,1.1291377415909833
2022-11-29,1.153993674301549
2022-11-30,1.1785164715180503
2022-12-01,1.2033400477358827
2022-12-02,1.2281307635576222
2022-12-05,1.2528218841970196
2022-12-06,1.2778471773430389
2022-12-07,1.3026394104959573
2022-12-08,1.327432147634633
2022-12-09,1.3522587592307325
2022-12-12,1.3773528406272142
2022-12-13,1.4020803563260444
2022-12-14,1.4020469858624818
2022-12-15,1.4020469858622115
2022-12-16,1.402080356326855
2022-12-19,1.402180467725648
2022-12-20,1.4022805791341666
2022-12-21,1.4190325560868224
2022-12-22,1.4357847625085147
2022-12-23,1.4525705697915965
2022-12-27,1.4694233534636725
2022-12-28,1.4863097430690142
2022-12-29,1.503129620753222
2022-12-30,1.5194157584907386
2023-01-02,1.5362027186920146
2023-01-03,1.5529231619467472
2023-01-04,1.5696104596451284
2023-01-05,1.5861311102102944
2023-01-06,1.602585233806464
2023-01-09,1.6191730843662322
2023-01-10,1.635761160784425
2023-01-11,1.6523828403873342
2023-01-12,1.6693719024269267
2023-01-13,1.6860941748689313
2023-01-16,1.7028500550790895
2023-01-17,1.719639545359386
2023-01-18,1.7361956091955528
2023-01-19,1.7530189381480987
2023-01-20,1.769809118848964
2023-01-23,1.786566150384757
2023-01-24,1.803390174376159
2023-01-25,1.8202144306688945
2023-01-26,1.8369721545041795
2023-01-27,1.8537634907250946
2023-01-30,1.8705216759571264
2023-01-31,1.8869128749337105
2023-02-01,1.9035379806209063
2023-02-02,1.9035379806209063
2023-02-03,1.9033376781586082
2023-02-06,1.903137375746829
2023-02-07,1.9030038408242835
2023-02-08,1.9195287857649568
2023-02-09,1.9360873394331013
2023-02-10,1.9531468946310895
2023-02-13,1.9696391344587227
2023-02-14,1.9861983694961873
2023-02-15,2.002924759587421
2023-02-16,2.019617994618006
2023-02-17,2.0363114592240676
2023-02-20,2.0530051515812553
2023-02-21,2.0696322969231886
2023-02-22,2.0862930574090277
2023-02-23,2.1029540456570683
2023-02-24,2.1195484827918847
2023-02-27,2.1361097557561806
2023-02-28,2.152370743152946
2023-03-01,2.1689324621168162
2023-03-02,2.1854944056728978
2023-03-03,2.202089965746079
2023-03-06,2.218685752235553
2023-03-07,2.2351815866472835
2023-03-08,2.251711037135762
2023-03-09,2.268307498343358
2023-03-10,2.2849041846135045
2023-03-13,2.3015010977681216
2023-03-14,2.3184321880044227
2023-03-15,2.335096349256771
2023-03-16,2.3516939467253897
2023-03-17,2.368525544188619
2023-03-20,2.3851235972732234
2023-03-21,2.4017218758999017
2023-03-22,2.4183201536148093
2023-03-23,2.4349520547179204
2023-03-24,2.4515841827279243
2023-03-27,2.4682165381062453
2023-03-28,2.4847155253579682
2023-03-29,2.501047737603275
2023-03-30,2.517613968490051
2023-03-31,2.533846424242281
2023-04-03,2.550479901918971
2023-04-04,2.567180409465475
2023-04-05,2.5839813497284774
2023-04-06,2.600815923441039
2023-04-11,2.6174837180819033
2023-04-12,2.6341851434297197
2023-04-13,2.651254238615408
2023-04-14,2.6678893189901354
2023-04-17,2.6845246258611213
2023-04-18,2.701260373286322
2023-04-19,2.718063161161388
2023-04-20,2.7349663978544174
2023-04-21,2.7517696501957234
2023-04-24,2.7686065396895922
2023-04-25,2.785243218815403
2023-04-26,2.8019135332718563
2023-04-27,2.8185840756145124
2023-04-28,2.835087804516715
2023-05-02,2.851691983654921
2023-05-03,2.8681961597137686
2023-05-04,2.8848676095335217
2023-05-05,2.9015392868018277
2023-05-08,2.901338825751139
2023-05-09,2.9011717749091095
2023-05-10,2.9093906752279852
2023-05-11,2.9176430415512913
2023-05-12,2.926129338957987
2023-05-15,2.9345154628579633
2023-05-16,2.942901643963647
2023-05-17,2.951822466623747
2023-05-18,2.9603424124838296
2023-05-19,2.9687955942910405
2023-05-22,2.9770817736927206
2023-05-23,2.9855684826019115
2023-05-24,2.9939550145272276
2023-05-25,3.002308191181106
2023-05-26,3.0107616636205496
2023-05-29,3.019148369007059
2023-05-30,3.0275351318321486
2023-05-31,3.0356546424169517
2023-06-01,3.0438410345209443
2023-06-02,3.051994067055075
2023-06-05,3.0602139831194233
2023-06-06,3.0682334668110394
2023-06-07,3.076353248324644
2023-06-08,3.0845733289999324
2023-06-09,3.0928268802595764
2023-06-12,3.101280981237782
2023-06-13,3.109668309050813
2023-06-14,3.118155942171537
2023-06-15,3.1265099696797987
2023-06-16,3.1347303888213753
2023-06-19,3.143151364125233
2023-06-20,3.1515055635083424
2023-06-21,3.1598597626615503
2023-06-22,3.168280853080844
2023-06-23,3.17670200094385
2023-06-26,3.185223460095765
2023-06-27,3.1935778897162295
2023-06-28,3.2018989576944783
2023-06-29,3.21015324563807
2023-06-30,3.218474426682634
2023-07-03,3.226795664716242
2023-07-04,3.234949863674119
2023-07-05,3.243505148107817
2023-07-06,3.252127331167143
2023-07-07,3.260615896036704
2023-07-10,3.2691379409179246
2023-07-11,3.2776934651148872
2023-07-12,3.2863827312684704
2023-07-13,3.2948715356581575
2023-07-14,3.303360398886094
2023-07-17,3.3117824792724697
2023-07-18,3.320271460867419
2023-07-19,3.328827344605674
2023-07-20,3.337416709533192
2023-07-21,3.346006134697817
2023-07-24,3.354629042458938
2023-07-25,3.363252011166862
2023-07-26,3.371674504553468
2023-07-27,3.38023074808426
2023-07-28,3.3889207445758665
2023-07-31,3.397209723346343
2023-08-01,3.4058998407752097
2023-08-02,3.4145899603461296
2023-08-03,3.423146446244744
2023-08-04,3.431602719433472
2023-08-07,3.440059051231629
2023-08-08,3.4485822912766877
2023-08-09,3.4569050419510563
2023-08-10,3.4653281241858993
2023-08-11,3.473784689730175
2023-08-14,3.4823750156885507
2023-08-15,3.4909319760296613
2023-08-16,3.499288440530427
2023-08-17,3.507578109632592
2023-08-18,3.515901261366912
2023-08-21,3.524324750419505
2023-08-22,3.5327148703887534
2023-08-23,3.5410047670413185
2023-08-24,3.5492947206961647
2023-08-25,3.557651585361321
2023-08-28,3.5660419354074526
2023-08-29,3.5744991992164965
2023-08-30,3.5829230932589753
2023-08-31,3.591046189352313
2023-09-01,3.5993364823012
2023-09-04,3.6075934025188494
2023-09-05,3.6158169495546435
2023-09-06,3.6241742698093105
2023-09-07,3.6324982175623703
2023-09-08,3.6408222218695254
2023-09-11,3.649514015417606
2023-09-12,3.6578715659952667
2023-09-13,3.657771275389639
2023-09-14,3.6577712753904494
2023-09-15,3.6576709847888744
2023-09-18,3.657503833800927
2023-09-19,3.6574704036062555
2023-09-20,3.665894812973406
2023-09-21,3.6742524189564656
2023-09-22,3.682676943251835
2023-09-25,3.6909678014944785
2023-09-26,3.6992252847301046
2023-09-27,3.707616549858446
2023-09-28,3.716041304251231
2023-09-29,3.723563458109125
2023-10-02,3.7317542985752072
2023-10-03,3.739945193792915
2023-10-04,3.748269874467484
2023-10-05,3.7566614779778256
2023-10-06,3.7649194068572327
2023-10-09,3.773244258113691
2023-10-10,3.781502299199783
2023-10-11,3.7898272633453356
2023-10-12,3.798352888592434
2023-10-13,3.8067448357860134
2023-10-16,3.815103406398116
2023-10-17,3.8235623380218313
2023-10-18,3.831954458555035
2023-10-19,3.8404135067381606
2023-10-20,3.8488391781155817
2023-10-23,3.8572983433230528
2023-10-24,3.8656572597004724
2023-10-25,3.873949361990018
2023-10-26,3.882241520387634
2023-10-27,3.8907009175655
2023-10-30,3.899093500664948
2023-10-31,3.906817404517371
2023-11-01,3.9067839677217497
2023-11-02,3.9068174045149395
2023-11-03,3.906717094139152
2023-11-06,3.9065833469771993
2023-11-07,3.9065164734035167
2023-11-08,3.906416163052584
2023-11-09,3.9062824159322345
2023-11-10,3.907084899141418
2023-11-13,3.907218646361184
2023-11-14,3.9072855199767402
2023-11-15,3.907218646359023
2023-11-16,3.907419267206232
2023-11-17,3.9075195776487472
2023-11-20,3.9076198880961255
2023-11-21,3.907686761735725
2023-11-22,3.9077201985559307
2023-11-23,3.907753635377216
2023-11-24,3.9077870721968813
2023-11-27,3.9078205090165463
2023-11-28,3.9077870721971513
2023-11-29,3.907753635377216
2023-11-30,3.907285519927302
2023-12-01,3.907252083123036
2023-12-04,3.90721864631877
2023-12-05,3.9072520831219553
2023-12-06,3.9073858303563096
2023-12-07,3.9074527039797005
2023-12-08,3.907452703980241
2023-12-11,3.9075530144257278
2023-12-12,3.908322061593561
2023-12-13,3.9084892457829272
2023-12-14,3.9086229931410124
2023-12-15,3.9086898668297803
2023-12-18,3.908723303678352
2023-12-19,3.908689866830861
2023-12-20,3.908656429984181
2023-12-21,3.908556119448192
2023-12-22,3.9083889352447776
2023-12-27,3.908288624733103
2023-12-28,3.908221751062705
2023-12-29,3.9076533248482517
2024-01-02,3.9076533248496026
2024-01-03,3.90772019848488
2024-01-04,3.9076867616654853
2024-01-05,3.907820508944685
2024-01-08,3.907887382589148
2024-01-09,3.907954256237663
2024-01-10,3.908021129886178
2024-01-11,3.908088003539556
2024-01-12,3.908121440368406
2024-01-15,3.9081214403675957
2024-01-16,3.9085895561381827
2024-01-17,3.9085895561381827
2024-01-18,3.908689866662825
2024-01-19,3.9086564298193864
2024-01-22,3.90858955613305
2024-01-23,3.908556119290422
2024-01-24,3.908622992972706
2024-01-25,3.908723303506534
2024-01-26,3.9086898666620145
2024-01-29,3.9087567403483514
2024-01-30,3.9087567403486214
2024-01-31,3.908422371886411
2024-02-01,3.9085561192461165
2024-02-02,3.9087233034624984
2024-02-05,3.9089239245509555
2024-02-06,3.909224856249423
2024-02-07,3.9095257880221834
2024-02-08,3.9097932829890563
2024-02-09,3.9101276517722106
2024-02-12,3.9110304481770513
2024-02-13,3.911130758897015
2024-02-14,3.911364817276556
2024-02-15,3.9116657495507225
2024-02-16,3.911799497250823
2024-02-19,3.912000118828799
2024-02-20,3.912234177373404
2024-02-21,3.9123679251326684
2024-02-22,3.9125016729089523
2024-02-23,3.9126019837561588
2024-02-26,3.9126688576621307
2024-02-27,3.9126688576621307
2024-02-28,3.912735731568643
2024-02-29,3.9120669925199985
2024-03-01,3.9120669925197284
2024-03-04,3.912100429458261
2024-03-05,3.912401361915592
2024-03-06,3.912401361915052
2024-03-07,3.9125016727506416
2024-03-08,3.912601983596227
2024-03-11,3.9125016727506416
2024-03-12,3.9124347988587176
2024-03-13,3.912869479287924
2024-03-14,3.912969790161606
2024-03-15,3.913070101041771
2024-03-18,3.913136974964763
2024-03-19,3.9131369749653033
2024-03-20,3.913136974964763
2024-03-21,3.913103538001646
2024-03-22,3.9130701010423112
2024-03-25,3.9130701010428517
2024-03-26,3.9129697901626863
2024-03-27,3.912802605386815
2024-03-28,3.9124013619796187
2024-04-02,3.912301051154295
2024-04-03,3.912334488092828
2024-04-04,3.91236792503028
2024-04-05,3.91226761421144
2024-04-08,3.9122341772737173
2024-04-09,3.9123010511515934
2024-04-10,3.9124013619812397
2024-04-11,3.9124682358704623
2024-04-12,3.912601983655391
2024-04-15,3.913270722997153
2024-04-16,3.9135047817859774
2024-04-17,3.913671966672612
2024-04-18,3.913605092722875
2024-04-19,3.9137722776143726
2024-04-22,3.913839151573295
2024-04-23,3.9138725885569436
2024-04-24,3.9141066474608537
2024-04-25,3.914240395428407
2024-04-26,3.914240395428677
2024-04-29,3.914173521442199
2024-04-30,3.913504781642796
2024-05-02,3.9135382186142875
2024-05-03,3.913538218614017
2024-05-06,3.91357165558794
2024-05-07,3.913538218612126
2024-05-08,3.9134044707218374
2024-05-09,3.9131369749696256
2024-05-10,3.913136974970166
2024-05-13,3.913170411934093
2024-05-14,3.913437907707377
2024-05-15,3.913504781653332
2024-05-16,3.9132707228636967
2024-05-17,3.9129029162761655
2024-05-20,3.912802605406266
2024-05-21,3.912936353219291
2024-05-22,3.9129697901751137
2024-05-23,3.913136974968815
2024-05-24,3.9132372858595166
2024-05-27,3.9132707228229036
2024-05-28,3.9133375967572417
2024-05-29,3.913270722826956
2024-05-30,3.9133375967588626
2024-05-31,3.9127691683188783
2024-06-03,3.912869479170137
2024-06-04,3.9129029161237985
2024-06-05,3.913070100903452
2024-06-06,3.9130701009039925
2024-06-07,3.913170411782807
2024-06-10,3.9133375966043342
2024-06-11,3.9134379075139463
2024-06-12,3.90584771120049
2024-06-13,3.8975219577117097
2024-06-14,3.889296570159454
2024-06-17,3.881037801957469
2024-06-18,3.8730131415532645
2024-06-19,3.864921661956622
2024-06-20,3.8569639777074576
2024-06-21,3.848872604728818
2024-06-24,3.8407144152076835
2024-06-25,3.832556280216918
2024-06-26,3.8242978957163922
2024-06-27,3.816206738852253
2024-06-28,3.808015332021253
2024-07-01,3.800024585360036
2024-07-02,3.791666120305041
2024-07-03,3.7834080129357885
2024-07-04,3.775083095085763
2024-07-05,3.766825099924546
2024-07-08,3.7585002949609128
2024-07-09,3.7502424117786406
2024-07-10,3.7420180169701127
2024-07-11,3.7337268132658066
2024-07-12,3.7260040068621527
2024-07-15,3.7175791853090168
2024-07-16,3.7092547162627665
2024-07-17,3.700863441708742
2024-07-18,3.6925725178272564
2024-07-19,3.684248219584152
2024-07-22,3.675957408809505
2024-07-23,3.6678003755375665
2024-07-24,3.6679006669390684
2024-07-25,3.668034388820525
2024-07-26,3.6680678192942664
2024-07-29,3.6681012497682777
2024-07-30,3.6680678192972382
2024-07-31,3.667733514563879
2024-08-01,3.667766945027895
2024-08-02,3.6677669450273545
2024-08-05,3.667800375493261
2024-08-06,3.667800375493261
2024-08-07,3.6678672364280462
2024-08-08,3.6679675278349513
2024-08-09,3.6682015411741022
2024-08-12,3.6681681106982
2024-08-13,3.6682349716529763
2024-08-14,3.6682015411746427
2024-08-15,3.6681681106973896
2024-08-16,3.668201541173292
2024-08-19,3.668268402129689
2024-08-20,3.668335263089058
2024-08-21,3.6683352630893284
2024-08-22,3.66840212405275
2024-08-23,3.668502415505581
2024-08-26,3.6686361374532255
2024-08-27,3.6687364289228066
2024-08-28,3.6688701508936843
2024-08-29,3.6689035813898485
2024-08-30,3.6686027069227523
2024-09-02,3.6686027069232923
2024-09-03,3.6685358459498754
2024-09-04,3.6684689849813212
2024-09-05,3.668368693534703
2024-09-06,3.668368693534703
2024-09-09,3.668368693534433
2024-09-10,3.668335263053668
2024-09-11,3.6687029984425816
2024-09-12,3.668702998442852
2024-09-13,3.668669567953442
2024-09-16,3.6686027069754323
2024-09-17,3.6686695679499297
2024-09-18,3.660412236953529
2024-09-19,3.6520212412316693
2024-09-20,3.643630302747665
2024-09-23,3.635272851993898
2024-09-24,3.6269488880502223
2024-09-25,3.6187252684742246
2024-09-26,3.610468275194974
2024-09-27,3.602144480448647
2024-09-30,3.5936535991488676
2024-10-01,3.5853633475343942
2024-10-02,3.5769060109765882
2024-10-03,3.5683150213647985
2024-10-04,3.559958086416848
2024-10-07,3.551534353911493
2024-10-08,3.5431441068379033
2024-10-09,3.534753917684848
2024-10-10,3.52639721258442
2024-10-11,3.5183414018320107
2024-10-14,3.509951382763491
2024-10-15,3.501594847296441
2024-10-16,3.493271794974569
2024-10-17,3.4850156505689305
2024-10-18,3.4767261367949347
2024-10-21,3.46843667934027
2024-10-22,3.460147278428623
2024-10-23,3.4435017396859426
2024-10-24,3.426856428029268
2024-10-25,3.410244766866725
2024-10-28,3.393599908005625
2024-10-29,3.3768550087317384
2024-10-30,3.3684659055334687
2024-10-31,3.359809479607341
2024-11-01,3.351487337213136
2024-11-04,3.34309840798368
2024-11-05,3.334676114869998
2024-11-06,3.32618703699666
2024-11-07,3.3177648606298753
2024-11-08,3.3093427424056925
2024-11-11,3.3010543646798376
2024-11-12,3.2925989414013035
2024-11-13,3.2843775182710977
2024-11-14,3.2762898306551436
2024-11-15,3.2679682584269267
2024-11-18,3.259680162477918
2024-11-19,3.251392123061932
2024-11-20,3.2431041401814
2024-11-21,3.2348496324421863
2024-11-22,3.2266620179995376
2024-11-25,3.2184410398993224
2024-11-26,3.2101532804312383
2024-11-27,3.201832159339039
2024-11-28,3.1934442593787082
2024-11-29,3.1850229993965473
2024-12-02,3.176668632486453
2024-12-03,3.1682474885439253
2024-12-04,3.168214071308554
2024-12-05,3.1681806540731827
2024-12-06,3.168147236839162
2024-12-09,3.168147236839432
2024-12-10,3.1681138196040606
2024-12-11,3.1680804023716607
2024-12-12,3.168381157544035
2024-12-13,3.168514826514157
2024-12-16,3.1685816610067823
2024-12-17,3.168615078254581
2024-12-18,3.1604278520611686
2024-12-19,3.1522740980695256
2024-12-20,3.144020148175645
2024-12-23,3.1356325876012074
2024-12-24,3.127144835895997
2024-12-27,3.118857640154234
2024-12-30,3.110503669175213
2024-12-31,3.101815598857882
2025-01-02,3.0936288216808565
2025-01-03,3.0853752692900764
2025-01-06,3.077021528079693
2025-01-07,3.0687012588176743
2025-01-08,3.0603142175240476
2025-01-09,3.052060890784754
2025-01-10,3.0437742053849375
2025-01-13,3.035520990112106
2025-01-14,3.0273346576624984
2025-01-15,3.0192152066896663
2025-01-16,3.0110289839040516
2025-01-17,3.0028762287697277
2025-01-20,2.9946567029405196
2025-01-21,2.986504057466677
2025-01-22,2.978318054231114
2025-01-23,2.9702323418173027
2025-01-24,2.962146682786515
2025-01-27,2.9540276659899556
2025-01-28,2.94590870324181
2025-01-29,2.937756384063265
2025-01-30,2.9296709407771364
2025-01-31,2.9212514438517245
2025-02-03,2.921284854548282
2025-02-04,2.9212180331551667
2025-02-05,2.9128653587783195
2025-02-06,2.9047800242490056
2025-02-07,2.8966279223703983
2025-02-10,2.8882085963578144
2025-02-11,2.879889557620126
2025-02-12,2.8718712595291573
2025-02-13,2.863418696004031
2025-02-14,2.854966190833578
2025-02-17,2.8465471526663157
2025-02-18,2.838128172849404
2025-02-19,2.8297092509235804
2025-02-20,2.8212569796227065
2025-02-21,2.8128715821262267
2025-02-24,2.804452834791382
2025-02-25,2.7960007383097674
2025-02-26,2.787481886114403
2025-02-27,2.778996500458915
2025-02-28,2.7702439194681663
2025-03-03,2.7616918404102813
2025-03-04,2.7531064154750333
2025-03-05,2.7445544568394946
2025-03-06,2.7360025586488126
2025-03-07,2.7274507202000455
2025-03-10,2.718832130956228
2025-03-11,2.7102136026281456
2025-03-12,2.6931436933001485
2025-03-13,2.676107427375274
2025-03-14,2.659572454132793
2025-03-17,2.6428372866645122
2025-03-18,2.626135751498715
2025-03-19,2.617785040878114
2025-03-20,2.6093675829153042
2025-03-21,2.6010837916776346
2025-03-24,2.592866860810128
2025-03-25,2.584583181904765
2025-03-26,2.57629955905209
2025-03-27,2.567949189980508
2025-03-28,2.559632279118325
2025-03-31,2.551282023740087
2025-04-01,2.543065428948273
2025-04-02,2.534782088167723
2025-04-03,2.5263986031019607
2025-04-04,2.5180151754537063
2025-04-07,2.509598405570849
2025-04-08,2.501215093444072
2025-04-09,2.49286523815377
2025-04-10,2.484515440280436
2025-04-11,2.4764328895220213
2025-04-14,2.4682167984798498
2025-04-15,2.45993396599834
2025-04-16,2.4517179863710306
2025-04-17,2.443401868370565
2025-04-22,2.435119204707107
2025-04-23,2.4185539890200927
2025-04-24,2.4020557927368458
2025-04-25,2.393873543383196
2025-04-28,2.3856579524608734
2025-04-29,2.3773088318761793
2025-04-30,2.368592409683608
2025-05-02,2.3602768019942912
2025-05-05,2.351961250801256
2025-05-06,2.3436123610009796
2025-05-07,2.3353303190427313
2025-05-08,2.3270817286813164
2025-05-09,2.3187664043824774
2025-05-12,2.3105179258784374
2025-05-13,2.3023362920367108
2025-05-14,2.294154713109782
2025-05-15,2.2860399766026163
2025-05-16,2.277691538973318
2025-05-19,2.2694767319349456
2025-05-20,2.2613287666331154
2025-05-21,2.253114069417317
2025-05-22,2.2450663916078564
2025-05-23,2.2368851966198533
2025-05-26,2.228637271727829
2025-05-27,2.2204895794176984
2025-05-28,2.212174981778732
2025-05-29,2.203626698976187
2025-05-30,2.195111867387667
2025-06-02,2.1868976171013133
2025-06-03,2.1787168129846637
2025-06-04,2.1705694545900727
2025-06-05,2.1708031903203175
2025-06-06,2.1709367536125734
2025-06-09,2.17103692609919
2025-06-10,2.1712706619185855
2025-06-11,2.1631566883349107
2025-06-12,2.155376672577606
2025-06-13,2.147262805025159
2025-06-16,2.1391489912644794
2025-06-17,2.1310352315197956
2025-06-18,2.1227879672992223
2025-06-19,2.1143070327965177
2025-06-20,2.1060932710457982
2025-06-23,2.0979129539259844
2025-06-24,2.089699303335372
2025-06-25,2.0814523195008907
2025-06-26,2.073338944962966
2025-06-27,2.0652590121431427
2025-06-30,2.0569120296744217
