Date,rate_pct
2011-03-30,0.601358470356393
2011-03-31,0.6024887585269475
2011-04-01,0.603619053048814
2011-04-02,0.6047493539222599
2011-04-03,0.6058796611468396
2011-04-04,0.6070099747224197
2011-04-05,0.6081402946494898
2011-04-06,0.6092706209282728
2011-04-07,0.610400953557967
2011-04-08,0.6115312925397303
2011-04-09,0.6126616378723156
2011-04-10,0.6137919895565249
2011-04-11,0.6149223475927141
2011-04-12,0.6160527119803489
2011-04-13,0.6171830827198301
2011-04-14,0.6183134598104453
2011-04-15,0.6194438432531295
2011-04-16,0.62057423304766
2011-04-17,0.621704629194037
2011-04-18,0.6228350316915479
2011-04-19,0.6239654405417067
2011-04-20,0.6250958557436674
2011-04-21,0.6262262772967621
2011-04-22,0.6273567052027718
2011-04-23,0.6284871394602272
2011-04-24,0.6296175800695735
2011-04-25,0.6307480270316568
2011-04-26,0.6318784803451413
2011-04-27,0.633008940011229
2011-04-28,0.6341394060293414
2011-04-29,0.6352698784000127
2011-04-30,0.638094697245974
2011-05-01,0.6395542435034165
2011-05-02,0.6410138003496447
2011-05-03,0.6424733677843023
2011-05-04,0.6439329458072558
2011-05-05,0.645392534419262
2011-05-06,0.6468521336208555
2011-05-07,0.6483117434105666
2011-05-08,0.6497713637887517
2011-05-09,0.6512309947564795
2011-05-10,0.6526906363133936
2011-05-11,0.6541502884598505
2011-05-12,0.6556099511946922
2011-05-13,0.6570696245196554
2011-05-14,0.6585293084340279
2011-05-15,0.6599890029374531
2011-05-16,0.661448708030332
2011-05-17,0.6629084237131542
2011-05-18,0.6643681499859644
2011-05-19,0.6658278868485401
2011-05-20,0.6672876343006138
2011-05-21,0.6687473923425865
2011-05-22,0.6702071609750369
2011-05-23,0.6716669401971637
2011-05-24,0.6731267300101245
2011-05-25,0.6745865304126725
2011-05-26,0.6760463414058764
2011-05-27,0.67750616298987
2011-05-28,0.6789659951638068
2011-05-29,0.6804258379289787
2011-05-30,0.6818856912840494
2011-05-31,0.6843158647878032
2011-06-01,0.6867460676402852
2011-06-02,0.6891762998402047
2011-06-03,0.6916065613899659
2011-06-04,0.6940368522876987
2011-06-05,0.6964671725353624
2011-06-06,0.6988975221327344
2011-06-07,0.7013279010805716
2011-06-08,0.7037583093785624
2011-06-09,0.7061887470271967
2011-06-10,0.7086192140277656
2011-06-11,0.7110497103798242
2011-06-12,0.7134802360827932
2011-06-13,0.7159107911393003
2011-06-14,0.7183413755478757
2011-06-15,0.720771989309143
2011-06-16,0.7232026324244825
2011-06-17,0.7256333048933599
2011-06-18,0.7280640067158642
2011-06-19,0.7304947378929754
2011-06-20,0.7329254984247376
2011-06-21,0.7353562883118636
2011-06-22,0.7377871075544422
2011-06-23,0.7402179561525182
2011-06-24,0.7426488341074274
2011-06-25,0.7450797414180119
2011-06-26,0.7475106780863203
2011-06-27,0.7499416441111948
2011-06-28,0.7523726394942383
2011-06-29,0.7548036642351837
2011-06-30,0.7577343859867177
2011-07-01,0.7611863434563516
2011-07-02,0.7646383601185376
2011-07-03,0.7680904359753239
2011-07-04,0.7715425710272449
2011-07-05,0.7749947652756366
2011-07-06,0.7784470187205436
2011-07-07,0.7818993313646821
2011-07-08,0.7853517032072953
2011-07-09,0.7888041342506541
2011-07-10,0.7922566244951592
2011-07-11,0.7957091739413897
2011-07-12,0.7991617825914386
2011-07-13,0.8026144504464634
2011-07-14,0.806067177505841
2011-07-15,0.8095199637719758
2011-07-16,0.8129728092453579
2011-07-17,0.8164257139272784
2011-07-18,0.8198786778185837
2011-07-19,0.8233317009202088
2011-07-20,0.826784783233534
2011-07-21,0.8302379247593165
2011-07-22,0.8336911254981353
2011-07-23,0.837144385451816
2011-07-24,0.8405977046212049
2011-07-25,0.8440510830064797
2011-07-26,0.847504520609422
2011-07-27,0.8509580174317238
2011-07-28,0.8544115734726283
2011-07-29,0.8578651887346735
2011-07-30,0.8613188632181268
2011-07-31,0.8641534741861708
2011-08-01,0.8661002532703963
2011-08-02,0.8680470511710747
2011-08-03,0.8699938678890964
2011-08-04,0.8719407034238378
2011-08-05,0.8738875577765459
2011-08-06,0.8758344309460631
2011-08-07,0.8777813229335022
2011-08-08,0.8797282337387746
2011-08-09,0.8816751633620137
2011-08-10,0.8836221118034868
2011-08-11,0.8855690790633274
2011-08-12,0.8875160651417133
2011-08-13,0.8894630700386007
2011-08-14,0.8914100937551468
2011-08-15,0.8933571362899714
2011-08-16,0.8953041976443212
2011-08-17,0.8972512778181964
2011-08-18,0.8991983768121313
2011-08-19,0.9011454946255468
2011-08-20,0.9030926312591112
2011-08-21,0.9050397867124236
2011-08-22,0.9069869609862854
2011-08-23,0.9089341540816319
2011-08-24,0.9108813659970827
2011-08-25,0.9128285967331718
2011-08-26,0.9147758462905232
2011-08-27,0.9167231146690028
2011-08-28,0.9186704018693681
2011-08-29,0.9203522141227497
2011-08-30,0.9220340404154403
2011-08-31,0.9231307968119433
2011-09-01,0.9242275591786628
2011-09-02,0.9253243275160439
2011-09-03,0.926421101823864
2011-09-04,0.9275178821023012
2011-09-05,0.9286146683511776
2011-09-06,0.9297114605712054
2011-09-07,0.9308082587612716
2011-09-08,0.9319050629218659
2011-09-09,0.9330018730541904
2011-09-10,0.9340986891561525
2011-09-11,0.9351955112295779
2011-09-12,0.9362923392735315
2011-09-13,0.9373891732880131
2011-09-14,0.9384860132736906
2011-09-15,0.9395828592301191
2011-09-16,0.9406797111578772
2011-09-17,0.9417765690561188
2011-09-18,0.9428734329255121
2011-09-19,0.943970302766413
2011-09-20,0.945067178577753
2011-09-21,0.9461640603603781
2011-09-22,0.9472609481140213
2011-09-23,0.9483578418389048
2011-09-24,0.9494547415350736
2011-09-25,0.9505516472023049
2011-09-26,0.951648558841222
2011-09-27,0.9527454764510236
2011-09-28,0.9538424000322439
2011-09-29,0.9552065251043742
2011-09-30,0.9571210608296731
2011-10-01,0.9590356147452754
2011-10-02,0.960950186851181
2011-10-03,0.9628647771480582
2011-10-04,0.9647793856357728
2011-10-05,0.9666940123146817
2011-10-06,0.9686086571842498
2011-10-07,0.9705233202460809
2011-10-08,0.9724380014990168
2011-10-09,0.9743527009441264
2011-10-10,0.9762674185806526
2011-10-11,0.9781821544099314
2011-10-12,0.9800969084309383
2011-10-13,0.9820116806444755
2011-10-14,0.9839264710508095
2011-10-15,0.9858412796497179
2011-10-16,0.9877561064416017
2011-10-17,0.9896709514266834
2011-10-18,0.99158581460523
2011-10-19,0.9935006959774643
2011-10-20,0.9954155955431637
2011-10-21,0.997330513302551
2011-10-22,0.9992454492559819
2011-10-23,1.001160403403457
2011-10-24,1.0030753757455548
2011-10-25,1.004990366282409
2011-10-26,1.0069053750136634
2011-10-27,1.0088204019401643
2011-10-28,1.0107354470611098
2011-10-29,1.0109530158592224
2011-10-30,1.0111705848924581
2011-10-31,1.011134691485225
2011-11-01,1.0110987980844492
2011-11-02,1.0110629046904418
2011-11-03,1.0110270113022681
2011-11-04,1.010991117920685
2011-11-05,1.0109552245456033
2011-11-06,1.0109193311767561
2011-11-07,1.0108834378144547
2011-11-08,1.0108475444586105
2011-11-09,1.0108116511090004
2011-11-10,1.0107757577656693
2011-11-11,1.0107398644289287
2011-11-12,1.0107039710980217
2011-11-13,1.010668077774507
2011-11-14,1.010632184456603
2011-11-15,1.0105962911456459
2011-11-16,1.010560397840745
2011-11-17,1.0105245045420337
2011-11-18,1.0104886112500469
2011-11-19,1.0104527179645166
2011-11-20,1.0104168246851322
2011-11-21,1.010380931412249
2011-11-22,1.0103450381457781
2011-11-23,1.0103091448856307
2011-11-24,1.010273251631896
2011-11-25,1.0102373583848407
2011-11-26,1.0102014651438416
2011-11-27,1.0101655719093887
2011-11-28,1.0101296786811254
2011-11-29,1.0097221533143494
2011-11-30,1.0083780954050126
2011-12-01,1.0070340464584149
2011-12-02,1.005690006474155
2011-12-03,1.0043459754523227
2011-12-04,1.0030019533933627
2011-12-05,1.0016579402965184
2011-12-06,1.0003139361618787
2011-12-07,0.9989699409895771
2011-12-08,0.9976259547789459
2011-12-09,0.9962819775307419
2011-12-10,0.9949380092451433
2011-12-11,0.9935940499210812
2011-12-12,0.9922500995587785
2011-12-13,0.9909061581587251
2011-12-14,0.9895622257201191
2011-12-15,0.9882183022438958
2011-12-16,0.9868743877285858
2011-12-17,0.9855304821749014
2011-12-18,0.9841865855832435
2011-12-19,0.9828426979528996
2011-12-20,0.9814988192840034
2011-12-21,0.9801549495767328
2011-12-22,0.978811088830598
2011-12-23,0.9774672370455546
2011-12-24,0.9761233942224488
2011-12-25,0.9747795603600331
2011-12-26,0.9734357354581746
2011-12-27,0.9720919195178084
2011-12-28,0.9707481125385778
2011-12-29,0.9689041214777557
2011-12-30,0.9670601472906803
2011-12-31,0.9643162946408811
2012-01-01,0.9615724793508347
2012-01-02,0.9588287014212087
2012-01-03,0.9560849608508011
2012-01-04,0.9533412576388548
2012-01-05,0.950597591785815
2012-01-06,0.9478539632906575
2012-01-07,0.9451103721519576
2012-01-08,0.9423668183703382
2012-01-09,0.9396233019451318
2012-01-10,0.9368798228759819
2012-01-11,0.9341363811614637
2012-01-12,0.931392976802067
2012-01-13,0.9286496097971235
2012-01-14,0.9259062801457432
2012-01-15,0.9231629878474802
2012-01-16,0.9204197329020676
2012-01-17,0.9176765153086148
2012-01-18,0.9149333350670327
2012-01-19,0.9121901921771876
2012-01-20,0.9094470866370312
2012-01-21,0.9067040184478103
2012-01-22,0.9039609876078328
2012-01-23,0.9012179941169205
2012-01-24,0.8984750379753853
2012-01-25,0.8957321191810894
2012-01-26,0.8929892377351463
2012-01-27,0.8902463936358638
2012-01-28,0.8875035868834199
2012-01-29,0.8853800035600042
2012-01-30,0.8832564426237088
2012-01-31,0.8797698218970385
2012-02-01,0.8762832615213921
2012-02-02,0.8727967614943649
2012-02-03,0.8693103218153783
2012-02-04,0.8658239424839864
2012-02-05,0.8623376234986312
2012-02-06,0.8588513648581101
2012-02-07,0.8553651665618441
2012-02-08,0.8518790286084975
2012-02-09,0.848392950996957
2012-02-10,0.8449069337263764
2012-02-11,0.8414209767962213
2012-02-12,0.8379350802040872
2012-02-13,0.8344492439501966
2012-02-14,0.8309634680328575
2012-02-15,0.8274777524509563
2012-02-16,0.8239920972039145
2012-02-17,0.820506502290663
2012-02-18,0.8170209677098663
2012-02-19,0.8135354934605442
2012-02-20,0.8100500795413612
2012-02-21,0.8065647259517382
2012-02-22,0.8030794326908289
2012-02-23,0.7995941997568972
2012-02-24,0.7961090271496308
2012-02-25,0.792623914866937
2012-02-26,0.7891388629086822
2012-02-27,0.7856538712741983
2012-02-28,0.7821689399609474
2012-02-29,0.7791893059366942
2012-03-01,0.7762097160095889
2012-03-02,0.7732301701789188
2012-03-03,0.7702506684452184
2012-03-04,0.7672712108069291
2012-03-05,0.7642917972632938
2012-03-06,0.7613124278140454
2012-03-07,0.758333102457759
2012-03-08,0.7553538211950133
2012-03-09,0.7523745840244278
2012-03-10,0.7493953909452458
2012-03-11,0.7464162419573334
2012-03-12,0.7434371370595774
2012-03-13,0.7404580762516216
2012-03-14,0.7374790595325309
2012-03-15,0.7345000869016373
2012-03-16,0.731521158358718
2012-03-17,0.728542273902927
2012-03-18,0.7255634335330177
2012-03-19,0.7225846372492569
2012-03-20,0.719605885050665
2012-03-21,0.7166271769361735
2012-03-22,0.7136485129055149
2012-03-23,0.7106698929582441
2012-03-24,0.7076913170933814
2012-03-25,0.7047127853104813
2012-03-26,0.701734297608698
2012-03-27,0.6987558539871852
2012-03-28,0.6957774544454087
2012-03-29,0.6927990989834129
2012-03-30,0.6892711162938834
2012-03-31,0.6856941276379037
2012-04-01,0.6821172025618407
2012-04-02,0.6785403410654272
2012-04-03,0.67496354314706
2012-04-04,0.6713868088058487
2012-04-05,0.6678101380404571
2012-04-06,0.6642335308500392
2012-04-07,0.66065698723317
2012-04-08,0.6570805071885584
2012-04-09,0.6535040907157141
2012-04-10,0.6499277378129896
2012-04-11,0.6463514484793609
2012-04-12,0.64277522271367
2012-04-13,0.6391990605152936
2012-04-14,0.6356229618825838
2012-04-15,0.6320469268142941
2012-04-16,0.6284709553094445
2012-04-17,0.6248950473671445
2012-04-18,0.6213192029860582
2012-04-19,0.6177434221647161
2012-04-20,0.6141677049026729
2012-04-21,0.6105920511988597
2012-04-22,0.6070164610508274
2012-04-23,0.6034409344594667
2012-04-24,0.5998654714220165
2012-04-25,0.5962900719379427
2012-04-26,0.592714736005731
2012-04-27,0.5891394636248917
2012-04-28,0.5855642547940887
2012-04-29,0.5819891095120309
2012-04-30,0.5786030267616605
2012-05-01,0.5752170010167504
2012-05-02,0.5718310322762763
2012-05-03,0.5684451205390358
2012-05-04,0.5650592658042719
2012-05-05,0.5616734680706043
2012-05-06,0.5582877273377655
2012-05-07,0.5549020436043307
2012-05-08,0.5515164168695874
2012-05-09,0.5481308471324223
2012-05-10,0.5447453343919003
2012-05-11,0.5413598786470417
2012-05-12,0.5379744798967777
2012-05-13,0.5345891381407075
2012-05-14,0.53120385337705
2012-05-15,0.5278186256056269
2012-05-16,0.5244334548246127
2012-05-17,0.5210483410336508
2012-05-18,0.5176632842319399
2012-05-19,0.5142782844181439
2012-05-20,0.5108933415913279
2012-05-21,0.5075084557505121
2012-05-22,0.5041236268952509
2012-05-23,0.50073885502363
2012-05-24,0.49735414013555995
2012-05-25,0.4939694822300612
2012-05-26,0.49058488130539707
2012-05-27,0.487200337360944
2012-05-28,0.48381585039616776
2012-05-29,0.4804314204096433
2012-05-30,0.4779811119509104
2012-05-31,0.4754862227570393
2012-06-01,0.47299136452654333
2012-06-02,0.47049653725884394
2012-06-03,0.468001740953184
2012-06-04,0.4655069756103204
2012-06-05,0.46301224122905094
2012-06-06,0.4605175378091083
2012-06-07,0.4580228653500028
2012-06-08,0.45552822385146713
2012-06-09,0.4530336133137241
2012-06-10,0.4505390337352149
2012-06-11,0.4480444851164741
2012-06-12,0.4455499674567447
2012-06-13,0.443055480755314
2012-06-14,0.44056102501271643
2012-06-15,0.4380666002280615
2012-06-16,0.4355722064005921
2012-06-17,0.43307784353030815
2012-06-18,0.4305835116168535
2012-06-19,0.42808921066000555
2012-06-20,0.42559494065856185
2012-06-21,0.42310070161354674
2012-06-22,0.4206064935230897
2012-06-23,0.4181123163878144
2012-06-24,0.4156181702069191
2012-06-25,0.4131240549802704
2012-06-26,0.4106299707067994
2012-06-27,0.40813591738704047
2012-06-28,0.4056418950204594
2012-06-29,0.40314790360598723
2012-06-30,0.4015237940652068
2012-07-01,0.3998996976509403
2012-07-02,0.3982756143622972
2012-07-03,0.3966515442001233
2012-07-04,0.39502748716352826
2012-07-05,0.3934034432530909
2012-07-06,0.3917794124676978
2012-07-07,0.39015539480801725
2012-07-08,0.38853139027391537
2012-07-09,0.38690739886450165
2012-07-10,0.38528342058039955
2012-07-11,0.3836594554218762
2012-07-12,0.382035503388041
2012-07-13,0.380411564478983
2012-07-14,0.37878763869483584
2012-07-15,0.3771637260355104
2012-07-16,0.37553982650029416
2012-07-17,0.3739159400898551
2012-07-18,0.3722920668032582
2012-07-19,0.37066820664148303
2012-07-20,0.3690443596038171
2012-07-21,0.36742052568985967
2012-07-22,0.3657967049000114
2012-07-23,0.36417289723391616
2012-07-24,0.3625491026913068
2012-07-25,0.360925321272584
2012-07-26,0.35930155297716887
2012-07-27,0.3576777978053286
2012-07-28,0.3560540557566179
2012-07-29,0.35443032683112585
2012-07-30,0.35280661102862976
2012-07-31,0.3517289054827527
2012-08-01,0.3506512057181474
2012-08-02,0.34957351173468015
2012-08-03,0.34849582353212827
2012-08-04,0.34741814111058095
2012-08-05,0.34634046447057243
2012-08-06,0.3452627936111231
2012-08-07,0.3441851285326783
2012-08-08,0.34310746923523794
2012-08-09,0.34202981571871305
2012-08-10,0.34095216798314815
2012-08-11,0.3398745260286322
2012-08-12,0.33879688985489814
2012-08-13,0.33771925946145603
2012-08-14,0.33664163484910753
2012-08-15,0.33556401601749625
2012-08-16,0.33448640296662235
2012-08-17,0.3334087956959068
2012-08-18,0.33233119420699736
2012-08-19,0.3312535984977119
2012-08-20,0.33017600856934193
2012-08-21,0.3290984244212194
2012-08-22,0.3280208460543685
2012-08-23,0.32694327346691904
2012-08-24,0.32586570666078574
2012-08-25,0.3247881456348999
2012-08-26,0.32371059038908345
2012-08-27,0.32263304092400424
2012-08-28,0.3215554972386827
2012-08-29,0.3205572058545608
2012-08-30,0.31955891943180725
2012-08-31,0.318152850449565
2012-09-01,0.3167467913095029
2012-09-02,0.3153407420117991
2012-09-03,0.313934702556231
2012-09-04,0.31252867294302117
2012-09-05,0.3111226531715462
2012-09-06,0.3097166432424296
2012-09-07,0.3083106431554486
2012-09-08,0.3069046529099353
2012-09-09,0.3054986725064241
2012-09-10,0.3040927019447368
2012-09-11,0.30268674122447264
2012-09-12,0.30128079034643324
2012-09-13,0.29987484930946073
2012-09-14,0.2984689181141785
2012-09-15,0.2970629967607203
2012-09-16,0.29565708524757195
2012-09-17,0.2942511835763366
2012-09-18,0.292845291746569
2012-09-19,0.29143940975769006
2012-09-20,0.2900335376096555
2012-09-21,0.28862767530277683
2012-09-22,0.28722182283660885
2012-09-23,0.2858159802117305
2012-09-24,0.284410147428008
2012-09-25,0.2830043244842838
2012-09-26,0.28159851138109204
2012-09-27,0.2801927081188337
2012-09-28,0.27878691469715233
2012-09-29,0.2774300993713967
2012-09-30,0.2760138710452157
2012-10-01,0.27459765270647474
2012-10-02,0.2731814443544613
2012-10-03,0.27176524598948715
2012-10-04,0.2703490576119976
2012-10-05,0.26893287922070125
2012-10-06,0.26751671081684497
2012-10-07,0.2661005523993599
2012-10-08,0.26468440396895876
2012-10-09,0.2632682655251516
2012-10-10,0.26185213706780475
2012-10-11,0.2604360185970964
2012-10-12,0.259019910112893
2012-10-13,0.2576038116147492
2012-10-14,0.25618772310293214
2012-10-15,0.2547716445778426
2012-10-16,0.25335557603845654
2012-10-17,0.2519395174856198
2012-10-18,0.25052346891830835
2012-10-19,0.24910743033710103
2012-10-20,0.24769140174208693
2012-10-21,0.24627538313201908
2012-10-22,0.24485937450903508
2012-10-23,0.24344337587090836
2012-10-24,0.2420273872180842
2012-10-25,0.24061140855185398
2012-10-26,0.23919543987039196
2012-10-27,0.2377794811738318
2012-10-28,0.2363635324632421
2012-10-29,0.23501140406625956
2012-10-30,0.2336592847749157
2012-10-31,0.23225986723519965
2012-11-01,0.23086045944913625
2012-11-02,0.22946106141654743
2012-11-03,0.22806167313747777
2012-11-04,0.22666229461179363
2012-11-05,0.2252629258396286
2012-11-06,0.22386356682062644
2012-11-07,0.22246421755478712
2012-11-08,0.221064878042556
2012-11-09,0.2196655482830424
2012-11-10,0.218266228277048
2012-11-11,0.2168669180237711
2012-11-12,0.21546761752294458
2012-11-13,0.21406832677505824
2012-11-14,0.21266904578037937
2012-11-15,0.21126977453859613
2012-11-16,0.2098705130489961
2012-11-17,0.20847126131184646
2012-11-18,0.2070720193278151
2012-11-19,0.20567278709552167
2012-11-20,0.2042735646160794
2012-11-21,0.20287435188864217
2012-11-22,0.20147514891369986
2012-11-23,0.20007595569053993
2012-11-24,0.19867677221965227
2012-11-25,0.1972775985009478
2012-11-26,0.19587843453407025
2012-11-27,0.19447928031928685
2012-11-28,0.19308013585615227
2012-11-29,0.1917255487654077
2012-11-30,0.19030387438414115
2012-12-01,0.18888221007113826
2012-12-02,0.1874605558268889
2012-12-03,0.1860389116510368
2012-12-04,0.18461727754304763
2012-12-05,0.18319565350345574
2012-12-06,0.18177403953230561
2012-12-07,0.18035243562861764
2012-12-08,0.17893084179328242
2012-12-09,0.17750925802558745
2012-12-10,0.17608768432602256
2012-12-11,0.1746661206936081
2012-12-12,0.1732445671293237
2012-12-13,0.1718230236326796
2012-12-14,0.17040149020385384
2012-12-15,0.16897996684231206
2012-12-16,0.167558453547609
2012-12-17,0.1661369503208579
2012-12-18,0.16471545716147987
2012-12-19,0.16329397406894053
2012-12-20,0.1618725010436852
2012-12-21,0.16045103808513494
2012-12-22,0.15902958519435856
2012-12-23,0.15760814236979742
2012-12-24,0.15618670961225312
2012-12-25,0.15476528692172561
2012-12-26,0.15334387429763605
2012-12-27,0.15192247174029608
2012-12-28,0.15050107924912687
2012-12-29,0.1491071895242961
2012-12-30,0.1477133094797756
2012-12-31,0.1462913967539104
2013-01-01,0.14486949410200886
2013-01-02,0.14344760152393735
2013-01-03,0.1420257190201857
2013-01-04,0.1406038465900415
2013-01-05,0.13918198423363823
2013-01-06,0.13776013195084238
2013-01-07,0.13633828974160941
2013-01-08,0.13491645760607288
2013-01-09,0.1334946355442328
2013-01-10,0.13207282355573294
2013-01-11,0.1306510216407514
2013-01-12,0.12922922979848664
2013-01-13,0.12780744802969568
2013-01-14,0.12638567633411135
2013-01-15,0.12496391471168908
2013-01-16,0.12354216316180547
2013-01-17,0.12212042168561835
2013-01-18,0.12069869028152452
2013-01-19,0.11927696895094905
2013-01-20,0.11785525769237785
2013-01-21,0.1164335565070578
2013-01-22,0.11501186539343033
2013-01-23,0.11359018435336571
2013-01-24,0.11216851338477099
2013-01-25,0.11074685248920477
2013-01-26,0.10932520166528657
2013-01-27,0.10790356091439689
2013-01-28,0.10648193023453181
2013-01-29,0.10587281886152024
2013-01-30,0.1052637093373881
2013-01-31,0.10463041327111508
2013-02-01,0.10399711920343442
2013-02-02,0.10336382713430162
2013-02-03,0.10273053706367212
2013-02-04,0.10209724899212486
2013-02-05,0.10146396291988247
2013-02-06,0.10083067884547542
2013-02-07,0.10019739677055138
2013-02-08,0.09956411669377441
2013-02-09,0.09893083861576792
2013-02-10,0.09829756253666555
2013-02-11,0.09766428845642272
2013-02-12,0.09703101637472775
2013-02-13,0.09639774629171421
2013-02-14,0.09576447820738213
2013-02-15,0.09513121212199867
2013-02-16,0.09449794803529665
2013-02-17,0.09386468594700888
2013-02-18,0.09323142585726894
2013-02-19,0.09259816776638859
2013-02-20,0.0919649116741006
2013-02-21,0.09133165758071674
2013-02-22,0.09069840548530178
2013-02-23,0.09006515538936985
2013-02-24,0.08943190729189669
2013-02-25,0.0887986611925706
2013-02-26,0.08816541709223767
2013-02-27,0.08753217499014088
2013-02-28,0.08689178894837714
2013-03-01,0.08665872168116491
2013-03-02,0.08642565468478976
2013-03-03,0.0861925879589845
2013-03-04,0.08595952150392726
2013-03-05,0.08572645531984069
2013-03-06,0.08549338940614588
2013-03-07,0.08526032376328817
2013-03-08,0.08502725839149017
2013-03-09,0.08479419329012847
2013-03-10,0.0845611284593812
2013-03-11,0.0843280638996046
2013-03-12,0.08409499961062053
2013-03-13,0.08386193559198371
2013-03-14,0.0836288718446738
2013-03-15,0.08339580836739942
2013-03-16,0.08316274516127382
2013-03-17,0.08292968222585172
2013-03-18,0.08269661956135575
2013-03-19,0.08246355716725155
2013-03-20,0.08223049504411802
2013-03-21,0.08199743319164343
2013-03-22,0.08176437160960516
2013-03-23,0.08153131029880474
2013-03-24,0.08129824925835154
2013-03-25,0.08106518848891354
2013-03-26,0.08083212799013452
2013-03-27,0.08059906776201443
2013-03-28,0.08036600780446425
2013-03-29,0.08013294811815191
2013-03-30,0.07989988870218681
2013-03-31,0.07972234595191915
2013-04-01,0.07954480335840032
2013-04-02,0.07936726092220926
2013-04-03,0.07918971864339049
2013-04-04,0.07901217652149867
2013-04-05,0.0788346345567565
2013-04-06,0.07865709274871864
2013-04-07,0.07847955109858744
2013-04-08,0.07830200960480431
2013-04-09,0.07812446826879424
2013-04-10,0.07794692708957755
2013-04-11,0.07776938606715425
2013-04-12,0.07759184520254854
2013-04-13,0.0774143044942909
2013-04-14,0.07723676394358367
2013-04-15,0.07705922354958077
2013-04-16,0.07688168331330639
2013-04-17,0.07670414323386991
2013-04-18,0.07652660331140496
2013-04-19,0.07634906354644586
2013-04-20,0.07617152393814657
2013-04-21,0.07599398448681877
2013-04-22,0.07581644519299685
2013-04-23,0.07563890605632458
2013-04-24,0.07546136707631207
2013-04-25,0.07528382825398358
2013-04-26,0.07510628958871564
2013-04-27,0.07492875107992937
2013-04-28,0.07475121272873805
2013-04-29,0.07457367453474088
2013-04-30,0.07447308796892438
2013-05-01,0.07441977160652792
2013-05-02,0.07436645525851496
2013-05-03,0.07431313892408392
2013-05-04,0.07425982260452622
2013-05-05,0.07420650629917387
2013-05-06,0.07415319000758158
2013-05-07,0.07409987373015013
2013-05-08,0.07404655746705764
2013-05-09,0.07399324121843769
2013-05-10,0.07393992498362233
2013-05-11,0.07388660876310141
2013-05-12,0.07383329255678583
2013-05-13,0.07377997636463109
2013-05-14,0.07372666018619188
2013-05-15,0.07367334402235881
2013-05-16,0.07362002787259751
2013-05-17,0.07356671173686347
2013-05-18,0.07351339561582461
2013-05-19,0.07346007950836769
2013-05-20,0.07340676341542786
2013-05-21,0.07335344733624807
2013-05-22,0.07330013127158537
2013-05-23,0.07324681522130616
2013-05-24,0.07319349918451981
2013-05-25,0.07314018316269585
2013-05-26,0.07308686715476556
2013-05-27,0.07303355116068437
2013-05-28,0.0729802351810312
2013-05-29,0.07292691921504904
2013-05-30,0.07287360326402925
2013-05-31,0.07287470256228912
2013-06-01,0.07287580186019273
2013-06-02,0.07287690115863073
2013-06-03,0.07287800045613357
2013-06-04,0.07287909975439344
2013-06-05,0.07288019905251972
2013-06-06,0.07288129835051241
2013-06-07,0.07288239764850508
2013-06-08,0.07288349694663136
2013-06-09,0.07288459624466859
2013-06-10,0.07288569554261673
2013-06-11,0.07288679484083206
2013-06-12,0.07288789413878022
2013-06-13,0.07288899343721822
2013-06-14,0.0728900927352109
2013-06-15,0.07289119203302545
2013-06-16,0.07289229133128533
2013-06-17,0.07289339062936707
2013-06-18,0.07289448992776053
2013-06-19,0.07289558922548604
2013-06-20,0.07289668852396855
2013-06-21,0.07289778782205031
2013-06-22,0.07289888712071095
2013-06-23,0.07289998641839192
2013-06-24,0.07290108571634007
2013-06-25,0.07290218501486713
2013-06-26,0.07290328431294887
2013-06-27,0.07290438361116422
2013-06-28,0.07290548290955767
2013-06-29,0.0729065822080402
2013-06-30,0.07294890518919714
2013-07-01,0.07301926030004971
2013-07-02,0.07308961543575052
2013-07-03,0.07315997059621054
2013-07-04,0.07323032578080631
2013-07-05,0.0733006809903394
2013-07-06,0.07337103622498795
2013-07-07,0.0734413914837277
2013-07-08,0.07351174676776104
2013-07-09,0.073582102075752
2013-07-10,0.07365245740876934
2013-07-11,0.07372281276663495
2013-07-12,0.07379316814872536
2013-07-13,0.07386352355579763
2013-07-14,0.0739338789874955
2013-07-15,0.07400423444417523
2013-07-16,0.07407458992472352
2013-07-17,0.0741449454307435
2013-07-18,0.07421530096085471
2013-07-19,0.07428565651608136
2013-07-20,0.07435601209571097
2013-07-21,0.07442636769996616
2013-07-22,0.07449672332920321
2013-07-23,0.0745670789828432
2013-07-24,0.07463743466119786
2013-07-25,0.07470779036422265
2013-07-26,0.0747781460920957
2013-07-27,0.07484850184477246
2013-07-28,0.07491885762167405
2013-07-29,0.07498921342293406
2013-07-30,0.07505956924971027
2013-07-31,0.07516785130203123
2013-08-01,0.0753003182651472
2013-08-02,0.07543278531647894
2013-08-03,0.07556525245442332
2013-08-04,0.07569771968022722
2013-08-05,0.07583018699357892
2013-08-06,0.07596265439412216
2013-08-07,0.07609512188239131
2013-08-08,0.07622758945758484
2013-08-09,0.07636005712112771
2013-08-10,0.07649252487146135
2013-08-11,0.07662499270943186
2013-08-12,0.0767574606348611
2013-08-13,0.07688992864797171
2013-08-14,0.07702239674836295
2013-08-15,0.07715486493621292
2013-08-16,0.07728733321152162
2013-08-17,0.07741980157451171
2013-08-18,0.07755227002500506
2013-08-19,0.07768473856242279
2013-08-20,0.0778172071878336
2013-08-21,0.07794967590043597
2013-08-22,0.07808214470076426
2013-08-23,0.07821461358810598
2013-08-24,0.0783470825633072
2013-08-25,0.07847955162538826
2013-08-26,0.07861202077608587
2013-08-27,0.07874449001317345
2013-08-28,0.0788769593384768
2013-08-29,0.0790165744085526
2013-08-30,0.0791561895764183
2013-08-31,0.07923479187068204
2013-09-01,0.07931339419625101
2013-09-02,0.07939199655245724
2013-09-03,0.07947059893961247
2013-09-04,0.07954920135736046
2013-09-05,0.07962780380579024
2013-09-06,0.07970640628534714
2013-09-07,0.07978500879522961
2013-09-08,0.07986361133659542
2013-09-09,0.07994221390801963
2013-09-10,0.08002081651083813
2013-09-11,0.08009941914389312
2013-09-12,0.08017802180785256
2013-09-13,0.08025662450280555
2013-09-14,0.08033522722857393
2013-09-15,0.08041382998551395
2013-09-16,0.08049243277264594
2013-09-17,0.08057103559094958
2013-09-18,0.0806496384398905
2013-09-19,0.08072824131969134
2013-09-20,0.08080684423004039
2013-09-21,0.0808854471712939
2013-09-22,0.08096405014367454
2013-09-23,0.08104265314651432
2013-09-24,0.08112125618061482
2013-09-25,0.08119985924459555
2013-09-26,0.08127846234010418
2013-09-27,0.0813570654656712
2013-09-28,0.08143566862289969
2013-09-29,0.08151811952084215
2013-09-30,0.08159122601336788
2013-10-01,0.08166433253256764
2013-10-02,0.08173743907853048
2013-10-03,0.08181054565138998
2013-10-04,0.0818836522510126
2013-10-05,0.08195675887673032
2013-10-06,0.08202986552912207
2013-10-07,0.0821029722081433
2013-10-08,0.08217607891392763
2013-10-09,0.08224918564665316
2013-10-10,0.08232229240596366
2013-10-11,0.08239539919163646
2013-10-12,0.0824685060039833
2013-10-13,0.08254161284304867
2013-10-14,0.08261471970865447
2013-10-15,0.08268782660071165
2013-10-16,0.08276093351979912
2013-10-17,0.08283404046573871
2013-10-18,0.08290714743741717
2013-10-19,0.08298025443648216
2013-10-20,0.08305336146199851
2013-10-21,0.08312646851427796
2013-10-22,0.08319957559345408
2013-10-23,0.08327268269881438
2013-10-24,0.08334578983071511
2013-10-25,0.08341889698928986
2013-10-26,0.08349200417431599
2013-10-27,0.08356511138672863
2013-10-28,0.08363821862496922
2013-10-29,0.08363437087561625
2013-10-30,0.08363052312644141
2013-10-31,0.08369813357645045
2013-11-01,0.08376574404921479
2013-11-02,0.08383335454446723
2013-11-03,0.08390096506296484
2013-11-04,0.08396857560381694
2013-11-05,0.08403618616760249
2013-11-06,0.08410379675409879
2013-11-07,0.08417140736335041
2013-11-08,0.08423901799535734
2013-11-09,0.08430662865020862
2013-11-10,0.08437423932826052
2013-11-11,0.08444185002880052
2013-11-12,0.08450946075151693
2013-11-13,0.08457707149779019
2013-11-14,0.08464468226677424
2013-11-15,0.08471229305837998
2013-11-16,0.08477990387278556
2013-11-17,0.08484751470994645
2013-11-18,0.08491512557017435
2013-11-19,0.0849827364528013
2013-11-20,0.08505034735831714
2013-11-21,0.08511795828707813
2013-11-22,0.08518556923801553
2013-11-23,0.08525318021193089
2013-11-24,0.08532079120824528
2013-11-25,0.08538840222793842
2013-11-26,0.08545601326980796
2013-11-27,0.08552362433478905
2013-11-28,0.08559123542297074
2013-11-29,0.08567148926663293
2013-11-30,0.08580561218240962
2013-12-01,0.08593973518751534
2013-12-02,0.08607385828270712
2013-12-03,0.08620798146718339
2013-12-04,0.08634210474165667
2013-12-05,0.08647622810541446
2013-12-06,0.08661035155934735
2013-12-07,0.08674447510265382
2013-12-08,0.08687859873577915
2013-12-09,0.08701272245854523
2013-12-10,0.08714684627059582
2013-12-11,0.08728097017286605
2013-12-12,0.08741509416402002
2013-12-13,0.087549218245928
2013-12-14,0.08768334241663064
2013-12-15,0.08781746667724122
2013-12-16,0.0879515910277152
2013-12-17,0.08808571546760728
2013-12-18,0.08821983999709557
2013-12-19,0.08835396461626914
2013-12-20,0.08848808932503893
2013-12-21,0.08862221412380572
2013-12-22,0.0887563390119906
2013-12-23,0.08889046399017249
2013-12-24,0.08902458905732714
2013-12-25,0.08915871421492413
2013-12-26,0.0892928394615384
2013-12-27,0.0894269647980161
2013-12-28,0.08956109022440173
2013-12-29,0.08965398861586955
2013-12-30,0.08974688705044331
2013-12-31,0.09020038553538809
2014-01-01,0.09065388504534568
2014-01-02,0.09110738558000435
2014-01-03,0.09156088713985394
2014-01-04,0.09201438972462726
2014-01-05,0.09246789333490323
2014-01-06,0.0929213979700584
2014-01-07,0.09337490363040449
2014-01-08,0.09382841031509541
2014-01-09,0.09428191802546709
2014-01-10,0.0947354267607625
2014-01-11,0.09518893652107072
2014-01-12,0.09564244730652532
2014-01-13,0.09609595911703726
2014-01-14,0.09654947195251747
2014-01-15,0.09700298581314405
2014-01-16,0.09745650069882798
2014-01-17,0.09791001660912392
2014-01-18,0.09836353354514514
2014-01-19,0.0988170515055112
2014-01-20,0.09927057049129086
2014-01-21,0.09972409050230595
2014-01-22,0.10017761153851197
2014-01-23,0.1006311335994636
2014-01-24,0.10108465668551708
2014-01-25,0.10153818079689507
2014-01-26,0.10199170593328587
2014-01-27,0.102445232094734
2014-01-28,0.10289875928141759
2014-01-29,0.1033143559640253
2014-01-30,0.1037299535071486
2014-01-31,0.10429617884639929
2014-02-01,0.10486240578333045
2014-02-02,0.10542863431794208
2014-02-03,0.10599486445076857
2014-02-04,0.10656109618118648
2014-02-05,0.10712732950986373
2014-02-06,0.10769356443590977
2014-02-07,0.10825980095968081
2014-02-08,0.10882603908162215
2014-02-09,0.1093922788011549
2014-02-10,0.10995852011890252
2014-02-11,0.11052476303428606
2014-02-12,0.11109100754828523
2014-02-13,0.11165725365960863
2014-02-14,0.11222350136870156
2014-02-15,0.11278975067600934
2014-02-16,0.11335600158081946
2014-02-17,0.11392225408375538
2014-02-18,0.11448850818463895
2014-02-19,0.11505476388347018
2014-02-20,0.11562102118016002
2014-02-21,0.11618728007461937
2014-02-22,0.11675354056715997
2014-02-23,0.11731980265787091
2014-02-24,0.11788606634621779
2014-02-25,0.11845233163242325
2014-02-26,0.11901859851693264
2014-02-27,0.11958486699912248
2014-02-28,0.11993452502933057
2014-03-01,0.12034520912244315
2014-03-02,0.12075589405558707
2014-03-03,0.12116657982956389
2014-03-04,0.12157726644392829
2014-03-05,0.12198795389868028
2014-03-06,0.12239864219381986
2014-03-07,0.12280933133010405
2014-03-08,0.12322002130619693
2014-03-09,0.12363071212325631
2014-03-10,0.12404140378052514
2014-03-11,0.12445209627840421
2014-03-12,0.124862789616849
2014-03-13,0.1252734837956814
2014-03-14,0.12568417881503496
2014-03-15,0.12609487467508784
2014-03-16,0.1265055713752611
2014-03-17,0.12691626891648994
2014-03-18,0.12732696729766102
2014-03-19,0.1277376665199322
2014-03-20,0.12814836658250192
2014-03-21,0.12855906748563736
2014-03-22,0.12896976922871506
2014-03-23,0.12938047181351628
2014-03-24,0.12979117523745823
2014-03-25,0.13020187950312367
2014-03-26,0.13061258460895409
2014-03-27,0.13102329055512754
2014-03-28,0.13143399734177763
2014-03-29,0.13184470496939424
2014-03-30,0.1322554134370867
2014-03-31,0.13286900327585827
2014-04-01,0.1334825949906731
2014-04-02,0.1340961885814422
2014-04-03,0.13470978404869985
2014-04-04,0.1353233813914664
2014-04-05,0.13593698061103326
2014-04-06,0.13655058170579734
2014-04-07,0.13716418467731714
2014-04-08,0.13777778952519196
2014-04-09,0.1383913962485757
2014-04-10,0.13900500484791362
2014-04-11,0.1396186153239628
2014-04-12,0.14023222767592167
2014-04-13,0.1408458419039238
2014-04-14,0.14145945800828094
2014-04-15,0.14207307598841415
2014-04-16,0.1426866958450805
2014-04-17,0.14330031757796824
2014-04-18,0.1439139411866766
2014-04-19,0.1445275666719181
2014-04-20,0.1451411940332919
2014-04-21,0.14575482327035275
2014-04-22,0.1463684543839022
2014-04-23,0.1469820873737621
2014-04-24,0.14759572223944262
2014-04-25,0.14820935898196796
2014-04-26,0.14882299760058113
2014-04-27,0.14943663809483676
2014-04-28,0.15005028046598182
2014-04-29,0.1506639247128584
2014-04-30,0.1516184853491844
2014-05-01,0.15250156779541532
2014-05-02,0.15338465412772634
2014-05-03,0.15426774434509324
2014-05-04,0.1551508384484512
2014-05-05,0.1560339364371322
2014-05-06,0.1569170383116707
2014-05-07,0.1578001440714877
2014-05-08,0.1586832537174739
2014-05-09,0.15956636724873863
2014-05-10,0.16044948466594985
2014-05-11,0.16133260596875137
2014-05-12,0.162215731156965
2014-05-13,0.16309886023130327
2014-05-14,0.1639819931912318
2014-05-15,0.16486513003679512
2014-05-16,0.16574827076826043
2014-05-17,0.16663141538576132
2014-05-18,0.16751456388885244
2014-05-19,0.16839771627837993
2014-05-20,0.16928087255305238
2014-05-21,0.17016403271384947
2014-05-22,0.17104719676045943
2014-05-23,0.17193036469301595
2014-05-24,0.17281353651165254
2014-05-25,0.17369671221605754
2014-05-26,0.17457989180654265
2014-05-27,0.17546307528301877
2014-05-28,0.17634626264521877
2014-05-29,0.17722945389381056
2014-05-30,0.1781126490279481
2014-05-31,0.17890950770616587
2014-06-01,0.17970636954808308
2014-06-02,0.18050323455307632
2014-06-03,0.18130010272119015
2014-06-04,0.18209697405304795
2014-06-05,0.18289384854833804
2014-06-06,0.18369072620714946
2014-06-07,0.18448760702917047
2014-06-08,0.18528449101538083
2014-06-09,0.18608137816431095
2014-06-10,0.18687826847720773
2014-06-11,0.18767516195353676
2014-06-12,0.18847205859329808
2014-06-13,0.18926895839671432
2014-06-14,0.19006586136356285
2014-06-15,0.19086276749415537
2014-06-16,0.19165967678858092
2014-06-17,0.19245658924626063
2014-06-18,0.19325350486790702
2014-06-19,0.19405042365311925
2014-06-20,0.19484734560145206
2014-06-21,0.19564427071375148
2014-06-22,0.19644119899010662
2014-06-23,0.19723813042976046
2014-06-24,0.19803506503311374
2014-06-25,0.19883200280038918
2014-06-26,0.1996289437315867
2014-06-27,0.2004258878256376
2014-06-28,0.20122283508423405
2014-06-29,0.2020197855064409
2014-06-30,0.20186963483061465
2014-07-01,0.20135868383224426
2014-07-02,0.20084773413413232
2014-07-03,0.200336785736546
2014-07-04,0.19982583863926268
2014-07-05,0.19931489284263854
2014-07-06,0.19880394834613924
2014-07-07,0.19829300515052184
2014-07-08,0.1977820632549847
2014-07-09,0.19727112265983962
2014-07-10,0.19676018336579906
2014-07-11,0.19624924537161614
2014-07-12,0.19573830867831515
2014-07-13,0.1952273732847827
2014-07-14,0.19471643919213216
2014-07-15,0.1942055063996064
2014-07-16,0.19369457490796257
2014-07-17,0.1931836447163545
2014-07-18,0.19267271582558376
2014-07-19,0.19216178823449254
2014-07-20,0.19165086194446135
2014-07-21,0.1911399369542878
2014-07-22,0.1906290132654414
2014-07-23,0.19011809087636364
2014-07-24,0.18960716978745523
2014-07-25,0.18909624999902788
2014-07-26,0.1885853315117051
2014-07-27,0.1880744143240173
2014-07-28,0.18756349843730044
2014-07-29,0.18705258385070844
2014-07-30,0.18654167056410767
2014-07-31,0.1858520218764888
2014-08-01,0.18501168791944045
2014-08-02,0.1841713574798007
2014-08-03,0.18333103055828204
2014-08-04,0.18249070715466179
2014-08-05,0.1816503872686728
2014-08-06,0.1808100709004041
2014-08-07,0.1799697580499893
2014-08-08,0.17912944871725026
2014-08-09,0.17828914290267686
2014-08-10,0.1774488406053339
2014-08-11,0.17660854182606747
2014-08-12,0.17576824656438778
2014-08-13,0.17492795482078463
2014-08-14,0.17408766659454555
2014-08-15,0.17324738188611583
2014-08-16,0.17240710069473844
2014-08-17,0.1715668230220165
2014-08-18,0.17072654886670316
2014-08-19,0.16988627822853122
2014-08-20,0.1690460111084358
2014-08-21,0.16820574750548184
2014-08-22,0.16736548742033722
2014-08-23,0.16652523085286836
2014-08-24,0.16568497780262995
2014-08-25,0.16484472827011187
2014-08-26,0.16400448225509143
2014-08-27,0.163164239758103
2014-08-28,0.16232400077736536
2014-08-29,0.16170042221542283
2014-08-30,0.16107684559053095
2014-08-31,0.16031359897125583
2014-09-01,0.15955035525477346
2014-09-02,0.1587871144402378
2014-09-03,0.15802387652813865
2014-09-04,0.15726064151847602
2014-09-05,0.15649740941156168
2014-09-06,0.15573418020619323
2014-09-07,0.15497095390388477
2014-09-08,0.15420773050392375
2014-09-09,0.15344451000622114
2014-09-10,0.1526812924102426
2014-09-11,0.1519180777171904
2014-09-12,0.15115486592595131
2014-09-13,0.1503916570374605
2014-09-14,0.14962845105122805
2014-09-15,0.1488652479668978
2014-09-16,0.148102047784915
2014-09-17,0.1473388505054578
2014-09-18,0.1465756561279918
2014-09-19,0.14581246465269518
2014-09-20,0.14504927607974602
2014-09-21,0.1442860904088326
2014-09-22,0.1435229076404003
2014-09-23,0.14275972777369197
2014-09-24,0.14199655080919754
2014-09-25,0.14123337674727324
2014-09-26,0.14047020558734016
2014-09-27,0.1397070373299327
2014-09-28,0.13894387197371488
2014-09-29,0.13798717068530836
2014-09-30,0.13696834365237073
2014-10-01,0.13594952179192252
2014-10-02,0.1349307051038747
2014-10-03,0.13391189358773736
2014-10-04,0.13289308724377774
2014-10-05,0.13187428607181773
2014-10-06,0.13085549007207992
2014-10-07,0.12983669924500965
2014-10-08,0.1288179135895382
2014-10-09,0.12779913310615537
2014-10-10,0.12678035779477217
2014-10-11,0.12576158765538853
2014-10-12,0.12474282268795991
2014-10-13,0.12372406289261995
2014-10-14,0.12270530826945769
2014-10-15,0.12168655881776066
2014-10-16,0.12066781453775148
2014-10-17,0.11964907543018717
2014-10-18,0.11863034149422169
2014-10-19,0.11761161272976595
2014-10-20,0.11659288913713167
2014-10-21,0.11557417071658602
2014-10-22,0.11455545746750559
2014-10-23,0.1135367493902466
2014-10-24,0.11251804648472001
2014-10-25,0.11149934875056959
2014-10-26,0.11048065618819607
2014-10-27,0.10946196879702058
2014-10-28,0.10844328657797828
2014-10-29,0.107083770085979
2014-10-30,0.1057242628044442
2014-10-31,0.10430374399641243
2014-11-01,0.10288323524426475
2014-11-02,0.10146273654902535
2014-11-03,0.10004224791007081
2014-11-04,0.09862176932700034
2014-11-05,0.09720130080008119
2014-11-06,0.09578084232931328
2014-11-07,0.09436039391456304
2014-11-08,0.09293995555556331
2014-11-09,0.09151952725262578
2014-11-10,0.09009910900552782
2014-11-11,0.08867870081391316
2014-11-12,0.08725830267795993
2014-11-13,0.08583791459780173
2014-11-14,0.08441753657281512
2014-11-15,0.08299716860353447
2014-11-16,0.08157681068933635
2014-11-17,0.08015646283084418
2014-11-18,0.07873612502730097
2014-11-19,0.07731579727897388
2014-11-20,0.07589547958559571
2014-11-21,0.07447517194712196
2014-11-22,0.07305487436368621
2014-11-23,0.07163458683533298
2014-11-24,0.07021430936152792
2014-11-25,0.06879404194249365
2014-11-26,0.06737378457840834
2014-11-27,0.0659535372684704
2014-11-28,0.06453330001334782
2014-11-29,0.0631455003762253
2014-11-30,0.0617186873330531
2014-12-01,0.060291884437186964
2014-12-02,0.05886509168969565
2014-12-03,0.05743830908973306
2014-12-04,0.05601153663734373
2014-12-05,0.05458477433297297
2014-12-06,0.05315802217537391
2014-12-07,0.05173128016610513
2014-12-08,0.05030454830356352
2014-12-09,0.04887782658850611
2014-12-10,0.047451115021155545
2014-12-11,0.04602441360044309
2014-12-12,0.04459772232694765
2014-12-13,0.043171041200713745
2014-12-14,0.04174437022102889
2014-12-15,0.04031770938851652
2014-12-16,0.03889105870237507
2014-12-17,0.03746441816367328
2014-12-18,0.036037787771164294
2014-12-19,0.03461116752529342
2014-12-20,0.033184557426194236
2014-12-21,0.03175795747324333
2014-12-22,0.03033136766710865
2014-12-23,0.028904788006855055
2014-12-24,0.027478218493061445
2014-12-25,0.026051659125148913
2014-12-26,0.024625109903696374
2014-12-27,0.023198570828124914
2014-12-28,0.021772041898568132
2014-12-29,0.021291770982262363
2014-12-30,0.020811501215834104
2014-12-31,0.020229573910559302
2015-01-01,0.01964764829380806
2015-01-02,0.019065724364956942
2015-01-03,0.018483802125163755
2015-01-04,0.01790188157322616
2015-01-05,0.017319962709901188
2015-01-06,0.016738045534788054
2015-01-07,0.01615613004842113
2015-01-08,0.015574216249954337
2015-01-09,0.014992304139788441
2015-01-10,0.01441039371832423
2015-01-11,0.013828484985116392
2015-01-12,0.013246577939986801
2015-01-13,0.012664672583425301
2015-01-14,0.012082768914942046
2015-01-15,0.011500866934982352
2015-01-16,0.010918966643412622
2015-01-17,0.010337068040054733
2015-01-18,0.009755171124775093
2015-01-19,0.00917327589801901
2015-01-20,0.008591382359652892
2015-01-21,0.008009490509320493
2015-01-22,0.0074276003472889965
2015-01-23,0.0068457118735584035
2015-01-24,0.006263825088351368
2015-01-25,0.005681939991044458
2015-01-26,0.005100056582127512
2015-01-27,0.004518174861511471
2015-01-28,0.003936294829329925
2015-01-29,0.0035329906887547045
2015-01-30,0.003129687359221195
2015-01-31,0.0026137458537285013
2015-02-01,0.00209780567583623
2015-02-02,0.001581866825099073
2015-02-03,0.0010659293016951528
2015-02-04,0.0005499931057135315
2015-02-05,3.405823688702386e-05
2015-02-06,-0.00048187530442812284
2015-02-07,-0.0009978075187440144
2015-02-08,-0.0015137384055708104
2015-02-09,-0.0020296679653983513
2015-02-10,-0.0025455961976032036
2015-02-11,-0.003061523102608411
2015-02-12,-0.003577448680413975
2015-02-13,-0.0040933729308195044
2015-02-14,-0.004609295854047656
2015-02-15,-0.005125217450076163
2015-02-16,-0.005641137718882759
2015-02-17,-0.006157056660356118
2015-02-18,-0.0066729742744517095
2015-02-19,-0.007188890561659373
2015-02-20,-0.007704805521199816
2015-02-21,-0.008220719153741006
2015-02-22,-0.008736631458971224
2015-02-23,-0.00925254243702406
2015-02-24,-0.009768452087743662
2015-02-25,-0.010284360411374946
2015-02-26,-0.010800267407739789
2015-02-27,-0.011316173076860456
2015-02-28,-0.011751862260089962
2015-03-01,-0.012047998606901455
2015-03-02,-0.012344134516374748
2015-03-03,-0.0126402699886657
2015-03-04,-0.012936405023462593
2015-03-05,-0.013232539621010347
2015-03-06,-0.013528673781442558
2015-03-07,-0.013824807504291648
2015-03-08,-0.014120940790069723
2015-03-09,-0.014417073638376007
2015-03-10,-0.01471320604954448
2015-03-11,-0.015009338023263423
2015-03-12,-0.015305469559844558
2015-03-13,-0.015601600658864838
2015-03-14,-0.0158977313209477
2015-03-15,-0.016193861545313843
2015-03-16,-0.0164899913327871
2015-03-17,-0.01678612068258817
2015-03-18,-0.017082249595385027
2015-03-19,-0.017378378070487435
2015-03-20,-0.01767450610880828
2015-03-21,-0.017970633709612806
2015-03-22,-0.0182667608729678
2015-03-23,-0.01856288759920725
2015-03-24,-0.018859013888197558
2015-03-25,-0.019155139739871936
2015-03-26,-0.01945126515411905
2015-03-27,-0.01974739013116156
2015-03-28,-0.020043514670888135
2015-03-29,-0.020339638773343303
2015-03-30,-0.02063576243823762
2015-03-31,-0.02094891696919154
2015-04-01,-0.02126207101106233
2015-04-02,-0.021575224563783187
2015-04-03,-0.021888377627710363
2015-04-04,-0.022201530202309486
2015-04-05,-0.022514682288137196
2015-04-06,-0.02282783388463685
2015-04-07,-0.023140984992276025
2015-04-08,-0.02345413561096566
2015-04-09,-0.02376728574043857
2015-04-10,-0.024080435381095534
2015-04-11,-0.024393584532669363
2015-04-12,-0.024706733195004202
2015-04-13,-0.02501988136856762
2015-04-14,-0.025333029052892055
2015-04-15,-0.025646176248356006
2015-04-16,-0.02595932295475909
2015-04-17,-0.02627246917203451
2015-04-18,-0.026585614900471722
2015-04-19,-0.026898760139647673
2015-04-20,-0.02721190489002994
2015-04-21,-0.027525049151373607
2015-04-22,-0.02783819292358961
2015-04-23,-0.028151336206900607
2015-04-24,-0.028464479001128466
2015-04-25,-0.02877762130638452
2015-04-26,-0.029090763122446118
2015-04-27,-0.02940390444955817
2015-04-28,-0.02971704528785428
2015-04-29,-0.030030185636822335
2015-04-30,-0.030475723227329263
2015-05-01,-0.03086028021285544
2015-05-02,-0.0312448364607046
2015-05-03,-0.031629391971233
2015-05-04,-0.03201394674415117
2015-05-05,-0.032398500779614994
2015-05-06,-0.032783054077424066
2015-05-07,-0.03316760663791237
2015-05-08,-0.033552158460834994
2015-05-09,-0.03393670954628099
2015-05-10,-0.03432125989418356
2015-05-11,-0.03470580950463178
2015-05-12,-0.035090358377603374
2015-05-13,-0.03547490651305381
2015-05-14,-0.03585945391098309
2015-05-15,-0.03624400057148028
2015-05-16,-0.03662854649452311
2015-05-17,-0.037013091680111576
2015-05-18,-0.03739763612808983
2015-05-19,-0.03778217983859145
2015-05-20,-0.03816672281166099
2015-05-21,-0.038551265047231636
2015-05-22,-0.03893580654534792
2015-05-23,-0.03932034730592079
2015-05-24,-0.03970488732901703
2015-05-25,-0.040089426614725705
2015-05-26,-0.04047396516300229
2015-05-27,-0.04085850297373546
2015-05-28,-0.041243040046992
2015-05-29,-0.04162757638277191
2015-05-30,-0.042012111981075205
2015-05-31,-0.04252958613730957
2015-06-01,-0.04304705895803927
2015-06-02,-0.043564530443397906
2015-06-03,-0.04408200059314055
2015-06-04,-0.04459946940740079
2015-06-05,-0.04511693688613411
2015-06-06,-0.045634403029362766
2015-06-07,-0.04615186783728715
2015-06-08,-0.04666933130946195
2015-06-09,-0.047186793446310216
2015-06-10,-0.047704254247631556
2015-06-11,-0.0482217137134705
2015-06-12,-0.048739171843938375
2015-06-13,-0.049256628638767994
2015-06-14,-0.04977408409824881
2015-06-15,-0.050291538222247224
2015-06-16,-0.0508089910107855
2015-06-17,-0.051326442463885937
2015-06-18,-0.05184389258152622
2015-06-19,-0.05236134136363959
2015-06-20,-0.052878788810359616
2015-06-21,-0.05339623492179764
2015-06-22,-0.053913679697619676
2015-06-23,-0.054431123137825714
2015-06-24,-0.05494856524303921
2015-06-25,-0.05546600601261444
2015-06-26,-0.05598344544672954
2015-06-27,-0.05650088354545132
2015-06-28,-0.05701832030882429
2015-06-29,-0.05753575573673712
2015-06-30,-0.05812295005172461
2015-07-01,-0.05860852396892684
2015-07-02,-0.05909409671004511
2015-07-03,-0.059579668275235295
2015-07-04,-0.06006523866418566
2015-07-05,-0.06055080787729698
2015-07-06,-0.061036375914302096
2015-07-07,-0.06152194277546817
2015-07-08,-0.062007508460505754
2015-07-09,-0.062493072969615246
2015-07-10,-0.06297863630268531
2015-07-11,-0.06346419845969369
2015-07-12,-0.0639497594406181
2015-07-13,-0.06443531924577028
2015-07-14,-0.06492087787474946
2015-07-15,-0.06540643532795637
2015-07-16,-0.06589199160499028
2015-07-17,-0.06637754670616289
2015-07-18,-0.06686310063116248
2015-07-19,-0.06734865338067927
2015-07-20,-0.06783420495368907
2015-07-21,-0.06831975535112703
2015-07-22,-0.0688053045721693
2015-07-23,-0.06929085261757294
2015-07-24,-0.06977639948687035
2015-07-25,-0.07026194518030646
2015-07-26,-0.07074748969774768
2015-07-27,-0.07123303303948345
2015-07-28,-0.0717185752048013
2015-07-29,-0.07220411619459181
2015-07-30,-0.07268965600827611
2015-07-31,-0.07317080063127616
2015-08-01,-0.07353934794681702
2015-08-02,-0.07390789458497574
2015-08-03,-0.07427644054544058
2015-08-04,-0.07464498582836743
2015-08-05,-0.07501353043402348
2015-08-06,-0.07538207436194111
2015-08-07,-0.07575061761249888
2015-08-08,-0.07611916018547411
2015-08-09,-0.07648770208095589
2015-08-10,-0.07685624329881058
2015-08-11,-0.07722478383948352
2015-08-12,-0.07759332370237355
2015-08-13,-0.07796186288765877
2015-08-14,-0.07833040139569546
2015-08-15,-0.07869893922612733
2015-08-16,-0.07906747637899894
2015-08-17,-0.07943601285426577
2015-08-18,-0.07980454865212817
2015-08-19,-0.0801730837724971
2015-08-20,-0.0805416182154839
2015-08-21,-0.08091015198099949
2015-08-22,-0.08127868506879896
2015-08-23,-0.0816472174792608
2015-08-24,-0.08201574921207333
2015-08-25,-0.08238428026754824
2015-08-26,-0.0827528106453961
2015-08-27,-0.08312134034599539
2015-08-28,-0.08348986936898989
2015-08-29,-0.08393858403021381
2015-08-30,-0.08438729768735449
2015-08-31,-0.08485578225603527
2015-09-01,-0.08532426572983422
2015-09-02,-0.08579274810910761
2015-09-03,-0.08626122939325426
2015-09-04,-0.08672970958291987
2015-09-05,-0.08719818867730289
2015-09-06,-0.08766666667716035
2015-09-07,-0.08813514358213598
2015-09-08,-0.08860361939216299
2015-09-09,-0.08907209410757538
2015-09-10,-0.08954056772792784
2015-09-11,-0.09000904025377698
2015-09-12,-0.09047751168452166
2015-09-13,-0.09094598202069623
2015-09-14,-0.09141445126183313
2015-09-15,-0.09188291940817728
2015-09-16,-0.09235138645997358
2015-09-17,-0.09281985241646504
2015-09-18,-0.0932883172786981
2015-09-19,-0.09375678104578217
2015-09-20,-0.09422524371827387
2015-09-21,-0.0946937052959728
2015-09-22,-0.09516216577874541
2015-09-23,-0.09563062516679205
2015-09-24,-0.0960990834600014
2015-09-25,-0.09656754065850706
2015-09-26,-0.09703599676224224
2015-09-27,-0.09750445177100653
2015-09-28,-0.09797290568513393
2015-09-29,-0.09836227635343392
2015-09-30,-0.09883072844771607
2015-10-01,-0.09929917944713866
2015-10-02,-0.09976762935192435
2015-10-03,-0.10023607816191729
2015-10-04,-0.10070452587698389
2015-10-05,-0.10117297249730227
2015-10-06,-0.10164141802336225
2015-10-07,-0.1021098624540506
2015-10-08,-0.1025783057901243
2015-10-09,-0.10304674803178375
2015-10-10,-0.10351518917833874
2015-10-11,-0.10398362923019003
2015-10-12,-0.10445206818738217
2015-10-13,-0.10492050604982608
2015-10-14,-0.1053889428174995
2015-10-15,-0.10585737849051376
2015-10-16,-0.10632581306882433
2015-10-17,-0.1067942465524312
2015-10-18,-0.10726267894115625
2015-10-19,-0.10773111023528895
2015-10-20,-0.1081995404346289
2015-10-21,-0.10866796953935419
2015-10-22,-0.10913639754924222
2015-10-23,-0.10960482446440427
2015-10-24,-0.11007325028497399
2015-10-25,-0.11054167501079544
2015-10-26,-0.11101009864182418
2015-10-27,-0.11147852117830506
2015-10-28,-0.11194694262014904
2015-10-29,-0.11228301933951285
2015-10-30,-0.11261909549531557
2015-10-31,-0.11297274366773692
2015-11-01,-0.11332639121632458
2015-11-02,-0.11368003814065547
2015-11-03,-0.11403368444113039
2015-11-04,-0.11438733011743764
2015-11-05,-0.11474097517000022
2015-11-06,-0.11509461959864006
2015-11-07,-0.11544826340317899
2015-11-08,-0.11580190658379513
2015-11-09,-0.11615554914053305
2015-11-10,-0.11650919107325916
2015-11-11,-0.11686283238179528
2015-11-12,-0.11721647306680945
2015-11-13,-0.1175701131276559
2015-11-14,-0.11792375256453505
2015-11-15,-0.1182773913773801
2015-11-16,-0.11863102956650277
2015-11-17,-0.11898466713134645
2015-11-18,-0.11933830407246772
2015-11-19,-0.11969194038957717
2015-11-20,-0.12004557608258572
2015-11-21,-0.12039921115198322
2015-11-22,-0.12075284559712397
2015-11-23,-0.1211064794184533
2015-11-24,-0.12146011261561492
2015-11-25,-0.12181374518912096
2015-11-26,-0.12216737713868196
2015-11-27,-0.12252100846400847
2015-11-28,-0.12287463916559034
2015-11-29,-0.12305639639560154
2015-11-30,-0.1232150906307789
2015-12-01,-0.1233737847401119
2015-12-02,-0.1235324787239345
2015-12-03,-0.12369117258217988
2015-12-04,-0.12384986631458086
2015-12-05,-0.12400855992118201
2015-12-06,-0.12416725340258444
2015-12-07,-0.1243259467580089
2015-12-08,-0.12448463998794522
2015-12-09,-0.12464333309232659
2015-12-10,-0.12480202607077452
2015-12-11,-0.12496071892384564
2015-12-12,-0.12511941165093876
2015-12-13,-0.12527810425265506
2015-12-14,-0.125436796728527
2015-12-15,-0.12559548907902213
2015-12-16,-0.12575418130367283
2015-12-17,-0.12591287340263502
2015-12-18,-0.12607156537597547
2015-12-19,-0.1262302572238723
2015-12-20,-0.1263889489459025
2015-12-21,-0.12654764054222187
2015-12-22,-0.12670633201311993
2015-12-23,-0.12686502335826264
2015-12-24,-0.12702371457756095
2015-12-25,-0.12718240567137112
2015-12-26,-0.1273410966397377
2015-12-27,-0.1274997874823935
2015-12-28,-0.12765847819927165
2015-12-29,-0.12774743281757492
2015-12-30,-0.12783638739657963
2015-12-31,-0.12827841458337005
2016-01-01,-0.128720440795245
2016-01-02,-0.12916246603236026
2016-01-03,-0.1296044902947159
2016-01-04,-0.13004651358197789
2016-01-05,-0.13048853589434664
2016-01-06,-0.1309305572319112
2016-01-07,-0.13137257759476065
2016-01-08,-0.1318145969826723
2016-01-09,-0.13225661539562397
2016-01-10,-0.13269863283361555
2016-01-11,-0.13314064929693656
2016-01-12,-0.13358266478534206
2016-01-13,-0.1340246792986762
2016-01-14,-0.1344666928373843
2016-01-15,-0.13490870540117686
2016-01-16,-0.13535071699029882
2016-01-17,-0.13579272760439398
2016-01-18,-0.13623473724350682
2016-01-19,-0.1366767459079936
2016-01-20,-0.13711875359760942
2016-01-21,-0.13756076031230968
2016-01-22,-0.1380027660520722
2016-01-23,-0.13844477081729772
2016-01-24,-0.13888677460740737
2016-01-25,-0.13932877742293548
2016-01-26,-0.13977077926332543
2016-01-27,-0.14021278012897795
2016-01-28,-0.1406547800200267
2016-01-29,-0.1411011714620692
2016-01-30,-0.1415475619097362
2016-01-31,-0.14221192997715862
2016-02-01,-0.14287629584212608
2016-02-02,-0.14354065950454958
2016-02-03,-0.1442050209647185
2016-02-04,-0.14486938022225432
2016-02-05,-0.14553373727746882
2016-02-06,-0.14619809213033969
2016-02-07,-0.146862444780956
2016-02-08,-0.14752679522905057
2016-02-09,-0.1481911434745789
2016-02-10,-0.14885548951807526
2016-02-11,-0.14951983335898314
2016-02-12,-0.15018417499754738
2016-02-13,-0.1508485144339016
2016-02-14,-0.1515128516678231
2016-02-15,-0.15217718669933425
2016-02-16,-0.15284151952859082
2016-02-17,-0.15350585015554827
2016-02-18,-0.15417017858022894
2016-02-19,-0.1548345048025882
2016-02-20,-0.15549882882278204
2016-02-21,-0.1561631506405877
2016-02-22,-0.15682747025591612
2016-02-23,-0.15749178766923494
2016-02-24,-0.1581561028801433
2016-02-25,-0.15882041588884166
2016-02-26,-0.15948472669528546
2016-02-27,-0.1601490352996751
2016-02-28,-0.16081334170165434
2016-02-29,-0.16146721474286513
2016-03-01,-0.16212108565035444
2016-03-02,-0.16277495442454534
2016-03-03,-0.16342882106488119
2016-03-04,-0.16408268557189634
2016-03-05,-0.16473654794530135
2016-03-06,-0.16539040818507397
2016-03-07,-0.1660442662911251
2016-03-08,-0.16669812226361064
2016-03-09,-0.16735197610266414
2016-03-10,-0.16800582780837472
2016-03-11,-0.16865967738029702
2016-03-12,-0.1693135248188096
2016-03-13,-0.16996737012380106
2016-03-14,-0.17062121329527147
2016-03-15,-0.1712750543330427
2016-03-16,-0.17192889323758226
2016-03-17,-0.17258273000840038
2016-03-18,-0.17323656464585327
2016-03-19,-0.17389039714994092
2016-03-20,-0.1745442275203517
2016-03-21,-0.1751980557573304
2016-03-22,-0.17585188186101072
2016-03-23,-0.17650570583105862
2016-03-24,-0.17715952766771903
2016-03-25,-0.17781334737099197
2016-03-26,-0.1784671649408997
2016-03-27,-0.1791209803773754
2016-03-28,-0.17977479368030774
2016-03-29,-0.18042860484985263
2016-03-30,-0.1810033641537994
2016-03-31,-0.18183777832366319
2016-04-01,-0.18267218901860086
2016-04-02,-0.18350659623912455
2016-04-03,-0.1843409999845218
2016-04-04,-0.18517540025510426
2016-04-05,-0.1860097970511837
2016-04-06,-0.1868441903721812
2016-04-07,-0.18767858021858658
2016-04-08,-0.18851296659033306
2016-04-09,-0.1893473494873316
2016-04-10,-0.1901817289095376
2016-04-11,-0.19101610485704024
2016-04-12,-0.19185047732988392
2016-04-13,-0.19268484632822458
2016-04-14,-0.19351921185157236
2016-04-15,-0.19435357390063973
2016-04-16,-0.19518793247498145
2016-04-17,-0.19602228757466425
2016-04-18,-0.19685663919968813
2016-04-19,-0.19769098735049842
2016-04-20,-0.1985253320263381
2016-04-21,-0.1993596732278306
2016-04-22,-0.20019401095477557
2016-04-23,-0.20102834520715063
2016-04-24,-0.20186267598497815
2016-04-25,-0.20269700328859208
2016-04-26,-0.20353132711748032
2016-04-27,-0.20436564747197683
2016-04-28,-0.20519996435185897
2016-04-29,-0.206034277757817
2016-04-30,-0.20712601630932972
2016-05-01,-0.20821774891182282
2016-05-02,-0.20930947556520718
2016-05-03,-0.21040119626946058
2016-05-04,-0.21149291102422668
2016-05-05,-0.21258461983006222
2016-05-06,-0.21367632268676673
2016-05-07,-0.21476801959440708
2016-05-08,-0.21585971055309455
2016-05-09,-0.21695139556278464
2016-05-10,-0.21804307462361092
2016-05-11,-0.21913474773535066
2016-05-12,-0.22022641489829348
2016-05-13,-0.2213180761122834
2016-05-14,-0.22240973137732045
2016-05-15,-0.22350138069402808
2016-05-16,-0.22459302406151566
2016-05-17,-0.2256846614804734
2016-05-18,-0.2267762929505896
2016-05-19,-0.22786791847230953
2016-05-20,-0.2289595380450766
2016-05-21,-0.2300511516696479
2016-05-22,-0.23114275934526624
2016-05-23,-0.2322343610723103
2016-05-24,-0.23332595685111396
2016-05-25,-0.23441754668147682
2016-05-26,-0.23550913056319855
2016-05-27,-0.23660070849654632
2016-05-28,-0.23769228048140884
2016-05-29,-0.23878384651814227
2016-05-30,-0.23989845601252383
2016-05-31,-0.2410141568954713
2016-06-01,-0.24212985156410613
2016-06-02,-0.24324554001822793
2016-06-03,-0.24436122225828202
2016-06-04,-0.24547689828411248
2016-06-05,-0.24659256809571942
2016-06-06,-0.2477082316932141
2016-06-07,-0.24882388907664102
2016-06-08,-0.24993954024586665
2016-06-09,-0.25105518520111364
2016-06-10,-0.25217082394231516
2016-06-11,-0.253286456469538
2016-06-12,-0.254402082782849
2016-06-13,-0.2555177028822036
2016-06-14,-0.25663331676755724
2016-06-15,-0.2577489244392885
2016-06-16,-0.2588645258971079
2016-06-17,-0.25998012114150526
2016-06-18,-0.2610957101717013
2016-06-19,-0.2622112929883863
2016-06-20,-0.26332686959120394
2016-06-21,-0.26444243998066636
2016-06-22,-0.2655580041564172
2016-06-23,-0.2666735621185903
2016-06-24,-0.2677891138674081
2016-06-25,-0.26890465940251446
2016-06-26,-0.2700201987242211
2016-06-27,-0.27113573183230527
2016-06-28,-0.2722512587272346
2016-06-29,-0.2733667794087419
2016-06-30,-0.27409930003782107
2016-07-01,-0.2748318179872074
2016-07-02,-0.27556433325792506
2016-07-03,-0.27629684584906117
2016-07-04,-0.27702935576112786
2016-07-05,-0.27776186299381345
2016-07-06,-0.27849436754763
2016-07-07,-0.27922686942215447
2016-07-08,-0.27995936861747595
2016-07-09,-0.2806918651335053
2016-07-10,-0.2814243589704653
2016-07-11,-0.2821568501284226
2016-07-12,-0.28288933860708787
2016-07-13,-0.2836218244067505
2016-07-14,-0.2843543075273883
2016-07-15,-0.2850867879687117
2016-07-16,-0.28581926573103245
2016-07-17,-0.2865517408142393
2016-07-18,-0.2872842132184435
2016-07-19,-0.28801668294346694
2016-07-20,-0.288749149989755
2016-07-21,-0.28948161435677316
2016-07-22,-0.29021407604478877
2016-07-23,-0.29094653505380175
2016-07-24,-0.29167899138376757
2016-07-25,-0.29241144503464167
2016-07-26,-0.29314389600689167
2016-07-27,-0.29387634429971604
2016-07-28,-0.2946087899139385
2016-07-29,-0.29534123284893576
2016-07-30,-0.296073673105153
2016-07-31,-0.29656800042727094
2016-08-01,-0.29706232652884085
2016-08-02,-0.29755665141030796
2016-08-03,-0.29805097507158324
2016-08-04,-0.2985452975125331
2016-08-05,-0.2990396187333134
2016-08-06,-0.2995339387338128
2016-08-07,-0.30002825751409806
2016-08-08,-0.3005225750743251
2016-08-09,-0.30101689141389276
2016-08-10,-0.3015112065336248
2016-08-11,-0.3020055204330314
2016-08-12,-0.3024998331121794
2016-08-13,-0.30299414457124685
2016-08-14,-0.3034884548098553
2016-08-15,-0.3039827638284278
2016-08-16,-0.3044770716266081
2016-08-17,-0.3049713782047746
2016-08-18,-0.3054656835629274
2016-08-19,-0.30595998770033184
2016-08-20,-0.30645429061796736
2016-08-21,-0.3069485923153666
2016-08-22,-0.3074428927923736
2016-08-23,-0.30793719204930003
2016-08-24,-0.3084314900862128
2016-08-25,-0.308925786902622
2016-08-26,-0.30942008249928465
2016-08-27,-0.3099143768756219
2016-08-28,-0.31040867003141115
2016-08-29,-0.3108936357270023
2016-08-30,-0.3113786002479345
2016-08-31,-0.31191842370151296
2016-09-01,-0.3124582456996205
2016-09-02,-0.312998066242591
2016-09-03,-0.31353788533022414
2016-09-04,-0.31407770296243087
2016-09-05,-0.31461751913950053
2016-09-06,-0.31515733386125516
2016-09-07,-0.31569714712769464
2016-09-08,-0.31623695893886355
2016-09-09,-0.3167767692945615
2016-09-10,-0.3173165781951002
2016-09-11,-0.3178563856403683
2016-09-12,-0.31839619163045485
2016-09-13,-0.31893599616511503
2016-09-14,-0.31947579924477176
2016-09-15,-0.32001560086886854
2016-09-16,-0.3205554010379841
2016-09-17,-0.3210951997515174
2016-09-18,-0.32163499701009185
2016-09-19,-0.32217479281326206
2016-09-20,-0.3227145871612286
2016-09-21,-0.32325438005399126
2016-09-22,-0.32379417149161693
2016-09-23,-0.3243339614738162
2016-09-24,-0.3248737500010789
2016-09-25,-0.32541353707278153
2016-09-26,-0.3259533226895476
2016-09-27,-0.3264931068507758
2016-09-28,-0.3270328895569339
2016-09-29,-0.32731320315126505
2016-09-30,-0.32761655579428217
2016-10-01,-0.3279199079775174
2016-10-02,-0.32822325970134947
2016-10-03,-0.3285266109656669
2016-10-04,-0.32882996177009116
2016-10-05,-0.3291333121152013
2016-10-06,-0.3294366620005519
2016-10-07,-0.32974001142652143
2016-10-08,-0.3300433603926424
2016-10-09,-0.3303467088991152
2016-10-10,-0.33065005694625155
2016-10-11,-0.33095340453349475
2016-10-12,-0.331256751661446
2016-10-13,-0.3315600983295932
2016-10-14,-0.3318634445382704
2016-10-15,-0.33216679028721025
2016-10-16,-0.3324701355767246
2016-10-17,-0.33277348040647947
2016-10-18,-0.3330768247766751
2016-10-19,-0.3333801686874453
2016-10-20,-0.3336835121382333
2016-10-21,-0.33398685512977383
2016-10-22,-0.3342901976617776
2016-10-23,-0.3345935397339995
2016-10-24,-0.3348968813468627
2016-10-25,-0.3352002224999886
2016-10-26,-0.3355035631933105
2016-10-27,-0.3358069034273404
2016-10-28,-0.33611024320154403
2016-10-29,-0.33613876701014694
2016-10-30,-0.3361672908143413
2016-10-31,-0.3362155618608435
2016-11-01,-0.33626383289576756
2016-11-02,-0.3363121039190468
2016-11-03,-0.33636037493070353
2016-11-04,-0.3364086459306931
2016-11-05,-0.3364569169191937
2016-11-06,-0.33650518789582684
2016-11-07,-0.33655345886081517
2016-11-08,-0.3366017298143367
2016-11-09,-0.3366500007561467
2016-11-10,-0.33669827168617816
2016-11-11,-0.3367465426048543
2016-11-12,-0.3367948135117743
2016-11-13,-0.3368430844069603
2016-11-14,-0.33689135529050157
2016-11-15,-0.3369396261625093
2016-11-16,-0.3369878970227163
2016-11-17,-0.3370361678715679
2016-11-18,-0.33708443870881927
2016-11-19,-0.3371327095340473
2016-11-20,-0.33718098034794214
2016-11-21,-0.3372292511501031
2016-11-22,-0.3372775219405747
2016-11-23,-0.33732579271944596
2016-11-24,-0.33737406348680604
2016-11-25,-0.33742233424229856
2016-11-26,-0.3374706049862131
2016-11-27,-0.3375188757185273
2016-11-28,-0.33756714643935254
2016-11-29,-0.33761432008703907
2016-11-30,-0.33767301286755275
2016-12-01,-0.3377317056306102
2016-12-02,-0.33779039837679053
2016-12-03,-0.3378490911055593
2016-12-04,-0.3379077838171167
2016-12-05,-0.33796647651152983
2016-12-06,-0.3380251691887763
2016-12-07,-0.3380838618487224
2016-12-08,-0.33814255449161323
2016-12-09,-0.3382012471171815
2016-12-10,-0.3382599397256277
2016-12-11,-0.3383186323168626
2016-12-12,-0.3383773248907305
2016-12-13,-0.33843601744743174
2016-12-14,-0.33849470998692177
2016-12-15,-0.33855340250917826
2016-12-16,-0.338612095014335
2016-12-17,-0.3386707875022359
2016-12-18,-0.33872947997310376
2016-12-19,-0.3387881724263596
2016-12-20,-0.33884686486284965
2016-12-21,-0.338905557281928
2016-12-22,-0.3389642496840179
2016-12-23,-0.339022942068518
2016-12-24,-0.3390816344361409
2016-12-25,-0.33914032678635225
2016-12-26,-0.3391990191195082
2016-12-27,-0.33925771143527483
2016-12-28,-0.3393164037339639
2016-12-29,-0.33940526493177786
2016-12-30,-0.3394941260901597
2016-12-31,-0.3395923121413982
2017-01-01,-0.3396904981443429
2017-01-02,-0.3397886840992165
2017-01-03,-0.3398868700057962
2017-01-04,-0.3399850558645498
2017-01-05,-0.3400832416748314
2017-01-06,-0.3401814274371087
2017-01-07,-0.3402796131512036
2017-01-08,-0.34037779881713826
2017-01-09,-0.3404759844348014
2017-01-10,-0.34057417000439344
2017-01-11,-0.3406723555260034
2017-01-12,-0.3407705409994086
2017-01-13,-0.3408687264244978
2017-01-14,-0.3409669118014044
2017-01-15,-0.3410650971303736
2017-01-16,-0.34116328241120486
2017-01-17,-0.3412614676436087
2017-01-18,-0.3413596528282309
2017-01-19,-0.3414578379645593
2017-01-20,-0.34155602305248256
2017-01-21,-0.34165420809255737
2017-01-22,-0.34175239308458333
2017-01-23,-0.3418505780278256
2017-01-24,-0.3419487629235757
2017-01-25,-0.34204694777100975
2017-01-26,-0.34214513257035034
2017-01-27,-0.34224331732113
2017-01-28,-0.3423415020240835
2017-01-29,-0.3424599818190913
2017-01-30,-0.34257846154367355
2017-01-31,-0.34270297488445184
2017-02-01,-0.3428274881479022
2017-02-02,-0.34295200133353476
2017-02-03,-0.34307651444217335
2017-02-04,-0.3432010274730833
2017-02-05,-0.3433255404265984
2017-02-06,-0.34345005330269657
2017-02-07,-0.3435745661014222
2017-02-08,-0.34369907882257494
2017-02-09,-0.3438235914661549
2017-02-10,-0.343948104032674
2017-02-11,-0.344072616521598
2017-02-12,-0.344197128933105
2017-02-13,-0.3443216412670837
2017-02-14,-0.3444461535237121
2017-02-15,-0.3445706657029236
2017-02-16,-0.3446951778046735
2017-02-17,-0.3448196898290286
2017-02-18,-0.34494420177589996
2017-02-19,-0.34506871364506486
2017-02-20,-0.345193225437169
2017-02-21,-0.34531773715174474
2017-02-22,-0.34544224878897034
2017-02-23,-0.34556676034842265
2017-02-24,-0.3456912718306806
2017-02-25,-0.34581578323569967
2017-02-26,-0.34594029456283415
2017-02-27,-0.3460648058129524
2017-02-28,-0.3461969960883852
2017-03-01,-0.3462743355974307
2017-03-02,-0.34635167507659587
2017-03-03,-0.34642901452570274
2017-03-04,-0.34650635394519647
2017-03-05,-0.34658369333445377
2017-03-06,-0.34666103269400894
2017-03-07,-0.34673837202399554
2017-03-08,-0.3468157113235898
2017-03-09,-0.34689305059366005
2017-03-10,-0.34697038983344924
2017-03-11,-0.34704772904366993
2017-03-12,-0.34712506822409944
2017-03-13,-0.3472024073746932
2017-03-14,-0.34727974649525095
2017-03-15,-0.34735708558579476
2017-03-16,-0.347434424646681
2017-03-17,-0.34751176367753117
2017-03-18,-0.34758910267861237
2017-03-19,-0.3476664416498133
2017-03-20,-0.34774378059108946
2017-03-21,-0.3478211195026858
2017-03-22,-0.3478984583842238
2017-03-23,-0.3479757972358147
2017-03-24,-0.3480531360577257
2017-03-25,-0.3481304748496229
2017-03-26,-0.3482078136115953
2017-03-27,-0.34828515234373203
2017-03-28,-0.3483624910461666
2017-03-29,-0.34843982971854276
2017-03-30,-0.3485171683611501
2017-03-31,-0.3485747609516721
2017-04-01,-0.34863235352565086
2017-04-02,-0.34868994608310866
2017-04-03,-0.34874753862391195
2017-04-04,-0.3488051311483055
2017-04-05,-0.3488627236560446
2017-04-06,-0.3489203161471068
2017-04-07,-0.348977908621648
2017-04-08,-0.34903550107964604
2017-04-09,-0.349093093521034
2017-04-10,-0.3491506859458564
2017-04-11,-0.34920827835418017
2017-04-12,-0.3492658707461166
2017-04-13,-0.3493234631211089
2017-04-14,-0.3493810554798252
2017-04-15,-0.34943864782193146
2017-04-16,-0.34949624014731634
2017-04-17,-0.34955383245626936
2017-04-18,-0.3496114247484342
2017-04-19,-0.3496690170242339
2017-04-20,-0.34972660928353494
2017-04-21,-0.3497842015261814
2017-04-22,-0.3498417937520619
2017-04-23,-0.3498993859617778
2017-04-24,-0.3499569781546832
2017-04-25,-0.35001457033097855
2017-04-26,-0.35007216249061934
2017-04-27,-0.3501297546340286
2017-04-28,-0.350187346760583
2017-04-29,-0.3502449388706386
2017-04-30,-0.35032117983259403
2017-05-01,-0.3503776749179161
2017-05-02,-0.3504341699871402
2017-05-03,-0.3504906650406004
2017-05-04,-0.3505471600780963
2017-05-05,-0.35060365509962776
2017-05-06,-0.3506601501053508
2017-05-07,-0.3507166450949091
2017-05-08,-0.35077314006874805
2017-05-09,-0.35082963502635534
2017-05-10,-0.35088612996826557
2017-05-11,-0.35094262489401107
2017-05-12,-0.35099911980423754
2017-05-13,-0.35105561469800983
2017-05-14,-0.35111210957619626
2017-05-15,-0.351168604438218
2017-05-16,-0.3512250992844313
2017-05-17,-0.3512815941147025
2017-05-18,-0.351338088928898
2017-05-19,-0.35139458372732957
2017-05-20,-0.3514510785096187
2017-05-21,-0.3515075732760103
2017-05-22,-0.35156406802657114
2017-05-23,-0.3516205627613012
2017-05-24,-0.3516770574799779
2017-05-25,-0.35173355218255664
2017-05-26,-0.3517900468693492
2017-05-27,-0.35184654154011064
2017-05-28,-0.35190303619497454
2017-05-29,-0.3519595308337405
2017-05-30,-0.3520160254569429
2017-05-31,-0.35207197157586084
2017-06-01,-0.35212791767910395
2017-06-02,-0.3521838637666053
2017-06-03,-0.35223980983865455
2017-06-04,-0.35229575589516243
2017-06-05,-0.3523517019356837
2017-06-06,-0.3524076479609754
2017-06-07,-0.3524635939702805
2017-06-08,-0.3525195399641111
2017-06-09,-0.3525754859423559
2017-06-10,-0.35263143190490354
2017-06-11,-0.3526873778517763
2017-06-12,-0.3527433237831968
2017-06-13,-0.3527992696987643
2017-06-14,-0.3528552155989019
2017-06-15,-0.35291116148325324
2017-06-16,-0.3529671073521078
2017-06-17,-0.3530230532049758
2017-06-18,-0.3530789990424583
2017-06-19,-0.3531349448644218
2017-06-20,-0.3531908906707327
2017-06-21,-0.3532468364611906
2017-06-22,-0.3533027822362853
2017-06-23,-0.3533587279954157
2017-06-24,-0.35341467373920515
2017-06-25,-0.3534706194671416
2017-06-26,-0.3535265651796481
2017-06-27,-0.3535825108765465
2017-06-28,-0.3536384565576142
2017-06-29,-0.3536944022231183
2017-06-30,-0.35374925089940223
2017-07-01,-0.35379477529023134
2017-07-02,-0.3538402996712414
2017-07-03,-0.35388582404118546
2017-07-04,-0.3539313484014218
2017-07-05,-0.353976872750993
2017-07-06,-0.35402239709021077
2017-07-07,-0.35406792141911964
2017-07-08,-0.35411344573749687
2017-07-09,-0.3541589700460328
2017-07-10,-0.3542044943437923
2017-07-11,-0.35425001863130967
2017-07-12,-0.35429554290836224
2017-07-13,-0.35434106717510594
2017-07-14,-0.35438659143162976
2017-07-15,-0.3544321156777333
2017-07-16,-0.3544776399135057
2017-07-17,-0.35452316413872437
2017-07-18,-0.35456868835392347
2017-07-19,-0.3546142125586801
2017-07-20,-0.3546597367529052
2017-07-21,-0.35470526093675453
2017-07-22,-0.3547507851104509
2017-07-23,-0.35479630927370465
2017-07-24,-0.3548418334266718
2017-07-25,-0.354887357569241
2017-07-26,-0.35493288170145676
2017-07-27,-0.3549784058234527
2017-07-28,-0.35502392993482795
2017-07-29,-0.3550694540362283
2017-07-30,-0.3551149781268745
2017-07-31,-0.35516489007053287
2017-08-01,-0.3552087686925672
2017-08-02,-0.3552526473050719
2017-08-03,-0.3552965259080693
2017-08-04,-0.35534040450142573
2017-08-05,-0.35538428308511893
2017-08-06,-0.355428161659149
2017-08-07,-0.355472040223538
2017-08-08,-0.3555159187785088
2017-08-09,-0.35555979732372733
2017-08-10,-0.3556036758593494
2017-08-11,-0.3556475543852414
2017-08-12,-0.35569143290164845
2017-08-13,-0.3557353114083477
2017-08-14,-0.3557791899055619
2017-08-15,-0.35582306839315736
2017-08-16,-0.35586694687100057
2017-08-17,-0.3559108253392474
2017-08-18,-0.35595470379794225
2017-08-19,-0.35599858224690717
2017-08-20,-0.35604246068645384
2017-08-21,-0.35608633911620363
2017-08-22,-0.3561302175363793
2017-08-23,-0.35617409594715893
2017-08-24,-0.35621797434791913
2017-08-25,-0.3562618527393724
2017-08-26,-0.35630573112102876
2017-08-27,-0.3563496094932001
2017-08-28,-0.3563934878556414
2017-08-29,-0.3564296874981167
2017-08-30,-0.3564658871341796
2017-08-31,-0.35648179303192806
2017-09-01,-0.35649769892836286
2017-09-02,-0.3565136048238403
2017-09-03,-0.3565295107177591
2017-09-04,-0.3565454166104088
2017-09-05,-0.3565613225017448
2017-09-06,-0.3565772283918785
2017-09-07,-0.3565931342810103
2017-09-08,-0.35660904016869477
2017-09-09,-0.3566249460550879
2017-09-10,-0.3566408519401896
2017-09-11,-0.3566567578242448
2017-09-12,-0.3566726637067192
2017-09-13,-0.3566885695880358
2017-09-14,-0.35670447546815004
2017-09-15,-0.3567203813470619
2017-09-16,-0.35673628722452655
2017-09-17,-0.3567521931008557
2017-09-18,-0.3567680989759602
2017-09-19,-0.35678400484979556
2017-09-20,-0.3567999107220946
2017-09-21,-0.3568158165933027
2017-09-22,-0.35683172246348654
2017-09-23,-0.35684762833224537
2017-09-24,-0.35686353419960154
2017-09-25,-0.35687944006555494
2017-09-26,-0.35689534593064
2017-09-27,-0.3569112517943223
2017-09-28,-0.35692715765678007
2017-09-29,-0.3569397726503246
2017-09-30,-0.3569650026357216
2017-10-01,-0.35699023261791235
2017-10-02,-0.35701546259709727
2017-10-03,-0.3570406925728088
2017-10-04,-0.3570659225454699
2017-10-05,-0.35709115251496937
2017-10-06,-0.3571163824814184
2017-10-07,-0.35714161244459447
2017-10-08,-0.3571668424046089
2017-10-09,-0.3571920723612166
2017-10-10,-0.35721730231497434
2017-10-11,-0.35724253226559266
2017-10-12,-0.35726776221273765
2017-10-13,-0.3572929921566763
2017-10-14,-0.3573182220976314
2017-10-15,-0.3573434520352467
2017-10-16,-0.3573686819699898
2017-10-17,-0.35739391190137076
2017-10-18,-0.3574191418294119
2017-10-19,-0.3574443717544695
2017-10-20,-0.3574696016762763
2017-10-21,-0.3574948315949883
2017-10-22,-0.35752006151033805
2017-10-23,-0.3575452914227266
2017-10-24,-0.3575705213317308
2017-10-25,-0.35759575123772913
2017-10-26,-0.35762098114047675
2017-10-27,-0.35764621104017397
2017-10-28,-0.35767144093653136
2017-10-29,-0.3576780226481735
2017-10-30,-0.3576846043599937
2017-10-31,-0.35769612235498893
2017-11-01,-0.3577076403492271
2017-11-02,-0.3577191583428641
2017-11-03,-0.357730676335989
2017-11-04,-0.3577421943284014
2017-11-05,-0.35775371232005676
2017-11-06,-0.3577652303112891
2017-11-07,-0.3577767483014527
2017-11-08,-0.3577882662912823
2017-11-09,-0.3577997842803771
2017-11-10,-0.35781130226862584
2017-11-11,-0.3578228202563848
2017-11-12,-0.35783433824360933
2017-11-13,-0.35784585622987647
2017-11-14,-0.3578573742156538
2017-11-15,-0.3578688922008744
2017-11-16,-0.35788041018540484
2017-11-17,-0.35789192816908916
2017-11-18,-0.3579034461521946
2017-11-19,-0.3579149641344762
2017-11-20,-0.3579264821163348
2017-11-21,-0.35793800009754767
2017-11-22,-0.35794951807798125
2017-11-23,-0.3579610360580141
2017-11-24,-0.35797255403682227
2017-11-25,-0.35798407201531873
2017-11-26,-0.35799558999321407
2017-11-27,-0.3580071079704192
2017-11-28,-0.35801862594660006
2017-11-29,-0.3580191744219171
2017-11-30,-0.3579659723401648
2017-12-01,-0.3579127702444744
2017-12-02,-0.35785956813442266
2017-12-03,-0.35780636601058863
2017-12-04,-0.3577531638724157
2017-12-05,-0.3576999617201041
2017-12-06,-0.35764675955376535
2017-12-07,-0.357593557373199
2017-12-08,-0.3575403551783827
2017-12-09,-0.3574871529696059
2017-12-10,-0.3574339507466015
2017-12-11,-0.35738074850952534
2017-12-12,-0.3573275462582438
2017-12-13,-0.35727434399277924
2017-12-14,-0.35722114171348773
2017-12-15,-0.3571679394197906
2017-12-16,-0.3571147371118211
2017-12-17,-0.3570615347899581
2017-12-18,-0.3570083324537116
2017-12-19,-0.35695513010359375
2017-12-20,-0.35690192773913687
2017-12-21,-0.3568487253606305
2017-12-22,-0.35679552296803013
2017-12-23,-0.3567423205613579
2017-12-24,-0.3566891181403691
2017-12-25,-0.35663591570528613
2017-12-26,-0.356582713256087
2017-12-27,-0.356529510792816
2017-12-28,-0.3564763083151392
2017-12-29,-0.35642420278241893
2017-12-30,-0.3563720972361835
2017-12-31,-0.35628214658534024
2018-01-01,-0.3561921958941519
2018-01-02,-0.3561022451627299
2018-01-03,-0.35601229439089616
2018-01-04,-0.35592234357831654
2018-01-05,-0.35583239272559236
2018-01-06,-0.3557424418323895
2018-01-07,-0.3556524908985745
2018-01-08,-0.35556253992441444
2018-01-09,-0.3554725889101098
2018-01-10,-0.3553826378550593
2018-01-11,-0.35529268675988646
2018-01-12,-0.35520273562416826
2018-01-13,-0.35511278444786004
2018-01-14,-0.3550228332314295
2018-01-15,-0.35493288197429773
2018-01-16,-0.35484293067702133
2018-01-17,-0.35475297933915495
2018-01-18,-0.35466302796101035
2018-01-19,-0.35457307654232034
2018-01-20,-0.35448312508317403
2018-01-21,-0.35439317358363814
2018-01-22,-0.35430322204375725
2018-01-23,-0.3542132704636204
2018-01-24,-0.35412331884269327
2018-01-25,-0.35403336718155465
2018-01-26,-0.3539434154800265
2018-01-27,-0.3538534637379529
2018-01-28,-0.35376351195564565
2018-01-29,-0.3536691722369198
2018-01-30,-0.35357483247390786
2018-01-31,-0.3535907386042191
2018-02-01,-0.3536066447332167
2018-02-02,-0.3536225508610119
2018-02-03,-0.35363845698764934
2018-02-04,-0.3536543631129286
2018-02-05,-0.3536702692368719
2018-02-06,-0.35368617535963515
2018-02-07,-0.35370208148112925
2018-02-08,-0.35371798760126516
2018-02-09,-0.35373389372017644
2018-02-10,-0.35374979983793
2018-02-11,-0.35376570595448115
2018-02-12,-0.35378161206965186
2018-02-13,-0.3537975181835534
2018-02-14,-0.35381342429616364
2018-02-15,-0.35382933040757153
2018-02-16,-0.35384523651773253
2018-02-17,-0.35386114262657986
2018-02-18,-0.35387704873415804
2018-02-19,-0.3538929548404003
2018-02-20,-0.3539088609454625
2018-02-21,-0.3539247670493001
2018-02-22,-0.3539406731516459
2018-02-23,-0.3539565792529898
2018-02-24,-0.3539724853530645
2018-02-25,-0.3539883914518256
2018-02-26,-0.35400429754922846
2018-02-27,-0.3540202036455181
2018-02-28,-0.3540487249192427
2018-03-01,-0.3540975401642675
2018-03-02,-0.3541463553974025
2018-03-03,-0.3541951706187146
2018-03-04,-0.3542439858281146
2018-03-05,-0.35429280102542454
2018-03-06,-0.3543416162109114
2018-03-07,-0.3543904313847758
2018-03-08,-0.35443924654655
2018-03-09,-0.35448806169625635
2018-03-10,-0.35453687683416196
2018-03-11,-0.3545856919602669
2018-03-12,-0.3546345070743708
2018-03-13,-0.35468332217671844
2018-03-14,-0.35473213726715414
2018-03-15,-0.3547809523453883
2018-03-16,-0.3548297674118664
2018-03-17,-0.35487858246658827
2018-03-18,-0.3549273975092645
2018-03-19,-0.3549762125401178
2018-03-20,-0.35502502755912585
2018-03-21,-0.355073842565977
2018-03-22,-0.35512265756120553
2018-03-23,-0.3551714725443662
2018-03-24,-0.3552202875156594
2018-03-25,-0.3552691024749738
2018-03-26,-0.3553179174224652
2018-03-27,-0.35536673235813365
2018-03-28,-0.3554155472819346
2018-03-29,-0.3554643621937345
2018-03-30,-0.35551317709346647
2018-03-31,-0.3555449890448217
2018-04-01,-0.35557680099138983
2018-04-02,-0.3556086129327033
2018-04-03,-0.35564042486920744
2018-04-04,-0.3556722368003011
2018-04-05,-0.355704048726385
2018-04-06,-0.35573586064765955
2018-04-07,-0.35576767256383535
2018-04-08,-0.3557994844746897
2018-04-09,-0.3558312963807792
2018-04-10,-0.3558631082817922
2018-04-11,-0.3558949201775283
2018-04-12,-0.35592673206841047
2018-04-13,-0.3559585439541048
2018-04-14,-0.3559903558347449
2018-04-15,-0.3560221677105757
2018-04-16,-0.35605397958108503
2018-04-17,-0.3560857914466291
2018-04-18,-0.3561176033073416
2018-04-19,-0.35614941516259907
2018-04-20,-0.3561812270128691
2018-04-21,-0.3562130388581962
2018-04-22,-0.35624485069849127
2018-04-23,-0.35627666253379886
2018-04-24,-0.3563084743638519
2018-04-25,-0.35634028618891733
2018-04-26,-0.3563720980091735
2018-04-27,-0.35640390982395237
2018-04-28,-0.35643572163398873
2018-04-29,-0.35646753343885945
2018-04-30,-0.35650921786625583
2018-05-01,-0.35654596597320487
2018-05-02,-0.35658271407327397
2018-05-03,-0.3566194621664852
2018-05-04,-0.3566562102530613
2018-05-05,-0.35669295833309145
2018-05-06,-0.3567297064061302
2018-05-07,-0.3567664544724003
2018-05-08,-0.3568032025322579
2018-05-09,-0.35683995058494605
2018-05-10,-0.3568766986312885
2018-05-11,-0.3569134466706396
2018-05-12,-0.3569501947030885
2018-05-13,-0.3569869427291471
2018-05-14,-0.357023690748348
2018-05-15,-0.3570604387607356
2018-05-16,-0.3570971867662655
2018-05-17,-0.35713393476536065
2018-05-18,-0.35717068275739766
2018-05-19,-0.35720743074291095
2018-05-20,-0.3572441787214328
2018-05-21,-0.3572809266934531
2018-05-22,-0.35731767465861575
2018-05-23,-0.35735442261700967
2018-05-24,-0.3573911705687239
2018-05-25,-0.35742791851360267
2018-05-26,-0.35746466645191316
2018-05-27,-0.3575014143834994
2018-05-28,-0.3575381623080721
2018-05-29,-0.3575749102260096
2018-05-30,-0.35761165813740114
2018-05-31,-0.3576846054504002
2018-06-01,-0.35775755273697013
2018-06-02,-0.3578304999971555
2018-06-03,-0.35790344723048867
2018-06-04,-0.35797639443719237
2018-06-05,-0.3580493416173334
2018-06-06,-0.3581222887712457
2018-06-07,-0.35819523589841723
2018-06-08,-0.35826818299891466
2018-06-09,-0.35834113007276036
2018-06-10,-0.35841407712013246
2018-06-11,-0.3584870241408305
2018-06-12,-0.358559971135233
2018-06-13,-0.3586329181026721
2018-06-14,-0.35870586504379337
2018-06-15,-0.3587788119581961
2018-06-16,-0.35885175884608067
2018-06-17,-0.3589247057075139
2018-06-18,-0.35899765254213944
2018-06-19,-0.35907059935020236
2018-06-20,-0.3591435461319252
2018-06-21,-0.3592164928867291
2018-06-22,-0.35928943961508164
2018-06-23,-0.35936238631696055
2018-06-24,-0.3594353329921209
2018-06-25,-0.3595082796408076
2018-06-26,-0.3595812262628648
2018-06-27,-0.3596541728582703
2018-06-28,-0.35972711942711305
2018-06-29,-0.35980006596954894
2018-06-30,-0.359869173194874
2018-07-01,-0.35997612479614743
2018-07-02,-0.36008307634028763
2018-07-03,-0.36019002782729465
2018-07-04,-0.3602969792572353
2018-07-05,-0.36040393062990916
2018-07-06,-0.36051088194553893
2018-07-07,-0.3606178332038797
2018-07-08,-0.36072478440504274
2018-07-09,-0.36083173554920617
2018-07-10,-0.3609386866362588
2018-07-11,-0.36104563766595543
2018-07-12,-0.3611525886390311
2018-07-13,-0.36125953955459505
2018-07-14,-0.3613664904130704
2018-07-15,-0.36147344121432345
2018-07-16,-0.3615803919585324
2018-07-17,-0.36168734264569724
2018-07-18,-0.3617942932755286
2018-07-19,-0.36190124384831573
2018-07-20,-0.3620081943637248
2018-07-21,-0.3621151448224906
2018-07-22,-0.36222209522376686
2018-07-23,-0.3623290455677096
2018-07-24,-0.3624359958549645
2018-07-25,-0.3625429460849304
2018-07-26,-0.36264989625765176
2018-07-27,-0.36275684637346256
2018-07-28,-0.3628637964318953
2018-07-29,-0.36297074643341753
2018-07-30,-0.3630776963774503
2018-07-31,-0.36319451856182217
2018-08-01,-0.36320110009335893
2018-08-02,-0.36320768162449496
2018-08-03,-0.3632142631552302
2018-08-04,-0.3632208446857428
2018-08-05,-0.36322742621632215
2018-08-06,-0.3632340077466344
2018-08-07,-0.3632405892765235
2018-08-08,-0.36324717080619
2018-08-09,-0.36325375233587875
2018-08-10,-0.3632603338652113
2018-08-11,-0.3632669153944102
2018-08-12,-0.36327349692316385
2018-08-13,-0.3632800784518061
2018-08-14,-0.36328665998047066
2018-08-15,-0.3632932415088235
2018-08-16,-0.36329982303677555
2018-08-17,-0.3633064045646831
2018-08-18,-0.3633129860923902
2018-08-19,-0.36331956761971884
2018-08-20,-0.3633261491469807
2018-08-21,-0.3633327306738417
2018-08-22,-0.36333931220070276
2018-08-23,-0.3633458937271408
2018-08-24,-0.3633524752533784
2018-08-25,-0.3633590567795715
2018-08-26,-0.36336563830551966
2018-08-27,-0.3633722198310225
2018-08-28,-0.3633788013564363
2018-08-29,-0.36337276829146625
2018-08-30,-0.3633667352258059
2018-08-31,-0.3633360214376842
2018-09-01,-0.3633053076447085
2018-09-02,-0.3632745938469903
2018-09-03,-0.3632438800446632
2018-09-04,-0.363213166237638
2018-09-05,-0.3631824524258926
2018-09-06,-0.36315173860911515
2018-09-07,-0.3631210247879069
2018-09-08,-0.36309031096213423
2018-09-09,-0.3630595971314854
2018-09-10,-0.3630288832962277
2018-09-11,-0.3629981694559602
2018-09-12,-0.3629674556112841
2018-09-13,-0.36293674176184326
2018-09-14,-0.36290602790772664
2018-09-15,-0.36287531404862255
2018-09-16,-0.3628446001849986
2018-09-17,-0.36281388631674344
2018-09-18,-0.36278317244390157
2018-09-19,-0.3627524585659609
2018-09-20,-0.3627217446834336
2018-09-21,-0.3626910307962305
2018-09-22,-0.36266031690421807
2018-09-23,-0.3626296030077303
2018-09-24,-0.36259888910649996
2018-09-25,-0.362568175200438
2018-09-26,-0.36253746128952224
2018-09-27,-0.3625067473742201
2018-09-28,-0.36247603345393054
2018-09-29,-0.3624497072331997
2018-09-30,-0.36244312567712633
2018-10-01,-0.3624365441208081
2018-10-02,-0.36242996256437854
2018-10-03,-0.3624233810077931
2018-10-04,-0.36241679945076233
2018-10-05,-0.36241021789364253
2018-10-06,-0.3624036363361887
2018-10-07,-0.3623970547786236
2018-10-08,-0.36239047322094714
2018-10-09,-0.3623838916628922
2018-10-10,-0.3623773101047259
2018-10-11,-0.3623707285462924
2018-10-12,-0.36236414698772534
2018-10-13,-0.36235756542871295
2018-10-14,-0.3623509838696115
2018-10-15,-0.36234440231042103
2018-10-16,-0.3623378207508075
2018-10-17,-0.36233123919092675
2018-10-18,-0.3623246576310237
2018-10-19,-0.36231807607087585
2018-10-20,-0.36231149451046074
2018-10-21,-0.36230491294997885
2018-10-22,-0.3622983313890739
2018-10-23,-0.3622917498279463
2018-10-24,-0.3622851682666406
2018-10-25,-0.36227858670529034
2018-10-26,-0.36227200514351704
2018-10-27,-0.3622654235816547
2018-10-28,-0.3622588420196142
2018-10-29,-0.3622423881129878
2018-10-30,-0.3622259342049365
2018-10-31,-0.36222757959575275
2018-11-01,-0.3622292249868362
2018-11-02,-0.36223087037765245
2018-11-03,-0.36223251576864685
2018-11-04,-0.36223416115944085
2018-11-05,-0.36223580655039067
2018-11-06,-0.3622374519409621
2018-11-07,-0.36223909733197873
2018-11-08,-0.3622407427228395
2018-11-09,-0.36224238811367804
2018-11-10,-0.3622440335045834
2018-11-11,-0.3622456788952883
2018-11-12,-0.3622473242861714
2018-11-13,-0.3622489696768763
2018-11-14,-0.3622506150676036
2018-11-15,-0.36225226045846437
2018-11-16,-0.3622539058491693
2018-11-17,-0.36225555123971837
2018-11-18,-0.36225719663055694
2018-11-19,-0.36225884202126185
2018-11-20,-0.36226048741185546
2018-11-21,-0.36226213280253816
2018-11-22,-0.3622637781929759
2018-11-23,-0.3622654235837699
2018-11-24,-0.36226706897427446
2018-11-25,-0.3622687143651575
2018-11-26,-0.3622703597555285
2018-11-27,-0.3622720051461443
2018-11-28,-0.3622736505366489
2018-11-29,-0.3622928467580071
2018-11-30,-0.36228626519703544
2018-12-01,-0.3622796836359078
2018-12-02,-0.3622731020744685
2018-12-03,-0.36226652051298464
2018-12-04,-0.3622599389509219
2018-12-05,-0.36225335738903724
2018-12-06,-0.3622467758267296
2018-12-07,-0.3622401942643774
2018-12-08,-0.36223361270160215
2018-12-09,-0.3622270311386488
2018-12-10,-0.36222044957558414
2018-12-11,-0.36221386801211863
2018-12-12,-0.36220728644858635
2018-12-13,-0.36220070488483147
2018-12-14,-0.36219412332089845
2018-12-15,-0.3621875417566759
2018-12-16,-0.3621809601923198
2018-12-17,-0.36217437862749613
2018-12-18,-0.36216779706269475
2018-12-19,-0.3621612154975371
2018-12-20,-0.3621546339322459
2018-12-21,-0.3621480523667765
2018-12-22,-0.36214147080110676
2018-12-23,-0.36213488923501397
2018-12-24,-0.36212830766883214
2018-12-25,-0.3621217261025612
2018-12-26,-0.3621151445360231
2018-12-27,-0.36210856296926236
2018-12-28,-0.36210198140232347
2018-12-29,-0.3620992390825374
2018-12-30,-0.36209649676277356
2018-12-31,-0.362089366731539
2019-01-01,-0.36208223670005957
2019-01-02,-0.3620751066683352
2019-01-03,-0.3620679766363882
2019-01-04,-0.3620608466042853
2019-01-05,-0.36205371657164803
2019-01-06,-0.36204658653901073
2019-01-07,-0.3620394565059059
2019-01-08,-0.36203232647264527
2019-01-09,-0.36202519643916187
2019-01-10,-0.3620180664054336
2019-01-11,-0.362010936371171
2019-01-12,-0.3620038063370865
2019-01-13,-0.36199667630262344
2019-01-14,-0.3619895462677819
2019-01-15,-0.36198241623269545
2019-01-16,-0.36197528619738634
2019-01-17,-0.36196815616176553
2019-01-18,-0.3619610261260333
2019-01-19,-0.36195389609014533
2019-01-20,-0.3619467660534335
2019-01-21,-0.36193963601721146
2019-01-22,-0.36193250598032156
2019-01-23,-0.3619253759432312
2019-01-24,-0.3619182459059627
2019-01-25,-0.36191111586829344
2019-01-26,-0.3619039858304906
2019-01-27,-0.361896855792621
2019-01-28,-0.36188972575417244
2019-01-29,-0.36187272335361503
2019-01-30,-0.3618557209515436
2019-01-31,-0.3618743687488399
2019-02-01,-0.3618930165445553
2019-02-02,-0.36191166433842265
2019-02-03,-0.3619303121305533
2019-02-04,-0.361948959920836
2019-02-05,-0.36196760770956
2019-02-06,-0.36198625549643604
2019-02-07,-0.3620049032817757
2019-02-08,-0.3620235510651783
2019-02-09,-0.36204219884675515
2019-02-10,-0.36206084662679566
2019-02-11,-0.36207949440498816
2019-02-12,-0.36209814218153297
2019-02-13,-0.3621167899561853
2019-02-14,-0.36213543772921214
2019-02-15,-0.3621540855004133
2019-02-16,-0.3621727332699222
2019-02-17,-0.3621913810377836
2019-02-18,-0.3622100288039972
2019-02-19,-0.36222867656805113
2019-02-20,-0.3622473243308359
2019-02-21,-0.36226597209179495
2019-02-22,-0.3622846198508614
2019-02-23,-0.3623032676084138
2019-02-24,-0.3623219153638064
2019-02-25,-0.36234056311797447
2019-02-26,-0.3623592108700273
2019-02-27,-0.36237785862049926
2019-02-28,-0.3623970548320162
2019-03-01,-0.3624409318785019
2019-03-02,-0.362484808915035
2019-03-03,-0.3625286859418826
2019-03-04,-0.36257256295908924
2019-03-05,-0.36261643996678855
2019-03-06,-0.36266031696486917
2019-03-07,-0.36270419395319753
2019-03-08,-0.3627480709320408
2019-03-09,-0.3627919479013099
2019-03-10,-0.36283582486100485
2019-03-11,-0.3628797018107917
2019-03-12,-0.36292357875102665
2019-03-13,-0.36296745568184335
2019-03-14,-0.36301133260299684
2019-03-15,-0.36305520951448705
2019-03-16,-0.3630990864162918
2019-03-17,-0.3631429633086115
2019-03-18,-0.36318684019126796
2019-03-19,-0.3632307170640831
2019-03-20,-0.36327459392774714
2019-03-21,-0.36331847078152535
2019-03-22,-0.36336234762561803
2019-03-23,-0.3634062244602924
2019-03-24,-0.3634501012851255
2019-03-25,-0.3634939781004067
2019-03-26,-0.3635378549060914
2019-03-27,-0.3635817317023134
2019-03-28,-0.3636256084887163
2019-03-29,-0.36366948526565634
2019-03-30,-0.3637133620327328
2019-03-31,-0.3637418819280695
2019-04-01,-0.36377040181926484
2019-04-02,-0.3637989217064301
2019-04-03,-0.3638274415895876
2019-04-04,-0.36385596146849236
2019-04-05,-0.36388448134345613
2019-04-06,-0.36391300121441217
2019-04-07,-0.36394152108138267
2019-04-08,-0.36397004094405594
2019-04-09,-0.3639985608027882
2019-04-10,-0.36402708065735684
2019-04-11,-0.3640556005080067
2019-04-12,-0.3640841203544708
2019-04-13,-0.3641126401969493
2019-04-14,-0.3641411600352641
2019-04-15,-0.3641696798695934
2019-04-16,-0.3641981997000486
2019-04-17,-0.364226719525917
2019-04-18,-0.3642552393481785
2019-04-19,-0.36428375916647665
2019-04-20,-0.3643122789803663
2019-04-21,-0.3643407987902927
2019-04-22,-0.36436931859609994
2019-04-23,-0.3643978383980776
2019-04-24,-0.36442635819578023
2019-04-25,-0.3644548779894083
2019-04-26,-0.36448339777911765
2019-04-27,-0.36451191756455203
2019-04-28,-0.3645404373462013
2019-04-29,-0.364568957123531
2019-04-30,-0.364592540782428
2019-05-01,-0.36459802535391234
2019-05-02,-0.3646035099255303
2019-05-03,-0.3646089944968366
2019-05-04,-0.3646144790679202
2019-05-05,-0.3646199636390706
2019-05-06,-0.3646254482101097
2019-05-07,-0.36463093278085934
2019-05-08,-0.36463641735125274
2019-05-09,-0.3646419019216016
2019-05-10,-0.3646473864919059
2019-05-11,-0.3646528710622102
2019-05-12,-0.3646583556324255
2019-05-13,-0.36466384020201736
2019-05-14,-0.36466932477167596
2019-05-15,-0.36467480934117874
2019-05-16,-0.3646802939107706
2019-05-17,-0.36468577847989486
2019-05-18,-0.3646912630490191
2019-05-19,-0.3646967476179207
2019-05-20,-0.3647022321868891
2019-05-21,-0.3647077167554122
2019-05-22,-0.36471320132393525
2019-05-23,-0.3647186858922357
2019-05-24,-0.36472417046022443
2019-05-25,-0.36472965502825766
2019-05-26,-0.36473513959629095
2019-05-27,-0.3647406241639679
2019-05-28,-0.3647461087314668
2019-05-29,-0.3647515932990547
2019-05-30,-0.36475707786642003
2019-05-31,-0.3647861460685242
2019-06-01,-0.36481521426648705
2019-06-02,-0.36484428246001904
2019-06-03,-0.3648733506496101
2019-06-04,-0.3649024188348148
2019-06-05,-0.36493148701592265
2019-06-06,-0.3649605551924884
2019-06-07,-0.3649896233650909
2019-06-08,-0.36501869153348515
2019-06-09,-0.36504775969756
2019-06-10,-0.3650768278574489
2019-06-11,-0.3651058960133077
2019-06-12,-0.36513496416475794
2019-06-13,-0.36516403231195554
2019-06-14,-0.3651931004549672
2019-06-15,-0.36522216859383755
2019-06-16,-0.365251236728366
2019-06-17,-0.36528030485882
2019-06-18,-0.36530937298488764
2019-06-19,-0.36533844110688074
2019-06-20,-0.36536750922448746
2019-06-21,-0.36539657733810876
2019-06-22,-0.3654256454473215
2019-06-23,-0.3654547135523928
2019-06-24,-0.3654837816531446
2019-06-25,-0.36551284974971054
2019-06-26,-0.3655419178419124
2019-06-27,-0.36557098593032916
2019-06-28,-0.36560005401424833
2019-06-29,-0.3656291220940038
2019-06-30,-0.36563076745678785
2019-07-01,-0.3656368004534252
2019-07-02,-0.3656428334498177
2019-07-03,-0.36564886644612105
2019-07-04,-0.36565489944220175
2019-07-05,-0.3656609324381044
2019-07-06,-0.3656669654337621
2019-07-07,-0.3656729984293975
2019-07-08,-0.36567903142478797
2019-07-09,-0.3656850644198445
2019-07-10,-0.3656910974147006
2019-07-11,-0.3656971304096681
2019-07-12,-0.3657031634043016
2019-07-13,-0.3657091963986901
2019-07-14,-0.36571522939305645
2019-07-15,-0.36572126238704417
2019-07-16,-0.3657272953810097
2019-07-17,-0.36573332837461897
2019-07-18,-0.3657393613682282
2019-07-19,-0.3657453943617039
2019-07-20,-0.36575142735482336
2019-07-21,-0.36575746034785367
2019-07-22,-0.36576349334050556
2019-07-23,-0.3657695263332687
2019-07-24,-0.3657755593255866
2019-07-25,-0.36578159231803803
2019-07-26,-0.3657876253099774
2019-07-27,-0.3657936583019835
2019-07-28,-0.3657996912935889
2019-07-29,-0.3658057242850607
2019-07-30,-0.36581175727633203
2019-07-31,-0.36584630986240096
2019-08-01,-0.3658452129547392
2019-08-02,-0.3658441160473669
2019-08-03,-0.36584301913979417
2019-08-04,-0.36584192223233275
2019-08-05,-0.36584082532469325
2019-08-06,-0.3658397284171651
2019-08-07,-0.3658386315096592
2019-08-08,-0.36583753460224233
2019-08-09,-0.36583643769482543
2019-08-10,-0.3658353407873864
2019-08-11,-0.3658342438797246
2019-08-12,-0.36583314697215186
2019-08-13,-0.3658320500645346
2019-08-14,-0.36583095315702874
2019-08-15,-0.365829856249456
2019-08-16,-0.3658287593416829
2019-08-17,-0.3658276624342438
2019-08-18,-0.3658265655267156
2019-08-19,-0.3658254686192097
2019-08-20,-0.3658243717115925
2019-08-21,-0.3658232748039084
2019-08-22,-0.36582217789631344
2019-08-23,-0.3658210809886517
2019-08-24,-0.3658199840812126
2019-08-25,-0.36581888717337263
2019-08-26,-0.3658177902658445
2019-08-27,-0.36581669335807143
2019-08-28,-0.3658155964504987
2019-08-29,-0.36581395108918413
2019-08-30,-0.36581230572758017
2019-08-31,-0.3657799469510235
2019-09-01,-0.36574758816912323
2019-09-02,-0.3657152293821241
2019-09-03,-0.36568287059009297
2019-09-04,-0.36565051179249547
2019-09-05,-0.36561815298988826
2019-09-06,-0.3655857941820264
2019-09-07,-0.3655534353688653
2019-09-08,-0.3655210765503606
2019-09-09,-0.3654887177267793
2019-09-10,-0.36545635889789885
2019-09-11,-0.365424000063786
2019-09-12,-0.3653916412244853
2019-09-13,-0.3653592823799745
2019-09-14,-0.3653269235303649
2019-09-15,-0.3652945646752334
2019-09-16,-0.3652622058149364
2019-09-17,-0.36522984694940697
2019-09-18,-0.36519748807882335
2019-09-19,-0.36516512920278466
2019-09-20,-0.36513277032169167
2019-09-21,-0.3651004114353663
2019-09-22,-0.3650680525437418
2019-09-23,-0.36503569364675126
2019-09-24,-0.36500333474466196
2019-09-25,-0.3649709758374739
2019-09-26,-0.36493861692494206
2019-09-27,-0.3649062580071556
2019-09-28,-0.3648738990842036
2019-09-29,-0.3648371525038414
2019-09-30,-0.36503075765667886
2019-10-01,-0.3660240114604177
2019-10-02,-0.3670282294017604
2019-10-03,-0.36805438032591986
2019-10-04,-0.36906955703606253
2019-10-07,-0.37009021304703177
2019-10-08,-0.3710998950113537
2019-10-09,-0.37210957188296334
2019-10-10,-0.37311924366223925
2019-10-11,-0.3741179416716943
2019-10-14,-0.3751111503878063
2019-10-15,-0.37611532274344384
2019-10-16,-0.3771030372928152
2019-10-17,-0.3780907469685441
2019-10-18,-0.37907296756864167
2019-10-21,-0.38006615169934205
2019-10-22,-0.38105384675425513
2019-10-23,-0.3820360528145831
2019-10-24,-0.38302373814935303
2019-10-25,-0.3840114186103915
2019-10-28,-0.3849990941984555
2019-10-29,-0.38597031287421174
2019-10-30,-0.3869415268373716
2019-10-31,-0.3879017681688765
2019-11-01,-0.3888949084939063
2019-11-04,-0.38981675311171166
2019-11-05,-0.3907660128882771
2019-11-06,-0.3917043004532701
2019-11-07,-0.3926316159613465
2019-11-08,-0.39358031398467574
2019-11-11,-0.3945344912887482
2019-11-12,-0.3954667290383974
2019-11-13,-0.39636606009049385
2019-11-14,-0.3972928056082266
2019-11-15,-0.3982469652144631
2019-11-18,-0.3992011202718436
2019-11-19,-0.4001607544043233
2019-11-20,-0.40095039241869795
2019-11-21,-0.40191001816424593
2019-11-22,-0.40283673801235037
2019-11-25,-0.4037470029975269
2019-11-26,-0.4046572638429975
2019-11-27,-0.4055675205482054
2019-11-28,-0.4064668062157206
2019-11-29,-0.4073715712666226
2019-12-02,-0.40832568282559584
2019-12-03,-0.40926882308888635
2019-12-04,-0.4102174422555426
2019-12-05,-0.4111660569259115
2019-12-06,-0.41212015039586697
2019-12-09,-0.41307423931750065
2019-12-10,-0.4140447734215294
2019-12-11,-0.41501530281901794
2019-12-12,-0.4159858275098997
2019-12-13,-0.41695086433086925
2019-12-16,-0.4179158964981569
2019-12-17,-0.4188425422361618
2019-12-18,-0.4197911160254508
2019-12-19,-0.420739685319009
2019-12-20,-0.4216882501161687
2019-12-23,-0.4226664186475026
2019-12-24,-0.4236665143203094
2019-12-27,-0.4246282243225512
2019-12-30,-0.42558444677641644
2019-12-31,-0.42648583565409987
2020-01-02,-0.42743108348016706
2020-01-03,-0.42836536114096896
2020-01-06,-0.42931060008928434
2020-01-07,-0.4302613173714818
2020-01-08,-0.4311900990464994
2020-01-09,-0.432135324652838
2020-01-10,-0.43307506307303684
2020-01-13,-0.43400931438489126
2020-01-14,-0.43494904400477763
2020-01-15,-0.43588876921196124
2020-01-16,-0.43681752476936947
2020-01-17,-0.43775175860931576
2020-01-20,-0.4386914706551621
2020-01-21,-0.4396147306633897
2020-01-22,-0.44054346892805984
2020-01-23,-0.4414776853732032
2020-01-24,-0.44241189745716597
2020-01-27,-0.4433515876188912
2020-01-28,-0.4442803085403476
2020-01-29,-0.4452309547057697
2020-01-30,-0.4461761139918476
2020-01-31,-0.4471212688140568
2020-02-03,-0.44805545455058615
2020-02-04,-0.44898415364086863
2020-02-05,-0.4499128484207358
2020-02-06,-0.450863467697028
2020-02-07,-0.4518250468715802
2020-02-10,-0.45278662142558157
2020-02-11,-0.45377011997743966
2020-02-12,-0.45475361369515427
2020-02-13,-0.4557316204783065
2020-02-14,-0.4566986583329954
2020-02-17,-0.45768213765673477
2020-02-18,-0.45863820204367844
2020-02-19,-0.45960522585113206
2020-02-20,-0.46057224498506527
2020-02-21,-0.46154474138696605
2020-02-24,-0.4625227149767234
2020-02-25,-0.4634952018986141
2020-02-26,-0.4644676840939257
2020-02-27,-0.4654346797279777
2020-02-28,-0.46641263430485647
2020-03-02,-0.46740154766471825
2020-03-03,-0.46839045613673236
2020-03-04,-0.46937387799380464
2020-03-05,-0.4703518133172043
2020-03-06,-0.471335225534111
2020-03-09,-0.4723076696242223
2020-03-10,-0.4732910722279268
2020-03-11,-0.4742854331838222
2020-03-12,-0.4752633445006678
2020-03-13,-0.47624673257658157
2020-03-16,-0.47720270825950645
2020-03-17,-0.4781312719459457
2020-03-18,-0.47904886840208616
2020-03-19,-0.479950016344295
2020-03-20,-0.4808116941948372
2020-03-23,-0.4816788497219628
2020-03-24,-0.48255696421841116
2020-03-25,-0.48343507486059667
2020-03-26,-0.4843241442803992
2020-03-27,-0.48521869104077714
2020-03-30,-0.48610227126734207
2020-03-31,-0.4869529601354317
2020-04-01,-0.48783105148323636
2020-04-02,-0.488747507344697
2020-04-03,-0.4896913648588446
2020-04-06,-0.49060233105383755
2020-04-07,-0.4915132931008417
2020-04-08,-0.4924352131885875
2020-04-09,-0.4933626100971882
2020-04-14,-0.49427904061921746
2020-04-15,-0.4952009479615895
2020-04-16,-0.49611737006253176
2020-04-17,-0.49705571183844677
2020-04-20,-0.4980104920408813
2020-04-21,-0.4989652676866224
2020-04-22,-0.49990907699519915
2020-04-23,-0.5008528818505277
2020-04-24,-0.501796682253454
2020-04-27,-0.5027404782036443
2020-04-28,-0.503695231274723
2020-04-29,-0.5046609413107654
2020-04-30,-0.5055608778736753
2020-05-04,-0.506526578903138
2020-05-05,-0.5074703525384594
2020-05-06,-0.5084305636928493
2020-05-07,-0.5094159809893769
2020-05-08,-0.510401393431789
2020-05-11,-0.5114032427482613
2020-05-12,-0.5123996064986288
2020-05-13,-0.5133904847648729
2020-05-14,-0.5143758776284629
2020-05-15,-0.515372226572521
2020-05-18,-0.5163630901139473
2020-05-19,-0.5173539487468635
2020-05-20,-0.5183612436288928
2020-05-21,-0.519368533438427
2020-05-22,-0.5203429361927316
2020-05-25,-0.521322814504393
2020-05-26,-0.5223081682927878
2020-05-27,-0.523293517227223
2020-05-28,-0.5242788613076983
2020-05-29,-0.5252587203384941
2020-06-01,-0.5262714555837776
2020-06-02,-0.5272622651360459
2020-06-03,-0.5282585498946112
2020-06-04,-0.5292657898646682
2020-06-05,-0.5302675447030195
2020-06-08,-0.5312857346202116
2020-06-09,-0.5322765193344887
2020-06-10,-0.5333001790016261
2020-06-11,-0.5343183534813495
2020-06-12,-0.535331042856932
2020-06-15,-0.5363492069985566
2020-06-16,-0.5373618860919489
2020-06-17,-0.5383636003829795
2020-06-18,-0.5391351585236769
2020-06-19,-0.5391187190724562
2020-06-22,-0.5390858401653392
2020-06-23,-0.5390255621526151
2020-06-24,-0.5389872034077844
2020-06-25,-0.5389488446544262
2020-06-26,-0.5389214455412933
2020-06-29,-0.5388830867772921
2020-06-30,-0.5388995262508672
2020-07-01,-0.5388885666033386
2020-07-02,-0.5388830867795409
2020-07-03,-0.538872127130899
2020-07-06,-0.5388830867791401
2020-07-07,-0.5388940464269137
2020-07-08,-0.5389050060737967
2020-07-09,-0.5389050060735516
2020-07-10,-0.5389104858970154
2020-07-13,-0.5389378850117068
2020-07-14,-0.5389543244788473
2020-07-15,-0.538970763944674
2020-07-16,-0.5389324051943438
2020-07-17,-0.5389652841265095
2020-07-20,-0.5389981630533982
2020-07-21,-0.5390310419731398
2020-07-22,-0.5390365217930188
2020-07-23,-0.5391132392431144
2020-07-24,-0.5391680374076379
2020-07-27,-0.5392392749986673
2020-07-28,-0.5393159923727932
2020-07-29,-0.5393872299129682
2020-07-30,-0.5394475078118935
2020-07-31,-0.5395187452993886
2020-08-03,-0.5396338211808172
2020-08-04,-0.5397160182028213
2020-08-05,-0.5397762960028658
2020-08-06,-0.5398420535824442
2020-08-07,-0.539902331346129
2020-08-10,-0.54013796233175
2020-08-11,-0.5401927602174654
2020-08-12,-0.5402804367961263
2020-08-13,-0.5403845526789444
2020-08-14,-0.5404722291664282
2020-08-17,-0.540581824727517
2020-08-18,-0.5407078595468963
2020-08-19,-0.5408229347472021
2020-08-20,-0.540888691983024
2020-08-21,-0.5409708884960398
2020-08-24,-0.5410366456814081
2020-08-25,-0.54110788260886
2020-08-26,-0.5411791195129554
2020-08-27,-0.5412393968716761
2020-08-28,-0.54128323494138
2020-08-31,-0.5413544717885426
2020-09-01,-0.5414092693437716
2020-09-02,-0.5414750263904484
2020-09-03,-0.5415188644073166
2020-09-04,-0.5416065404044925
2020-09-07,-0.5416668176328266
2020-09-08,-0.5417380543358428
2020-09-09,-0.5418147707574521
2020-09-10,-0.5418640884453099
2020-09-11,-0.5418860074145789
2020-09-14,-0.5419572440434064
2020-09-15,-0.5420120414291286
2020-09-16,-0.5421490348181655
2020-09-17,-0.5422257510804878
2020-09-18,-0.5423079470398282
2020-09-21,-0.5423791835123521
2020-09-22,-0.5424449402348216
2020-09-23,-0.5425271361014932
2020-09-24,-0.5426038522186224
2020-09-25,-0.5426915277453739
2020-09-28,-0.5427901626667182
2020-09-29,-0.5428887975421512
2020-09-30,-0.5430641483451676
2020-10-01,-0.5431847019099928
2020-10-02,-0.5432833365880203
2020-10-05,-0.5433764915187319
2020-10-06,-0.5434915651931856
2020-10-07,-0.5435956794129073
2020-10-08,-0.5436833545023428
2020-10-09,-0.5437710295534595
2020-10-12,-0.5438696639448191
2020-10-13,-0.5439737779680481
2020-10-14,-0.5440614528987532
2020-10-15,-0.544154607469076
2020-10-16,-0.5442313229623492
2020-10-19,-0.5443189977727538
2020-10-20,-0.5444121522159632
2020-10-21,-0.544499826944765
2020-10-22,-0.5446039406369957
2020-10-23,-0.5446916152843727
2020-10-26,-0.5447738102301225
2020-10-27,-0.5448450458285713
2020-10-28,-0.5449217610607374
2020-10-29,-0.5449875169471833
2020-10-30,-0.5450916303940264
2020-11-02,-0.5451683455318315
2020-11-03,-0.5452614995791164
2020-11-04,-0.545371092531027
2020-11-05,-0.5454697261335881
2020-11-06,-0.5455738393324162
2020-11-09,-0.545672472840349
2020-11-10,-0.5457711062970269
2020-11-11,-0.5458752193389057
2020-11-12,-0.5459300156465564
2020-11-13,-0.5460176897197739
2020-11-16,-0.5461053637593707
2020-11-17,-0.5461875581356145
2020-11-18,-0.5462752320982841
2020-11-19,-0.5463683856402988
2020-11-20,-0.5464560595237032
2020-11-23,-0.5465546925939194
2020-11-24,-0.5466368867831557
2020-11-25,-0.5466971625003998
2020-11-26,-0.5467848362371639
2020-11-27,-0.5468725099383478
2020-11-30,-0.547004020413987
2020-12-01,-0.5471464899826557
2020-12-02,-0.5472944390367984
2020-12-03,-0.5474588267395364
2020-12-04,-0.5476286938834403
2020-12-07,-0.5477930813070585
2020-12-08,-0.5479684277575556
2020-12-09,-0.5481273353391629
2020-12-10,-0.548275283667652
2020-12-11,-0.54842323189087
2020-12-14,-0.5485876186748906
2020-12-15,-0.5487465257425665
2020-12-16,-0.5489109122562843
2020-12-17,-0.5490314622905644
2020-12-18,-0.5491355736352583
2020-12-21,-0.5492670826119644
2020-12-22,-0.5494040710393657
2020-12-23,-0.5495355798467652
2020-12-24,-0.5496396909205775
2020-12-28,-0.5497438019340951
2020-12-29,-0.5498643514696288
2020-12-30,-0.5499794214081384
2020-12-31,-0.5502259997330522
2021-01-04,-0.5503629875337476
2021-01-05,-0.5504835367158616
2021-01-06,-0.5506314833419113
2021-01-07,-0.5507739503578224
2021-01-08,-0.5508999787822272
2021-01-11,-0.5510369661139228
2021-01-12,-0.5511575148895363
2021-01-13,-0.5512616251389699
2021-01-14,-0.5514424480499778
2021-01-15,-0.5515684760667686
2021-01-18,-0.5517109424155175
2021-01-19,-0.5518314907884379
2021-01-20,-0.5519575185532727
2021-01-21,-0.5520725873095977
2021-01-22,-0.5521657381616775
2021-01-25,-0.5522808068044709
2021-01-26,-0.5523684780987361
2021-01-27,-0.552489026071791
2021-01-28,-0.5525876561776727
2021-01-29,-0.5527082040219664
2021-02-01,-0.552839710681862
2021-02-02,-0.5529438200613618
2021-02-03,-0.5530150527573963
2021-02-04,-0.5531520386404565
2021-02-05,-0.5532890244330522
2021-02-08,-0.5534095718512962
2021-02-09,-0.5535355986219115
2021-02-10,-0.5536616253129499
2021-02-11,-0.5537986107568017
2021-02-12,-0.5538972402246221
2021-02-15,-0.5540123078681415
2021-02-16,-0.5541273754486051
2021-02-17,-0.5542260047517946
2021-02-18,-0.5543246340038404
2021-02-19,-0.5544123044139887
2021-02-22,-0.5545328511586358
2021-02-23,-0.5546260008747539
2021-02-24,-0.5547191505452056
2021-02-25,-0.5548177795595008
2021-02-26,-0.5549218879148561
2021-03-01,-0.5550150374448573
2021-03-02,-0.5551301044515401
2021-03-03,-0.555245171391983
2021-03-04,-0.5553492795220119
2021-03-05,-0.5554424288503548
2021-03-08,-0.5555191400242621
2021-03-09,-0.5555958511727644
2021-03-10,-0.5556780416597665
2021-03-11,-0.5557547527494435
2021-03-12,-0.5558479018892425
2021-03-15,-0.555897216130162
2021-03-16,-0.5559739271377907
2021-03-17,-0.5560451587606967
2021-03-18,-0.5561383077752302
2021-03-19,-0.5562204980462351
2021-03-22,-0.55630816763245
2021-03-23,-0.5563848784846435
2021-03-24,-0.5564670686519358
2021-03-25,-0.5565492587854737
2021-03-26,-0.5566369282323959
2021-03-29,-0.5567410356521343
2021-03-30,-0.5568451430179457
2021-03-31,-0.5570259609301347
2021-04-01,-0.557108150838502
2021-04-06,-0.5571958200381661
2021-04-07,-0.5572944478389491
2021-04-08,-0.5574040342332359
2021-04-09,-0.5575026619343141
2021-04-12,-0.5575903309607754
2021-04-13,-0.5576506033917931
2021-04-14,-0.5576999171828612
2021-04-15,-0.5577711482006587
2021-04-16,-0.5578423791912478
2021-04-19,-0.557935527371116
2021-04-20,-0.5580177169078948
2021-04-21,-0.558094427108601
2021-04-22,-0.5581656579840332
2021-04-23,-0.5582314095395351
2021-04-26,-0.5583081196625793
2021-04-27,-0.5583409954179313
2021-04-28,-0.5584177054966895
2021-04-29,-0.5584944155459682
2021-04-30,-0.5585875634274123
2021-05-03,-0.5586861905421964
2021-05-04,-0.5587464626443088
2021-05-05,-0.5588122140108436
2021-05-06,-0.558877965353933
2021-05-07,-0.5589327581217538
2021-05-10,-0.5590039887023468
2021-05-11,-0.5590697399805545
2021-05-12,-0.5591300119673762
2021-05-13,-0.5591848046676438
2021-05-14,-0.5592505558862914
2021-05-17,-0.5593217863497901
2021-05-18,-0.559327265614992
2021-05-19,-0.5593820582612434
2021-05-20,-0.5594258923674057
2021-05-21,-0.5594971227666464
2021-05-24,-0.5595738324019212
2021-05-25,-0.5596505420060022
2021-05-26,-0.5597162930732669
2021-05-27,-0.5597710856128445
2021-05-28,-0.5598368366424583
2021-05-31,-0.5599354631516219
2021-06-01,-0.5599847763846284
2021-06-02,-0.560050527338562
2021-06-03,-0.5600888820543682
2021-06-04,-0.5601436744904115
2021-06-07,-0.560209425393936
2021-06-08,-0.5602696970356431
2021-06-09,-0.5603354478975314
2021-06-10,-0.560390240263327
2021-06-11,-0.5604614703226409
2021-06-14,-0.5605217418917849
2021-06-15,-0.5605546172840317
2021-06-16,-0.5605874926717139
2021-06-17,-0.5605491380443237
2021-06-18,-0.5605765342030969
2021-06-21,-0.5606258472779742
2021-06-22,-0.5606751603409171
2021-06-23,-0.5607135149366012
2021-06-24,-0.5607683072046737
2021-06-25,-0.5608340579045139
2021-06-28,-0.5609052878062106
2021-06-29,-0.5609710384664405
2021-06-30,-0.5611134981795252
2021-07-01,-0.5611628111236374
2021-07-02,-0.5612121240551695
2021-07-05,-0.5612833538220043
2021-07-06,-0.5613491043525379
2021-07-07,-0.5614148548614073
2021-07-08,-0.5614915637614096
2021-07-09,-0.5615573142253918
2021-07-12,-0.5616395022759512
2021-07-13,-0.5617162110895192
2021-07-14,-0.5617819614796021
2021-07-15,-0.5618422326523096
2021-07-16,-0.5619244205837488
2021-07-19,-0.5619737333290972
2021-07-20,-0.56203948363613
2021-07-21,-0.5621216714885714
2021-07-22,-0.5621490674321044
2021-07-23,-0.5622093384956219
2021-07-26,-0.5622586511720588
2021-07-27,-0.5622860470966216
2021-07-28,-0.562340838936841
2021-07-29,-0.5623901515807256
2021-07-30,-0.5625161727163087
2021-08-02,-0.5625654853143487
2021-08-03,-0.562631235432281
2021-08-04,-0.5627024647014606
2021-08-05,-0.5627517772549919
2021-08-06,-0.5628175273101357
2021-08-09,-0.562877798173932
2021-08-10,-0.5629325898519921
2021-08-11,-0.5629928606795627
2021-08-12,-0.5630695689782641
2021-08-13,-0.5631407980894033
2021-08-16,-0.5632065480165206
2021-08-17,-0.5632503812905113
2021-08-18,-0.5633051728664397
2021-08-19,-0.5633654435817477
2021-08-20,-0.5634257142788648
2021-08-23,-0.563496943261332
2021-08-24,-0.5635626930675478
2021-08-25,-0.5635900888141874
2021-08-26,-0.5636667968881411
2021-08-27,-0.5637435049326378
2021-08-30,-0.5638037755174035
2021-08-31,-0.5638695252285235
2021-09-01,-0.5639681497435477
2021-09-02,-0.5640338993986924
2021-09-03,-0.5640996490303916
2021-09-06,-0.5641599195094408
2021-09-07,-0.5642256691017078
2021-09-08,-0.5642859395428834
2021-09-09,-0.5643462099674269
2021-09-10,-0.5644283968764806
2021-09-13,-0.5645270211214247
2021-09-14,-0.5645872914701765
2021-09-15,-0.5646859156422013
2021-09-16,-0.5645982496873274
2021-09-17,-0.5646256452973237
2021-09-20,-0.5646420826599328
2021-09-21,-0.5646694782640288
2021-09-22,-0.5646749573837703
2021-09-23,-0.5647187903383406
2021-09-24,-0.5647461859302797
2021-09-27,-0.5647900188705111
2021-09-28,-0.5648502891481915
2021-09-29,-0.5648941220668031
2021-09-30,-0.5649708296615596
2021-10-01,-0.5650037043314035
2021-10-04,-0.5650310998842444
2021-10-05,-0.5650584954337454
2021-10-06,-0.5650968491950982
2021-10-07,-0.56513520294848
2021-10-08,-0.5651571193765919
2021-10-11,-0.5652228686425362
2021-10-12,-0.5652173895381579
2021-10-13,-0.5652612223725838
2021-10-14,-0.5652940969938444
2021-10-15,-0.5653269716114534
2021-10-18,-0.5653817626287858
2021-10-19,-0.5654639491191821
2021-10-20,-0.5655023028052331
2021-10-21,-0.5655461355817687
2021-10-22,-0.5655790101554926
2021-10-25,-0.5656173638193448
2021-10-26,-0.5656502383822699
2021-10-27,-0.5656940711265652
2021-10-28,-0.5657433829517712
2021-10-29,-0.5658255693044778
2021-11-01,-0.5659077556258569
2021-11-02,-0.5659406301399983
2021-11-03,-0.5660063791554785
2021-11-04,-0.5660611699853804
2021-11-05,-0.5661050026382982
2021-11-08,-0.5661597934441756
2021-11-09,-0.5662200633125277
2021-11-10,-0.5662858122399035
2021-11-11,-0.5663351239219648
2021-11-12,-0.5663844355876387
2021-11-15,-0.566406351879486
2021-11-16,-0.5664392263132714
2021-11-17,-0.5664721007419579
2021-11-18,-0.5665214123725192
2021-11-19,-0.5666035983943832
2021-11-22,-0.5666748262543372
2021-11-23,-0.5667405750287492
2021-11-24,-0.5667898865918461
2021-11-25,-0.5668501562670009
2021-11-26,-0.5668994678072088
2021-11-29,-0.5669597374490545
2021-11-30,-0.5670364442411189
2021-12-01,-0.567080276682782
2021-12-02,-0.5671350672213848
2021-12-03,-0.567200815851294
2021-12-06,-0.5672830016050375
2021-12-07,-0.5673542292314266
2021-12-08,-0.5674254568320102
2021-12-09,-0.5674802472804156
2021-12-10,-0.567518600586217
2021-12-13,-0.5675679119697207
2021-12-14,-0.5675843490951802
2021-12-15,-0.5676446185372824
2021-12-16,-0.5676994089244577
2021-12-17,-0.5677487202591333
2021-12-20,-0.5677815944769437
2021-12-21,-0.5677980315824311
2021-12-22,-0.5678363848238631
2021-12-23,-0.5679076122506869
2021-12-24,-0.568017192859583
2021-12-27,-0.5680719831430904
2021-12-28,-0.5681267734100323
2021-12-29,-0.5681870426905985
2021-12-30,-0.5682582700003282
2021-12-31,-0.5683952455401909
2022-01-03,-0.5684664727717021
2022-01-04,-0.5685376999781648
2022-01-05,-0.568597969134601
2022-01-06,-0.5686965913423445
2022-01-07,-0.5687732974785129
2022-01-10,-0.5688445245776337
2022-01-11,-0.5688993146390209
2022-01-12,-0.5689595836864232
2022-01-13,-0.5690362897176322
2022-01-14,-0.569102037722639
2022-01-17,-0.5691732647029736
2022-01-18,-0.5692609286424224
2022-01-19,-0.5693211975808575
2022-01-20,-0.5694033824656691
2022-01-21,-0.5694855673164813
2022-01-24,-0.5695677521338062
2022-01-25,-0.5696444579316731
2022-01-26,-0.5697047267512775
2022-01-27,-0.5697869114649344
2022-01-28,-0.5698362222809361
2022-01-31,-0.5699238859298651
2022-02-01,-0.5700005915909109
2022-02-02,-0.5700663392791246
2022-02-03,-0.5701320869438038
2022-02-04,-0.5702033135568696
2022-02-07,-0.5702800191109297
2022-02-08,-0.5703238508417904
2022-02-09,-0.5703622036028896
2022-02-10,-0.570406035313288
2022-02-11,-0.5704882197499627
2022-02-14,-0.570570404152905
2022-02-15,-0.570641630606038
2022-02-16,-0.5707073780797464
2022-02-17,-0.5707786044841402
2022-02-18,-0.5708443519127833
2022-02-21,-0.5709265361647881
2022-02-22,-0.5709758467025604
2022-02-23,-0.5710361151209189
2022-02-24,-0.5711182992941931
2022-02-25,-0.571189525550388
2022-02-28,-0.5712826675468035
2022-03-01,-0.5713593726848557
2022-03-02,-0.5714360777954324
2022-03-03,-0.5715182618110003
2022-03-04,-0.5715949668587439
2022-03-07,-0.5716716718809935
2022-03-08,-0.5717483768738527
2022-03-09,-0.5718250818397039
2022-03-10,-0.5718689132341557
2022-03-11,-0.571846997533924
2022-03-14,-0.5719127446130661
2022-03-15,-0.5719565759847403
2022-03-16,-0.5720168441092615
2022-03-17,-0.5720880700513352
2022-03-18,-0.572159295967826
2022-03-21,-0.5722250429461723
2022-03-22,-0.5722907899027653
2022-03-23,-0.5723455790183379
2022-03-24,-0.5724168048450989
2022-03-25,-0.572498988462204
2022-03-28,-0.572575693140007
2022-03-29,-0.5726414399832688
2022-03-30,-0.5727126657046474
2022-03-31,-0.5728551171007583
2022-04-01,-0.5729318216459258
2022-04-04,-0.5730523572972742
2022-04-05,-0.5731564562176179
2022-04-06,-0.5732495973082743
2022-04-07,-0.5733536961143739
2022-04-08,-0.573441358231083
2022-04-11,-0.5735344991889259
2022-04-12,-0.5736002457240115
2022-04-13,-0.5737098232286346
2022-04-14,-0.5737974851964323
2022-04-19,-0.5738522739021422
2022-04-20,-0.5739454146662312
2022-04-21,-0.5740330765281121
2022-04-22,-0.5741152594855139
2022-04-25,-0.5742138789911877
2022-04-26,-0.5742960618719963
2022-04-27,-0.5743782447210989
2022-04-28,-0.5744549486841583
2022-04-29,-0.5745480891755398
2022-05-02,-0.5746302719209075
2022-05-03,-0.5746960180885463
2022-05-04,-0.574794637307864
2022-05-05,-0.5748932564785316
2022-05-06,-0.5749863967626218
2022-05-09,-0.5750904946760544
2022-05-10,-0.5752000713611527
2022-05-11,-0.575276775011182
2022-05-12,-0.5753151268215458
2022-05-13,-0.5754137457380533
2022-05-16,-0.5754959281325842
2022-05-17,-0.5755835893147229
2022-05-18,-0.5756712504587652
2022-05-19,-0.5757643903804627
2022-05-20,-0.5758520514451286
2022-05-23,-0.5759451912852455
2022-05-24,-0.576043809893866
2022-05-25,-0.5761369496474815
2022-05-26,-0.5762465257770788
2022-05-27,-0.576323229027866
2022-05-30,-0.5764218474472749
2022-05-31,-0.5765095082331773
2022-06-01,-0.5765916901705092
2022-06-02,-0.5766683932888391
2022-06-03,-0.5767834479065737
2022-06-06,-0.5768875448962124
2022-06-07,-0.5769806842463999
2022-06-08,-0.5770464296468375
2022-06-09,-0.5771176538051583
2022-06-10,-0.577172441602905
2022-06-13,-0.5772107930527466
2022-06-14,-0.5772436657168954
2022-06-15,-0.5772436657170067
2022-06-16,-0.577303932256316
2022-06-17,-0.5773751563229701
2022-06-20,-0.5774409015917298
2022-06-21,-0.5775121256097114
2022-06-22,-0.5775723920629647
2022-06-23,-0.5776271797317276
2022-06-24,-0.577681967388289
2022-06-27,-0.5777751063583161
2022-06-28,-0.5778408514957986
2022-06-29,-0.5778846815742056
2022-06-30,-0.5779887779931137
2022-07-01,-0.5780216505312177
2022-07-04,-0.5780600018181875
2022-07-05,-0.5781093106039351
2022-07-06,-0.5781476618741389
2022-07-07,-0.5782024493865315
2022-07-08,-0.5782462793867422
2022-07-11,-0.5783010668736854
2022-07-12,-0.5783394181071735
2022-07-13,-0.5783832480797083
2022-07-14,-0.5784051630643948
2022-07-15,-0.5784215993014402
2022-07-18,-0.5784928229700768
2022-07-19,-0.5785421316529136
2022-07-20,-0.578591440322146
2022-07-21,-0.5786571851964507
2022-07-22,-0.5786955363636769
2022-07-25,-0.5787393662609543
2022-07-26,-0.57876675994127
2022-07-27,-0.5760821797031617
2022-07-28,-0.5734249576869532
2022-07-29,-0.5708060527447396
2022-08-01,-0.5681597185980891
2022-08-02,-0.5655078704073853
2022-08-03,-0.5628559870517466
2022-08-04,-0.5601766725314199
2022-08-05,-0.5575028013592997
2022-08-08,-0.5548234150466634
2022-08-09,-0.5521659106921539
2022-08-10,-0.5494974118793131
2022-08-11,-0.5468233979247094
2022-08-12,-0.5441657870487573
2022-08-15,-0.5414971813464038
2022-08-16,-0.5388285401110451
2022-08-17,-0.5361543833663206
2022-08-18,-0.5334473112296922
2022-08-19,-0.530740202454111
2022-08-22,-0.5280275770621253
2022-08-23,-0.525303954630618
2022-08-24,-0.5225857752384729
2022-08-25,-0.5198620787077315
2022-08-26,-0.5171273842410385
2022-08-29,-0.5144090938097889
2022-08-30,-0.5117072079349941
2022-08-31,-0.5090436495750704
2022-09-01,-0.5063471719486071
2022-09-02,-0.5036451772550197
2022-09-05,-0.500992473570413
2022-09-06,-0.4983123301621188
2022-09-07,-0.4955718603641525
2022-09-08,-0.49286423881663477
2022-09-09,-0.49017302418586667
2022-09-12,-0.4874927357509753
2022-09-13,-0.48477952376856415
2022-09-14,-0.4779717355512497
2022-09-15,-0.47111986182196514
2022-09-16,-0.4643335359072284
2022-09-19,-0.457563425424133
2022-09-20,-0.4507821217538192
2022-09-21,-0.4439896237743304
2022-09-22,-0.4371859299894053
2022-09-23,-0.430382005061712
2022-09-26,-0.42357236599553727
2022-09-27,-0.41677346137341265
2022-09-28,-0.40997432577087944
2022-09-29,-0.40318044254069996
2022-09-30,-0.3964905160662471
2022-10-03,-0.38971810985083855
2022-10-04,-0.3829454746686209
2022-10-05,-0.376194546544563
2022-10-06,-0.3694269378773282
2022-10-07,-0.36265361593457685
2022-10-10,-0.3558910343072556
2022-10-11,-0.3491282246014502
2022-10-12,-0.34237615704777513
2022-10-13,-0.3356238617698149
2022-10-14,-0.3288439106636479
2022-10-17,-0.3220637301498155
2022-10-18,-0.3152888058038854
2022-10-19,-0.30852462431443123
2022-10-20,-0.3017547279966894
2022-10-21,-0.2949791164724811
2022-10-24,-0.2882197359603267
2022-10-25,-0.2814491531597683
2022-10-26,-0.2747112638504715
2022-10-27,-0.26793473727924155
2022-10-28,-0.26116346866814993
2022-10-31,-0.25444684586918
2022-11-01,-0.24766963399932201
2022-11-02,-0.2368092646841213
2022-11-03,-0.22594830651955267
2022-11-04,-0.21509773627662074
2022-11-07,-0.20425755600501716
2022-11-08,-0.19341129987351355
2022-11-09,-0.18256445654919237
2022-11-10,-0.17171153670724937
2022-11-11,-0.160819598309389
2022-11-14,-0.14996000987076197
2022-11-15,-0.13909983262509368
2022-11-16,-0.12822808497681015
2022-11-17,-0.11736123923917231
2022-11-18,-0.10647732957344619
2022-11-21,-0.09559282888740281
2022-11-22,-0.08469675290259142
2022-11-23,-0.07381656264883144
2022-11-24,-0.06293028900672892
2022-11-25,-0.05205440995167405
2022-11-28,-0.04119991476289578
2022-11-29,-0.030328350354530898
2022-11-30,-0.01951113380775653
2022-12-01,-0.008643887193148798
2022-12-02,0.002223948346106382
2022-12-05,0.013081383535500318
2022-12-06,0.02398336613001673
2022-12-07,0.034852970123989434
2022-12-08,0.045739650409860964
2022-12-09,0.0566214254242712
2022-12-12,0.06749829430496784
2022-12-13,0.07837575292992585
2022-12-14,0.08934175337673625
2022-12-15,0.10025337949435606
2022-12-16,0.11117659461172898
2022-12-19,0.12211139995928896
2022-12-20,0.1330358047111993
2022-12-21,0.1466934278575808
2022-12-22,0.16036847669657522
2022-12-23,0.17406645365060017
2022-12-27,0.18775436635927897
2022-12-28,0.20145421271136457
2022-12-29,0.21515499442151587
2022-12-30,0.22874119868715884
2023-01-02,0.24243283982382405
2023-01-03,0.2561254153831384
2023-01-04,0.26980792070702936
2023-01-05,0.28348035510909736
2023-01-06,0.2971262074524415
2023-01-09,0.3107894955559942
2023-01-10,0.3244537131524003
2023-01-11,0.3381353718771287
2023-01-12,0.35180144977214645
2023-01-13,0.36545194315835317
2023-01-16,0.3791418985313535
2023-01-17,0.3928272817310582
2023-01-18,0.40651910240701095
2023-01-19,0.420222867855628
2023-01-20,0.4339165548390618
2023-01-23,0.44760566840242305
2023-01-24,0.4612681774365783
2023-01-25,0.4749811836134042
2023-01-26,0.4886896173122539
2023-01-27,0.5024100017940175
2023-01-30,0.5161203059430599
2023-01-31,0.5297764576966182
2023-02-01,0.5434721007183235
2023-02-02,0.5571796959019762
2023-02-03,0.5708716962679984
2023-02-06,0.5845811595339566
2023-02-07,0.5983136008807346
2023-02-08,0.6147694050010751
2023-02-09,0.6312320672510617
2023-02-10,0.6477126137734679
2023-02-13,0.6641504084956391
2023-02-14,0.6806060859045283
2023-02-15,0.6971017026818642
2023-02-16,0.7135876456391267
2023-02-17,0.7300253086533433
2023-02-20,0.7464698283169089
2023-02-21,0.7629046614073679
2023-02-22,0.7793408358714419
2023-02-23,0.7957728358742213
2023-02-24,0.8121896269346957
2023-02-27,0.8286187911365264
2023-02-28,0.8450051583364294
2023-03-01,0.8614480363575248
2023-03-02,0.8778922564088878
2023-03-03,0.894348856792149
2023-03-06,0.9107847239428424
2023-03-07,0.9272108925590226
2023-03-08,0.943654961381009
2023-03-09,0.9601058923264867
2023-03-10,0.9765802509021645
2023-03-13,0.9930283482380601
2023-03-14,1.0095495773040706
2023-03-15,1.0260058886753147
2023-03-16,1.042458020920606
2023-03-17,1.0589280654134
2023-03-20,1.0753773610874018
2023-03-21,1.0918279984147172
2023-03-22,1.1110367065614783
2023-03-23,1.1302582951554507
2023-03-24,1.1494817158858326
2023-03-27,1.1687069694535412
2023-03-28,1.1879174761947286
2023-03-29,1.2071298124365855
2023-03-30,1.226355033685575
2023-03-31,1.2455212772983282
2023-04-03,1.2647612142735751
2023-04-04,1.284014045205736
2023-04-05,1.3032797713234634
2023-04-06,1.3225583975520108
2023-04-11,1.3417946173702708
2023-04-12,1.3582944252280644
2023-04-13,1.3748121776536377
2023-04-14,1.391336815366219
2023-04-17,1.4078517387525082
2023-04-18,1.4243846115637875
2023-04-19,1.4409243713509992
2023-04-20,1.4574599502348948
2023-04-21,1.4739913487779894
2023-04-24,1.4905407048868167
2023-04-25,1.507069275265704
2023-04-26,1.523599198272729
2023-04-27,1.5401249368531515
2023-04-28,1.5566354181414626
2023-05-02,1.5731583226497603
2023-05-03,1.589677039893099
2023-05-04,1.6062026452206557
2023-05-05,1.6227185231701735
2023-05-08,1.6392025165897888
2023-05-09,1.6556878531192796
2023-05-10,1.673553962725376
2023-05-11,1.691432732632983
2023-05-12,1.7093186231019675
2023-05-15,1.727189471327754
2023-05-16,1.7450785245607832
2023-05-17,1.763007957646212
2023-05-18,1.7809888686506243
2023-05-19,1.7989214844824593
2023-05-22,1.8168446015895006
2023-05-23,1.8348302954584153
2023-05-24,1.8527565941901727
2023-05-25,1.870634568835914
2023-05-26,1.8885917682856332
2023-05-29,1.9065172827083958
2023-05-30,1.9244554783981394
2023-05-31,1.9423564312894648
2023-06-01,1.956142267292241
2023-06-02,1.969945686598466
2023-06-05,1.9837500467893558
2023-06-06,1.9975553490634161
2023-06-07,2.011344944195044
2023-06-08,2.0251354773803727
2023-06-09,2.0389324993262994
2023-06-12,2.0527249103212686
2023-06-13,2.0665127092944005
2023-06-14,2.0803236510406737
2023-06-15,2.0941188799846784
2023-06-16,2.10790394494253
2023-06-19,2.1217954458358084
2023-06-20,2.1356101580986486
2023-06-21,2.15081404048926
2023-06-22,2.166057938771014
2023-06-23,2.181302982203674
2023-06-26,2.196543617541501
2023-06-27,2.211774289867778
2023-06-28,2.2270116605197168
2023-06-29,2.242244620412315
2023-06-30,2.2574787246346686
2023-07-03,2.272713973689799
2023-07-04,2.2879559235005553
2023-07-05,2.303221247507654
2023-07-06,2.3185043933076592
2023-07-07,2.3337886905565792
2023-07-10,2.3490463471989416
2023-07-11,2.3643107096242484
2023-07-12,2.379587339609517
2023-07-13,2.3948484409170203
2023-07-14,2.410110689503874
2023-07-17,2.4253685258576363
2023-07-18,2.440666438575936
2023-07-19,2.4559098869388807
2023-07-20,2.46703304077666
2023-07-21,2.478162365960662
2023-07-24,2.4893089884229633
2023-07-25,2.500461785654179
2023-07-26,2.511598507108853
2023-07-27,2.5227414024842165
2023-07-28,2.5338793453032253
2023-07-31,2.5449400064174883
2023-08-01,2.5560847310894355
2023-08-02,2.568632276719561
2023-08-03,2.581163903177047
2023-08-04,2.5936907374376847
2023-08-07,2.6062127785193003
2023-08-08,2.61873002578292
2023-08-09,2.631225779792988
2023-08-10,2.643733434763971
2023-08-11,2.6562474264198657
2023-08-14,2.668790024783464
2023-08-15,2.6813389647311325
2023-08-16,2.6938775444274112
2023-08-17,2.70647815056533
2023-08-18,2.7190349872681887
2023-08-21,2.73158703092642
2023-08-22,2.744156557765395
2023-08-23,2.756665594857124
2023-08-24,2.7691976833213383
2023-08-25,2.781741684258424
2023-08-28,2.794280888610362
2023-08-29,2.8068264370879716
2023-08-30,2.8193727595785822
2023-08-31,2.831875283166952
2023-09-01,2.8444064344158493
2023-09-04,2.856943930324077
2023-09-05,2.8694710535908543
2023-09-06,2.8820045212679
2023-09-07,2.891757575954641
2023-09-08,2.9015055242542864
2023-09-11,2.911231643997668
2023-09-12,2.920974950894196
2023-09-13,2.9307075758952346
2023-09-14,2.940451815720889
2023-09-15,2.950263423507906
2023-09-18,2.959975149293861
2023-09-19,2.969715215639104
2023-09-20,2.980849642326138
2023-09-21,2.9920125588043134
2023-09-22,3.00320396908315
2023-09-25,3.0143792646058785
2023-09-26,3.0255551736665427
2023-09-27,3.0367372734062195
2023-09-28,3.0479255647764893
2023-09-29,3.0589638722694783
2023-10-02,3.070103182314529
2023-10-03,3.0812542587448823
2023-10-04,3.092405945550451
2023-10-05,3.1035470848882114
2023-10-06,3.1146832545088676
2023-10-09,3.12583119248011
2023-10-10,3.136963000483348
2023-10-11,3.148106577209184
2023-10-12,3.159250763594222
2023-10-13,3.1703955590612973
2023-10-16,3.1815465459389394
2023-10-17,3.1927651228204845
2023-10-18,3.203939661805929
2023-10-19,3.2151203953632788
2023-10-20,3.226324072878871
2023-10-23,3.2375116176682135
2023-10-24,3.2486886105347854
2023-10-25,3.257057742488197
2023-10-26,3.2654328014997347
2023-10-27,3.273819371873542
2023-10-30,3.282189536071484
2023-10-31,3.2904651149535944
2023-11-01,3.298813624426674
2023-11-02,3.3072071531001246
2023-11-03,3.315606612587396
2023-11-06,3.3239840777882437
2023-11-07,3.3323842285310894
2023-11-08,3.340779139716401
2023-11-09,3.3491743965659704
2023-11-10,3.3575867570132667
2023-11-13,3.365993878406986
2023-11-14,3.3744516259625525
2023-11-15,3.38283709634039
2023-11-16,3.391256432217218
2023-11-17,3.399648180208628
2023-11-20,3.4080514482923285
2023-11-21,3.416449475334101
2023-11-22,3.4248478479383344
2023-11-23,3.43323538994924
2023-11-24,3.4416232764014945
2023-11-27,3.4500170966571098
2023-11-28,3.4584112623010683
2023-11-29,3.4668057735782916
2023-11-30,3.4751447393112915
2023-12-01,3.4835399386770938
2023-12-04,3.4919578427196543
2023-12-05,3.500376093833294
2023-12-06,3.505999595989151
2023-12-07,3.511612072739354
2023-12-08,3.5172247038583646
2023-12-11,3.5228374895048895
2023-12-12,3.5284895641930603
2023-12-13,3.5341417954231904
2023-12-14,3.5397941828902
2023-12-15,3.545497048166022
2023-12-18,3.551105020235289
2023-12-19,3.556713146396425
2023-12-20,3.562299060018713
2023-12-21,3.567868351387244
2023-12-22,3.573471346501797
2023-12-27,3.5790744952633986
2023-12-28,3.5846722055598996
2023-12-29,3.5901861857390123
2024-01-02,3.595828940435043
2024-01-03,3.601438295026859
2024-01-04,3.6070310254031526
2024-01-05,3.612629501569595
2024-01-08,3.6182337246042353
2024-01-09,3.623821321442797
2024-01-10,3.629442631875749
2024-01-11,3.6350640972295136
2024-01-12,3.640680123701634
2024-01-15,3.6463186807897756
2024-01-16,3.65196298723526
2024-01-17,3.657601855582979
2024-01-18,3.6632520680282274
2024-01-19,3.6688800589572397
2024-01-22,3.674530584233919
2024-01-23,3.680170076077756
2024-01-24,3.684422162073743
2024-01-25,3.6886743365989427
2024-01-26,3.692904218975848
2024-01-29,3.6971677604962014
2024-01-30,3.70142020015371
2024-01-31,3.7055776055502476
2024-02-01,3.7097854552440737
2024-02-02,3.7140101788351045
2024-02-05,3.7182461814754304
2024-02-06,3.7224486958012593
2024-02-07,3.7267016616943622
2024-02-08,3.730954716134401
2024-02-09,3.7351966661771185
2024-02-12,3.739461090314982
2024-02-13,3.7437200068819405
2024-02-14,3.748012592250168
2024-02-15,3.7522884773355516
2024-02-16,3.7565476613218385
2024-02-19,3.7608125310430696
2024-02-20,3.765099878380239
2024-02-21,3.769387315802977
2024-02-22,3.7736580510786726
2024-02-23,3.7779120832729776
2024-02-26,3.7821494114548395
2024-02-27,3.7863924251538443
2024-02-28,3.7906243310927747
2024-02-29,3.794766759016209
2024-03-01,3.799021231045919
2024-03-04,3.803270193548436
2024-03-05,3.807564030178481
2024-03-06,3.8104191639937244
2024-03-07,3.813279935921919
2024-03-08,3.8161183538326022
2024-03-11,3.818940015560506
2024-03-12,3.8217841109313526
2024-03-13,3.824622646956838
2024-03-14,3.827466821176008
2024-03-15,3.830316633821805
2024-03-18,3.833172085207682
2024-03-19,3.836010779324803
2024-03-20,3.8388327153972615
2024-03-21,3.8416378928075914
2024-03-22,3.8444543071849155
2024-03-25,3.8472931579246423
2024-03-26,3.850104050994964
2024-03-27,3.852914982720621
2024-03-28,3.855703555162051
2024-04-02,3.858525763285767
2024-04-03,3.8613872084084155
2024-04-04,3.864259893217206
2024-04-05,3.867099019193977
2024-04-08,3.869926984508604
2024-04-09,3.8727549888681225
2024-04-10,3.875566232015583
2024-04-11,3.8783775138244354
2024-04-12,3.8812224359675405
2024-04-15,3.8840449963514345
2024-04-16,3.8868843968155264
2024-04-17,3.8897742419243375
2024-04-18,3.8926025208573
2024-04-19,3.894030671642011
2024-04-22,3.8954700337428356
2024-04-23,3.8968982046372225
2024-04-24,3.898343187636011
2024-04-25,3.8997825801381865
2024-04-26,3.901227583681762
2024-04-29,3.9026501940064087
2024-04-30,3.9039719985883083
2024-05-02,3.905394627853738
2024-05-03,3.906800464155048
2024-05-06,3.9082287141600447
2024-05-07,3.9096401710836712
2024-05-08,3.911040435596119
2024-05-09,3.912423906447539
2024-05-10,3.913829791159261
2024-05-13,3.9152580903466143
2024-05-14,3.9167032032678906
2024-05-15,3.918137123779903
2024-05-16,3.919554250511944
2024-05-17,3.9209489817081127
2024-05-20,3.922360526522111
2024-05-21,3.923850501023571
2024-05-22,3.9252956745555303
2024-05-23,3.9267520612753724
2024-05-24,3.928202856881268
2024-05-27,3.9296536627414778
2024-05-28,3.9310932756815222
2024-05-29,3.9325272970720184
2024-05-30,3.933972531928849
2024-05-31,3.9353057424261517
2024-06-03,3.93676780220521
2024-06-04,3.938213066993679
2024-06-05,3.939686351323975
2024-06-06,3.9411596463493077
2024-06-07,3.942621748023994
2024-06-10,3.9426833691855583
2024-06-11,3.942722582663036
2024-06-12,3.9413613146547464
2024-06-13,3.9400000556704264
2024-06-14,3.9386444075990346
2024-06-17,3.937283166738133
2024-06-18,3.9359387403063253
2024-06-19,3.934723161867102
2024-06-20,3.933401158839109
2024-06-21,3.9320791643948962
2024-06-24,3.930745975263397
2024-06-25,3.9294183963860805
2024-06-26,3.9280852245293283
2024-06-27,3.926752061400994
2024-06-28,3.925390899481841
2024-07-01,3.9240689568602236
2024-07-02,3.9227302185385504
2024-07-03,3.92138588767674
2024-07-04,3.920047166958185
2024-07-05,3.918697252468077
2024-07-08,3.91734734685365
2024-07-09,3.9159862477629552
2024-07-10,3.9146307589270206
2024-07-11,3.9132696779204226
2024-07-12,3.91190860593717
2024-07-15,3.9105699471953295
2024-07-16,3.9092312972549372
2024-07-17,3.9078814541346736
2024-07-18,3.906559624640884
2024-07-19,3.9053330190366804
2024-07-22,3.9040112060548235
2024-07-23,3.902678199994627
2024-07-24,3.9013508034188944
2024-07-25,3.900034616975645
2024-07-26,3.8986960360490106
2024-07-29,3.897357463886908
2024-07-30,3.8960301018555508
2024-07-31,3.8946243394571387
2024-08-01,3.8932857939899
2024-08-02,3.8919528578217886
2024-08-05,3.8906367318430717
2024-08-06,3.889275810597975
2024-08-07,3.887937300112137
2024-08-08,3.8866043988515937
2024-08-09,3.8852715062089427
2024-08-12,3.8839386222930163
2024-08-13,3.882605747067077
2024-08-14,3.8812504794876674
2024-08-15,3.8799008210974395
2024-08-16,3.878562372028428
2024-08-19,3.877229531855095
2024-08-20,3.8759583014436756
2024-08-21,3.87460867802986
2024-08-22,3.8732646635863563
2024-08-23,3.8719150579932826
2024-08-26,3.870576661245568
2024-08-27,3.8692438731743946
2024-08-28,3.8679166937056175
2024-08-29,3.8665839229404977
2024-08-30,3.865178363051759
2024-09-02,3.863828810844182
2024-09-03,3.8624624683275517
2024-09-04,3.861112934013702
2024-09-05,3.8597746078803645
2024-09-06,3.858441890163775
2024-09-09,3.857109181136327
2024-09-10,3.8557932794698027
2024-09-11,3.85447738627444
2024-09-12,3.853155902077216
2024-09-13,3.851828826950049
2024-09-16,3.8505969502565436
2024-09-17,3.8492474943527437
2024-09-18,3.846515004023865
2024-09-19,3.843782550074435
2024-09-20,3.8410221368002975
2024-09-23,3.838278558151764
2024-09-24,3.835540615395247
2024-09-25,3.8327971104764305
2024-09-26,3.8300536423087626
2024-09-27,3.827315809732526
2024-09-30,3.824561217386366
2024-10-01,3.8218234584601802
2024-10-02,3.8190577430621153
2024-10-03,3.816258474092691
2024-10-04,3.8135152278516937
2024-10-07,3.81077761667074
2024-10-08,3.8080456404743517
2024-10-09,3.8053025045514137
2024-10-10,3.802553807288797
2024-10-11,3.7998051469224996
2024-10-14,3.797039729721578
2024-10-15,3.7942743499448013
2024-10-16,3.791587376660218
2024-10-17,3.788844461660313
2024-10-18,3.7860959858441006
2024-10-21,3.7833419494359277
2024-10-22,3.7805879502230995
2024-10-23,3.7764346171452288
2024-10-24,3.772281368490508
2024-10-25,3.768117009972384
2024-10-28,3.7639471390735695
2024-10-29,3.7597773532767347
2024-10-30,3.755602055894844
2024-10-31,3.7513708758508457
2024-11-01,3.7471957500363167
2024-11-04,3.743015113091615
2024-11-05,3.738828965357224
2024-11-06,3.734642903286793
2024-11-07,3.73046811932846
2024-11-08,3.726304612680089
2024-11-11,3.722152382542084
2024-11-12,3.7180002369190515
2024-11-13,3.7138481758084527
2024-11-14,3.7098081101114353
2024-11-15,3.7056730019284063
2024-11-18,3.7015435727773487
2024-11-19,3.6973750607888283
2024-11-20,3.6932457996234653
2024-11-21,3.6890998370054753
2024-11-22,3.6849651483882653
2024-11-25,3.6808417328663
2024-11-26,3.6767016164517283
2024-11-27,3.6725503949155387
2024-11-28,3.668388068823899
2024-11-29,3.664214638860446
2024-12-02,3.6600524827770515
2024-12-03,3.655890411410665
2024-12-04,3.651734018941055
2024-12-05,3.6475833049102637
2024-12-06,3.643421487796704
2024-12-09,3.6392541617802294
2024-12-10,3.63509810769701
2024-12-11,3.6309477317042
2024-12-12,3.6268365929807596
2024-12-13,3.622703164733189
2024-12-16,3.618530668622523
2024-12-17,3.614347071808376
2024-12-18,3.608810071080504
2024-12-19,3.603278813447546
2024-12-20,3.5977253353181977
2024-12-23,3.592155230529471
2024-12-24,3.5865740930759267
2024-12-27,3.5810154773411242
2024-12-30,3.575468196544777
2024-12-31,3.5698427810033913
2025-01-02,3.564318170821698
2025-01-03,3.558782527199948
2025-01-06,3.5532302596361856
2025-01-07,3.5476837343634653
2025-01-08,3.542142950618439
2025-01-09,3.536602317748857
2025-01-10,3.53105624419119
2025-01-13,3.525527092990747
2025-01-14,3.520009272433396
2025-01-15,3.5145922247718913
2025-01-16,3.509057929888325
2025-01-17,3.5035349648845893
2025-01-20,3.4980009697265126
2025-01-21,3.492495072912141
2025-01-22,3.486989324515196
2025-01-23,3.481517260731116
2025-01-24,3.476011808704211
2025-01-27,3.4705009162427793
2025-01-28,3.46499017263549
2025-01-29,3.459485166867397
2025-01-30,3.4540026637922097
2025-01-31,3.448475599294456
2025-02-03,3.4429654501562474
2025-02-04,3.437405156948993
2025-02-05,3.430453582487314
2025-02-06,3.423507833198078
2025-02-07,3.416551144635791
2025-02-10,3.4095835185060777
2025-02-11,3.4026384792956375
2025-02-12,3.395688089441355
2025-02-13,3.388743523576062
2025-02-14,3.381894165542371
2025-02-17,3.3749221371407323
2025-02-18,3.3679671058297176
2025-02-19,3.3609955535676757
2025-02-20,3.3540465832244406
2025-02-21,3.3470866782856823
2025-02-24,3.3401270109109857
2025-02-25,3.333184336774453
2025-02-26,3.3276158273192413
2025-02-27,3.3220586400265635
2025-02-28,3.3164513397171436
2025-03-03,3.310872117665844
2025-03-04,3.30527629495321
2025-03-05,3.2996973788830597
2025-03-06,3.294129784187557
2025-03-07,3.288551173318552
2025-03-10,3.2829671309247237
2025-03-11,3.277383241502945
2025-03-12,3.270409154289716
2025-03-13,3.263435305891689
2025-03-14,3.2565175285171657
2025-03-17,3.2495497391683483
2025-03-18,3.242598936387362
2025-03-19,3.2356372052941227
2025-03-20,3.228681294613728
2025-03-21,3.2217256213634
2025-03-24,3.214781349767934
2025-03-25,3.2078373148248476
2025-03-26,3.200882353053278
2025-03-27,3.193933210130004
2025-03-28,3.186989885475542
2025-03-31,3.1800356349202663
2025-04-01,3.173103946208143
2025-04-02,3.1661557506998594
2025-04-03,3.159196630979196
2025-04-04,3.1522321684901184
2025-04-07,3.145256783679176
2025-04-08,3.138281637918737
2025-04-09,3.1313067310091243
2025-04-10,3.124337642676657
2025-04-11,3.1173799515027647
2025-04-14,3.1104280773633786
2025-04-15,3.103459703409524
2025-04-16,3.0965696712210966
2025-04-17,3.089612928818252
2025-04-22,3.0826564240643433
2025-04-23,3.0743055564871136
2025-04-24,3.0659717656664625
2025-04-25,3.0576271600370486
2025-04-28,3.0492717414122605
2025-04-29,3.0409278201859133
2025-04-30,3.0325173140356183
2025-05-02,3.0241740796708454
2025-05-05,3.0158367635729935
2025-05-06,3.0074997889283774
2025-05-07,2.9991631561797236
2025-05-08,2.9908380170849056
2025-05-09,2.98250206671561
2025-05-12,2.974177608831748
2025-05-13,2.9658590670760763
2025-05-14,2.9575408653211306
2025-05-15,2.9492174288067243
2025-05-16,2.940883183227688
2025-05-19,2.932549279204887
2025-05-20,2.924232438907893
2025-05-21,2.9159549547075208
2025-05-22,2.9076443664989293
2025-05-23,2.8993229702953407
2025-05-26,2.8909907676775584
2025-05-27,2.882686771832361
2025-05-28,2.8743496776227944
2025-05-29,2.86597948891245
2025-05-30,2.8576040723692966
2025-06-02,2.8492902952786947
2025-06-03,2.8409768579933727
2025-06-04,2.8326749038350436
2025-06-05,2.8243844314249404
2025-06-06,2.8160720123354888
2025-06-09,2.8091303759387802
2025-06-10,2.8022224017871427
2025-06-11,2.7939331139437797
2025-06-12,2.7856274528606457
2025-06-13,2.777327701557195
2025-06-16,2.7690171491108537
2025-06-17,2.7607125059606346
2025-06-18,2.752397062777013
2025-06-19,2.7440819585584175
2025-06-20,2.735767195796575
2025-06-23,2.7274973232462076
2025-06-24,2.7192500612905572
2025-06-25,2.7109585876436073
2025-06-26,2.702695293272867
2025-06-27,2.6944211989997795
2025-06-30,2.6861028993446667
