date,rate_pct
2007-08-24,5.314534696275142
2007-08-27,5.315688674193586
2007-08-28,5.317246566147205
2007-08-29,5.317938972813208
2007-08-30,5.3186313840316135
2007-08-31,5.319208397174036
2007-09-03,5.3197277115628605
2007-09-04,5.3211125582785845
2007-09-05,5.322266611118454
2007-09-06,5.322728236806751
2007-09-07,5.322901347293407
2007-09-10,5.32373804981261
2007-09-11,5.324719020792257
2007-09-12,5.3261039346561345
2007-09-13,5.327142632858073
2007-09-14,5.328614136086207
2007-09-17,5.330229925582142
2007-09-18,5.330749294885706
2007-09-19,5.330778148885806
2007-09-20,5.33072044096401
2007-09-21,5.3304319020668345
2007-09-24,5.330143363802153
2007-09-25,5.330229925163188
2007-09-26,5.330431901726973
2007-09-27,5.3307204400710795
2007-09-28,5.3299990922352825
2007-10-01,5.330114506940431
2007-10-02,5.330114506940697
2007-10-03,5.3295374327822165
2007-10-04,5.3288160962101205
2007-10-05,5.328123618222236
2007-10-08,5.327431144787331
2007-10-09,5.327229174530679
2007-10-10,5.325959648941914
2007-10-11,5.325238337069171
2007-10-12,5.324517030136389
2007-10-15,5.323968840621518
2007-10-16,5.323218689220077
2007-10-17,5.322641653158189
2007-10-18,5.321718403299314
2007-10-19,5.321083674237648
2007-10-22,5.320275842118827
2007-10-23,5.319266060544825
2007-10-24,5.318371691889601
2007-10-25,5.3179100858019135
2007-10-26,5.317419630811071
2007-10-29,5.31692917864226
2007-10-30,5.316323328452177
2007-10-31,5.315198184571979
2007-11-01,5.313957655592061
2007-11-02,5.311880514117906
2007-11-05,5.309803414180814
2007-11-06,5.307553266347598
2007-11-07,5.305793572949558
2007-11-08,5.304524307813607
2007-11-09,5.303226208544198
2007-11-12,5.301899279345501
2007-11-13,5.301005054984187
2007-11-14,5.300110837971417
2007-11-15,5.298841639939389
2007-11-16,5.297485922019041
2007-11-19,5.295986000154129
2007-11-20,5.294514943492312
2007-11-21,5.292899689925545
2007-11-22,5.291226775311442
2007-11-23,5.289813472189775
2007-11-26,5.287996402521999
2007-11-27,5.2855160010210955
2007-11-28,5.28343943473184
2007-11-29,5.281449430743068
2007-11-30,5.279834384684401
2007-12-03,5.277757929886229
2007-12-04,5.275594999391453
2007-12-05,5.272826506754802
2007-12-06,5.270606002739431
2007-12-07,5.268154848711237
2007-12-10,5.26579026235614
2007-12-11,5.263108531224403
2007-12-12,5.260369198993975
2007-12-13,5.257658773119944
2007-12-14,5.254804248379585
2007-12-17,5.252122798594683
2007-12-18,5.249008936238653
2007-12-19,5.2453762043005225
2007-12-20,5.242781487466885
2007-12-21,5.239956198019491
2007-12-24,5.2361796421532825
2007-12-25,5.2325185283429
2007-12-26,5.229664686954871
2007-12-27,5.226436188043526
2007-12-28,5.222861886241126
2007-12-31,5.216578244798997
2008-01-01,5.21023733743009
2008-01-02,5.206951791637038
2008-01-03,5.204098642821342
2008-01-04,5.201043839057151
2008-01-07,5.1981908520246645
2008-01-08,5.195395575370587
2008-01-09,5.192773267078898
2008-01-10,5.19006457881348
2008-01-11,5.187125443596408
2008-01-14,5.184244018205564
2008-01-15,5.181362671746448
2008-01-16,5.178394967003719
2008-01-17,5.175456157850089
2008-01-18,5.172344564513365
2008-01-21,5.169233063232559
2008-01-22,5.16476761235749
2008-01-23,5.159524534250903
2008-01-24,5.154224112883665
2008-01-25,5.149471249397042
2008-01-28,5.144430561422353
2008-01-29,5.1392749063004395
2008-01-30,5.133658678203967
2008-01-31,5.127869955493791
2008-02-01,5.121793571216626
2008-02-04,5.114824852741018
2008-02-05,5.107626234732043
2008-02-06,5.100946383859095
2008-02-07,5.094526073185479
2008-02-08,5.088192519590784
2008-02-11,5.081427536808247
2008-02-12,5.074806912427943
2008-02-13,5.068445760250895
2008-02-14,5.062084994916449
2008-02-15,5.0554656000869835
2008-02-18,5.048760293327392
2008-02-19,5.04211295804613
2008-02-20,5.035494826985598
2008-02-21,5.028963427328903
2008-02-22,5.022144736054623
2008-02-25,5.015441561552758
2008-02-26,5.008537429688431
2008-02-27,5.0019214013523605
2008-02-28,4.99567971572441
2008-02-29,4.989323352109398
2008-03-03,4.983226214069703
2008-03-04,4.97638172257735
2008-03-05,4.969710210792089
2008-03-06,4.963211651130761
2008-03-07,4.9567422396076255
2008-03-10,4.950158234781021
2008-03-11,4.943660878441536
2008-03-12,4.937163927906574
2008-03-13,4.9307248694046235
2008-03-14,4.924228723283197
2008-03-17,4.9168994526568754
2008-03-18,4.90804746181055
2008-03-19,4.898908844774841
2008-03-20,4.890259516565765
2008-03-21,4.8812086403632104
2008-03-24,4.8720436333501205
2008-03-25,4.863741273882249
2008-03-26,4.855324650786885
2008-03-27,4.846851254167883
2008-03-28,4.8377754075440205
2008-03-31,4.829906525544514
2008-04-01,4.821751063543833
2008-04-02,4.81302195238571
2008-04-03,4.804293570541596
2008-04-04,4.795766881300345
2008-04-07,4.787068652971738
2008-04-08,4.778342441969885
2008-04-09,4.769473451252471
2008-04-10,4.761006999257589
2008-04-11,4.7528855905323075
2008-04-14,4.7444778695939105
2008-04-15,4.735956060856816
2008-04-16,4.727607082322338
2008-04-17,4.71931614604435
2008-04-18,4.71093980327415
2008-04-21,4.70221994389477
2008-04-22,4.692898481693408
2008-04-23,4.684065394973014
2008-04-24,4.675319094792085
2008-04-25,4.666745559954832
2008-04-28,4.658344745920551
2008-04-29,4.649743917868032
2008-04-30,4.641573804931687
2008-05-01,4.632716381326518
2008-05-02,4.623057160962318
2008-05-05,4.613312853106555
2008-05-06,4.603798704074369
2008-05-07,4.594571965006655
2008-05-08,4.585116839804826
2008-05-09,4.575662564145921
2008-05-12,4.566123187264126
2008-05-13,4.55672790138415
2008-05-14,4.5474766802965805
2008-05-15,4.538254914251794
2008-05-16,4.528718957527178
2008-05-19,4.519298406248162
2008-05-20,4.509850085614642
2008-05-21,4.500860648522109
2008-05-22,4.491700246824282
2008-05-23,4.482597875659011
2008-05-26,4.47349629741034
2008-05-27,4.464710350338752
2008-05-28,4.4555531250517255
2008-05-29,4.446310850885227
2008-05-30,4.4370693868847955
2008-06-02,4.428000398414955
2008-06-03,4.418560320581655
2008-06-04,4.409178306103523
2008-06-05,4.39976853604529
2008-06-06,4.390588389835992
2008-06-09,4.3814376469323735
2008-06-10,4.371944598995414
2008-06-11,4.3625095884922915
2008-06-12,4.353304132702118
2008-06-13,4.3440709081017825
2008-06-16,4.334981414497641
2008-06-17,4.325292520705393
2008-06-18,4.31549021672768
2008-06-19,4.305860297079556
2008-06-20,4.296516981535881
2008-06-23,4.287145932659464
2008-06-24,4.277718582617518
2008-06-25,4.268120720211255
2008-06-26,4.25886648031546
2008-06-27,4.249584489125513
2008-06-30,4.241645525692173
2008-07-01,4.232707730720642
2008-07-02,4.2233424074134
2008-07-03,4.213835179542946
2008-07-04,4.204328818919789
2008-07-07,4.194937513283836
2008-07-08,4.185547048884231
2008-07-09,4.1761859732278195
2008-07-10,4.166825743792946
2008-07-11,4.157494877315071
2008-07-14,4.148421636495225
2008-07-15,4.139548901372403
2008-07-16,4.130191948398942
2008-07-17,4.120978467382663
2008-07-18,4.111623185528401
2008-07-21,4.102154681256942
2008-07-22,4.092744064366616
2008-07-23,4.083134733927674
2008-07-24,4.073868405607839
2008-07-25,4.06503052150029
2008-07-28,4.0557087811101455
2008-07-29,4.046672906327586
2008-07-30,4.037523813758037
2008-07-31,4.028546521730547
2008-08-01,4.019427519941643
2008-08-04,4.010081365011509
2008-08-05,4.000736049834042
2008-08-06,3.991448557931543
2008-08-07,3.981962493755642
2008-08-08,3.9727336415091408
2008-08-11,3.9634201661631785
2008-08-12,3.953993608983075
2008-08-13,3.9446533358543867
2008-08-14,3.935598643268845
2008-08-15,3.9266016748416677
2008-08-18,3.9170076476858995
2008-08-19,3.907585296234628
2008-08-20,3.89822073173105
2008-08-21,3.888885477471038
2008-08-22,3.8795510645400766
2008-08-25,3.870331301753893
2008-08-26,3.8608847160640947
2008-08-27,3.8516950508730385
2008-08-28,3.8422786343355275
2008-08-29,3.832720842557036
2008-09-01,3.8232208116682598
2008-09-02,3.8138354072448255
2008-09-03,3.8046499125497624
2008-09-04,3.795323060516731
2008-09-05,3.785997041392264
2008-09-08,3.7764159968358912
2008-09-09,3.7672053751209633
2008-09-10,3.7584787989682678
2008-09-11,3.749298199735951
2008-09-12,3.740345780855847
2008-09-15,3.7329855342397966
2008-09-16,3.723835599068215
2008-09-17,3.717044784746104
2008-09-18,3.708294027377179
2008-09-19,3.6976121859336963
2008-09-22,3.686874646961469
2008-09-23,3.676081404462539
2008-09-24,3.664664462956546
2008-09-25,3.6532771852806123
2008-09-26,3.6414652472383846
2008-09-29,3.631017415855742
2008-09-30,3.6219900294803153
2008-10-01,3.6104655024466803
2008-10-02,3.5974663877438084
2008-10-03,3.585632440622555
2008-10-06,3.576268513696279
2008-10-07,3.569685989822302
2008-10-08,3.561146265951942
2008-10-09,3.550224263962387
2008-10-10,3.537601459730144
2008-10-13,3.524980194221272
2008-10-14,3.513267950025223
2008-10-15,3.501330191536689
2008-10-16,3.4888267573405685
2008-10-17,3.47553107889238
2008-10-20,3.462520562124949
2008-10-21,3.4494266558718456
2008-10-22,3.4368444805862097
2008-10-23,3.424518858826975
2008-10-24,3.4123930088950205
2008-10-27,3.400155271578442
2008-10-28,3.3873524700636315
2008-10-29,3.3735033893538935
2008-10-30,3.359486259166511
2008-10-31,3.3452162112131534
2008-11-03,3.330948137324219
2008-11-04,3.316710335178996
2008-11-05,3.302474494837515
2008-11-06,3.288184027918861
2008-11-07,3.274065294390893
2008-11-10,3.260089930243204
2008-11-11,3.2461730224248253
2008-11-12,3.2322580131324274
2008-11-13,3.218373154160137
2008-11-14,3.2045184300588447
2008-11-17,3.190609042387016
2008-11-18,3.17684285078379
2008-11-19,3.1630502358807266
2008-11-20,3.1495703223114235
2008-11-21,3.1361769567070485
2008-11-24,3.122926592036257
2008-11-25,3.1097908994982992
2008-11-26,3.0964874089546734
2008-11-27,3.083157396954439
2008-11-28,3.0698855733698682
2008-12-01,3.0566154585148775
2008-12-02,3.0431494449857377
2008-12-03,3.0293746945854405
2008-12-04,3.0150937762754015
2008-12-05,3.0006172987530055
2008-12-08,2.9859453766892807
2008-12-09,2.971416584725639
2008-12-10,2.956889834459786
2008-12-11,2.9424779428262937
2008-12-12,2.928096267929936
2008-12-15,2.913772997008457
2008-12-16,2.8994517153619004
2008-12-17,2.8847942038289
2008-12-18,2.870223314740361
2008-12-19,2.855739015965697
2008-12-22,2.841144070189161
2008-12-23,2.826579362978321
2008-12-24,2.8119603912979407
2008-12-25,2.7975124556918196
2008-12-26,2.7830102311033666
2008-12-29,2.7684819046976727
2008-12-30,2.7539274801724245
2008-12-31,2.7394877116684757
2009-01-01,2.7246560168528555
2009-01-02,2.7117115555486127
2009-01-05,2.6984874066132702
2009-01-06,2.6859681893057097
2009-01-07,2.673028613736661
2009-01-08,2.6593313651334327
2009-01-09,2.645776531628008
2009-01-12,2.6319142316025834
2009-01-13,2.618447354447828
2009-01-14,2.605460086570832
2009-01-15,2.5922496428601782
2009-01-16,2.578422705528971
2009-01-19,2.564148098400887
2009-01-20,2.5498192980541123
2009-01-21,2.5364194175433674
2009-01-22,2.522965111310871
2009-01-23,2.5095406404108456
2009-01-26,2.496146008315514
2009-01-27,2.4819951395937068
2009-01-28,2.467986575445913
2009-01-29,2.4546535196212194
2009-01-30,2.44165894723285
2009-02-02,2.428104851521784
2009-02-03,2.4145806040507756
2009-02-04,2.400721529032235
2009-02-05,2.387088703948681
2009-02-06,2.373008998007986
2009-02-09,2.3586788693397143
2009-02-10,2.3455562925168927
2009-02-11,2.3328839131370405
2009-02-12,2.320157047771998
2009-02-13,2.307431761727474
2009-02-16,2.294764102909519
2009-02-17,2.281957929040801
2009-02-18,2.2689292297443764
2009-02-19,2.2557061021845293
2009-02-20,2.2434369569775736
2009-02-23,2.230189113760672
2009-02-24,2.217391009944092
2009-02-25,2.204874484999464
2009-02-26,2.1922195247760623
2009-02-27,2.179482159252477
2009-03-02,2.166746381330209
2009-03-03,2.1535644456545544
2009-03-04,2.141503422450941
2009-03-05,2.128772371271004
2009-03-06,2.116042906905524
2009-03-09,2.1031472102068127
2009-03-10,2.090616704542936
2009-03-11,2.078003844244458
2009-03-12,2.0653925387563055
2009-03-13,2.0524752648350075
2009-03-16,2.039867120202432
2009-03-17,2.027372329644761
2009-03-18,2.014627551355175
2009-03-19,2.001521115576188
2009-03-20,1.988611935754414
2009-03-23,1.97556471194118
2009-03-24,1.962686744909914
2009-03-25,1.950313107004531
2009-03-26,1.9379409673075942
2009-03-27,1.9264079718287475
2009-03-30,1.9148762843226308
2009-03-31,1.9035413099630638
2009-04-01,1.891733086904246
2009-04-02,1.8793959648161662
2009-04-03,1.867227758482648
2009-04-06,1.8550889108850166
2009-04-07,1.8426167259352422
2009-04-08,1.8301739633628467
2009-04-09,1.817900071802181
2009-04-10,1.8057392170391262
2009-04-13,1.7935240376606876
2009-04-14,1.7813939794959044
2009-04-15,1.7692932453436283
2009-04-16,1.757166071279892
2009-04-17,1.744817360715989
2009-04-20,1.7323308101978574
2009-04-21,1.7205145578885306
2009-04-22,1.7083096108926776
2009-04-23,1.696106134994424
2009-04-24,1.6835698594172221
2009-04-27,1.671452907081461
2009-04-28,1.6593652437627338
2009-04-29,1.6478637750744207
2009-04-30,1.6359181394661304
2009-05-01,1.6242523024618372
2009-05-04,1.6124486261504423
2009-05-05,1.6010638022055046
2009-05-06,1.5896524180724958
2009-05-07,1.5781866628610253
2009-05-08,1.5668613149090849
2009-05-11,1.555342488615885
2009-05-12,1.5442144043109618
2009-05-13,1.5335881959078534
2009-05-14,1.5218784634483562
2009-05-15,1.5104481621114108
2009-05-18,1.4997698769662504
2009-05-19,1.4890649100031572
2009-05-20,1.4776104948901914
2009-05-21,1.4665465229920738
2009-05-22,1.4558728589573855
2009-05-25,1.4478404509192577
2009-05-26,1.439836470417366
2009-05-27,1.4288877592807392
2009-05-28,1.4175512748423325
2009-05-29,1.4064660777609816
2009-06-01,1.3951876642422256
2009-06-02,1.3838827288522593
2009-06-03,1.3726345971262432
2009-06-04,1.361359943251239
2009-06-05,1.350197602147829
2009-06-08,1.3390087293939201
2009-06-09,1.3277378092092729
2009-06-10,1.3165236520309875
2009-06-11,1.305255229548874
2009-06-12,1.2941545519846276
2009-06-15,1.283193834059282
2009-06-16,1.2735937101628902
2009-06-17,1.264743507210997
2009-06-18,1.2558108639831422
2009-06-19,1.2465184389512052
2009-06-22,1.2374764662608229
2009-06-23,1.2285184946217775
2009-06-24,1.2200604286459527
2009-06-25,1.2116585182638584
2009-06-26,1.2035068239417246
2009-06-29,1.1961597397139645
2009-06-30,1.1892567333961157
2009-07-01,1.1816612201731802
2009-07-02,1.173733671389221
2009-07-03,1.1657235985236714
2009-07-06,1.1582406970729098
2009-07-07,1.1506752181261293
2009-07-08,1.142750094913425
2009-07-09,1.1347701787182363
2009-07-10,1.1269571144141288
2009-07-13,1.1190892461773405
2009-07-14,1.111305088496306
2009-07-15,1.103383045580597
2009-07-16,1.095461625525207
2009-07-17,1.0876515979629575
2009-07-20,1.0797591012626784
2009-07-21,1.0722548612604133
2009-07-22,1.06452968437587
2009-07-23,1.0564728863599715
2009-07-24,1.0485551417013461
2009-07-27,1.0404165794389408
2009-07-28,1.0328045501043714
2009-07-29,1.0251654224902262
2009-07-30,1.0173608298667869
2009-07-31,1.0096675287451173
2009-08-03,1.0018918050096692
2009-08-04,0.9941996798738639
2009-08-05,0.9864528099868153
2009-08-06,0.9786788711905414
2009-08-07,0.9708778698363174
2009-08-10,0.9639072435010387
2009-08-11,0.9583753019805963
2009-08-12,0.9530372592080116
2009-08-13,0.9473123255702154
2009-08-14,0.9419748677377271
2009-08-17,0.9366929996362794
2009-08-18,0.9304712872335141
2009-08-19,0.9245817431815739
2009-08-20,0.9187754845113805
2009-08-21,0.9134395369895021
2009-08-24,0.9069428170951577
2009-08-25,0.9007782195406433
2009-08-26,0.8951668127758383
2009-08-27,0.8895004379101179
2009-08-28,0.8836409174055593
2009-08-31,0.8778646469761897
2009-09-01,0.8721163417776845
2009-09-02,0.8664788975319748
2009-09-03,0.8605378217742876
2009-09-04,0.8544036887313533
2009-09-07,0.848408068288542
2009-09-08,0.8424128042749501
2009-09-09,0.8363350227574617
2009-09-10,0.8302299862792628
2009-09-11,0.8242358029210806
2009-09-14,0.8183800761036419
2009-09-15,0.8133532419024814
2009-09-16,0.8078019340076015
2009-09-17,0.8020023921692099
2009-09-18,0.7961479566361618
2009-09-21,0.7902386354228685
2009-09-22,0.7845505444391998
2009-09-23,0.7784210327883567
2009-09-24,0.772844036509146
2009-09-25,0.7680127106417967
2009-09-28,0.7632644312569603
2009-09-29,0.75829554398541
2009-09-30,0.7529404664608386
2009-10-01,0.7477512828554911
2009-10-02,0.7426727662063204
2009-10-05,0.7378428868322295
2009-10-06,0.7328476579325116
2009-10-07,0.7276043218618078
2009-10-08,0.7223336636476452
2009-10-09,0.7173943884904554
2009-10-12,0.7123449916300206
2009-10-13,0.7071854897743979
2009-10-14,0.7019158999929109
2009-10-15,0.6966190008180329
2009-10-16,0.6914603046064061
2009-10-19,0.6863018726753323
2009-10-20,0.6804817324552292
2009-10-21,0.6750480544561732
2009-10-22,0.6698077240933076
2009-10-23,0.664650400012734
2009-10-26,0.6592727290461342
2009-10-27,0.6541986696653179
2009-10-28,0.6490421452382433
2009-10-29,0.6438858849804108
2009-10-30,0.6386471766683721
2009-11-02,0.6334087424766599
2009-11-03,0.6283359882440775
2009-11-04,0.6233186241992206
2009-11-05,0.6181361194820489
2009-11-06,0.6128987529301577
2009-11-09,0.6075514102436674
2009-11-10,0.6027555699356535
2009-11-11,0.598042637326901
2009-11-12,0.5930267823448965
2009-11-13,0.5878733931712343
2009-11-16,0.5827478234212036
2009-11-17,0.5777602851301911
2009-11-18,0.5726352293010217
2009-11-19,0.5672900250632829
2009-11-20,0.5621104032058621
2009-11-23,0.5556362944826088
2009-11-24,0.5501542629989364
2009-11-25,0.5450857040909751
2009-11-26,0.5401000319640081
2009-11-27,0.5351421508424714
2009-11-30,0.5300192694766448
2009-12-01,0.5249517283148153
2009-12-02,0.5198293662132647
2009-12-03,0.5146521916079339
2009-12-04,0.5095578882988505
2009-12-07,0.5042160379402194
2009-12-08,0.4985991483997143
2009-12-09,0.4935607206872472
2009-12-10,0.4883023090051619
2009-12-11,0.483236869334025
2009-12-14,0.4781166314569818
2009-12-15,0.47305170661589013
2009-12-16,0.4678218948510615
2009-12-17,0.4625097865408101
2009-12-18,0.45697779033477826
2009-12-21,0.45180385142060686
2009-12-22,0.4464925885895088
2009-12-23,0.4412091217308678
2009-12-24,0.4357608420826331
2009-12-25,0.4304504260504105
2009-12-28,0.4253603902721892
2009-12-29,0.4202706124674327
2009-12-30,0.4150435437619393
2009-12-31,0.4097892304820938
2010-01-01,0.4043976592538634
2010-01-04,0.3992539335659906
2010-01-05,0.39422048645676444
2010-01-06,0.3891047845111073
2010-01-07,0.38363182889376013
2010-01-08,0.37821417174401795
2010-01-11,0.37326427225861103
2010-01-12,0.3682321267447719
2010-01-13,0.3630902524116353
2010-01-14,0.3578661600536881
2010-01-15,0.35264234105159
2010-01-18,0.34744628488876383
2010-01-19,0.3426353537529181
2010-01-20,0.3375497700280672
2010-01-21,0.33240946896349044
2010-01-22,0.32737937167728326
2010-01-25,0.3223770120642566
2010-01-26,0.3173199363972756
2010-01-27,0.3121257091569074
2010-01-28,0.30698671056863525
2010-01-29,0.30190293220224707
2010-02-01,0.29701175422549575
2010-02-02,0.29201091149284597
2010-02-03,0.28654325367669653
2010-02-04,0.2814330413476007
2010-02-05,0.2760209027831806
2010-02-08,0.26912570801187474
2010-02-09,0.26404384991651764
2010-02-10,0.2566825615352153
2010-02-11,0.25107950592337946
2010-02-12,0.24734427469097486
2010-02-15,0.24352679402954713
2010-02-16,0.23987423079978587
2010-02-17,0.2369357878220013
2010-02-18,0.23388758920712682
2010-02-19,0.23127883918634407
2010-02-22,0.22732467828148195
2010-02-23,0.22208019762817166
2010-02-24,0.219224644764493
2010-02-25,0.21771451978467304
2010-02-26,0.2150512799621085
2010-03-01,0.21005452380638
2010-03-02,0.20228544489855338
2010-03-03,0.19654818667598217
2010-03-04,0.1931443797054122
2010-03-05,0.1914425055948632
2010-03-08,0.18968576216003008
2010-03-09,0.1870507155905532
2010-03-10,0.18458042034332767
2010-03-11,0.1827140103276781
2010-03-12,0.18153379501544276
2010-03-15,0.18016147155597295
2010-03-16,0.17887150411435293
2010-03-17,0.17714242771744715
2010-03-18,0.17508404573030045
2010-03-19,0.1729708181370304
2010-03-22,0.1709399652597865
2010-03-23,0.16956778579062526
2010-03-24,0.1690463603065684
2010-03-25,0.16868959677271977
2010-03-26,0.16855238021669106
2010-03-29,0.16836027735436243
2010-03-30,0.1681681748599173
2010-03-31,0.16778397060837058
2010-04-01,0.16761931227500249
2010-04-02,0.16742721141271844
2010-04-05,0.1671802251980381
2010-04-06,0.16693323959275919
2010-04-07,0.16649415587670635
2010-04-08,0.16605507408533615
2010-04-09,0.16564343659759562
2010-04-12,0.16514947404773217
2010-04-13,0.1646555140699668
2010-04-14,0.16416155652794195
2010-04-15,0.1634206261016402
2010-04-16,0.1624327283392457
2010-04-19,0.16128019389596293
2010-04-20,0.16020999477650566
2010-04-21,0.1593044498627405
2010-04-22,0.15839891313538246
2010-04-23,0.1575208246141102
2010-04-26,0.15664274379039167
2010-04-27,0.1559018685757918
2010-04-28,0.15546283333611743
2010-04-29,0.15543539363358505
2010-04-30,0.1556549116743744
2010-05-03,0.15587443019624558
2010-05-04,0.15609394913917995
2010-05-05,0.15636834856966875
2010-05-06,0.1565329885437894
2010-05-07,0.15667018870999527
2010-05-10,0.15672506880659576
2010-05-11,0.15680738901913127
2010-05-12,0.1570269100670929
2010-05-13,0.15727387185477948
2010-05-14,0.15752083425160102
2010-05-17,0.1577952375913627
2010-05-18,0.15806964168283422
2010-05-19,0.15831660604186393
2010-05-20,0.15856357100976215
2010-05-21,0.1588654179914828
2010-05-24,0.15916726579978668
2010-05-25,0.15949655540075103
2010-05-26,0.15966120051711385
2010-05-27,0.15982584590401583
2010-05-28,0.1601276967722054
2010-05-31,0.1603472251576088
2010-06-01,0.16064907751462965
2010-06-02,0.16089604823372738
2010-06-03,0.16114301962957267
2010-06-04,0.16141743304336487
2010-06-07,0.1616644057247596
2010-06-08,0.1619113790153337
2010-06-09,0.16199370353553455
2010-06-10,0.16199370353560116
2010-06-11,0.16196626203650588
2010-06-14,0.16193882054464925
2010-06-15,0.1619113790680693
2010-06-16,0.1618016132809874
2010-06-17,0.16174673041806642
2010-06-18,0.1617467304179776
2010-06-21,0.16169184755514543
2010-06-22,0.16169184755487898
2010-06-23,0.1616369647219118
2010-06-24,0.16144487512157468
2010-06-25,0.16125278589007586
2010-06-28,0.16106069707877424
2010-06-29,0.16081372622442913
2010-06-30,0.16040210914849418
2010-07-01,0.1602374629496417
2010-07-02,0.16010025800954342
2010-07-05,0.15999049417787514
2010-07-06,0.1598258487005122
2010-07-07,0.15971608516958113
2010-07-08,0.15955144009827116
2010-07-09,0.15944167686792188
2010-07-12,0.1593044729802262
2010-07-13,0.15908494724126143
2010-07-14,0.1589203032075437
2010-07-15,0.15886542192307118
2010-07-16,0.15883798128843996
2010-07-19,0.15883798128837334
2010-07-20,0.1587556594293993
2010-07-21,0.15867333763830427
2010-07-22,0.15856357536998544
2010-07-23,0.15848125375921285
2010-07-26,0.15839893221607504
2010-07-27,0.15837149170905285
2010-07-28,0.15834405121737394
2010-07-29,0.1583166107255396
2010-07-30,0.15826172975688113
2010-08-02,0.1582342892874511
2010-08-03,0.1582068488257482
2010-08-04,0.15820684882588143
2010-08-05,0.15823428929526706
2010-08-06,0.158316610793241
2010-08-09,0.15826172982451592
2010-08-10,0.1582068488860333
2010-08-11,0.15817940841651446
2010-08-12,0.15820684888607772
2010-08-13,0.15823428935535233
2010-08-16,0.1583166108082068
2010-08-17,0.1583989323289181
2010-08-18,0.1584538133878155
2010-08-19,0.15853613504352992
2010-08-20,0.15867333795414051
2010-08-23,0.15875565979046602
2010-08-24,0.1588379816944263
2010-08-25,0.15892030366617682
2010-08-26,0.15900262570558432
2010-08-27,0.15916727005520492
2010-08-30,0.15930447386756086
2010-08-31,0.15949655946827512
2010-09-01,0.15963376373162586
2010-09-02,0.15977096818311498
2010-09-03,0.1598807318647033
2010-09-06,0.1600453776574362
2010-09-07,0.1601551416097413
2010-09-08,0.16023746466387045
2010-09-09,0.16031978780828293
2010-09-10,0.16045699323732343
2010-09-13,0.16056675770079742
2010-09-14,0.1606765222543105
2010-09-15,0.1608411692651579
2010-09-16,0.16095093405941174
2010-09-17,0.1610881402399844
2010-09-20,0.16119790530457756
2010-09-21,0.16130767051976136
2010-09-22,0.161389994476413
2010-09-23,0.16138999447623537
2010-09-24,0.16136255316525627
2010-09-27,0.1612802292537019
2010-09-28,0.16125278795726672
2010-09-29,0.16128022926131802
2010-09-30,0.16119790532747036
2010-10-01,0.16128022921626517
2010-10-04,0.16136255317247272
2010-10-05,0.16147231856840083
2010-10-06,0.1615546427053527
2010-10-07,0.16160952550823282
2010-10-08,0.16163696691753326
2010-10-11,0.16169184976564388
2010-10-12,0.16177417410525585
2010-10-13,0.1618839400121974
2010-10-14,0.161938822980634
2010-10-15,0.16202114747843055
2010-10-18,0.16207603052209585
2010-10-19,0.16210347205158904
2010-10-20,0.16215835514028498
2010-10-21,0.1622132382591568
2010-10-22,0.1622132382591568
2010-10-25,0.162158355170261
2010-10-26,0.1621309136336846
2010-10-27,0.1620760305900415
2010-10-28,0.16204858907555852
2010-10-29,0.16202114757606356
2010-11-01,0.16199370608462882
2010-11-02,0.16204858909805164
2010-11-03,0.16210347214173915
2010-11-04,0.1621583552305239
2010-11-05,0.1621857967898599
2010-11-08,0.16207603067255327
2010-11-09,0.16193882317605546
2010-11-10,0.16174673304976128
2010-11-11,0.161527201957945
2010-11-12,0.16136255399992194
2010-11-15,0.16128023013359805
2010-11-16,0.16119790633493114
2010-11-17,0.16117046506878285
2010-11-18,0.16119790634239184
2010-11-19,0.16128023020880455
2010-11-22,0.16133511284657231
2010-11-23,0.16128023025414606
2010-11-24,0.1612802302538574
2010-11-25,0.1613625542102648
2010-11-26,0.1614723196061929
2010-11-29,0.16152720233388873
2010-11-30,0.16158208509191585
2010-12-01,0.16169185072789638
2010-12-02,0.1618016165142233
2010-12-03,0.16188394094462932
2010-12-06,0.16202114851586735
2010-12-07,0.16213091472359054
2010-12-08,0.1622132394469622
2010-12-09,0.16224068103649625
2010-12-10,0.16226812263366863
2010-12-13,0.16232300584262394
2010-12-14,0.16246021397765542
2010-12-15,0.16262486396585452
2010-12-16,0.16276207247698515
2010-12-17,0.16289928117647623
2010-12-20,0.16303649002602505
2010-12-21,0.16317369910092694
2010-12-22,0.16322858277644237
2010-12-23,0.16328346648160075
2010-12-24,0.16331090834171835
2010-12-27,0.1633383502095409
2010-12-28,0.16336579209210722
2010-12-29,0.16339323398233407
2010-12-30,0.16344811777795343
2010-12-31,0.16333835012671827
2011-01-03,0.16339323389220617
2011-01-04,0.1634481177026803
2011-01-05,0.16353044348613732
2011-01-06,0.16358532738676157
2011-01-07,0.1636402113176061
2011-01-10,0.16364021131758388
2011-01-11,0.1636402113177171
2011-01-12,0.16361276935246138
2011-01-13,0.16358532739446652
2011-01-14,0.1635853273943555
2011-01-17,0.16358532739422227
2011-01-18,0.1636950952559335
2011-01-19,0.16377742124253913
2011-01-20,0.16388718934452484
2011-01-21,0.16396951551129746
2011-01-24,0.1640518417235004
2011-01-25,0.16410672590971842
2011-01-26,0.1641341680106434
2011-01-27,0.1641890522420919
2011-01-28,0.16424393650358304
2011-01-31,0.16429882079513902
2011-02-01,0.16438114727794773
2011-02-02,0.1644634738282802
2011-02-03,0.1644909160263941
2011-02-04,0.16454580045375256
2011-02-07,0.16457324267462603
2011-02-08,0.1645458004534861
2011-02-09,0.1644909160264163
2011-02-10,0.1644634738208639
2011-02-11,0.16443603162192844
2011-02-14,0.16443603162243914
2011-02-15,0.16446347382057525
2011-02-16,0.16446347382073068
2011-02-17,0.16449091603396582
2011-02-18,0.16454580049110046
2011-02-21,0.16460068497827773
2011-02-22,0.1647104540731581
2011-02-23,0.16492999274346776
2011-02-24,0.16503976219885974
2011-02-25,0.16509464695662057
2011-02-28,0.1651769741384479
2011-03-01,0.16525930141058076
2011-03-02,0.16534162872767766
2011-03-03,0.16542395613485805
2011-03-04,0.16550628361013953
2011-03-07,0.1655611686384839
2011-03-08,0.16561605369700416
2011-03-09,0.1656709387858557
2011-03-10,0.16569838133762005
2011-03-11,0.16572582390455004
2011-03-14,0.1657807090532426
2011-03-15,0.16583559423204441
2011-03-16,0.16591792206801514
2011-03-17,0.16600024997173168
2011-03-18,0.1661100206000965
2011-03-21,0.16619234866162014
2011-03-22,0.16627467679057872
2011-03-23,0.16635700498757178
2011-03-24,0.1664118904969092
2011-03-25,0.16646677603693316
2011-03-28,0.16649421881407278
2011-03-29,0.166521661599206
2011-03-30,0.16652166159936144
2011-03-31,0.1664393332446279
2011-04-01,0.16641189047477134
2011-04-04,0.16632956218765038
2011-04-05,0.16621979125850395
2011-04-06,0.1661374631521495
2011-04-07,0.16608257777750435
2011-04-08,0.1660002497612556
2011-04-11,0.16591792181250842
2011-04-12,0.16580815130449178
2011-04-13,0.165725823491214
2011-04-14,0.16567093832715596
2011-04-15,0.16569838089417477
2011-04-18,0.1656434957603592
2011-04-19,0.16561605320868367
2011-04-20,0.16558861065665287
2011-04-21,0.16556116811248245
2011-04-22,0.16550628305371795
2011-04-25,0.1654239555336945
2011-04-26,0.16531418559677657
2011-04-27,0.16520441578082856
2011-04-28,0.1650946460845404
2011-04-29,0.1650123188800201
2011-05-02,0.16492999174326783
2011-05-03,0.16484766467448342
2011-05-04,0.1647653376729563
2011-05-05,0.16468301073926384
2011-05-06,0.16460068387313953
2011-05-09,0.164518357074539
2011-05-10,0.16440858813067116
2011-05-11,0.16427137713848072
2011-05-12,0.16416160846459693
2011-05-13,0.16407928202708533
2011-05-16,0.16402439778051559
2011-05-17,0.1639420714556028
2011-05-18,0.16391462936264922
2011-05-19,0.16385974519119717
2011-05-20,0.16383230312031483
2011-05-23,0.16377741900912568
2011-05-24,0.1637225349281124
2011-05-25,0.16366765086190949
2011-05-26,0.1637774191147745
2011-05-27,0.16391462958031955
2011-05-30,0.1638597454242552
2011-05-31,0.16380486129781158
2011-06-01,0.16374997720176587
2011-06-02,0.16374997720172146
2011-06-03,0.16374997720181028
2011-06-06,0.1637225351610816
2011-06-07,0.16366765109521175
2011-06-08,0.16361276705887384
2011-06-09,0.16355788305297825
2011-06-10,0.16347555711175854
2011-06-13,0.16342067319603526
2011-06-14,0.16333834738975206
2011-06-15,0.16325602165159214
2011-06-16,0.16320113785612822
2011-06-17,0.1631736959660124
2011-06-20,0.1630913703405623
2011-06-21,0.16300904478239175
2011-06-22,0.16292671929254432
2011-06-23,0.1628169520621725
2011-06-24,0.16270718495250414
2011-06-27,0.16254253455878498
2011-06-28,0.1623778844352941
2011-06-29,0.16221323453735614
2011-06-30,0.16202114335848172
2011-07-01,0.1618839355990831
2011-07-04,0.16174672802744539
2011-07-05,0.16160952064427914
2011-07-06,0.16147231341059332
2011-07-07,0.16133510636531234
2011-07-08,0.16119789950810315
2011-07-11,0.16106069283887692
2011-07-12,0.16086860381783197
2011-07-13,0.16070395635585655
2011-07-14,0.16053930916479775
2011-07-15,0.1603472211433088
2011-07-18,0.16018257453842555
2011-07-19,0.1600179282043479
2011-07-20,0.15988072311377
2011-07-21,0.15971607727591763
2011-07-22,0.15952399083336566
2011-07-25,0.15930446395142628
2011-07-26,0.1590849375508796
2011-07-27,0.15886541169150004
2011-07-28,0.15864588637370947
2011-07-29,0.15848124279118636
2011-08-01,0.1585361239250016
2011-08-02,0.15859100510404733
2011-08-03,0.1585361238946703
2011-08-04,0.15837148040256377
2011-08-05,0.15812451570502706
2011-08-08,0.15787755181984053
2011-08-09,0.15760314817940824
2011-08-10,0.1573836257485528
2011-08-11,0.1571366635545024
2011-08-12,0.1569171421458071
2011-08-15,0.15669762121817143
2011-08-16,0.15647810071155455
2011-08-17,0.15625858068628595
2011-08-18,0.15603906114178834
2011-08-19,0.1558195420785724
2011-08-22,0.1556274632667609
2011-08-23,0.15540794504536048
2011-08-24,0.15538050527532654
2011-08-25,0.15513354795320122
2011-08-26,0.1548317122183951
2011-08-29,0.15452987739303925
2011-08-30,0.15420060403070757
2011-08-31,0.15389877102454097
2011-09-01,0.15359693892813553
2011-09-02,0.1532951077412248
2011-09-05,0.15299327746414182
2011-09-06,0.152691448179465
2011-09-07,0.1523896198043051
2011-09-08,0.1520329148131161
2011-09-09,0.15170364974987915
2011-09-12,0.15140182435200433
2011-09-13,0.15109999986295808
2011-09-14,0.15077073777676198
2011-09-15,0.15046891519010508
2011-09-16,0.15016709351285407
2011-09-19,0.14986527274543082
2011-09-20,0.1495634528876133
2011-09-21,0.14923419585302078
2011-09-22,0.1489323778138374
2011-09-23,0.1486031228542073
2011-09-26,0.14827386897668937
2011-09-27,0.14791717854674147
2011-09-28,0.14756048938704414
2011-09-29,0.14723123893751744
2011-09-30,0.14684711467571887
2011-10-03,0.14651786657158272
2011-10-04,0.1461611822978881
2011-10-05,0.14580449929486594
2011-10-06,0.14544781756213876
2011-10-07,0.14509113709968435
2011-10-10,0.1447070211518353
2011-10-11,0.14432290667731884
2011-10-12,0.1439662302214817
2011-10-13,0.1436095550357841
2011-10-14,0.14325288112038148
2011-10-17,0.1428687722231814
2011-10-18,0.14248466479960253
2011-10-19,0.1421279948909726
2011-10-20,0.14177132625217137
2011-10-21,0.14144209474538094
2011-10-24,0.1411128643207915
2011-10-25,0.14075619929758698
2011-10-26,0.14042697121818826
2011-10-27,0.14009774413092924
2011-10-28,0.13976851812613766
2011-10-31,0.13949416402407877
2011-11-01,0.13919237533857043
2011-11-02,0.13891802273990894
2011-11-03,0.13867110607750366
2011-11-04,0.13839675490707748
2011-11-07,0.13812240448802804
2011-11-08,0.13782061993667938
2011-11-09,0.13751883629467
2011-11-10,0.13721705356233294
2011-11-11,0.13694270637532036
2011-11-14,0.13669579451593972
2011-11-15,0.13644888333308458
2011-11-16,0.1362019726911523
2011-11-17,0.13598249704627197
2011-11-18,0.13576302188205158
2011-11-21,0.1355161129316329
2011-11-22,0.1353240730051164
2011-11-23,0.1353240730050942
2011-11-24,0.1351045993442268
2011-11-25,0.13480282380509134
2011-11-28,0.13452848323238786
2011-11-29,0.134254143411483
2011-11-30,0.13403467215578058
2011-12-01,0.13378776746673093
2011-12-02,0.13351342967540258
2011-12-05,0.1332665262715249
2011-12-06,0.13301962347653795
2011-12-07,0.1327727212903529
2011-12-08,0.13244351936791965
2011-12-09,0.132114318527643
2011-12-12,0.13178511876947852
2011-12-13,0.13148335323382998
2011-12-14,0.13118158860783158
2011-12-15,0.13087982489123906
2011-12-16,0.13055062919158367
2011-12-19,0.13022143457444013
2011-12-20,0.12989224103945318
2011-12-21,0.12953561598019192
2011-12-22,0.1292064246999125
2011-12-23,0.12893209945969986
2011-12-26,0.12863034260501838
2011-12-27,0.12830115430111366
2011-12-28,0.12797196707907688
2011-12-29,0.12764278093988501
2011-12-30,0.127258731601132
2012-01-02,0.1268746837355783
2012-01-03,0.12657293299851435
2012-01-04,0.12629861489836802
2012-01-05,0.12599686589744863
2012-01-06,0.12566768625144054
2012-01-09,0.12533850777787237
2012-01-10,0.12500933038632756
2012-01-11,0.12470758535338966
2012-01-12,0.12440584123021292
2012-01-13,0.12410409809906486
2012-01-16,0.12382978691281021
2012-01-17,0.12355547647826537
2012-01-18,0.12328116679565237
2012-01-19,0.12303428875699574
2012-01-20,0.12275998050197412
2012-01-23,0.1224856729986401
2012-01-24,0.12215650507645393
2012-01-25,0.12185476864099432
2012-01-26,0.12155303311522925
2012-01-27,0.12127872891836144
2012-01-30,0.1210044254729592
2012-01-31,0.1207575531159577
2012-02-01,0.12053811150196658
2012-02-02,0.12034610045796867
2012-02-03,0.12015408978245379
2012-02-06,0.11996207947500004
2012-02-07,0.11974263960461418
2012-02-08,0.1194683405178143
2012-02-09,0.11919404218254659
2012-02-10,0.11894717435725344
2012-02-13,0.118700307140851
2012-02-14,0.11848087009598274
2012-02-15,0.11823400402921624
2012-02-16,0.11798713850352804
2012-02-17,0.11765798537108907
2012-02-20,0.1173836918453075
2012-02-21,0.11713682834890715
2012-02-22,0.1168351070414353
2012-02-23,0.11664310294123847
2012-02-24,0.11634138320433252
2012-02-27,0.1160670933610719
2012-02-28,0.11579280426907701
2012-02-29,0.11554594469518342
2012-03-01,0.11535394322512715
2012-03-02,0.1151619421234873
2012-03-05,0.11496994138964212
2012-03-06,0.1147779410244576
2012-03-07,0.1145859410272676
2012-03-08,0.11436651293992295
2012-03-09,0.11414708539392304
2012-03-12,0.11395508665914544
2012-03-13,0.11376308829273984
2012-03-14,0.11359851857970504
2012-03-15,0.11346137737784368
2012-03-16,0.11335166456660772
2012-03-19,0.11324195187563113
2012-03-20,0.11313223930484728
2012-03-21,0.11302252685432279
2012-03-22,0.11288538644158574
2012-03-23,0.11272081821660507
2012-03-26,0.11255625026242999
2012-03-27,0.11239168257841659
2012-03-28,0.11219968726265961
2012-03-29,0.11203512011987993
2012-03-30,0.11178826974389544
2012-04-02,0.11170598648799768
2012-04-03,0.11165113101407886
2012-04-04,0.11159627557040253
2012-04-05,0.11154142015679103
2012-04-06,0.11134942641937151
2012-04-09,0.11121228837356334
2012-04-10,0.11104772294383558
2012-04-11,0.11093801280777082
2012-04-12,0.11080087528803073
2012-04-13,0.11063631053471745
2012-04-16,0.11052660081940502
2012-04-17,0.1104168912544834
2012-04-18,0.11027975444861671
2012-04-19,0.11008776318315316
2012-04-20,0.1098683450149851
2012-04-23,0.1096763545387125
2012-04-24,0.10951179158902313
2012-04-25,0.10937465602260943
2012-04-26,0.10923752060703062
2012-04-27,0.10910038534144295
2012-04-30,0.10904553131021455
2012-05-01,0.1090181043023275
2012-05-02,0.108963250301497
2012-05-03,0.10893582330835372
2012-05-04,0.10893582330848695
2012-05-07,0.10890839633039828
2012-05-08,0.10882611546392251
2012-05-09,0.10868898083720158
2012-05-10,0.10855184639819715
2012-05-11,0.10841471214699805
2012-05-14,0.10827757812144068
2012-05-15,0.10816787102112535
2012-05-16,0.10808559076371793
2012-05-17,0.10800331057365664
2012-05-18,0.10792103045118573
2012-05-21,0.10783875039652724
2012-05-22,0.10778389705681235
2012-05-23,0.10770161709234838
2012-05-24,0.10759191059297457
2012-05-25,0.10764676387284844
2012-05-28,0.10753705743362652
2012-05-29,0.10748220425929045
2012-05-30,0.10742735111473056
2012-05-31,0.10739992455022218
2012-06-01,0.10737249799290804
2012-06-04,0.10737249799308568
2012-06-05,0.10737249799295245
2012-06-06,0.107372497992686
2012-06-07,0.10737249799284143
2012-06-08,0.10739992455015557
2012-06-11,0.10742735111457513
2012-06-12,0.10734507146574757
2012-06-13,0.10731764493112639
2012-06-14,0.10729021840387709
2012-06-15,0.10731764493125961
2012-06-18,0.1072902184039215
2012-06-19,0.10729021840425457
2012-06-20,0.10726279187691645
2012-06-21,0.10726279187698307
2012-06-22,0.10726279187689425
2012-06-25,0.10726279187709409
2012-06-26,0.10720793885254931
2012-06-27,0.10712565936172869
2012-06-28,0.10707080639749122
2012-06-29,0.10685139466148907
2012-07-02,0.1068788210684124
2012-07-03,0.10690624749010169
2012-07-04,0.10696110036405582
2012-07-05,0.1070159532681414
2012-07-06,0.10707080620235843
2012-07-09,0.10712565916610739
2012-07-10,0.10715308565585335
2012-07-11,0.10720793866487721
2012-07-12,0.10729021822382112
2012-07-13,0.10739992439243728
2012-07-16,0.10748220410856657
2012-07-17,0.10753705729846796
2012-07-18,0.10756448390782936
2012-07-19,0.10750963067356345
2012-07-20,0.10745477746916254
2012-07-23,0.10739992430961465
2012-07-24,0.10739992430965906
2012-07-25,0.10737249774486202
2012-07-26,0.107345071180176
2012-07-27,0.1073176446230173
2012-07-30,0.10731764462323934
2012-07-31,0.10729021806583638
2012-08-01,0.10729021806608063
2012-08-02,0.10729021806583638
2012-08-03,0.10731764462326154
2012-08-06,0.10731764462326154
2012-08-07,0.107290218065903
2012-08-08,0.10726279151616058
2012-08-09,0.10723536497432296
2012-08-10,0.1071805119200242
2012-08-13,0.10715308540034663
2012-08-14,0.10712565888824077
2012-08-15,0.10709823238341798
2012-08-16,0.10709823238361782
2012-08-17,0.10709823238335137
2012-08-20,0.1070982323835512
2012-08-21,0.10709823238370664
2012-08-22,0.10709823238346239
2012-08-23,0.10718051196496603
2012-08-24,0.1072353650492186
2012-08-27,0.10734507133813853
2012-08-28,0.10745477774691814
2012-08-29,0.10753705762136523
2012-08-30,0.10764676421082253
2012-08-31,0.10775647095053742
2012-09-03,0.10786617781040064
2012-09-04,0.10803073832543753
2012-09-05,0.10825015270659044
2012-09-06,0.10844214065797164
2012-09-07,0.10852442129893891
2012-09-10,0.1086615558880677
2012-09-11,0.10877126367994094
2012-09-12,0.10890839860704382
2012-09-13,0.10904553372266257
2012-09-14,0.10921009608619858
2012-09-17,0.10937465872051799
2012-09-18,0.10956664882870726
2012-09-19,0.10973121209405523
2012-09-20,0.10992320288603086
2012-09-21,0.11008776673753218
2012-09-24,0.110279758213494
2012-09-25,0.11044432265086002
2012-09-26,0.1106088873588984
2012-09-27,0.11074602484151264
2012-09-28,0.11074602484120177
2012-10-01,0.1109105900452656
2012-10-02,0.11110258309934284
2012-10-03,0.11129457652141461
2012-10-04,0.11145914262722378
2012-10-05,0.11162370900346108
2012-10-08,0.1117608478385046
2012-10-09,0.11195284252276672
2012-10-10,0.11211740966565742
2012-10-11,0.11230940503401676
2012-10-12,0.11247397276261673
2012-10-15,0.11263854076233315
2012-10-16,0.1128031090324999
2012-10-17,0.1129676776180144
2012-10-18,0.1131322464742901
2012-10-19,0.11329681555556359
2012-10-22,0.1134339566824849
2012-10-23,0.1135710979969895
2012-10-24,0.11376309610089397
2012-10-25,0.11392766621902695
2012-10-26,0.11406480817279796
2012-10-29,0.11425680722261244
2012-10-30,0.11447623518969774
2012-10-31,0.11472309219375809
2012-11-01,0.11494252118273707
2012-11-02,0.11513452196889595
2012-11-05,0.11532652307080227
2012-11-06,0.11549109575956784
2012-11-07,0.11565566871869493
2012-11-08,0.11582024194829454
2012-11-09,0.11598481544852213
2012-11-12,0.1161768182337708
2012-11-13,0.11636882138716942
2012-11-14,0.11656082490838493
2012-11-15,0.11678025798564917
2012-11-16,0.11699969154352896
2012-11-19,0.11721912558273484
2012-11-20,0.11743856010246745
2012-11-21,0.11768542454595465
2012-11-22,0.11793228959831037
2012-11-23,0.118151725681237
2012-11-26,0.11837116224504562
2012-11-27,0.11859059928986948
2012-11-28,0.11883746657417316
2012-11-29,0.11908433446694566
2012-11-30,0.11933120296883093
2012-12-03,0.11957807207909621
2012-12-04,0.11987980181835667
2012-12-05,0.12015410240808766
2012-12-06,0.1204284037492398
2012-12-07,0.1207027058419019
2012-12-10,0.12097700868598515
2012-12-11,0.12127874264133975
2012-12-12,0.12158047750598922
2012-12-13,0.12185478275490436
2012-12-14,0.12215651935540972
2012-12-17,0.1224308261825291
2012-12-18,0.12273256451948988
2012-12-19,0.12300687284971801
2012-12-20,0.12325375095527669
2012-12-21,0.12341833662987689
2012-12-24,0.12344576757601367
2012-12-25,0.12350062949728624
2012-12-26,0.1236377845270642
2012-12-27,0.12385723305472496
2012-12-28,0.1241041132573395
2012-12-31,0.12404925089977148
2013-01-01,0.1240218197286369
2013-01-02,0.12421383787484253
2013-01-03,0.12443328766540418
2013-01-04,0.1245978753238397
2013-01-07,0.12476246325312523
2013-01-08,0.1249270514976697
2013-01-09,0.12506420859395018
2013-01-10,0.12520136587790276
2013-01-11,0.12533852334992712
2013-01-14,0.12547568100955697
2013-01-15,0.12566770204884836
2013-01-16,0.12583229182692168
2013-01-17,0.12599688187540092
2013-01-18,0.12613404043697596
2013-01-21,0.12627119918688923
2013-01-22,0.12643578995659155
2013-01-23,0.12657294915714434
2013-01-24,0.12676497230084127
2013-01-25,0.12692956388267174
2013-01-28,0.1270941557347971
2013-01-29,0.12717645177362513
2013-01-30,0.12725874788015457
2013-01-31,0.12742334022834978
2013-02-01,0.1275605007441838
2013-02-04,0.12767022930701977
2013-02-05,0.1277799579901595
2013-02-06,0.1279171190320838
2013-02-07,0.12802684798587372
2013-02-08,0.12816400932804672
2013-02-11,0.12830117085838033
2013-02-12,0.1284109002330558
2013-02-13,0.1285754945202333
2013-02-14,0.12874008907817203
2013-02-15,0.128959548849239
2013-02-18,0.12917900910174307
2013-02-19,0.12937103724308674
2013-02-20,0.1295630657532909
2013-02-21,0.12978252732811502
2013-02-22,0.1300568550486103
2013-02-25,0.13024888487351838
2013-02-26,0.13044091511966727
2013-02-27,0.13063294573416595
2013-02-28,0.13082497671650373
2013-03-01,0.13101700806736893
2013-03-04,0.13126390599227378
2013-03-05,0.131483371354979
2013-03-06,0.13170283719916576
2013-03-07,0.131949736814585
2013-03-08,0.1321692036810429
2013-03-11,0.13241610444632013
2013-03-12,0.1326355723351158
2013-03-13,0.13282760715831454
2013-03-14,0.1330470759485669
2013-03-15,0.13329397887853478
2013-03-18,0.13354088241774864
2013-03-19,0.13376035277123943
2013-03-20,0.13395238969944323
2013-03-21,0.13419929486164772
2013-03-22,0.13441876665829522
2013-03-25,0.13458337077658644
2013-03-26,0.13474797521051407
2013-03-27,0.13485771167993654
2013-03-28,0.13496744823997542
2013-03-29,0.1349948824173275
2013-04-01,0.13521435589785025
2013-04-02,0.13540639561384626
2013-04-03,0.13557100140051404
2013-04-04,0.13573560745767654
2013-04-05,0.13592764817378367
2013-04-08,0.13611968925790752
2013-04-09,0.1362842961721844
2013-04-10,0.13647633794011682
2013-04-11,0.1366683800767099
2013-04-12,0.13686042258140851
2013-04-15,0.1370524654543459
2013-04-16,0.13724450869589955
2013-04-17,0.13740911745903084
2013-04-18,0.1375737264927679
2013-04-19,0.13779320568552134
2013-04-22,0.1379852503473833
2013-04-23,0.1381498603734821
2013-04-24,0.13823216547645956
2013-04-25,0.1383693408364417
2013-04-26,0.13850651638411815
2013-04-29,0.13864369211966654
2013-04-30,0.13880830322803295
2013-05-01,0.13897291460662764
2013-05-02,0.13919239686628337
2013-05-03,0.13938444426400132
2013-05-06,0.13957649203069078
2013-05-07,0.13971366926934792
2013-05-08,0.13985084669632109
2013-05-09,0.139988024311255
2013-05-10,0.14012520211381663
2013-05-13,0.14026238010462766
2013-05-14,0.14037212264743637
2013-05-15,0.14050930097595504
2013-05-16,0.14061904378959156
2013-05-17,0.14067391524139605
2013-05-20,0.14072878672355404
2013-05-21,0.1407836582502986
2013-05-22,0.1408110940287255
2013-05-23,0.1408385298147241
2013-05-24,0.14097570889561872
2013-05-27,0.14111288816365253
2013-05-28,0.14116775990118402
2013-05-29,0.14119519578517092
2013-05-30,0.14122263167639648
2013-05-31,0.14127750347407986
2013-06-03,0.1413323752865958
2013-06-04,0.1414146830504448
2013-06-05,0.14144211899442816
2013-06-06,0.14149699089713863
2013-06-07,0.14149699089727186
2013-06-10,0.14149699089731627
2013-06-11,0.14149699089736067
2013-06-12,0.1414695549383227
2013-06-13,0.14144211899438375
2013-06-14,0.1414695549383227
2013-06-17,0.14152442684105537
2013-06-18,0.1416067347404848
2013-06-19,0.14166160673354522
2013-06-20,0.14171647875647064
2013-06-21,0.1417439147756161
2013-06-24,0.14177135080217784
2013-06-25,0.14171647876404236
2013-06-26,0.14166160675610495
2013-06-27,0.14160673477818797
2013-06-28,0.14149699088223944
2013-07-01,0.14146955493805624
2013-07-02,0.14144211900177783
2013-07-03,0.14141468307298233
2013-07-04,0.14138724715169193
2013-07-05,0.14133237533917598
2013-07-08,0.141277503556414
2013-07-09,0.1412226318039389
2013-07-10,0.14114032422041234
2013-07-11,0.1410854525280003
2013-07-12,0.14108545252806692
2013-07-15,0.14108545252806692
2013-07-16,0.1410580166893327
2013-07-17,0.1410854525353944
2013-07-18,0.14111288838927205
2013-07-19,0.14111288838940528
2013-07-22,0.14108545254318816
2013-07-23,0.14105801670440954
2013-07-24,0.14103058087318043
2013-07-25,0.14097570924114233
2013-07-26,0.14092083763892482
2013-07-29,0.1408385302806403
2013-07-30,0.14078365875380694
2013-07-31,0.1407287872569274
2013-08-01,0.14064648005636116
2013-08-02,0.14056417294643353
2013-08-05,0.14045443022314696
2013-08-06,0.14037212327095983
2013-08-07,0.1402623807883252
2013-08-08,0.14012520287274288
2013-08-09,0.13993315410696372
2013-08-12,0.1397411057092235
2013-08-13,0.13954905767967762
2013-08-14,0.13938444539898232
2013-08-15,0.13921983334355126
2013-08-16,0.13908265685620425
2013-08-19,0.13894548055672917
2013-08-20,0.13880830444521486
2013-08-21,0.13867112848418017
2013-08-22,0.13856138786561
2013-08-23,0.1385339527109286
2013-08-26,0.1383419069964864
2013-08-27,0.1381224266012948
2013-08-28,0.13790294668716285
2013-08-29,0.13771090218299697
2013-08-30,0.13757372768763432
2013-09-02,0.13732681420441928
2013-09-03,0.13716220557655756
2013-09-04,0.13694272782704964
2013-09-05,0.13675068516454392
2013-09-06,0.1365586428703658
2013-09-09,0.1363666009442266
2013-09-10,0.13614712493832393
2013-09-11,0.1359550838014867
2013-09-12,0.13581791174905877
2013-09-13,0.13570817422705606
2013-09-16,0.13557100251273546
2013-09-17,0.13540639672582344
2013-09-18,0.13521435700984963
2013-09-19,0.13507718600960228
2013-09-20,0.13494001515912402
2013-09-23,0.1347479763899706
2013-09-24,0.13455593798914478
2013-09-25,0.1343638999040664
2013-09-26,0.13417186218711574
2013-09-27,0.13395239099147638
2013-09-30,0.13367805259874022
2013-10-01,0.1334585824856349
2013-10-02,0.13323911279337075
2013-10-03,0.133047077233317
2013-10-04,0.13285504204212373
2013-10-07,0.13263557373284218
2013-10-08,0.1324161059042206
2013-10-09,0.13222407197550634
2013-10-10,0.1320320384151641
2013-10-11,0.1318674385359042
2013-10-14,0.1317028389277164
2013-10-15,0.13153823958962363
2013-10-16,0.1314285068480192
2013-10-17,0.13129134107112694
2013-10-18,0.13115417548259511
2013-10-21,0.13098957700128366
2013-10-22,0.13077011278059825
2013-10-23,0.13055064904099467
2013-10-24,0.13033118578242853
2013-10-25,0.1301117230047888
2013-10-28,0.12986482798909016
2013-10-29,0.12961793358188256
2013-10-30,0.1293984723677033
2013-10-31,0.12915157904243024
2013-11-01,0.12890468639383812
2013-11-04,0.12865779435420333
2013-11-05,0.1284383352444518
2013-11-06,0.1281914443546306
2013-11-07,0.12794455407345584
2013-11-08,0.12767023229061092
2013-11-11,0.12742334329483018
2013-11-12,0.1271764549076959
2013-11-13,0.12695699904445856
2013-11-14,0.126737543722788
2013-11-15,0.12651808888184402
2013-11-18,0.12629863452182644
2013-11-19,0.12610661232499432
2013-11-20,0.12594202214102346
2013-11-21,0.125777432227836
2013-11-22,0.1257774322279026
2013-11-25,0.12553054796669016
2013-11-26,0.12531109577111899
2013-11-27,0.12509164405676287
2013-11-28,0.12487219282313333
2013-11-29,0.1245978793824154
2013-12-02,0.12437842923131992
2013-12-03,0.12415897956070676
2013-12-04,0.12393953037117544
2013-12-05,0.1236926506419378
2013-12-06,0.12341834058302581
2013-12-09,0.12317146213900454
2013-12-10,0.12295201511385301
2013-12-11,0.12273256850992009
2013-12-12,0.1226228453581335
2013-12-13,0.12248569156878553
2013-12-16,0.12234853800483503
2013-12-17,0.12218395399858917
2013-12-18,0.1220193702631267
2013-12-19,0.12188221733793192
2013-12-20,0.1217450646007201
2013-12-23,0.12160791205140242
2013-12-24,0.12147075965227572
2013-12-25,0.12130617704388946
2013-12-26,0.12114159470608676
2013-12-27,0.1209770126387344
2013-12-30,0.12081243084223203
2013-12-31,0.12064784927099392
2014-01-01,0.12048326797013953
2014-01-02,0.12034611711166932
2014-01-03,0.12020896644118206
2014-01-06,0.12007181595852234
2014-01-07,0.11990723560466598
2014-01-08,0.11974265552143759
2014-01-09,0.11957807570859291
2014-01-10,0.11941349616615415
2014-01-13,0.11924891689478745
2014-01-14,0.11908433789362682
2014-01-15,0.11891975916336062
2014-01-16,0.11875518070307844
2014-01-17,0.11859060251384612
2014-01-20,0.11842602459488649
2014-01-21,0.1182614469464216
2014-01-22,0.11809686956856247
2014-01-23,0.11790486299578795
2014-01-24,0.11774028620432642
2014-01-27,0.11757570968293773
2014-01-28,0.11738370410980803
2014-01-29,0.11713684041034789
2014-01-30,0.116889977319512
2014-01-31,0.116670543941777
2014-02-03,0.11645111104512385
2014-02-04,0.11623167862933048
2014-02-05,0.11601224669426369
2014-02-06,0.1157928152405896
2014-02-07,0.11551852659967832
2014-02-10,0.11527166749893958
2014-02-11,0.1149973802857307
2014-02-12,0.11477795105634403
2014-02-13,0.11450366519596411
2014-02-14,0.11425680853003328
2014-02-17,0.11398252409748899
2014-02-18,0.1137630970921677
2014-02-19,0.1135436705681725
2014-02-20,0.11335167272763513
2014-02-21,0.113296816231645
2014-02-24,0.11307739072958789
2014-02-25,0.11283053764841178
2014-02-26,0.1125836851757267
2014-02-27,0.11236426123628629
2014-02-28,0.1121174098457356
2014-03-03,0.11189798692881059
2014-03-04,0.11165113675535299
2014-03-05,0.11143171491998505
2014-03-06,0.1112122935659654
2014-03-07,0.11099287269269453
2014-03-10,0.11077345230030566
2014-03-11,0.11055403238886541
2014-03-12,0.11036204033449959
2014-03-13,0.11017004864821711
2014-03-14,0.10995063005934114
2014-03-17,0.10975863916220518
2014-03-18,0.10956664863346344
2014-03-19,0.10931980427595356
2014-03-20,0.10910038755063134
2014-03-21,0.10888097130625773
2014-03-24,0.10866155560256274
2014-03-25,0.1084421403800162
2014-03-26,0.10816787202816425
2014-03-27,0.1079210311201173
2014-03-28,0.10770161746049833
2014-03-31,0.10739992442247992
2014-04-01,0.10718051190488076
2014-04-02,0.10698852637265333
2014-04-03,0.10676911475713258
2014-04-04,0.10654970362229399
2014-04-07,0.10635771930009863
2014-04-08,0.10613830906673893
2014-04-09,0.10591889931446108
2014-04-10,0.105699490042932
2014-04-11,0.10550750735114356
2014-04-14,0.10531552502768271
2014-04-15,0.10515096906604793
2014-04-16,0.1049589874261736
2014-04-17,0.10476700615473789
2014-04-18,0.10460245109440436
2014-04-21,0.10443789630514289
2014-04-22,0.10427334178602088
2014-04-23,0.10410878753743802
2014-04-24,0.10394423355957194
2014-04-25,0.10375225423406853
2014-04-28,0.10356027527669287
2014-04-29,0.10336829674024717
2014-04-30,0.10317631851932685
2014-05-01,0.10298434066651208
2014-05-02,0.10279236318198048
2014-05-05,0.10260038606542121
2014-05-06,0.10238098412744812
2014-05-07,0.10213415748816512
2014-05-08,0.10191475651211146
2014-05-09,0.10166793102270866
2014-05-12,0.10144853106859308
2014-05-13,0.1012291316550673
2014-05-14,0.10098230785622331
2014-05-15,0.10076290946483546
2014-05-16,0.10054351155421859
2014-05-19,0.10029668951345716
2014-05-20,0.10004986808129779
2014-05-21,0.09983047173354187
2014-05-22,0.0996110758668678
2014-05-23,0.0993916804809647
2014-05-26,0.09939168048109792
2014-05-27,0.09939168048087588
2014-05-28,0.09917228557574376
2014-05-29,0.09895289115124939
2014-05-30,0.0987334971478182
2014-06-02,0.09854152781538783
2014-06-03,0.09840440708921427
2014-06-04,0.0982672865133205
2014-06-05,0.09813016612501002
2014-06-06,0.0979930459246825
2014-06-09,0.0978559259121825
2014-06-10,0.09769138216795259
2014-06-11,0.09755426256825572
2014-06-12,0.0974171431569637
2014-06-13,0.09730744777809441
2014-06-16,0.0971977525195511
2014-06-17,0.09708805738113391
2014-06-18,0.097005786094706
2014-06-19,0.0968686674720276
2014-06-20,0.09675897269454392
2014-06-23,0.09664927803696433
2014-06-24,0.09659443073817275
2014-06-25,0.09653958346944602
2014-06-26,0.09640246548554554
2014-06-27,0.09629277121872004
2014-06-30,0.09618307704200024
2014-07-01,0.09610080649973263
2014-07-02,0.09601853602492216
2014-07-03,0.09590884214871753
2014-07-04,0.09577172499108944
2014-07-07,0.09566203141542218
2014-07-08,0.09555233792988282
2014-07-09,0.09541522126088609
2014-07-10,0.0952781047798057
2014-07-11,0.09508614207431876
2014-07-14,0.09489417973669312
2014-07-15,0.0947296408604803
2014-07-16,0.09456510225538395
2014-07-17,0.09437314091715887
2014-07-18,0.09418117994697273
2014-07-21,0.09404406519382125
2014-07-22,0.09390695059072751
2014-07-23,0.09376983617579437
2014-07-24,0.09363272194822247
2014-07-25,0.0934956079089444
2014-07-28,0.09330364862190077
2014-07-29,0.09313911236064065
2014-07-30,0.09297457636971984
2014-07-31,0.09275519546949607
2014-08-01,0.09259066010947059
2014-08-04,0.09239870255779437
2014-08-05,0.0922341677842109
2014-08-06,0.09209705566044502
2014-08-07,0.0919325213824207
2014-08-08,0.0917405650933123
2014-08-11,0.09154860917184315
2014-08-12,0.09138407579551977
2014-08-13,0.0912195426895801
2014-08-14,0.09102758776762254
2014-08-15,0.09086305524765859
2014-08-18,0.090698522998367
2014-08-19,0.0905614129782073
2014-08-20,0.09047914703383952
2014-08-21,0.09036945922817896
2014-08-22,0.0902871933739835
2014-08-25,0.08998555273451725
2014-08-26,0.08971133472319703
2014-08-27,0.08943711738769178
2014-08-28,0.08916290080340783
2014-08-29,0.08888868504597358
2014-09-02,0.0886144700390945
2014-09-03,0.08834025578394744
2014-09-04,0.0880934636307007
2014-09-05,0.0878466720855009
2014-09-08,0.08757245993404883
2014-09-09,0.0872982485334628
2014-09-10,0.08702403788449775
2014-09-11,0.08674982798630992
2014-09-12,0.08647561883996513
2014-09-15,0.08622883128412973
2014-09-16,0.08595462356491002
2014-09-17,0.08570783722607889
2014-09-18,0.0854610514280818
2014-09-19,0.08521426623873118
2014-09-22,0.08496748165771617
2014-09-23,0.08469327724414111
2014-09-24,0.08439165329838794
2014-09-25,0.08409003026093043
2014-09-26,0.0837609880292689
2014-09-29,0.08345936689324596
2014-09-30,0.08307548660360098
2014-10-01,0.08282870722868818
2014-10-02,0.08260934832520217
2014-10-03,0.08241740970564848
2014-10-06,0.08219805170375238
2014-10-07,0.08200611387265688
2014-10-08,0.08181417635704236
2014-10-09,0.08162223926220236
2014-10-10,0.0814851415628759
2014-10-14,0.08137546352329217
2014-10-15,0.0813480440436054
2014-10-16,0.08137546352351421
2014-10-17,0.08148514150283503
2014-10-20,0.08148514150283503
2014-10-21,0.08145772198560053
2014-10-22,0.08140288296576426
2014-10-23,0.08134804397614825
2014-10-24,0.08134804397625928
2014-10-27,0.08137546346338453
2014-10-28,0.08132062448877875
2014-10-29,0.08123836609441604
2014-10-30,0.08118352722519262
2014-10-31,0.0812932049638837
2014-11-03,0.08129320496377268
2014-11-04,0.08126578549887409
2014-11-05,0.0812109465844868
2014-11-06,0.08115610770025317
2014-11-07,0.08110126883065227
2014-11-10,0.08101901059416328
2014-11-12,0.08093675244764675
2014-11-13,0.08085449439136916
2014-11-14,0.08077223642528608
2014-11-17,0.08077223642528608
2014-11-18,0.0807173977961595
2014-11-19,0.08063513989760018
2014-11-20,0.08058030134392435
2014-11-21,0.08055288207446942
2014-11-24,0.08052546281245299
2014-11-25,0.08049804355803047
2014-11-26,0.08052546281978046
2014-11-28,0.08055288206685329
2014-12-01,0.08063513983023185
2014-12-02,0.08071739766100094
2014-12-03,0.08077223625997387
2014-12-04,0.08082707488914487
2014-12-05,0.08093675220728347
2014-12-08,0.08099159092656016
2014-12-09,0.0810464296908453
2014-12-10,0.08107384908819792
2014-12-11,0.08115610730210499
2014-12-12,0.08123836558380226
2014-12-15,0.08132062393291228
2014-12-16,0.08143030182232724
2014-12-17,0.08148514082677583
2014-12-18,0.0815673993787458
2014-12-19,0.08164965799863921
2014-12-22,0.0816770775611042
2014-12-23,0.08164965799126733
2014-12-24,0.08162223842880234
2014-12-29,0.08159481887384246
2014-12-30,0.0815948188740645
2014-12-31,0.08156739932654311
2015-01-02,0.08159481886647058
2015-01-05,0.08159481886651498
2015-01-06,0.08153997977162764
2015-01-07,0.08151256023156694
2015-01-08,0.08145772118177685
2015-01-09,0.08143030167213627
2015-01-12,0.0814028821695123
2015-01-13,0.08140288216955671
2015-01-14,0.08140288216960112
2015-01-15,0.08145772117436056
2015-01-16,0.08148514068413437
2015-01-20,0.08151256020905162
2015-01-21,0.08145772115941696
2015-01-22,0.0813754626298957
2015-01-23,0.0813206236552455
2015-01-26,0.08129320417549213
2015-01-27,0.08121094578126264
2015-01-28,0.08112868743188617
2015-01-29,0.08104642915036653
2015-01-30,0.08107384856226307
2015-02-02,0.08112868740162149
2015-02-03,0.08115610682908336
2015-02-04,0.08118352627126679
2015-02-05,0.08126578462051004
2015-02-06,0.08134804299237963
2015-02-09,0.0814028819669188
2015-02-10,0.0814303014691431
2015-02-11,0.08143030146929853
2015-02-12,0.08151255999881979
2015-02-13,0.08156739906370891
2015-02-17,0.08156739906350907
2015-02-18,0.08153997951603209
2015-02-19,0.08148514043626598
2015-02-20,0.0814028818613366
2015-02-23,0.08132062335470813
2015-02-24,0.08121094543549479
2015-02-25,0.08107384822448882
2015-02-26,0.08099158998757794
2015-02-27,0.08096417060552419
2015-03-02,0.08096417060554639
2015-03-03,0.0809367512232928
2015-03-04,0.08093675122342603
2015-03-05,0.08099158997272315
2015-03-06,0.08110126759162117
2015-03-09,0.08110126759144354
2015-03-10,0.08112868701877218
2015-03-11,0.08110126759139913
2015-03-12,0.0811012675912437
2015-03-13,0.08115610643077975
2015-03-16,0.08129320360441561
2015-03-17,0.08145772039305221
2015-03-18,0.08153997892250686
2015-03-19,0.08153997892255127
2015-03-20,0.08148513987293882
2015-03-23,0.08143030085325798
2015-03-24,0.08134804239132709
2015-03-25,0.08140288133584583
2015-03-26,0.08145772031040721
2015-03-27,0.08151255933019907
2015-03-30,0.08162223745973307
2015-03-31,0.08195127220882448
2015-04-01,0.08217062942945663
2015-04-02,0.08230772799293629
2015-04-06,0.08241740699388433
2015-04-07,0.08252708611480308
2015-04-08,0.08263676535629205
2015-04-09,0.08280128444382306
2015-04-10,0.08299322364191397
2015-04-13,0.08315774327027903
2015-04-14,0.08332226316878355
2015-04-15,0.08359646345073024
2015-04-16,0.083843244380577
2015-04-17,0.0840626057481586
2015-04-20,0.08414486644112706
2015-04-21,0.0841448664412825
2015-04-22,0.08411744618770367
2015-04-23,0.08403518547199784
2015-04-24,0.08403518547190902
2015-04-27,0.08403518547215327
2015-04-28,0.08400776525596676
2015-04-29,0.08398034504779606
2015-04-30,0.08422712685647316
2015-05-01,0.08436422819944056
2015-05-04,0.08439164850551073
2015-05-05,0.08441906881897498
2015-05-06,0.08439164849800562
2015-05-07,0.08433680787045539
2015-05-08,0.08433680787072184
2015-05-11,0.08430938757191253
2015-05-12,0.08430938757202355
2015-05-13,0.08433680786321673
2015-05-14,0.08436422816200384
2015-05-15,0.08441906877416638
2015-05-18,0.08436422813149491
2015-05-19,0.0842545469070144
2015-05-20,0.08417228605623883
2015-05-21,0.08409002529565779
2015-05-22,0.08409002529592424
2015-05-26,0.08406260506470531
2015-05-27,0.08398034439405233
2015-05-28,0.08392550399209942
2015-05-29,0.08403518473583116
2015-06-01,0.08414486560008871
2015-06-02,0.08422712633833207
2015-06-03,0.08436422771860297
2015-06-04,0.08444648865952864
2015-06-05,0.0845013293320207
2015-06-08,0.08455617003451099
2015-06-09,0.08458359040073304
2015-06-10,0.08463843116339742
2015-06-11,0.08474811274834515
2015-06-12,0.08485779442384267
2015-06-15,0.08499489666826676
2015-06-16,0.08510457861401477
2015-06-17,0.08521426070997595
2015-06-18,0.08526910181816394
2015-06-19,0.08529652238735697
2015-06-22,0.08524168123418274
2015-06-23,0.08518684011094013
2015-06-24,0.08521426065732918
2015-06-25,0.08529652231969997
2015-06-26,0.0854062046259374
2015-06-29,0.0854884664461597
2015-06-30,0.0857626727380767
2015-07-01,0.08589977625947931
2015-07-02,0.08600945922683234
2015-07-06,0.08609172154288025
2015-07-07,0.0861739839262965
2015-07-08,0.08625624637734752
2015-07-09,0.08639335057474273
2015-07-10,0.08658529671463633
2015-07-13,0.08674982229242012
2015-07-14,0.08694176911590024
2015-07-15,0.08721597938949888
2015-07-16,0.08746276931193009
2015-07-17,0.08762729633238209
2015-07-20,0.08770955997765562
2015-07-21,0.0877918237132791
2015-07-22,0.08779182371341232
2015-07-23,0.08787408751649295
2015-07-24,0.08809345777869293
2015-07-27,0.08836767128255207
2015-07-28,0.08861446411239093
2015-07-29,0.088888679043575
2015-07-30,0.0892451593334842
2015-07-31,0.08973874918478675
2015-08-03,0.09006781070863834
2015-08-04,0.09039687331400259
2015-08-05,0.09072593700165665
2015-08-06,0.09105500177071235
2015-08-07,0.09141148977638291
2015-08-10,0.09171313454736651
2015-08-11,0.09204220265253138
2015-08-12,0.09239869417383417
2015-08-13,0.09275518696501006
2015-08-14,0.09308425831540124
2015-08-17,0.09341333074803781
2015-08-18,0.09371498146943935
2015-08-19,0.09396178734899507
2015-08-20,0.09415374795092024
2015-08-21,0.09431828592523228
2015-08-24,0.09453767025147108
2015-08-25,0.09472963195813477
2015-08-26,0.0949215940323711
2015-08-27,0.0950587100629674
2015-08-28,0.09525067276809907
2015-08-31,0.09563459891555048
2015-09-01,0.09599110313427417
2015-09-02,0.09623791455852793
2015-09-03,0.09637503235462308
2015-09-04,0.09648472677168396
2015-09-08,0.09656699767479626
2015-09-09,0.096621844988376
2015-09-10,0.09684123448381321
2015-09-11,0.09700577687594691
2015-09-14,0.09714289572384516
2015-09-15,0.09733486242635703
2015-09-16,0.09747198176290883
2015-09-17,0.09758167735214318
2015-09-18,0.09763652522205568
2015-09-21,0.09769137312167775
2015-09-22,0.09774622105163111
2015-09-23,0.09774622105143127
2015-09-24,0.0978284929686879
2015-09-25,0.09785591695623541
2015-09-28,0.09788334095881535
2015-09-29,0.09791076496903361
2015-09-30,0.0982672770988735
2015-10-01,0.09832212531426521
2015-10-02,0.09832212531415419
2015-10-05,0.09832212531435403
2015-10-06,0.09829470119160355
2015-10-07,0.09832212531417639
2015-10-08,0.09834954944452079
2015-10-09,0.09840439770489873
2015-10-13,0.09845924601052936
2015-10-14,0.09859636684947937
2015-10-15,0.09878833628680361
2015-10-16,0.0990077303504977
2015-10-19,0.09914485194069123
2015-10-20,0.09922712503021014
2015-10-21,0.09925454941590584
2015-10-22,0.09922712502277165
2015-10-23,0.0992819737939632
2015-10-26,0.0993093981871418
2015-10-27,0.09928197377893078
2015-10-28,0.0991997005994616
2015-10-29,0.09914485185811284
2015-10-30,0.09917227621372149
2015-11-02,0.09911742748742736
2015-11-03,0.09911742748747177
2015-11-04,0.09911742748740515
2015-11-05,0.09925454922796728
2015-11-06,0.09928197361381841
2015-11-09,0.09928197361372959
2015-11-10,0.09922712482726137
2015-11-12,0.09925454920531873
2015-11-13,0.09930939799194238
2015-11-16,0.0993642467933098
2015-11-17,0.09933682238494335
2015-11-18,0.0992819735689432
2015-11-19,0.09922712478236395
2015-11-20,0.0991174272696238
2015-11-23,0.09900772987716522
2015-11-24,0.09895288124075474
2015-11-25,0.0989528812410212
2015-11-27,0.09903515415057296
2015-11-30,0.09922712437679948
2015-12-01,0.09928197311805942
2015-12-02,0.09930939750328882
2015-12-03,0.09941909507624747
2015-12-04,0.09952879276937665
2015-12-07,0.09963849058260976
2015-12-08,0.09983046196619938
2015-12-09,0.10007728278962347
2015-12-10,0.10029667961815036
2015-12-11,0.10043380293689452
2015-12-14,0.10057092644324417
2015-12-15,0.10090002339884219
2015-12-16,0.10131139583351434
2015-12-17,0.10194216949208634
2015-12-18,0.10262779754250939
2015-12-21,0.10320372904957242
2015-12-22,0.10366996187174404
2015-12-23,0.10419104818386593
2015-12-24,0.10487669163747881
2015-12-28,0.10567204349121173
2015-12-29,0.10652225395193504
2015-12-30,0.10723533974925648
2015-12-31,0.10822269634802595
2016-01-04,0.10896322110123258
2016-01-05,0.10967632428604546
2016-01-06,0.11047171427391866
2016-01-07,0.11118482800911433
2016-01-08,0.11192537467372699
2016-01-11,0.1126933546733433
2016-01-12,0.11343391249658552
2016-01-13,0.11417447579817885
2016-01-14,0.11491504457779023
2016-01-15,0.11571047618823549
2016-01-19,0.11647848522453597
2016-01-20,0.11732878769856736
2016-01-21,0.11820652649887631
2016-01-22,0.11927628004047008
2016-01-25,0.12012660604354686
2016-01-26,0.12094950916476943
2016-01-27,0.1217724190496261
2016-01-28,0.12265019680750555
2016-01-29,0.12361027464786734
2016-02-01,0.12446063745989999
2016-02-02,0.12531100749471058
2016-02-03,0.12616138475205485
2016-02-04,0.12701176923080038
2016-02-05,0.1278621609326125
2016-02-08,0.1286576954103058
2016-02-09,0.12945323620836557
2016-02-10,0.1303036486461462
2016-02-11,0.1312363677492545
2016-02-12,0.13219652897469292
2016-02-16,0.13318413284781894
2016-02-17,0.13417174673204801
2016-02-18,0.13515937035757375
2016-02-19,0.13609213494794048
2016-02-22,0.13694260470220598
2016-02-23,0.13771077745627913
2016-02-24,0.13853382578083995
2016-02-25,0.13938431603992552
2016-02-26,0.14015250752488218
2016-02-29,0.14111275424737446
2016-03-01,0.14193583075872152
2016-03-02,0.1427589140353014
2016-03-03,0.14363687674656678
2016-03-04,0.1444325372112587
2016-03-07,0.14522820421525307
2016-03-08,0.14602387754107937
2016-03-09,0.1467921201701694
2016-03-10,0.14764268103391043
2016-03-11,0.1485206868020228
2016-03-14,0.14942613843695884
2016-03-15,0.15044135096329292
2016-03-16,0.15137425841720287
2016-03-17,0.15230717456133913
2016-03-18,0.15315778249846979
2016-03-21,0.15398095913776721
2016-03-22,0.15463950532053072
2016-03-23,0.15532549525032469
2016-03-24,0.15620356813430547
2016-03-28,0.15713652900799513
2016-03-29,0.15804205804299531
2016-03-30,0.15889271445426179
2016-03-31,0.15990802238678992
2016-04-01,0.16084101725666322
2016-04-04,0.16169169697375363
2016-04-05,0.16240517575802915
2016-04-06,0.16306377607020472
2016-04-07,0.16369493850629802
2016-04-08,0.16443587380394753
2016-04-11,0.16520425683339557
2016-04-12,0.16597264596771577
2016-04-13,0.16676848367602748
2016-04-14,0.1675094417093126
2016-04-15,0.16833273427760975
2016-04-18,0.1691560340634446
2016-04-19,0.16981467930565763
2016-04-20,0.1703909973663542
2016-04-21,0.17083009888629874
2016-04-22,0.17154364257054855
2016-04-25,0.1722023033317921
2016-04-26,0.17283352421806342
2016-04-27,0.17343730452226147
2016-04-28,0.17404108863134926
2016-04-29,0.17472721107230083
2016-05-02,0.1753584478690673
2016-05-03,0.17598968847010177
2016-05-04,0.1765934874672359
2016-05-05,0.17722473550478846
2016-05-06,0.17796577088569077
2016-05-09,0.17873425791647968
2016-05-10,0.17947530446336124
2016-05-11,0.1802163564919912
2016-05-12,0.18095741400243615
2016-05-13,0.1816984769946961
2016-05-16,0.18252188641014744
2016-05-17,0.18323551318286668
2016-05-18,0.1838119078272138
2016-05-19,0.18427851570010922
2016-05-20,0.18471767821692797
2016-05-23,0.18510194710350536
2016-05-24,0.18559600872498638
2016-05-25,0.1860351770172075
2016-05-26,0.18644689920863655
2016-05-27,0.18688607147103742
2016-05-31,0.187517384020075
2016-06-01,0.18812125200271534
2016-06-02,0.18872512362504423
2016-06-03,0.18930154985361547
2016-06-06,0.18996032683717967
2016-06-07,0.1906191079720676
2016-06-08,0.19133279222760535
2016-06-09,0.19207393156299712
2016-06-10,0.1929523259026178
2016-06-13,0.19383072794267875
2016-06-14,0.19465423707529794
2016-06-15,0.19558755509656578
2016-06-16,0.19654833259734605
2016-06-17,0.19739931464901606
2016-06-20,0.1982503043943762
2016-06-21,0.199156204646056
2016-06-22,0.2001170166302524
2016-06-23,0.20127000206697776
2016-06-24,0.20256026216789458
2016-06-27,0.20393289697107075
2016-06-28,0.20522319136098144
2016-06-29,0.20634878181193805
2016-06-30,0.20780382891729676
2016-07-01,0.20881963126910819
2016-07-05,0.2096707177753565
2016-07-06,0.2104669026737671
2016-07-07,0.2113729136248299
2016-07-08,0.21236129787320923
2016-07-11,0.21329478109213262
2016-07-12,0.2142008176102994
2016-07-13,0.21510686256835942
2016-07-14,0.21604037187406
2016-07-15,0.2169464327189452
2016-07-18,0.2177152183576725
2016-07-19,0.2184016393721233
2016-07-20,0.21906060824010698
2016-07-21,0.21974703828129272
2016-07-22,0.22043347264801838
2016-07-25,0.22111991209248227
2016-07-26,0.22180635642672364
2016-07-27,0.22254772158876168
2016-07-28,0.22320671717677154
2016-07-29,0.22408538397897804
2016-08-01,0.22499151755925872
2016-08-02,0.2258976595802764
2016-08-03,0.22683126914726515
2016-08-04,0.227819806403029
2016-08-05,0.22880835340852723
2016-08-08,0.22971453068258985
2016-08-09,0.23056579581826053
2016-08-10,0.23138960755939575
2016-08-11,0.2322134253943453
2016-08-12,0.2330647105875272
2016-08-15,0.2339983866598061
2016-08-16,0.234877148555257
2016-08-17,0.23567353306843675
2016-08-18,0.23649738566233758
2016-08-19,0.23737616946664097
2016-08-22,0.23809018756770772
2016-08-23,0.2387218236372446
2016-08-24,0.2394633139268576
2016-08-25,0.24012242092064096
2016-08-26,0.24083645760608619
2016-08-29,0.24146810959573273
2016-08-30,0.24220961938792307
2016-08-31,0.24319830696575284
2016-09-01,0.24415954100716064
2016-09-02,0.24506585607986242
2016-09-06,0.2459447150045646
2016-09-07,0.24657639970273593
2016-09-08,0.24729048255691666
2016-09-09,0.24814189533499675
2016-09-12,0.2489109196486039
2016-09-13,0.24946022573955062
2016-09-14,0.2501193973831306
2016-09-15,0.2509159023438734
2016-09-16,0.25160255019540667
2016-09-19,0.2522342705456593
2016-09-20,0.2528385286011181
2016-09-21,0.253415323699957
2016-09-22,0.25396465522531386
2016-09-23,0.2547611905193037
2016-09-26,0.25555773214207544
2016-09-27,0.2565465492047725
2016-09-28,0.25783751790091625
2016-09-29,0.25932077803665354
2016-09-30,0.2614632995303623
2016-10-03,0.2624796463829293
2016-10-04,0.26379816413444335
2016-10-05,0.26500682163197453
2016-10-06,0.2659682645324901
2016-10-07,0.2668198364098151
2016-10-11,0.2675890048486007
2016-10-12,0.2683856497003312
2016-10-13,0.26899000411277907
2016-10-14,0.26964930453190483
2016-10-17,0.2704734363780048
2016-10-18,0.27116021856097294
2016-10-19,0.2717645913527855
2016-10-20,0.27245138294373916
2016-10-21,0.27305576368341633
2016-10-24,0.27379750794953583
2016-10-25,0.27448431308818577
2016-10-26,0.2752535399013878
2016-10-27,0.27607771780959744
2016-10-28,0.27676453818983315
2016-10-31,0.2777535673953446
2016-11-01,0.2785777669805034
2016-11-02,0.27937449979480444
2016-11-03,0.28030860750110076
2016-11-04,0.281132827409003
2016-11-07,0.2818746314231957
2016-11-08,0.2826439157723515
2016-11-09,0.2834406804562928
2016-11-10,0.28415502570862117
2016-11-14,0.28475947599730933
2016-11-15,0.2853639300943067
2016-11-16,0.2858584862921676
2016-11-17,0.2863255697045153
2016-11-18,0.286792655420931
2016-11-21,0.2872322675540939
2016-11-22,0.2876718817351076
2016-11-23,0.2881389738494944
2016-11-25,0.28857859176396605
2016-11-28,0.2889632590200808
2016-11-29,0.289320451315489
2016-11-30,0.2897325978528542
2016-12-01,0.29014474619679653
2016-12-02,0.29061184982861477
2016-12-05,0.29110643258372093
2016-12-06,0.2916834491180964
2016-12-07,0.2922604689723274
2016-12-08,0.2927550598577078
2016-12-09,0.29330460769489974
2016-12-12,0.2938266808578005
2016-12-13,0.2943212791958416
2016-12-14,0.2945685791102992
2016-12-15,0.2956127383091367
2016-12-16,0.296711864999466
2016-12-19,0.2978110040358972
2016-12-20,0.29885519756363
2016-12-21,0.29984444383599484
2016-12-22,0.3007787406850815
2016-12-23,0.3017680048452931
2016-12-27,0.3028397185496079
2016-12-28,0.30393892353572927
2016-12-29,0.30487325724535275
2016-12-30,0.305752638580703
2017-01-03,0.3067694329997872
2017-01-04,0.30800608841294874
2017-01-05,0.30921527783345226
2017-01-06,0.31047944634108315
2017-01-09,0.3116611833224425
2017-01-10,0.31262307201072037
2017-01-11,0.3135849696594084
2017-01-12,0.3146018429168951
2017-01-13,0.31567369286829017
2017-01-17,0.3167455530976193
2017-01-18,0.3177624556081948
2017-01-19,0.31866943339653453
2017-01-20,0.3195489349614222
2017-01-23,0.3204009595719315
2017-01-24,0.3213354461136575
2017-01-25,0.3222424559574888
2017-01-26,0.3232044453192584
2017-01-27,0.32419392957920845
2017-01-30,0.32510096526656707
2017-01-31,0.326200412403721
2017-02-01,0.3271899256703348
2017-02-02,0.3281244751955015
2017-02-03,0.3290865206961424
2017-02-06,0.3300760632421351
2017-02-07,0.33106561609017593
2017-02-08,0.3320826668267385
2017-02-09,0.3331547035589244
2017-02-10,0.3342267520390019
2017-02-13,0.3352713232574578
2017-02-14,0.33634339494110765
2017-02-15,0.33744296678810404
2017-02-16,0.33826765312954254
2017-02-17,0.3390923464748896
2017-02-21,0.3399720273299156
2017-02-22,0.3409616780524649
2017-02-23,0.34200632024681266
2017-02-24,0.34310595535820276
2017-02-27,0.34423309400832824
2017-02-28,0.3453052611535723
2017-03-01,0.3462949644779334
2017-03-02,0.34728467756341974
2017-03-03,0.3482744001395144
2017-03-06,0.3493191181794586
2017-03-07,0.3503363542294746
2017-03-08,0.35143608093024525
2017-03-09,0.35253581968255343
2017-03-10,0.3536355704866212
2017-03-13,0.3547628277228876
2017-03-14,0.355862602330248
2017-03-15,0.3570173786388908
2017-03-16,0.3588595434999675
2017-03-17,0.3606467511704903
2017-03-20,0.36207653767643677
2017-03-21,0.36380880891893064
2017-03-22,0.3655961047269063
2017-03-23,0.36741092971182
2017-03-24,0.3692807837157197
2017-03-27,0.3710956753276262
2017-03-28,0.37291059975625984
2017-03-29,0.37467055733411136
2017-03-30,0.37651304573413924
2017-03-31,0.3784655676769111
2017-04-03,0.38017061906985283
2017-04-04,0.3818206963811077
2017-04-05,0.383580809225581
2017-04-06,0.3855059679872319
2017-04-07,0.38751367315617014
2017-04-10,0.38952141957899755
2017-04-11,0.39141918889427085
2017-04-12,0.3933444985080081
2017-04-13,0.3955173913861687
2017-04-17,0.3977728486168841
2017-04-18,0.399945837341531
2017-04-19,0.4018713104795957
2017-04-20,0.40376931481795886
2017-04-21,0.40561233836757804
2017-04-24,0.40756542902462556
2017-04-25,0.4093810109151885
2017-04-26,0.411306665001443
2017-04-27,0.41334239606203305
2017-04-28,0.41562576357838665
2017-05-01,0.4176340705916104
2017-05-02,0.41953237134984
2017-05-03,0.4213756832384563
2017-05-04,0.4233015678863694
2017-05-05,0.42531003006573975
2017-05-08,0.42726350495294607
2017-05-09,0.42924453319046485
2017-05-10,0.43119808568210516
2017-05-11,0.43312415975937935
2017-05-12,0.43496772215039226
2017-05-15,0.4368388332058215
2017-05-16,0.4385173588588698
2017-05-17,0.44036101873241584
2017-05-18,0.442204712953842
2017-05-19,0.44393836627592
2017-05-22,0.4456445307396528
2017-05-23,0.4473507241845587
2017-05-24,0.4490569452089588
2017-05-25,0.4507907144271073
2017-05-26,0.4526345965605527
2017-05-30,0.45447851405640005
2017-05-31,0.4565426386939686
2017-06-01,0.4583591027127021
2017-06-02,0.46001046168850923
2017-06-05,0.4614416598569093
2017-06-06,0.4628178311701703
2017-06-07,0.46433164201007404
2017-06-08,0.46601062253017744
2017-06-09,0.46768963064951485
2017-06-12,0.4692035132406014
2017-06-13,0.4706348404167171
2017-06-14,0.4720937130994196
2017-06-15,0.47435087273848264
2017-06-16,0.47633280810222
2017-06-19,0.4784248974111227
2017-06-20,0.480351862424766
2017-06-21,0.4821136913475632
2017-06-22,0.4839306102775831
2017-06-23,0.48585768035125376
2017-06-26,0.4877297266680847
2017-06-27,0.48957427776061824
2017-06-28,0.4914463938303637
2017-06-29,0.4934011396723115
2017-06-30,0.49565877613864107
2017-07-03,0.4976686689402987
2017-07-05,0.4994858676420355
2017-07-06,0.5011929630208467
2017-07-07,0.5026522762207497
2017-07-10,0.5043318911808203
2017-07-11,0.5060390698100603
2017-07-12,0.5077462774379482
2017-07-13,0.5094259770695331
2017-07-14,0.5110230939007643
2017-07-17,0.5127854596495451
2017-07-18,0.5144927814044742
2017-07-19,0.5161725942447015
2017-07-20,0.5178799735340078
2017-07-21,0.5195598429815318
2017-07-24,0.5214049773364593
2017-07-25,0.5232226057358957
2017-07-26,0.5249851853915466
2017-07-27,0.5267477959526312
2017-07-28,0.5284828961464205
2017-07-31,0.5303281927755643
2017-08-01,0.5320633547670761
2017-08-02,0.5337434612494585
2017-08-03,0.5354511394672912
2017-08-04,0.5372414791583235
2017-08-07,0.5391144848051699
2017-08-08,0.5409048897332625
2017-08-09,0.5426677808802127
2017-08-10,0.5445959789935007
2017-08-11,0.5463864795737017
2017-08-14,0.5483973880208604
2017-08-15,0.5504909784114442
2017-08-16,0.5524744200451792
2017-08-17,0.5545129986088471
2017-08-18,0.556496521210259
2017-08-21,0.5584249840018707
2017-08-22,0.5603534848336089
2017-08-23,0.5621993695127392
2017-08-24,0.5641830426474925
2017-08-25,0.566084100234443
2017-08-28,0.5678749834759245
2017-08-29,0.5696934526443709
2017-08-30,0.5715119546945591
2017-08-31,0.5737162412729369
2017-09-01,0.5758930243633165
2017-09-05,0.5780423015206537
2017-09-06,0.5800814017937972
2017-09-07,0.5819276475862223
2017-09-08,0.5837463703571633
2017-09-11,0.5855651260141981
2017-09-12,0.5874941457520988
2017-09-13,0.5892302934816129
2017-09-14,0.5911318224756101
2017-09-15,0.5931436247185617
2017-09-18,0.5950452302949216
2017-09-19,0.596891752280837
2017-09-20,0.5987107471276287
2017-09-21,0.6005297748655325
2017-09-22,0.6023488349969464
2017-09-25,0.6041679285188062
2017-09-26,0.605959491921082
2017-09-27,0.6077786507308947
2017-09-28,0.6094875865194194
2017-09-29,0.6114997558739343
2017-10-02,0.6134844042185561
2017-10-03,0.6154690922560269
2017-10-04,0.6174813856496097
2017-10-05,0.6193283184617426
2017-10-06,0.6212855539900586
2017-10-10,0.6232979631609403
2017-10-11,0.6253379809384008
2017-10-12,0.6274056090083135
2017-10-13,0.6293630021917185
2017-10-16,0.6314582812958269
2017-10-17,0.6334984633964869
2017-10-18,0.6355386868590163
2017-10-19,0.6375238083047075
2017-10-20,0.6395365394809449
2017-10-23,0.6415493109109383
2017-10-24,0.6435345498337686
2017-10-25,0.6454646813030429
2017-10-26,0.6474499974597592
2017-10-27,0.6493802040191232
2017-10-30,0.651227721352865
2017-10-31,0.6532407255016359
2017-11-01,0.6552813475377395
2017-11-02,0.6574874725580271
2017-11-03,0.6597488015045894
2017-11-06,0.6620653381266717
2017-11-07,0.6641061401894133
2017-11-08,0.6663124598369485
2017-11-09,0.6686291475120898
2017-11-10,0.6709183082519221
2017-11-13,0.6729868689296259
2017-11-14,0.6750830540615427
2017-11-15,0.6773447745854311
2017-11-16,0.6796341284970531
2017-11-17,0.6818132010530276
2017-11-20,0.6838819850294664
2017-11-21,0.6857853043528817
2017-11-22,0.6876334904441617
2017-11-24,0.6895092942921011
2017-11-27,0.6913851330860643
2017-11-28,0.6932334214613256
2017-11-29,0.6948610467793825
2017-11-30,0.6966542218100669
2017-12-01,0.6983922541270005
2017-12-04,0.7001579057005936
2017-12-05,0.7020063540955856
2017-12-06,0.7037996568611815
2017-12-07,0.7053998601404654
2017-12-08,0.7067793653790844
2017-12-11,0.7080485265406278
2017-12-12,0.709400477230937
2017-12-13,0.7109455870164538
2017-12-14,0.7128218133445774
2017-12-15,0.7152499268235468
2017-12-18,0.7178436609999395
2017-12-19,0.7205754331037095
2017-12-20,0.7231968995224269
2017-12-21,0.7257356460838249
2017-12-22,0.7283848411534954
2017-12-26,0.7310893003975361
2017-12-27,0.7338214302663459
2017-12-28,0.7365260354769809
2017-12-29,0.739451501727939
2018-01-02,0.7422942574328406
2018-01-03,0.7452198968080026
2018-01-04,0.748228426313835
2018-01-05,0.7509610232927733
2018-01-08,0.7536108847209455
2018-01-09,0.7562332138314254
2018-01-10,0.7588280077215792
2018-01-11,0.7615332872993097
2018-01-12,0.7643214564165834
2018-01-16,0.767054484645624
2018-01-17,0.7697323735474937
2018-01-18,0.7723551186613165
2018-01-19,0.7748674977900993
2018-01-22,0.7773247203824996
2018-01-23,0.7797820028897062
2018-01-24,0.7824878435800819
2018-01-25,0.7852489811541075
2018-01-26,0.7880101943745776
2018-01-29,0.7906334166447593
2018-01-30,0.7931738650438502
2018-01-31,0.7958524480693896
2018-02-01,0.798393028015143
2018-02-02,0.8009336726926053
2018-02-05,0.8034467643202259
2018-02-06,0.8058770673620153
2018-02-07,0.8084731397396849
2018-02-08,0.8112902300815961
2018-02-09,0.8139692989541203
2018-02-12,0.8166484397572837
2018-02-13,0.8191895445663455
2018-02-14,0.8217307141207941
2018-02-15,0.8244376796107344
2018-02-16,0.8269513530903883
2018-02-20,0.8294650913044599
2018-02-21,0.8319788935669425
2018-02-22,0.8345480089839485
2018-02-23,0.8373105728499919
2018-02-26,0.8399627046399738
2018-02-27,0.8425320220702748
2018-02-28,0.8452671731016492
2018-03-01,0.8480852839310549
2018-03-02,0.8509587321314127
2018-03-05,0.8537217403032704
2018-03-06,0.856595351463918
2018-03-07,0.8594966777559998
2018-03-08,0.8625638831934346
2018-03-09,0.8656035485845814
2018-03-12,0.868588036454887
2018-03-13,0.871323891954523
2018-03-14,0.8740874573122337
2018-03-15,0.8768234537271935
2018-03-16,0.8791725988364307
2018-03-19,0.8813283315929787
2018-03-20,0.882958976317405
2018-03-21,0.88577813657853
2018-03-22,0.8888737631243426
2018-03-23,0.8921906121678758
2018-03-26,0.895701065249388
2018-03-27,0.899349856095788
2018-03-28,0.9031093564353387
2018-03-29,0.9070625066736948
2018-04-02,0.9109328721357057
2018-04-03,0.9149416208848793
2018-04-04,0.9186464027987506
2018-04-05,0.9225172178719987
2018-04-06,0.9265264356038472
2018-04-09,0.9304805086861379
2018-04-10,0.9345176958297952
2018-04-11,0.9384167726870674
2018-04-12,0.9422606930258981
2018-04-13,0.9459664799064127
2018-04-16,0.9497553691808935
2018-04-17,0.953627376402788
2018-04-18,0.9572782590945517
2018-04-19,0.961095237397469
2018-04-20,0.964912361057868
2018-04-23,0.9685083322274135
2018-04-24,0.9721874203926228
2018-04-25,0.9759496356832598
2018-04-26,0.9797673209566815
2018-04-27,0.983529817643225
2018-04-30,0.9873477842772926
2018-05-01,0.9912489019481718
2018-05-02,0.9951501713872046
2018-05-03,0.9991069340762548
2018-05-04,1.0030915258102846
2018-05-07,1.007076275835317
2018-05-08,1.011116530106504
2018-05-09,1.0151846211824855
2018-05-10,1.0192528749811247
2018-05-11,1.0232936152057226
2018-05-14,1.027417550418508
2018-05-15,1.0316523681661138
2018-05-16,1.0357489637669692
2018-05-17,1.039845726597033
2018-05-18,1.0439149735894215
2018-05-21,1.0478736521965404
2018-05-22,1.0517217492885367
2018-05-23,1.0556253633361212
2018-05-24,1.0597229321079427
2018-05-25,1.0636822256972378
2018-05-29,1.0676139859500111
2018-05-31,1.0718504863110212
2018-06-01,1.0761425480185105
2018-06-04,1.079742470904721
2018-06-05,1.0831763648604387
2018-06-06,1.086582682771886
2018-06-07,1.089989117336465
2018-06-08,1.093395668558661
2018-06-11,1.096802334575031
2018-06-12,1.100042927408973
2018-06-13,1.1033390188366354
2018-06-14,1.10710610121596
2018-06-15,1.1109841278117871
2018-06-18,1.11491770888974
2018-06-19,1.1187406314916881
2018-06-20,1.122397473310155
2018-06-21,1.1261098581060391
2018-06-22,1.129960906096672
2018-06-25,1.1338121017961722
2018-06-26,1.1376911537799517
2018-06-27,1.141542644915905
2018-06-28,1.1454497009006914
2018-06-29,1.149800275235724
2018-07-02,1.153818490020364
2018-07-03,1.1576428707986919
2018-07-05,1.1616614048404195
2018-07-06,1.1655969542118116
2018-07-09,1.1694495091021384
2018-07-10,1.1732190557722566
2018-07-11,1.176988742895313
2018-07-12,1.1807862897962096
2018-07-13,1.1845562578392421
2018-07-16,1.1884926957453912
2018-07-17,1.1921520550533637
2018-07-18,1.195866997612005
2018-07-19,1.1996375275580284
2018-07-20,1.203352746957087
2018-07-23,1.2070681037663844
2018-07-24,1.210922236891121
2018-07-25,1.2146933308909924
2018-07-26,1.2184368316325633
2018-07-27,1.2221527411877542
2018-07-30,1.225896519872749
2018-07-31,1.2298068344130941
2018-08-01,1.2334954265873943
2018-08-02,1.2373505650524086
2018-08-03,1.2410949078923483
2018-08-06,1.2448671271512834
2018-08-07,1.2486672249025776
2018-08-08,1.2524952042661797
2018-08-09,1.2563788073526982
2018-08-10,1.2602348183108791
2018-08-13,1.2640632318724254
2018-08-14,1.2680305093183186
2018-08-15,1.2721366636217368
2018-08-16,1.2762429832941402
2018-08-17,1.2800997507132816
2018-08-20,1.2839844136534495
2018-08-21,1.2878692255922752
2018-08-22,1.2917541865360205
2018-08-23,1.2957502996310488
2018-08-24,1.2997743222589397
2018-08-27,1.3037429966035186
2018-08-28,1.3076840712963556
2018-08-29,1.310903644842809
2018-08-30,1.3141788341554994
2018-08-31,1.3175651563043234
2018-09-04,1.320896076304101
2018-09-05,1.3242271058113486
2018-09-06,1.3275027249491034
2018-09-07,1.3307506887096032
2018-09-10,1.3340265187417932
2018-09-11,1.3373024546756263
2018-09-12,1.3405784965139445
2018-09-13,1.3437991145681227
2018-09-14,1.3468532401306188
2018-09-17,1.350240651603496
2018-09-18,1.3534893442084028
2018-09-19,1.356654837599347
2018-09-20,1.3597371222625831
2018-09-21,1.3627917306477721
2018-09-24,1.3659852828571628
2018-09-25,1.3691511656564792
2018-09-26,1.3722616029430812
2018-09-27,1.375872036781689
2018-09-28,1.379677012023195
2018-10-01,1.3834543575634628
2018-10-02,1.3873429527751169
2018-10-03,1.3913428084998847
2018-10-04,1.3952872662808202
2018-10-05,1.399065199659888
2018-10-09,1.4028154938457549
2018-10-10,1.4065659267377795
2018-10-11,1.4102887132706021
2018-10-12,1.4138449315977075
2018-10-15,1.4176791212862527
2018-10-16,1.4215412452013965
2018-10-17,1.425431303379332
2018-10-18,1.4293215096963463
2018-10-19,1.4331840759113312
2018-10-22,1.4370745806541407
2018-10-23,1.4409652356845104
2018-10-24,1.4449116239411364
2018-10-25,1.4488581646446175
2018-10-26,1.4528326535917069
2018-10-29,1.4566683204554565
2018-10-30,1.4605597259445213
2018-10-31,1.4645346700596473
2018-11-01,1.4685375688997082
2018-11-02,1.4726518228074914
2018-11-05,1.4767662446629748
2018-11-06,1.480825230797267
2018-11-07,1.4846897594023911
2018-11-08,1.488554431997824
2018-11-09,1.4923080308450576
2018-11-13,1.496145188067377
2018-11-14,1.4997600301329017
2018-11-15,1.5036808863105655
2018-11-16,1.5076018960969328
2018-11-19,1.5114674380398485
2018-11-20,1.5152496960846085
2018-11-21,1.5189486587686485
2018-11-23,1.5227033786738398
2018-11-26,1.5263469813760144
2018-11-27,1.5299629000853354
2018-11-28,1.533551130845523
2018-11-29,1.5371951188742905
2018-11-30,1.5402828633656274
2018-12-03,1.5432316099357468
2018-12-04,1.5464308190653142
2018-12-06,1.5500196170794123
2018-12-07,1.5535807237312182
2018-12-10,1.5569193782912771
2018-12-11,1.5600633779147222
2018-12-12,1.5632631234802963
2018-12-13,1.5665464459092782
2018-12-14,1.5698020479237629
2018-12-17,1.573252537307579
2018-12-18,1.5763692031391052
2018-12-19,1.579708599569396
2018-12-20,1.5834933784647731
2018-12-21,1.587306130760302
2018-12-24,1.591202522355628
2018-12-26,1.5951825607051662
2018-12-27,1.5991627549811982
2018-12-28,1.603198774422454
2018-12-31,1.6087102459808156
2019-01-02,1.614639574882748
2019-01-03,1.6192608213372983
2019-01-04,1.6232419578364077
2019-01-07,1.6271397277539457
2019-01-08,1.6310376461029508
2019-01-09,1.6350470884227697
2019-01-10,1.6388896180207446
2019-01-11,1.6427044484688347
2019-01-14,1.6464915755766585
2019-01-15,1.650445929152422
2019-01-16,1.654344740344893
2019-01-17,1.6580487479662454
2019-01-18,1.6619200000309142
2019-01-22,1.6658192534489968
2019-01-23,1.66969080354471
2019-01-24,1.6735903550128217
2019-01-25,1.6774622010407914
2019-01-28,1.6813063384452098
2019-01-29,1.6851784783071144
2019-01-30,1.6889671890016222
2019-01-31,1.6932296450076878
2019-02-01,1.6971022314957063
2019-02-04,1.7006963485479254
2019-02-05,1.704346319335559
2019-02-06,1.707940694373522
2019-02-07,1.7116187925357407
2019-02-08,1.7153248911292884
2019-02-11,1.7191704589613277
2019-02-12,1.7229883046961492
2019-02-13,1.7266112080405405
2019-02-14,1.730345721404114
2019-02-15,1.7341918539703904
2019-02-19,1.7380102624601879
2019-02-20,1.7418009416259261
2019-02-21,1.7452851410556747
2019-02-22,1.7489367121058752
2019-02-25,1.7526441694483141
2019-02-26,1.7564075172118887
2019-02-27,1.7601152477860316
2019-02-28,1.7644085659348274
2019-03-01,1.7681444679115588
2019-03-04,1.771852625132575
2019-03-05,1.7755609174693099
2019-03-06,1.7791578093313776
2019-03-07,1.7827269434671278
2019-03-08,1.7864914028185241
2019-03-11,1.79031177637059
2019-03-12,1.7941601802984986
2019-03-13,1.7980366177629659
2019-03-14,1.8019410908778344
2019-03-15,1.805985165674051
2019-03-18,1.8098899447263506
2019-03-19,1.8138227658956785
2019-03-20,1.8178952061167486
2019-03-21,1.8216330655121293
2019-03-22,1.8254547559494183
2019-03-25,1.8293044874790665
2019-03-26,1.833154364556333
2019-03-27,1.836976487424602
2019-03-28,1.8408824530118162
2019-03-29,1.8454023865474012
2019-04-01,1.8493923814985713
2019-04-02,1.8533825327655684
2019-04-03,1.8574286499611459
2019-04-04,1.8613353967818602
2019-04-05,1.8652702009287925
2019-04-08,1.869205157073428
2019-04-09,1.873112356652995
2019-04-10,1.8769359740344882
2019-04-11,1.8807318242649806
2019-04-12,1.8845557286763626
2019-04-15,1.8885193425761448
2019-04-16,1.8924272808114262
2019-04-17,1.8964749457293761
2019-04-18,1.900522771440638
2019-04-22,1.9043194984150968
2019-04-23,1.9081722052638472
2019-04-24,1.9119133788383147
2019-04-25,1.9156826099865354
2019-04-26,1.9194799018035669
2019-04-29,1.9234448732720066
2019-04-30,1.928136005353176
2019-05-01,1.9321571585747321
2019-05-02,1.9360946941822998
2019-05-03,1.939808965969414
2019-05-06,1.9434954452218989
2019-05-07,1.9470703363808406
2019-05-08,1.9505894923044664
2019-05-09,1.954136703395637
2019-05-10,1.9577399044037325
2019-05-13,1.9613991023195831
2019-05-14,1.9651701699054946
2019-05-15,1.9690810470146758
2019-05-16,1.9728523945861776
2019-05-17,1.9766797586696638
2019-05-20,1.9805352086440298
2019-05-21,1.9841672846203418
2019-05-22,1.9878833141495855
2019-05-23,1.9916274211962515
2019-05-24,1.9952598932209575
2019-05-28,1.9990042669680186
2019-05-29,2.002720834062832
2019-05-30,2.006493428909506
2019-05-31,2.0105456262021537
2019-06-03,2.0143464587827564
2019-06-04,2.0180915352735695
2019-06-05,2.0211379935999307
2019-06-06,2.0240727397092595
2019-06-07,2.0270075710433932
2019-06-10,2.029914534426158
2019-06-11,2.0328215814310324
2019-06-12,2.0356728041396988
2019-06-13,2.0384122892423973
2019-06-14,2.041151847895928
2019-06-17,2.0440592126859336
2019-06-18,2.046910747858366
2019-06-19,2.049398914788836
2019-06-20,2.052082850828474
2019-06-21,2.0547948158588625
2019-06-24,2.0575348113526237
2019-06-25,2.0605265251431693
2019-06-26,2.063602209760118
2019-06-27,2.066733912863228
2019-06-28,2.070145338856455
2019-07-01,2.0731933499402944
2019-07-02,2.076409234837384
2019-07-03,2.079625216648062
2019-07-05,2.0830090982031813
2019-07-08,2.086169359406509
2019-07-09,2.089357689717719
2019-07-10,2.0926020578611704
2019-07-11,2.09570668121124
2019-07-12,2.09853169079961
2019-07-15,2.1016364902163076
2019-07-16,2.10476935606565
2019-07-17,2.107958265539911
2019-07-18,2.1111472754832494
2019-07-19,2.1140286591923907
2019-07-22,2.1170500061177266
2019-07-23,2.120099419536392
2019-07-24,2.123176901121515
2019-07-25,2.12636638986452
2019-07-26,2.129527999375691
2019-07-29,2.132549804895234
2019-07-30,2.135543719315036
2019-07-31,2.1390134050391474
2019-08-01,2.141475846299179
2019-08-02,2.1439663305696355
2019-08-05,2.146093084014966
2019-08-06,2.148163913380774
2019-08-07,2.1502907559725504
2019-08-08,2.152445629382216
2019-08-09,2.1546285336104365
2019-08-12,2.156783496754744
2019-08-13,2.1590784416106734
2019-08-14,2.161261486379873
2019-08-15,2.163472563727087
2019-08-16,2.165459775882783
2019-08-19,2.1673350678725223
2019-08-20,2.1693223551588314
2019-08-21,2.171253700617304
2019-08-22,2.1731850831137933
2019-08-23,2.1750045333082335
2019-08-26,2.17685200844846
2019-08-27,2.1788674728686397
2019-08-28,2.18082699135409
2019-08-29,2.182758553230646
2019-08-30,2.1845221817109017
2019-09-03,2.186425815647075
2019-09-04,2.188469461297715
2019-09-05,2.1905131478195727
2019-09-06,2.1924168944069455
2019-09-09,2.193676743274109
2019-09-10,2.1949086096738624
2019-09-11,2.196140490585674
2019-09-12,2.197484376502201
2019-09-13,2.1988282800909476
2019-09-16,2.2005921728801114
2019-09-17,2.2102517524897225
2019-09-18,2.2122678536347973
2019-09-19,2.2128558961841183
2019-09-20,2.2131639201596887
2019-09-23,2.2134439427996755
2019-09-24,2.2140319919541795
2019-09-25,2.214760057000942
2019-09-26,2.2150120812431062
2019-09-27,2.2152641063137413
2019-09-30,2.2170282866426527
2019-10-01,2.217336323022878
2019-10-02,2.2175883536176055
2019-10-03,2.2178403849022255
2019-10-04,2.2180924169467042
2019-10-07,2.2184004569558713
2019-10-08,2.2188205130100114
2019-10-09,2.219212566830686
2019-10-10,2.2196046221552246
2019-10-11,2.219968674824724
2019-10-15,2.2207527910587777
2019-10-16,2.221536912233857
2019-10-17,2.222068998687221
2019-10-18,2.2224330598342057
2019-10-21,2.2227691175662923
2019-10-22,2.223189191342456
2019-10-23,2.2236372720016107
2019-10-24,2.22402934418946
2019-10-25,2.224365407353912
2019-10-28,2.2246174554861
2019-10-29,2.2248414988234044
2019-10-30,2.225037537065555
2019-10-31,2.2249535206071203
2019-11-01,2.22447742721148
2019-11-04,2.223973330531903
2019-11-05,2.2235532519220946
2019-11-06,2.2232171900465225
2019-11-07,2.222965144192357
2019-11-08,2.2226570890770514
2019-11-12,2.222181006246493
2019-11-13,2.221732930252318
2019-11-14,2.2213408653685596
2019-11-15,2.220724767290516
2019-11-18,2.2200246600572404
2019-11-19,2.2193805656382626
2019-11-20,2.2188764942305372
2019-11-21,2.2184564365657966
2019-11-22,2.2180923878859504
2019-11-25,2.217728340303271
2019-11-26,2.2173082868959026
2019-11-27,2.2169722453670104
2019-11-29,2.2168042253390974
2019-12-02,2.2160481403918464
2019-12-03,2.2150400348616817
2019-12-04,2.2140319389977625
2019-12-05,2.21310785973019
2019-12-06,2.2122117907199312
2019-12-09,2.211343731476556
2019-12-10,2.2103076709848013
2019-12-11,2.209271620711273
2019-12-12,2.208235580656126
2019-12-13,2.2072275519011475
2019-12-16,2.2063595364143485
2019-12-17,2.2047355296844318
2019-12-18,2.2033075433276927
2019-12-19,2.20199157284513
2019-12-20,2.20075961532904
2019-12-23,2.1996116674962485
2019-12-24,2.1985757250746696
2019-12-26,2.197539793153913
2019-12-27,2.19653186961013
2019-12-30,2.1955239562829965
2019-12-31,2.194544050212577
2020-01-02,2.1933961728237694
2020-01-03,2.1923602942568676
2020-01-06,2.1913804185213603
2020-01-07,2.190428548362622
2020-01-08,2.1895046824845776
2020-01-09,2.1886088203959986
2020-01-10,2.187628980631784
2020-01-13,2.18670513981023
2020-01-14,2.1857253182995917
2020-01-15,2.18482948958878
2020-01-16,2.1839056743297336
2020-01-17,2.182813904025882
2020-01-21,2.18186211313931
2020-01-22,2.1808263512028248
2020-01-23,2.179930564948984
2020-01-24,2.179006793473026
2020-01-27,2.1780550377874075
2020-01-28,2.177075298681652
2020-01-29,2.176011593012195
2020-01-30,2.1751158499493606
2020-01-31,2.1742481067020147
2020-02-03,2.1732963969059993
2020-02-04,2.172232732616197
2020-02-05,2.1711130979581217
2020-02-06,2.1702453884675066
2020-02-07,2.1693496959547254
2020-02-10,2.168454011294396
2020-02-11,2.167558334486297
2020-02-12,2.1665227183906177
2020-02-13,2.1654591237434184
2020-02-14,2.1644235292102243
2020-02-18,2.1634439226896562
2020-02-19,2.1624923135300067
2020-02-20,2.161568701478056
2020-02-21,2.1604771710265647
2020-02-24,2.1594416269925976
2020-02-25,2.1584340808480817
2020-02-26,2.1574265443647267
2020-02-27,2.1564190178178677
2020-02-28,2.1554674743529123
2020-03-02,2.154487953439288
2020-03-03,2.1536483721352084
2020-03-04,2.1516613793796546
2020-03-05,2.149338602680473
2020-03-06,2.14681998987154
2020-03-09,2.1444413547362373
2020-03-10,2.1421747069134467
2020-03-11,2.140020040130697
2020-03-12,2.1380053292764822
2020-03-13,2.1356269000548878
2020-03-16,2.1309540924271397
2020-03-17,2.1270929060391186
2020-03-18,2.1213293618710605
2020-03-19,2.1152024597951735
2020-03-20,2.1091038953416463
2020-03-23,2.1030056917678452
2020-03-24,2.0968798806531463
2020-03-25,2.0908103738639605
2020-03-26,2.084797161432017
2020-03-27,2.078812268324759
2020-03-30,2.072827726092541
2020-03-31,2.0667876110008754
2020-04-01,2.06071989315173
2020-04-02,2.05456866056164
2020-04-03,2.0485016691111024
2020-04-06,2.0424350383337453
2020-04-07,2.036340814716442
2020-04-08,2.030246955061177
2020-04-09,2.024181409499448
2020-04-13,2.0181721232013006
2020-04-14,2.012247038044568
2020-04-15,2.0062105110965067
2020-04-16,2.000174341356731
2020-04-17,1.994166470735803
2020-04-20,1.988131012043115
2020-04-21,1.981956215837899
2020-04-22,1.9757817934814126
2020-04-23,1.9695239394800002
2020-04-24,1.9633502732092634
2020-04-27,1.9572328442664766
2020-04-28,1.9511716392843104
2020-04-29,1.9450270092028488
2020-04-30,1.938994461621002
2020-05-01,1.93293434420434
2020-05-04,1.92693043734804
2020-05-05,1.9207035097458025
2020-05-06,1.9145328026509034
2020-05-07,1.908418305928783
2020-05-08,1.9024437615129397
2020-05-11,1.8965253977119012
2020-05-12,1.890467809994223
2020-05-13,1.8844384909266099
2020-05-14,1.8783816151193955
2020-05-15,1.872408830016381
2020-05-18,1.8662689520408948
2020-05-19,1.8600178235511189
2020-05-20,1.8538228804045653
2020-05-21,1.8475446105468585
2020-05-22,1.8411272314801552
2020-05-26,1.8348776492621566
2020-05-27,1.8288516230170693
2020-05-28,1.8229096383318266
2020-05-29,1.8169401069985769
2020-06-01,1.8109430339111388
2020-06-02,1.804974205774701
2020-06-03,1.7986989538260723
2020-06-04,1.7924240904021893
2020-06-05,1.7862053834789782
2020-06-08,1.779680342513501
2020-06-09,1.7732114840711022
2020-06-10,1.766687276084511
2020-06-11,1.7601077328543546
2020-06-12,1.753528615013522
2020-06-15,1.7469220503372407
2020-06-16,1.7388108391170443
2020-06-17,1.7302822392246675
2020-06-18,1.7230083653290595
2020-06-19,1.7164316478830655
2020-06-22,1.7099389454630076
2020-06-23,1.7033909314813078
2020-06-24,1.6967876202927057
2020-06-25,1.6902683150567421
2020-06-26,1.6837772826787667
2020-06-29,1.677314519591988
2020-06-30,1.670740758199707
2020-07-01,1.6642788289924937
2020-07-02,1.6578730097244199
2020-07-06,1.6514118965877955
2020-07-07,1.6449790401960263
2020-07-08,1.6385744352443554
2020-07-09,1.632142391251823
2020-07-10,1.6257385951317538
2020-07-13,1.6193630416024174
2020-07-14,1.6129878897944927
2020-07-15,1.606696648244732
2020-07-16,1.5998491192820374
2020-07-17,1.5933082017654865
2020-07-20,1.5869625164760537
2020-07-21,1.5805893973345864
2020-07-22,1.574244503006228
2020-07-23,1.567900004990741
2020-07-24,1.5615837265408272
2020-07-27,1.5551843762905193
2020-07-28,1.548813249024228
2020-07-29,1.5424425197088087
2020-07-30,1.5360721918104892
2020-07-31,1.5295910055387552
2020-08-03,1.5231936711356031
2020-08-04,1.516796738073456
2020-08-05,1.5104002080791323
2020-08-06,1.5039762736397178
2020-08-07,1.497608357200897
2020-08-10,1.4912408402567578
2020-08-11,1.484929329067164
2020-08-12,1.4780065999333125
2020-08-13,1.471640312718181
2020-08-14,1.4652744248959904
2020-08-17,1.4589367333349035
2020-08-18,1.4525716424799828
2020-08-19,1.4462069509430409
2020-08-20,1.4397592854580532
2020-08-21,1.433339817906898
2020-08-24,1.4269207583608612
2020-08-25,1.4204743204235593
2020-08-26,1.4139449419702688
2020-08-27,1.4073048599478222
2020-08-28,1.4008041085353362
2020-08-31,1.3943315548369695
2020-09-01,1.3877205362099243
2020-09-02,1.3811932699981266
2020-09-03,1.3748052860705906
2020-09-04,1.3683899325536597
2020-09-08,1.361974985022707
2020-09-09,1.3555604434526636
2020-09-10,1.3490630126943515
2020-09-11,1.3419552108960398
2020-09-14,1.3353753685004355
2020-09-15,1.3288237145606452
2020-09-16,1.3222447265578863
2020-09-17,1.3156939215556829
2020-09-18,1.3091157842303858
2020-09-21,1.3025103199526544
2020-09-22,1.295905284549459
2020-09-23,1.2892729293616956
2020-09-24,1.2826965038722715
2020-09-25,1.2761482522003709
2020-09-28,1.2695171942385786
2020-09-29,1.2628588272496577
2020-09-30,1.2561454208154244
2020-10-01,1.249432459459121
2020-10-02,1.2428863620012276
2020-10-05,1.23631295186164
2020-10-06,1.2298231672802862
2020-10-07,1.2232783358324673
2020-10-08,1.216678468249821
2020-10-09,1.2100513058888263
2020-10-13,1.2026482811043016
2020-10-14,1.1958556993199476
2020-10-15,1.189202180966853
2020-10-16,1.1827154146581753
2020-10-19,1.1762567818630831
2020-10-20,1.169715411861505
2020-10-21,1.1631744629883478
2020-10-22,1.1566893616417717
2020-10-23,1.1502600989268696
2020-10-26,1.1439143730971546
2020-10-27,1.137541338261161
2020-10-28,1.1308916503709465
2020-10-29,1.1244086220777882
2020-10-30,1.117953711085895
2020-11-02,1.1116377154905877
2020-11-03,1.1053221126724688
2020-11-04,1.0990346008972418
2020-11-05,1.092775176695704
2020-11-06,1.0864884451861512
2020-11-09,1.0800913391234568
2020-11-10,1.073722327494564
2020-11-12,1.0673260275643193
2020-11-13,1.0606809580784526
2020-11-16,1.0543131694889851
2020-11-17,1.0479457803868941
2020-11-18,1.041495746589649
2020-11-19,1.0350184437265098
2020-11-20,1.0285415543183962
2020-11-23,1.0220650801138653
2020-11-24,1.015672045732452
2020-11-25,1.0093347616333626
2020-11-27,1.0030532156531935
2020-11-30,0.9967997305964538
2020-12-01,0.9903529632902197
2020-12-02,0.9839619375153097
2020-12-03,0.9776543060849185
2020-12-04,0.9713747319622046
2020-12-07,0.9650402268839953
2020-12-08,0.9586231431443881
2020-12-09,0.9521788127033748
2020-12-10,0.9456795845641519
2020-12-11,0.939208427577265
2020-12-14,0.9325164781384121
2020-12-15,0.9260738158873627
2020-12-16,0.9193827390648668
2020-12-17,0.9125538789693577
2020-12-18,0.9056425506305921
2020-12-21,0.8990357533472215
2020-12-22,0.8924570249306152
2020-12-23,0.8858234474441451
2020-12-24,0.8793837639101465
2020-12-28,0.8731103010122254
2020-12-29,0.8665885339775858
2020-12-30,0.8600119247587745
2020-12-31,0.8533804823216196
2021-01-04,0.8468599908823871
2021-01-05,0.8405056767978314
2021-01-06,0.8341517613551508
2021-01-07,0.8277982462701061
2021-01-08,0.8213898887964088
2021-01-11,0.8149543199096554
2021-01-12,0.8085191600511132
2021-01-13,0.8021120261517467
2021-01-14,0.7957329129271828
2021-01-15,0.7889124179125018
2021-01-19,0.7830587281934864
2021-01-20,0.7771777683087677
2021-01-21,0.771407576225891
2021-01-22,0.7657205323919003
2021-01-25,0.7600890188655507
2021-01-26,0.7544026106796498
2021-01-27,0.7486613218216753
2021-01-28,0.7429203616926783
2021-01-29,0.737124536657574
2021-02-01,0.7314394307051719
2021-02-02,0.7256166733468516
2021-02-03,0.7199322168411237
2021-02-04,0.7142480780238714
2021-02-05,0.7084263064324192
2021-02-08,0.7026876358706469
2021-02-09,0.6970596435344145
2021-02-10,0.6914319672725711
2021-02-11,0.6858046055260969
2021-02-12,0.6800120648218
2021-02-16,0.6743301804582158
2021-02-17,0.6686486167526651
2021-02-18,0.6627743281748755
2021-02-19,0.6568452295815597
2021-02-22,0.6508337600675818
2021-02-23,0.6447675017705823
2021-02-24,0.6388946051116839
2021-02-25,0.6331323291202118
2021-02-26,0.627260109796457
2021-03-01,0.6213882347415156
2021-03-02,0.615434012842675
2021-03-03,0.6094801432824593
2021-03-04,0.6028376033982985
2021-03-05,0.5884245301918556
2021-03-08,0.5814527237272937
2021-03-09,0.5761345913054772
2021-03-10,0.5710647102733502
2021-03-11,0.5659950834172145
2021-03-12,0.56062266806165
2021-03-15,0.5551128003763672
2021-03-16,0.5500439776304322
2021-03-17,0.5450580459809506
2021-03-18,0.5386125586131385
2021-03-19,0.5334619415632513
2021-03-22,0.5283942102021433
2021-03-23,0.5233542735468832
2021-03-24,0.5183696653483505
2021-03-25,0.5133577677862489
2021-03-26,0.5082910498450444
2021-03-29,0.503224587308404
2021-03-30,0.49815838016433744
2021-03-31,0.49309242839965517
2021-04-01,0.4876137901349553
2021-04-05,0.4819978115223167
2021-04-06,0.4766574098243881
2021-04-07,0.47150996675153767
2021-04-08,0.46641783463967634
2021-04-09,0.46129843836861806
2021-04-12,0.4561793029627559
2021-04-13,0.4510879478452745
2021-04-14,0.44605188689743613
2021-04-15,0.441071111858915
2021-04-16,0.4361180991729441
2021-04-19,0.43113781671677565
2021-04-20,0.4263228573511135
2021-04-21,0.4220033367469789
2021-04-22,0.41773902297048693
2021-04-23,0.41341987157317295
2021-04-26,0.40912841410971623
2021-04-27,0.4048646470531825
2021-04-28,0.40060106105321847
2021-04-29,0.3963101514385059
2021-04-30,0.39201942520847854
2021-05-03,0.3877013800581919
2021-05-04,0.3833560195359187
2021-05-05,0.3790933468769353
2021-05-06,0.3748033564566766
2021-05-07,0.3705135493814904
2021-05-10,0.3661964292385411
2021-05-11,0.36187949478256876
2021-05-12,0.3576177341016118
2021-05-13,0.35341114021147924
2021-05-14,0.3491772308803043
2021-05-17,0.344668594951103
2021-05-18,0.34021514004722864
2021-05-19,0.33598178745508633
2021-05-20,0.3317761004584474
2021-05-21,0.32754310390907815
2021-05-24,0.32331028594969613
2021-05-25,0.31905016306910117
2021-05-26,0.31481770342685067
2021-05-27,0.31061290354481574
2021-05-28,0.3064357599672496
2021-06-01,0.30223131142297355
2021-06-02,0.29780721757703965
2021-06-03,0.293603130707365
2021-06-04,0.28942669545208854
2021-06-07,0.28525043411242734
2021-06-08,0.28107434668067643
2021-06-09,0.27692590512955473
2021-06-10,0.27277763519120146
2021-06-11,0.26862953685931057
2021-06-14,0.26445414155675806
2021-06-15,0.2602514527156652
2021-06-16,0.2560214737905131
2021-06-17,0.2519290033906385
2021-06-18,0.24780923605183247
2021-06-21,0.2436896380115794
2021-06-22,0.2395427475401002
2021-06-23,0.23542348920417844
2021-06-24,0.2313044001451381
2021-06-25,0.2271854803568507
2021-06-28,0.22309418704804518
2021-06-29,0.21897560465131694
2021-06-30,0.21482973655244653
2021-07-01,0.2107114937763832
2021-07-02,0.20662087293876752
2021-07-06,0.20253041908111502
2021-07-07,0.19844013219678658
2021-07-08,0.19435001227898763
2021-07-09,0.19028750755578638
2021-07-12,0.18622516755208984
2021-07-13,0.1821629922608592
2021-07-14,0.17810098167609922
2021-07-15,0.17390191701931457
2021-07-16,0.1696481432675201
2021-07-19,0.16542199152635995
2021-07-20,0.1611685778653671
2021-07-21,0.15694278387616833
2021-07-22,0.152717168173222
2021-07-23,0.14851916750422411
2021-07-26,0.14432134279822595
2021-07-27,0.1401236940486772
2021-07-28,0.13595365456748887
2021-07-29,0.13178378873552887
2021-07-30,0.12758666550971576
2021-08-02,0.12333485848403658
2021-08-03,0.11911066069749676
2021-08-04,0.11485921359595253
2021-08-05,0.11066279978040328
2021-08-06,0.10646656186210635
2021-08-09,0.10224307574775438
2021-08-10,0.0980471907505942
2021-08-11,0.09385148162770474
2021-08-12,0.0896011071290781
2021-08-13,0.08537833256765381
2021-08-16,0.08101864485077215
2021-08-17,0.07778325793368346
2021-08-18,0.07484956088308348
2021-08-19,0.07197078210554597
2021-08-20,0.06911950151060609
2021-08-23,0.06621347299049507
2021-08-24,0.06319787389790221
2021-08-25,0.06004530144665399
2021-08-26,0.057166948532083595
2021-08-27,0.0565912812614533
2021-08-30,0.0552480756613738
2021-08-31,0.055111014053355056
2021-09-01,0.055083601739158716
2021-09-02,0.05511101406074914
2021-09-03,0.05519325109342166
2021-09-07,0.05530290058999299
2021-09-08,0.05541255020691249
2021-09-09,0.05552219994406915
2021-09-10,0.05563184980155178
2021-09-13,0.0557414997789607
2021-09-14,0.05585114987636253
2021-09-15,0.05596080009433457
2021-09-16,0.05607045043209968
2021-09-17,0.05618010089032399
2021-09-20,0.05628975146871884
2021-09-21,0.05639940216699557
2021-09-22,0.05650905298577591
2021-09-23,0.05661870392443813
2021-09-24,0.05670094219609734
2021-09-27,0.056673529446316095
2021-09-28,0.05672835497581019
2021-09-29,0.05678318053550235
2021-09-30,0.05683800612517054
2021-10-01,0.05692024457690792
2021-10-04,0.05702989596634289
2021-10-05,0.05713954747597061
2021-10-06,0.05724919910548021
2021-10-07,0.0573040249505441
2021-10-08,0.05735885082549519
2021-10-12,0.05746850269563453
2021-10-13,0.0575781546859222
2021-10-14,0.0576055676908771
2021-10-15,0.05766039373094056
2021-10-18,0.057660393730851744
2021-10-19,0.057605567690788284
2021-10-20,0.057550741680745254
2021-10-21,0.05749591570074486
2021-10-22,0.057468502733115656
2021-10-25,0.05741367681297849
2021-10-26,0.05738626386828649
2021-10-27,0.05741367682057241
2021-10-28,0.05749591574544244
2021-10-29,0.057495915745775505
2021-11-01,0.057523328728170675
2021-11-02,0.05755074171824859
2021-11-03,0.057660393798553145
2021-11-04,0.05774263292652737
2021-11-05,0.057770045976601736
2021-11-08,0.05774263293398807
2021-11-09,0.0577152198988129
2021-11-10,0.05768780687127606
2021-11-12,0.05766039385124433
2021-11-15,0.057632980838606684
2021-11-16,0.05757815484364048
2021-11-17,0.057550741853340526
2021-11-18,0.05749591590344938
2021-11-19,0.057441089983334415
2021-11-22,0.05738626409337311
2021-11-23,0.057304025326132546
2021-11-24,0.05724919951104468
2021-11-26,0.057166960856447346
2021-11-29,0.05708472226937378
2021-11-30,0.056975070939979666
2021-12-01,0.05686541973084491
2021-12-02,0.05675576864179188
2021-12-03,0.056646117673131435
2021-12-06,0.056536466824419485
2021-12-07,0.056454228755509206
2021-12-08,0.05639940340638194
2021-12-09,0.05631716545007048
2021-12-10,0.05620751496180354
2021-12-13,0.05612527716343241
2021-12-14,0.05604303943234079
2021-12-15,0.055905976735304286
2021-12-16,0.05574150176921311
2021-12-17,0.055577027073439034
2021-12-20,0.05541255260292921
2021-12-21,0.05527549076924654
2021-12-22,0.05513842912354683
2021-12-23,0.05500136766567465
2021-12-27,0.054864306395385753
2021-12-28,0.0547272453129688
2021-12-29,0.05456277228446105
2021-12-30,0.0543434753935923
2021-12-31,0.05415159098243194
2022-01-03,0.05395970693884422
2022-01-04,0.05376782326322882
2022-01-05,0.05360335181199272
2022-01-06,0.05346629245681633
2022-01-07,0.05332923328960071
2022-01-10,0.05319217430990175
2022-01-11,0.05305511551800812
2022-01-12,0.052918056913897615
2022-01-13,0.052808410150761986
2022-01-14,0.05267135188484762
2022-01-18,0.05253429380631669
2022-01-19,0.05239723591559109
2022-01-20,0.05226017817496764
2022-01-21,0.05215053213278864
2022-01-24,0.05201347473029472
2022-01-25,0.051903828958521636
2022-01-26,0.05176677189417944
2022-01-27,0.05160230368714824
2022-01-28,0.05149265836568162
2022-01-31,0.05138301316454097
2022-02-01,0.05127336808388172
2022-02-02,0.05113631192072976
2022-02-03,0.0510266671098325
2022-02-04,0.05091702241954987
2022-02-07,0.05086220010428466
2022-02-08,0.050807377819328536
2022-02-09,0.050697733339255535
2022-02-10,0.05061550006919546
2022-02-11,0.05056067791928687
2022-02-14,0.050505855799465316
2022-02-15,0.050451033709419946
2022-02-16,0.050341389649899426
2022-02-17,0.0502317457108159
2022-02-18,0.0501221018913256
2022-02-22,0.04998504730511222
2022-02-23,0.049875403756272085
2022-02-24,0.04976576032749147
2022-02-25,0.04965611701885919
2022-02-28,0.049546473830708315
2022-03-01,0.04943683076228389
2022-03-02,0.04932718781409662
2022-03-03,0.04919013431683439
2022-03-04,0.049053081007266464
2022-03-07,0.048916027885259616
2022-03-08,0.04880638550808225
2022-03-09,0.04872415379262307
2022-03-10,0.04866933267910767
2022-03-11,0.048641922129610826
2022-03-14,0.04858710106141473
2022-03-15,0.0485048695259227
2022-03-16,0.048422638058487344
2022-03-17,0.0490530789644783
2022-03-18,0.049656113031382176
2022-03-21,0.050231739928063845
2022-03-22,0.050725136979479224
2022-03-23,0.05121853659908471
2022-03-24,0.05168452729928941
2022-03-25,0.05220534300318658
2022-03-28,0.05275357306349093
2022-03-29,0.053274394332181174
2022-03-30,0.05376780652341928
2022-03-31,0.05431604499550602
2022-04-01,0.05486428632113238
2022-04-04,0.05543994302470434
2022-04-05,0.05601560304060449
2022-04-06,0.05661867907311713
2022-04-07,0.057249171625506357
2022-04-08,0.0578796681509397
2022-04-11,0.05848275541882053
2022-04-12,0.059031019725819256
2022-04-13,0.059579287037081485
2022-04-14,0.060154971026027404
2022-04-18,0.060703244495763364
2022-04-19,0.06122410714639592
2022-04-20,0.061662730368383656
2022-04-21,0.06210135563355923
2022-04-22,0.06256739702064085
2022-04-25,0.06300602613107387
2022-04-26,0.0634720717316739
2022-04-27,0.06396553407759242
2022-04-28,0.06445899885703099
2022-04-29,0.06497988105773622
2022-05-02,0.06555559596082006
2022-05-03,0.06610389887276025
2022-05-04,0.06667962024273777
2022-05-05,0.06865353452090162
2022-05-06,0.07062748827744159
2022-05-09,0.07262889808556938
2022-05-10,0.07463034792176693
2022-05-11,0.07657700138130608
2022-05-12,0.07852369217418165
2022-05-13,0.08047042083401124
2022-05-16,0.08241718682824306
2022-05-17,0.08439141100466951
2022-05-18,0.08633825380339744
2022-05-19,0.08828513447223241
2022-05-20,0.09017720971755683
2022-05-23,0.09209674315528993
2022-05-24,0.09404373637198482
2022-05-25,0.09596334396195783
2022-05-26,0.09788298836663767
2022-05-27,0.09980266958633521
2022-05-31,0.10174981216497514
2022-06-01,0.1036969920859443
2022-06-02,0.1056167842811595
2022-06-03,0.10750918716504465
2022-06-06,0.10940162582331325
2022-06-07,0.11126667309022675
2022-06-08,0.11315918381706869
2022-06-09,0.115051730838589
2022-06-10,0.11688945515786475
2022-06-13,0.11864492505508917
2022-06-14,0.120263276799637
2022-06-15,0.12193651542986572
2022-06-16,0.1257219402906129
2022-06-17,0.12942521027117238
2022-06-21,0.13310118357032774
2022-06-22,0.13680472648083253
2022-06-23,0.1404809717058919
2022-06-24,0.14423965994307952
2022-06-27,0.14810823610040824
2022-06-28,0.1520592760945405
2022-06-29,0.15598303310442319
2022-06-30,0.15987950390401462
2022-07-01,0.1638310082975769
2022-07-05,0.16786499594727555
2022-07-06,0.17192659037150726
2022-07-07,0.17604324037785446
2022-07-08,0.18010516752553496
2022-07-11,0.1841398117040871
2022-07-12,0.18828441243772254
2022-07-13,0.192401735810388
2022-07-14,0.19649177731668743
2022-07-15,0.2005545324966107
2022-07-18,0.20458999914543252
2022-07-19,0.208625628318182
2022-07-20,0.21263396565607273
2022-07-21,0.2166973764806901
2022-07-22,0.22081586863678115
2022-07-25,0.22496198778849674
2022-07-26,0.22902589848849964
2022-07-27,0.2330625128958541
2022-07-28,0.23915886996430658
2022-07-29,0.24525559949444276
2022-08-01,0.2513526981686498
2022-08-02,0.2575050998372186
2022-08-03,0.26371281970822835
2022-08-04,0.26994839514353774
2022-08-05,0.2761294142794135
2022-08-08,0.2823657636329413
2022-08-09,0.2886024991273439
2022-08-10,0.2947846681730981
2022-08-11,0.30102217772960405
2022-08-12,0.3072325937821363
2022-08-15,0.31341590956301957
2022-08-16,0.31959960650671526
2022-08-17,0.32583865763908815
2022-08-18,0.332050610272705
2022-08-19,0.3382629475365162
2022-08-22,0.3444756694546136
2022-08-23,0.3506612844283774
2022-08-24,0.3568747757261903
2022-08-25,0.36311614677608794
2022-08-26,0.3693579059882879
2022-08-29,0.3756000533860826
2022-08-30,0.38187008915084864
2022-08-31,0.388140516578539
2022-09-01,0.39441133569244613
2022-09-02,0.4006825465181718
2022-09-06,0.406954149079497
2022-09-07,0.41319863465398843
2022-09-08,0.41944350858440504
2022-09-09,0.42568877089403934
2022-09-12,0.4319344216082044
2022-09-13,0.4381804607497042
2022-09-14,0.44439937104141514
2022-09-15,0.45064618540093804
2022-09-16,0.4568658675424331
2022-09-19,0.4630859347936722
2022-09-20,0.46927886305161426
2022-09-21,0.47544464724333935
2022-09-22,0.483647845682289
2022-09-23,0.49185171386141313
2022-09-26,0.5000562518358675
2022-09-27,0.5082339254053325
2022-09-28,0.5164122643907421
2022-09-29,0.524536191375824
2022-09-30,0.5327158568737556
2022-10-03,0.5409512743551614
2022-10-04,0.5492975482973783
2022-10-05,0.5576445150945242
2022-10-06,0.5660197248365861
2022-10-07,0.5743956321297317
2022-10-11,0.5827722370327137
2022-10-12,0.591121982686893
2022-10-13,0.5994724214841485
2022-10-14,0.6078235534823229
2022-10-17,0.6162029425179627
2022-10-18,0.6245554633780737
2022-10-19,0.6329086776116544
2022-10-20,0.6412350146235202
2022-10-21,0.6495344676211712
2022-10-24,0.6578070298310257
2022-10-25,0.6661078494519801
2022-10-26,0.6744369333536504
2022-10-27,0.6827942884311655
2022-10-28,0.6911799216033465
2022-10-31,0.6995662531950497
2022-11-01,0.7079532832647395
2022-11-02,0.7163410118704139
2022-11-03,0.7267989523592755
2022-11-04,0.7372579787549682
2022-11-07,0.7476628926871953
2022-11-08,0.7580688813186409
2022-11-09,0.7684759447600609
2022-11-10,0.7788840831223443
2022-11-14,0.7893209071628604
2022-11-15,0.7997864255620213
2022-11-16,0.8102806470273061
2022-11-17,0.8207483417936423
2022-11-18,0.8312171234793775
2022-11-21,0.8416869921973769
2022-11-22,0.8521579480599062
2022-11-23,0.8626023604600075
2022-11-25,0.87307548808222
2022-11-28,0.8835497031880246
2022-11-29,0.894052645211052
2022-11-30,0.9045843228892236
2022-12-01,0.9151170999015301
2022-12-02,0.9255127251211581
2022-12-05,0.9359094212309627
2022-12-06,0.9462795347056296
2022-12-07,0.9566507136013369
2022-12-08,0.9670229580279077
2022-12-09,0.9773962680942994
2022-12-12,0.9877706439103129
2022-12-13,0.9981460855856605
2022-12-14,1.0085225932290998
2022-12-15,1.0203391905071912
2022-12-16,1.0321571701630727
2022-12-19,1.043921172348794
2022-12-20,1.0556865443133168
2022-12-21,1.0674532862169572
2022-12-22,1.079221398218544
2022-12-23,1.0909908804780377
2022-12-27,1.1027617331547113
2022-12-28,1.1145339564082812
2022-12-29,1.1263075503983533
2022-12-30,1.1380825152844665
2023-01-03,1.1498865602519226
2023-01-04,1.161664270635332
2023-01-05,1.1734710678805715
2023-01-06,1.1852792431229275
2023-01-09,1.1970887965227828
2023-01-10,1.2088997282411196
2023-01-11,1.2206843100114995
2023-01-12,1.2324702639571194
2023-01-13,1.2442575902384734
2023-01-17,1.256074027128995
2023-01-18,1.2678641017897396
2023-01-19,1.2796832938476
2023-01-20,1.291476117528667
2023-01-23,1.3032703143448066
2023-01-24,1.3150658844558905
2023-01-25,1.3268905855363444
2023-01-26,1.3386889059493035
2023-01-27,1.3504886001374006
2023-01-30,1.3622896682606411
2023-01-31,1.3741198809312793
2023-02-01,1.3859514743314705
2023-02-02,1.3984788719967334
2023-02-03,1.4109800371985726
2023-02-06,1.4234827436378161
2023-02-07,1.4359869915045564
2023-02-08,1.448492780988686
2023-02-09,1.461000112280364
2023-02-10,1.4735089855698602
2023-02-13,1.4860194010468009
2023-02-14,1.4985313589020333
2023-02-15,1.5110448593247616
2023-02-16,1.5235599025060775
2023-02-17,1.5360764886357625
2023-02-21,1.5485946179040866
2023-02-22,1.5611142905012754
2023-02-23,1.5736355066177987
2023-02-24,1.5861582664433715
2023-02-27,1.598682570169041
2023-02-28,1.6112084179848774
2023-03-01,1.6237358100809285
2023-03-02,1.6362647466481306
2023-03-03,1.6487952278765317
2023-03-06,1.6613272539564239
2023-03-07,1.673860825078699
2023-03-08,1.6863959414338492
2023-03-09,1.6989326032122554
2023-03-10,1.7114708106038323
2023-03-13,1.7240105637999603
2023-03-14,1.7365518629908872
2023-03-15,1.7491783273365868
2023-03-16,1.7617784822965277
2023-03-17,1.7743244377998124
2023-03-20,1.7868719400626842
2023-03-21,1.799420989275835
2023-03-22,1.8119715856296903
2023-03-23,1.8252210706313443
2023-03-24,1.838472279878678
2023-03-27,1.8517531145089805
2023-03-28,1.865119394758552
2023-03-29,1.8784595208871657
2023-03-30,1.891773482153325
2023-03-31,1.9052287609321539
2023-04-03,1.9186020589349484
2023-04-04,1.9319491890853024
2023-04-05,1.945242214112275
2023-04-06,1.958592840338813
2023-04-10,1.9719452149469685
2023-04-11,1.9852714006698857
2023-04-12,1.9985434383562817
2023-04-13,2.0118451516357716
2023-04-14,2.025120647545231
2023-04-17,2.0383978710855732
2023-04-18,2.0516768224812854
2023-04-19,2.0649575019570765
2023-04-20,2.0782399097381887
2023-04-21,2.091524046049509
2023-04-24,2.1048099111161234
2023-04-25,2.118097505162675
2023-04-26,2.131386828414006
2023-04-27,2.144705862259433
2023-04-28,2.158026633050003
2023-05-01,2.1713491410130237
2023-05-02,2.184673386374758
2023-05-03,2.1979993693615363
2023-05-04,2.2120270755384697
2023-05-05,2.226056707159585
2023-05-08,2.240088264489115
2023-05-09,2.2541217477911824
2023-05-10,2.268157157330397
2023-05-11,2.2821664747367576
2023-05-12,2.2961777112244786
2023-05-15,2.310218893369309
2023-05-16,2.324233972648937
2023-05-17,2.338250971799982
2023-05-18,2.3522698910851014
2023-05-19,2.366290730767906
2023-05-22,2.3803134911108748
2023-05-23,2.394338172376953
2023-05-24,2.408364774829752
2023-05-25,2.4224213557804353
2023-05-26,2.436479866138397
2023-05-30,2.4505403061688247
2023-05-31,2.4646588133417247
2023-06-01,2.4787792661583374
2023-06-02,2.492873588547617
2023-06-05,2.5069417691852003
2023-06-06,2.5209837967670845
2023-06-07,2.535055839669509
2023-06-08,2.5491017184887665
2023-06-09,2.563149521398378
2023-06-12,2.5771992486620876
2023-06-13,2.5912509005431517
2023-06-14,2.6053044773056477
2023-06-15,2.6193880902163347
2023-06-16,2.633445521382982
2023-06-20,2.647504878222251
2023-06-21,2.661566160998774
2023-06-22,2.6756293699748745
2023-06-23,2.6896945054159405
2023-06-26,2.703761567585228
2023-06-27,2.7178305567463257
2023-06-28,2.731929614996731
2023-06-29,2.746030608485084
2023-06-30,2.760217986153357
2023-07-03,2.774322862506029
2023-07-05,2.7884296748949655
2023-07-06,2.802538423586509
2023-07-07,2.8166491088460255
2023-07-10,2.8307899037195217
2023-07-11,2.844904466779563
2023-07-12,2.8590209710733783
2023-07-13,2.873139409132075
2023-07-14,2.887259788957519
2023-07-17,2.9014102952070076
2023-07-18,2.9155345516280295
2023-07-19,2.9296325507474963
2023-07-20,2.943760680958052
2023-07-21,2.9578625466649466
2023-07-24,2.9719663441319932
2023-07-25,2.9861002850822826
2023-07-26,3.0002361660584898
2023-07-27,3.0150794674300485
2023-07-28,3.0299249119285054
2023-07-31,3.044772491727321
2023-08-01,3.05962221120184
2023-08-02,3.074445835186035
2023-08-03,3.0892715913326096
2023-08-04,3.104099479947875
2023-08-07,3.1189295013388962
2023-08-08,3.1337616558121395
2023-08-09,3.1485959436744038
2023-08-10,3.1634323652329988
2023-08-11,3.178270920794235
2023-08-14,3.1931116106655555
2023-08-15,3.2079544351534928
2023-08-16,3.222799394565512
2023-08-17,3.2376464892082346
2023-08-18,3.252495719389592
2023-08-21,3.2673470854156283
2023-08-22,3.282200587594586
2023-08-23,3.2970562262327974
2023-08-24,3.311914001638172
2023-08-25,3.326773914118153
2023-08-28,3.3416359639794724
2023-08-29,3.3565001515304393
2023-08-30,3.371366477077964
2023-08-31,3.3862632618128163
2023-09-01,3.400453971997086
2023-09-05,3.414646629986118
2023-09-06,3.428841239936209
2023-09-07,3.4430944750194037
2023-09-08,3.457349678205679
2023-09-11,3.4716068458618077
2023-09-12,3.485837626183641
2023-09-13,3.5000703637101838
2023-09-14,3.514305058710465
2023-09-15,3.5285984351017374
2023-09-18,3.542837049757863
2023-09-19,3.557049251126787
2023-09-20,3.5712350316888797
2023-09-21,3.5854227554928286
2023-09-22,3.599612422804266
2023-09-25,3.6138324171123726
2023-09-26,3.628054363244515
2023-09-27,3.64230665248344
2023-09-28,3.6565609057893855
2023-09-29,3.6708171195274586
2023-10-02,3.685103696705694
2023-10-03,3.699420649328111
2023-10-04,3.7137395827736563
2023-10-05,3.7280889118306293
2023-10-06,3.7424402301228676
2023-10-10,3.7567651076855
2023-10-11,3.771091963244255
2023-10-12,3.78542079707187
2023-10-13,3.7997231713718715
2023-10-16,3.8140275166411053
2023-10-17,3.8283338331521533
2023-10-18,3.8425567756802392
2023-10-19,3.856781666540665
2023-10-20,3.871008506000284
2023-10-23,3.8838427007773513
2023-10-24,3.8967069455689174
2023-10-25,3.909572783378068
2023-10-26,3.922468682170299
2023-10-27,3.935366181432598
2023-10-30,3.948236803003935
2023-10-31,3.961222931792352
2023-11-01,3.974096751753997
2023-11-02,3.98700065134745
2023-11-03,3.999906155939237
2023-11-06,4.012813262193382
2023-11-07,4.0257504698970825
2023-11-08,4.038689286742647
2023-11-09,4.05162971292965
2023-11-10,4.064571748658818
2023-11-13,4.0775153941296605
2023-11-14,4.090460649543348
2023-11-15,4.103378994235141
2023-11-16,4.116270417794476
2023-11-17,4.129191965656753
2023-11-20,4.142115120712564
2023-11-21,4.155039879621669
2023-11-22,4.167994781149709
2023-11-24,4.181008374735584
2023-11-27,4.1940521398160735
2023-11-28,4.207097538014404
2023-11-29,4.2201731260018915
2023-11-30,4.233421686599104
2023-12-01,4.246814710505764
2023-12-04,4.258010088049846
2023-12-05,4.269092417084841
2023-12-06,4.280147358399544
2023-12-07,4.2912034717946135
2023-12-08,4.302289332228226
2023-12-11,4.313319215329248
2023-12-12,4.324207363657551
2023-12-13,4.335039480948133
2023-12-14,4.345901309678579
2023-12-15,4.356821445645509
2023-12-18,4.367685539017407
2023-12-19,4.378464979405017
2023-12-20,4.3892455331286495
2023-12-21,4.40002720030388
2023-12-22,4.410867187096046
2023-12-26,4.421794112971589
2023-12-27,4.4328080019014005
2023-12-28,4.443880276597056
2023-12-29,4.454896498083016
2024-01-02,4.465942495059783
2024-01-03,4.47696104054065
2024-01-04,4.487780389881224
2024-01-05,4.498600862608604
2024-01-08,4.509422455875112
2024-01-09,4.520273804287633
2024-01-10,4.5310976419454585
2024-01-11,4.5419226004906
2024-01-12,4.552748680039209
2024-01-16,4.561456091082805
2024-01-17,4.570192874879675
2024-01-18,4.5788730911403785
2024-01-19,4.587496723295192
2024-01-22,4.596149721232923
2024-01-23,4.604803435073035
2024-01-24,4.613486524304933
2024-01-25,4.622198993746229
2024-01-26,4.6308835245783
2024-01-29,4.63956877867957
2024-01-30,4.648254753730963
2024-01-31,4.656970118756321
2024-02-01,4.665657535887191
2024-02-02,4.674345674147129
2024-02-05,4.68300585749295
2024-02-06,4.691695438191634
2024-02-07,4.7003857401998195
2024-02-08,4.709076763576592
2024-02-09,4.717797196398177
2024-02-12,4.726518355478571
2024-02-13,4.735211548085161
2024-02-14,4.74387676951431
2024-02-15,4.752571403017014
2024-02-16,4.761209360797891
2024-02-20,4.769848030869572
2024-02-21,4.778487413291477
2024-02-22,4.787127508121469
2024-02-23,4.7957970224198565
2024-02-26,4.804495965745259
2024-02-27,4.813195631157052
2024-02-28,4.821896018715677
2024-02-29,4.830625845014258
2024-03-01,4.8393276794286955
2024-03-04,4.848058959870749
2024-03-05,4.856762241382229
2024-03-06,4.865494973818074
2024-03-07,4.874228433537642
2024-03-08,4.882991353880728
2024-03-11,4.8917837421182275
2024-03-12,4.898450290208678
2024-03-13,4.905117262001335
2024-03-14,4.911784657522689
2024-03-15,4.918481219235038
2024-03-18,4.925178208391556
2024-03-19,4.9319331172752445
2024-03-20,4.938630965071988
2024-03-21,4.945271740831214
2024-03-22,4.9517979306183735
2024-03-25,4.958324526246938
2024-03-26,4.964851525954561
2024-03-27,4.971407686644924
2024-03-28,4.977993013723148
2024-04-01,4.984636273129683
2024-04-02,4.991251192419588
2024-04-03,4.997809003843412
2024-04-04,5.004338458955848
2024-04-05,5.010897087817501
2024-04-08,5.017427358622362
2024-04-09,5.0239868068207905
2024-04-10,5.030575437837781
2024-04-11,5.037193257121908
2024-04-12,5.0437827166394555
2024-04-15,5.050372587738194
2024-04-16,5.056905313390203
2024-04-17,5.063409663191276
2024-04-18,5.069885633603155
2024-04-19,5.076390787050156
2024-04-22,5.082896343247945
2024-04-23,5.087243155729926
2024-04-24,5.09159014802032
2024-04-25,5.095994900978251
2024-04-26,5.1004286289962675
2024-04-29,5.104862544061661
2024-04-30,5.109354231924423
2024-05-01,5.11375972822965
2024-05-02,5.118107817392992
2024-05-03,5.12242728874992
2024-05-06,5.126775736451661
2024-05-07,5.131124364029116
2024-05-08,5.135473171489835
2024-05-09,5.139822158841545
2024-05-10,5.144200129723053
2024-05-13,5.148549478070086
2024-05-14,5.1528990063304025
2024-05-15,5.157219907313149
2024-05-16,5.161512177483174
2024-05-17,5.165804622853143
2024-05-20,5.170126054148261
2024-05-21,5.1744476630182445
2024-05-22,5.178798262571593
2024-05-23,5.183149042089696
2024-05-24,5.187528815881648
2024-05-28,5.191908772044984
2024-05-29,5.196317727288657
2024-05-30,5.200726867326688
2024-05-31,5.2051650112837855
2024-06-03,5.208133463235587
2024-06-04,5.211044357475103
2024-06-05,5.214012976944327
2024-06-06,5.216981680175681
2024-06-07,5.2199504671713415
2024-06-10,5.2228905139459325
2024-06-11,5.225830642871143
2024-06-12,5.228742028350264
2024-06-13,5.231653494381705
2024-06-14,5.234565040967354
2024-06-17,5.2375343240927075
2024-06-18,5.240474861388544
2024-06-20,5.243415481653879
2024-06-21,5.246298522464232
2024-06-24,5.249181642252609
2024-06-25,5.252122504996781
2024-06-26,5.25509228270733
2024-06-27,5.258090978640806
2024-06-28,5.261060925570593
2024-07-01,5.264232803048818
2024-07-02,5.267231758572577
2024-07-03,5.270201963417143
2024-07-05,5.273114575763005
2024-07-08,5.276056108044624
2024-07-09,5.279055401233368
2024-07-10,5.2820547798712925
2024-07-11,5.285025402146637
2024-07-12,5.2880249508688415
2024-07-15,5.291024585047488
2024-07-16,5.2940531481432185
2024-07-17,5.297052953241854
2024-07-18,5.300023998703396
2024-07-19,5.302273964699977
2024-07-22,5.304523979388254
2024-07-23,5.306802889111428
2024-07-24,5.309081848153263
2024-07-25,5.311389704721248
2024-07-26,5.313697611865886
2024-07-29,5.315947870645821
2024-07-30,5.318198177507227
2024-07-31,5.320592785973455
2024-08-01,5.322900894804183
2024-08-02,5.325209054217828
2024-08-05,5.327430706340008
2024-08-06,5.329681258557373
2024-08-07,5.331931858863048
2024-08-08,5.334211361723917
2024-08-09,5.336490913916259
2024-08-12,5.338770515440472
2024-08-13,5.341050166297712
2024-08-14,5.3433010095248035
2024-08-15,5.34560961600854
2024-08-16,5.347831698444772
2024-08-19,5.350053827752244
2024-08-20,5.352276003931733
2024-08-21,5.354469366944503
2024-08-22,5.356662775621324
2024-08-23,5.358913952446365
2024-08-26,5.361194039230566
2024-08-27,5.3635030378410775
2024-08-28,5.3657254958817235
2024-08-29,5.367919137701804
2024-08-30,5.370141690718988
2024-09-03,5.372422020484224
2024-09-04,5.374731265156618
2024-09-05,5.377040560436863
2024-09-06,5.378599358235858
2024-09-09,5.380158179094119
2024-09-10,5.381659287639695
2024-09-11,5.383044944896742
2024-09-12,5.384488357246875
2024-09-13,5.385960658413258
2024-09-16,5.387432978132045
2024-09-17,5.38899192795399
2024-09-18,5.390435421758988
2024-09-19,5.390464292046415
2024-09-20,5.390522032636991
2024-09-23,5.3905797732590965
2024-09-24,5.390695254598166
2024-09-25,5.390810736064
2024-09-26,5.390897347258128
2024-09-27,5.3910128289452075
2024-09-30,5.391474756200276
2024-10-01,5.3921965206991995
2024-10-02,5.392542970031755
2024-10-03,5.392687324394463
2024-10-04,5.392773937130868
2024-10-07,5.392860549938638
2024-10-08,5.392976033776575
2024-10-09,5.393062646750413
2024-10-10,5.393091517757487
2024-10-11,5.39309151775742
2024-10-15,5.393235872832203
2024-10-16,5.393380228104672
2024-10-17,5.393495712480867
2024-10-18,5.392860552065848
2024-10-21,5.3921676539708585
2024-10-22,5.39150363099532
2024-10-23,5.390839612203635
2024-10-24,5.39017559759547
2024-10-25,5.389540457015429
2024-10-28,5.388876450410485
2024-10-29,5.3881835785086984
2024-10-30,5.387490710972287
2024-10-31,5.387057671609341
2024-11-01,5.386509157336383
2024-11-04,5.3858451698306276
2024-11-05,5.385181186507837
2024-11-06,5.384488338710525
2024-11-07,5.383824363936718
2024-11-08,5.382496423119765
2024-11-12,5.381168499035804
2024-11-13,5.379811724133865
2024-11-14,5.378368365953046
2024-11-15,5.376896160773192
2024-11-18,5.375452842130479
2024-11-19,5.374038408846715
2024-11-20,5.37262399416103
2024-11-21,5.371238463679506
2024-11-22,5.369852951415366
2024-11-25,5.3684963218290305
2024-11-26,5.3671397097090345
2024-11-27,5.365754251339405
2024-11-29,5.364426537859801
2024-12-02,5.363214293334084
2024-12-03,5.362030925064132
2024-12-04,5.360703258502308
2024-12-05,5.359375608670525
2024-12-06,5.3580768371571885
2024-12-09,5.356864665354433
2024-12-10,5.355681368399656
2024-12-11,5.354440363579704
2024-12-12,5.353170513488603
2024-12-13,5.3518429589406
2024-12-16,5.35057314119991
2024-12-17,5.349303337721278
2024-12-18,5.347889255436811
2024-12-19,5.345696014394807
2024-12-20,5.343502819013901
2024-12-23,5.34133852652654
2024-12-24,5.339433988267039
2024-12-26,5.337933469690337
2024-12-27,5.336202127238354
2024-12-30,5.334239970839705
2024-12-31,5.332595253182126
2025-01-02,5.330690872998178
2025-01-03,5.328555696872095
2025-01-06,5.3262762989197965
2025-01-07,5.324025802193755
2025-01-08,5.321833057365266
2025-01-09,5.319640358787825
2025-01-10,5.317447705860423
2025-01-13,5.314505016244397
2025-01-14,5.311562408044845
2025-01-15,5.308591034584831
2025-01-16,5.30564859243452
2025-01-17,5.302735078367338
2025-01-21,5.299821644908853
2025-01-22,5.296937137134705
2025-01-23,5.294196929815098
2025-01-24,5.291427950267957
2025-01-27,5.2886590435385905
2025-01-28,5.285919051644172
2025-01-29,5.283179131054805
2025-01-30,5.28046812228673
2025-01-31,5.277814862878638
2025-02-03,5.275075153189213
2025-02-04,5.272277838199324
2025-02-05,5.269480597538623
2025-02-06,5.266769941503369
2025-02-07,5.2640305192428904
2025-02-10,5.261291168271964
2025-02-11,5.258523054066444
2025-02-12,5.255697345125521
2025-02-13,5.25290054503289
2025-02-14,5.25010381925517
2025-02-18,5.247422493624354
2025-02-19,5.244654744888777
2025-02-20,5.2418294090226025
2025-02-21,5.239032978187663
2025-02-24,5.236265449317701
2025-02-25,5.2334403386654404
2025-02-26,5.230644129974538
2025-02-27,5.227934473965989
2025-02-28,5.225311363886842
2025-03-03,5.222515371194714
2025-03-04,5.219719452796312
2025-03-05,5.2169236094555815
2025-03-06,5.214156662765768
2025-03-07,5.211360967236445
2025-03-10,5.208565345227401
2025-03-11,5.205740977421902
2025-03-12,5.202887866131989
2025-03-13,5.199977195965544
2025-03-14,5.197066606328793
2025-03-17,5.194184914931421
2025-03-18,5.191303301683448
2025-03-19,5.188364136686019
2025-03-20,5.185396240087292
2025-03-21,5.18242842804113
2025-03-24,5.179518324727139
2025-03-25,5.176665926141366
2025-03-26,5.173900038129631
2025-03-27,5.17116303343006
2025-03-28,5.168368480304886
2025-03-31,5.1657756648585185
2025-04-01,5.163125296635607
2025-04-02,5.160417379957449
2025-04-03,5.157767146772652
2025-04-04,5.155030561159202
2025-04-07,5.152236435932456
2025-04-08,5.14964401749487
2025-04-09,5.14710927084876
2025-04-10,5.144430569081693
2025-04-11,5.141636725512222
2025-04-14,5.138814155207183
2025-04-15,5.136078063568861
2025-04-16,5.133198042057541
2025-04-17,5.130231704411647
2025-04-21,5.127351843840255
2025-04-22,5.124385669520404
2025-04-23,5.1213907810740755
2025-04-24,5.11842477413309
2025-04-25,5.115574032363734
2025-04-28,5.112809751675718
2025-04-29,5.110045543682085
2025-04-30,5.1074253737604325
2025-05-01,5.104747684437494
2025-05-02,5.101983688456158
2025-05-05,5.099133392558275
2025-05-06,5.096254383871401
2025-05-07,5.093317875453707
2025-05-08,5.090381448280978
2025-05-09,5.087416315457882
2025-05-12,5.08445126629653
2025-05-13,5.081515087671251
2025-05-14,5.078550205825527
2025-05-15,5.075642976530914
2025-05-16,5.072735826875152
2025-05-19,5.069742410701261
2025-05-20,5.066518828882005
2025-05-21,5.063324125311075
2025-05-22,5.060244636458
2025-05-23,5.057194016457345
2025-05-27,5.05428737802891
2025-05-28,5.051438375623163
2025-05-29,5.048589450480323
2025-05-30,5.045826930565789
2025-06-02,5.043064483298432
2025-06-03,5.040215784469715
2025-06-04,5.037223293938875
2025-06-05,5.034259661788987
2025-06-06,5.031324884770272
2025-06-09,5.0283901897524075
2025-06-10,5.0254268060173635
2025-06-11,5.022434736809966
2025-06-12,5.019356448143242
2025-06-13,5.0161631803642415
2025-06-16,5.013056312442443
2025-06-17,5.009978301194029
2025-06-18,5.00675655384446
2025-06-20,5.0035924339103754
2025-06-23,5.000629750657493
2025-06-24,4.997724676408044
2025-06-25,4.9949922564273
2025-06-26,4.99237495382252
2025-06-27,4.989728955611028
2025-06-30,4.987255584835948
