date,rate_pct
2006-12-12,5.1917468509103015
2006-12-13,5.193775808446312
2006-12-14,5.196762923276337
2006-12-15,5.199637358524126
2006-12-18,5.202173660353306
2006-12-19,5.204709993447558
2006-12-20,5.20741544728289
2006-12-21,5.210290032930043
2006-12-22,5.212882829837131
2006-12-25,5.215250193380362
2006-12-26,5.218012150803994
2006-12-27,5.220210474159158
2006-12-28,5.223197976059229
2006-12-29,5.2258473101119645
2007-01-01,5.228327567630718
2007-01-02,5.231484296202295
2007-01-03,5.234359215747656
2007-01-04,5.237177806015582
2007-01-05,5.239883690474919
2007-01-08,5.242364113100353
2007-01-09,5.244562691802378
2007-01-10,5.246930418535813
2007-01-11,5.249636426784927
2007-01-12,5.251947837956586
2007-01-15,5.254146520853491
2007-01-16,5.256683489760715
2007-01-17,5.258769464830176
2007-01-18,5.261306494200731
2007-01-19,5.263392516127144
2007-01-22,5.264802000440627
2007-01-23,5.2662114936342
2007-01-24,5.267677376594768
2007-01-25,5.269537935132837
2007-01-26,5.271229368202292
2007-01-29,5.272695287303265
2007-01-30,5.273992071128402
2007-01-31,5.275852685730858
2007-02-01,5.277826085937047
2007-02-02,5.279743123761023
2007-02-05,5.281096335456572
2007-02-06,5.282505941012841
2007-02-07,5.283859171613727
2007-02-08,5.285156025066302
2007-02-09,5.286283729899392
2007-02-12,5.287749755419298
2007-02-13,5.289384951615166
2007-02-14,5.29085099962457
2007-02-15,5.292542606455781
2007-02-16,5.293952290400459
2007-02-19,5.295192819747421
2007-02-20,5.296715297591496
2007-02-21,5.297955843929899
2007-02-22,5.2994219533852975
2007-02-23,5.30077529482895
2007-02-26,5.302354202695217
2007-02-27,5.304215076745835
2007-02-28,5.306809045130555
2007-03-01,5.30900830871618
2007-03-02,5.310812852456157
2007-03-05,5.312448231420473
2007-03-06,5.31380165924628
2007-03-07,5.314985914757475
2007-03-08,5.3162265708651395
2007-03-09,5.317241658140133
2007-03-12,5.318200355879826
2007-03-13,5.319328241752584
2007-03-14,5.319441030339798
2007-03-15,5.319666607638421
2007-03-16,5.319666607638109
2007-03-19,5.319779396441654
2007-03-20,5.320004974295667
2007-03-21,5.320117763284817
2007-03-22,5.320230552304559
2007-03-23,5.320061368775146
2007-03-26,5.320174157733035
2007-03-27,5.3201177632232755
2007-03-28,5.320061368759649
2007-03-29,5.320456130545457
2007-03-30,5.320850892979235
2007-04-02,5.320907287706127
2007-04-03,5.320738103434695
2007-04-04,5.320568919348824
2007-04-05,5.320907287242249
2007-04-06,5.321245655692132
2007-04-09,5.321302050480165
2007-04-10,5.32130205048021
2007-04-11,5.32090728728865
2007-04-12,5.320907287288338
2007-04-13,5.3209072872888274
2007-04-16,5.321020076679424
2007-04-17,5.320738102893956
2007-04-18,5.320456129417266
2007-04-19,5.32028694565567
2007-04-20,5.32028694565567
2007-04-23,5.320230551084189
2007-04-24,5.320004972859011
2007-04-25,5.3196102116140755
2007-04-26,5.3196102116142985
2007-04-27,5.320004973075342
2007-04-30,5.320512524081905
2007-05-01,5.320568918699296
2007-05-02,5.3203997347529395
2007-05-03,5.320399734752851
2007-05-04,5.320343340165563
2007-05-07,5.320286945594172
2007-05-08,5.320061367369216
2007-05-09,5.319835789390962
2007-05-10,5.319948578318169
2007-05-11,5.320061367245598
2007-05-14,5.319779395236692
2007-05-15,5.320004972905278
2007-05-16,5.320004972905501
2007-05-17,5.319948578442009
2007-05-18,5.320117762017868
2007-05-21,5.320174156559111
2007-05-22,5.320174156558933
2007-05-23,5.3202305510998205
2007-05-24,5.320399734907818
2007-05-25,5.32056891862248
2007-05-28,5.320738102476925
2007-05-29,5.320963681196263
2007-05-30,5.321076470741202
2007-05-31,5.321471234581445
2007-06-01,5.321471234581223
2007-06-04,5.321471234581534
2007-06-05,5.321020075783506
2007-06-06,5.320738102384122
2007-06-07,5.320738102384301
2007-06-08,5.320512523973695
2007-06-11,5.3204561294019035
2007-06-12,5.32000497369352
2007-06-13,5.319610213205477
2007-06-14,5.319779396318259
2007-06-15,5.319948579662245
2007-06-18,5.31994857966229
2007-06-19,5.319892185152709
2007-06-20,5.320174157624915
2007-06-21,5.320061368666936
2007-06-22,5.320004974172673
2007-06-25,5.320230552088541
2007-06-26,5.3204561304987
2007-06-27,5.320343341386245
2007-06-28,5.3206253145538005
2007-06-29,5.3210764719925665
2007-07-02,5.321584025362562
2007-07-03,5.3215276304511345
2007-07-04,5.32152763045109
2007-07-05,5.321584025362741
2007-07-06,5.321358445778122
2007-07-09,5.321302050897554
2007-07-10,5.321358445762849
2007-07-11,5.321189261306034
2007-07-12,5.32090728775244
2007-07-13,5.321020077266787
2007-07-16,5.3215840253009326
2007-07-17,5.3217532100355305
2007-07-18,5.321809604993851
2007-07-19,5.321978790052633
2007-07-20,5.3221479752507985
2007-07-23,5.322317160541365
2007-07-24,5.322429950828369
2007-07-25,5.322711926390263
2007-07-26,5.322768321580278
2007-07-27,5.322542740883277
2007-07-30,5.322768321579832
2007-07-31,5.323219484085994
2007-08-01,5.323501460883801
2007-08-02,5.323219484008644
2007-08-03,5.323106693320684
2007-08-06,5.3231066933203275
2007-08-07,5.323219484008199
2007-08-08,5.322937507751265
2007-08-09,5.32389622781382
2007-08-10,5.320625287101823
2007-08-13,5.31780555928905
2007-08-14,5.313688808558021
2007-08-15,5.310812776004932
2007-08-16,5.309459367459011
2007-08-17,5.307711226725117
2007-08-20,5.306470622275372
2007-08-21,5.304440554500878
2007-08-22,5.301733824161374
2007-08-23,5.299760191491654
2007-08-24,5.299083523921682
2007-08-27,5.298970746549625
2007-08-28,5.299139912607642
2007-08-29,5.297955747279226
2007-08-30,5.296771588762127
2007-08-31,5.295079945787213
2007-09-03,5.293444703901503
2007-09-04,5.2933319294643475
2007-09-05,5.292993606337148
2007-09-06,5.291245608781706
2007-09-07,5.289497620323886
2007-09-10,5.288482670127011
2007-09-11,5.287862424483508
2007-09-12,5.2879188102814165
2007-09-13,5.286734712422471
2007-09-14,5.286565556465892
2007-09-17,5.287073024474562
2007-09-18,5.285437844404854
2007-09-19,5.282674977404068
2007-09-20,5.279968533255593
2007-09-21,5.277149358442345
2007-09-24,5.27416107488946
2007-09-25,5.271905796201862
2007-09-26,5.269988830322136
2007-09-27,5.268015504715932
2007-09-28,5.264238028811861
2007-10-01,5.262490272573858
2007-10-02,5.259840472553636
2007-10-03,5.256683303802429
2007-10-04,5.253751693683463
2007-10-05,5.250932878725989
2007-10-08,5.247888603604299
2007-10-09,5.245915488805928
2007-10-10,5.241743800373419
2007-10-11,5.23903789293813
2007-10-12,5.2357683067353005
2007-10-15,5.233062482317899
2007-10-16,5.229905724348342
2007-10-17,5.226805385466987
2007-10-18,5.223705092446783
2007-10-19,5.221112158459308
2007-10-22,5.218068319453355
2007-10-23,5.2147990592528215
2007-10-24,5.211755316134595
2007-10-25,5.209500723718314
2007-10-26,5.206851607382206
2007-10-29,5.204315253446724
2007-10-30,5.201722564499249
2007-10-31,5.198115390548705
2007-11-01,5.194282838568071
2007-11-02,5.188928631877
2007-11-05,5.183461851807051
2007-11-06,5.177713428549521
2007-11-07,5.1725850850153225
2007-11-08,5.168696654534353
2007-11-09,5.1635121984376235
2007-11-12,5.1588913739753925
2007-11-13,5.155397650692845
2007-11-14,5.151622243791267
2007-11-15,5.147790552610975
2007-11-16,5.143677198308925
2007-11-19,5.13956392626217
2007-11-20,5.135450736469196
2007-11-21,5.13122494220759
2007-11-22,5.126999234764941
2007-11-23,5.122998982764449
2007-11-26,5.119224172560413
2007-11-27,5.114378977410397
2007-11-28,5.110266293496908
2007-11-29,5.106266365843498
2007-11-30,5.102886211034481
2007-12-03,5.098661088125754
2007-12-04,5.094492382410882
2007-12-05,5.089028114648858
2007-12-06,5.084746942933059
2007-12-07,5.0799025626597105
2007-12-10,5.075227285102125
2007-12-11,5.06953822283976
2007-12-12,5.064074613657142
2007-12-13,5.059005413306271
2007-12-14,5.053542078010118
2007-12-17,5.047966258534712
2007-12-18,5.041545792049729
2007-12-19,5.034224432092252
2007-12-20,5.029212292177927
2007-12-21,5.0238060678568655
2007-12-24,5.016654277556305
2007-12-25,5.009615354907391
2007-12-26,5.003815487603503
2007-12-27,4.9979031537623575
2007-12-28,4.991259005974598
2007-12-31,4.979040939145989
2008-01-01,4.966711003140861
2008-01-02,4.960405657278217
2008-01-03,4.955057532534601
2008-01-04,4.949371777901832
2008-01-07,4.943911360228637
2008-01-08,4.938451087647389
2008-01-09,4.9326532282497
2008-01-10,4.927024392739935
2008-01-11,4.921508277493854
2008-01-14,4.915879744197609
2008-01-15,4.9102513650853234
2008-01-16,4.90451057565509
2008-01-17,4.89899506480292
2008-01-18,4.893142026745586
2008-01-21,4.887064051660146
2008-01-22,4.878116191304442
2008-01-23,4.867818156250061
2008-01-24,4.8575769164450975
2008-01-25,4.848292728682773
2008-01-28,4.838446307942141
2008-01-29,4.828487831366725
2008-01-30,4.817348380755717
2008-01-31,4.806040760838163
2008-02-01,4.794058725473904
2008-02-04,4.780446123763791
2008-02-05,4.765934497272805
2008-02-06,4.752717477086075
2008-02-07,4.740007458901341
2008-02-08,4.7276356272437745
2008-02-11,4.714139908081259
2008-02-12,4.701094886043268
2008-02-13,4.688612946166251
2008-02-14,4.67646907793419
2008-02-15,4.663651329891051
2008-02-18,4.650834382403258
2008-02-19,4.637793394308608
2008-02-20,4.625034276413062
2008-02-21,4.612388356595827
2008-02-22,4.599518413713979
2008-02-25,4.586705482290363
2008-02-26,4.573162827449765
2008-02-27,4.560239144712965
2008-02-28,4.548159065380437
2008-02-29,4.535461704212346
2008-03-03,4.523326921157346
2008-03-04,4.510181676823217
2008-03-05,4.496924947947219
2008-03-06,4.484230751671172
2008-03-07,4.471312682686148
2008-03-10,4.458563913535022
2008-03-11,4.445310528914146
2008-03-12,4.432170310657862
2008-03-13,4.419480119793169
2008-03-14,4.40684686237592
2008-03-17,4.392473912694018
2008-03-18,4.375294936951573
2008-03-19,4.3576683153112
2008-03-20,4.340716790024561
2008-03-21,4.322980899812445
2008-03-24,4.305134311896233
2008-03-25,4.289253350249266
2008-03-26,4.272307521921502
2008-03-27,4.25541918434943
2008-03-28,4.237634584621638
2008-03-31,4.222263737599469
2008-04-01,4.206164825250866
2008-04-02,4.188889306727192
2008-04-03,4.171727410288717
2008-04-04,4.154566985327096
2008-04-07,4.137520130370781
2008-04-08,4.12058682210801
2008-04-09,4.103262472253962
2008-04-10,4.086556256473458
2008-04-11,4.070131696206115
2008-04-14,4.05376447933095
2008-04-15,4.037398571645209
2008-04-16,4.021090025124874
2008-04-17,4.004894855928545
2008-04-18,3.988364768109589
2008-04-21,3.970827549326398
2008-04-22,3.9557566173778187
2008-04-23,3.9410229783084083
2008-04-24,3.928250915445597
2008-04-25,3.9146394988761832
2008-04-28,3.899628837003938
2008-04-29,3.884507240639399
2008-04-30,3.8696108187568576
2008-05-01,3.8543234411603913
2008-05-02,3.8381412571109124
2008-05-05,3.82117655531825
2008-05-06,3.8032616385643427
2008-05-07,3.78501249695439
2008-05-08,3.7664851304436615
2008-05-09,3.7495264320435013
2008-05-12,3.7320654593494895
2008-05-13,3.715109599282885
2008-05-14,3.6987146994873004
2008-05-15,3.6808665219625123
2008-05-16,3.6625723199662055
2008-05-19,3.645622237284752
2008-05-20,3.6295684883073434
2008-05-21,3.6125652551159346
2008-05-22,3.595731214367249
2008-05-23,3.577892016482526
2008-05-26,3.560557591010824
2008-05-27,3.5436720136053528
2008-05-28,3.5255019916298944
2008-05-29,3.509234099194875
2008-05-30,3.4938059117971867
2008-06-02,3.478658378337287
2008-06-03,3.4629530570018283
2008-06-04,3.447528368757541
2008-06-05,3.431657822891268
2008-06-06,3.4156209045111976
2008-06-09,3.399361775732803
2008-06-10,3.3847239990946716
2008-06-11,3.3681321397395005
2008-06-12,3.3526587769623633
2008-06-13,3.337800966654092
2008-06-16,3.322832558878385
2008-06-17,3.3066366036371573
2008-06-18,3.2902744039751552
2008-06-19,3.273690224391794
2008-06-20,3.2595639587633527
2008-06-23,3.2440988214815967
2008-06-24,3.228355724782456
2008-06-25,3.212502225755106
2008-06-26,3.1978220823932695
2008-06-27,3.1826964928431623
2008-06-30,3.170306704943767
2008-07-01,3.15546221874933
2008-07-02,3.14006076619062
2008-07-03,3.1247162594157554
2008-07-04,3.108982380736056
2008-07-07,3.0929708222063805
2008-07-08,3.0771836366177547
2008-07-09,3.061286130768295
2008-07-10,3.0458360516112006
2008-07-11,3.0311678836605953
2008-07-14,3.017058453459583
2008-07-15,3.005236250718028
2008-07-16,2.9921879770195776
2008-07-17,2.9799768905099504
2008-07-18,2.966428478697533
2008-07-21,2.95193327602797
2008-07-22,2.9378850455977363
2008-07-23,2.9242279866388743
2008-07-24,2.910014497430696
2008-07-25,2.8962478795617206
2008-07-28,2.882092049245756
2008-07-29,2.8683830145323586
2008-07-30,2.8545634556000845
2008-07-31,2.8410791569774174
2008-08-01,2.827372882324725
2008-08-04,2.813277541660265
2008-08-05,2.7988489479242546
2008-08-06,2.784309991986762
2008-08-07,2.7707746051985467
2008-08-08,2.756738896003534
2008-08-11,2.7424813898845426
2008-08-12,2.7273895869324223
2008-08-13,2.7132454980924527
2008-08-14,2.699826245740691
2008-08-15,2.6874100163355257
2008-08-18,2.6730459997369636
2008-08-19,2.6592953442281875
2008-08-20,2.6454899711361985
2008-08-21,2.632798737738907
2008-08-22,2.6202196132258675
2008-08-25,2.6074743052847236
2008-08-26,2.5943402051730793
2008-08-27,2.581373927151153
2008-08-28,2.5692987584822022
2008-08-29,2.5579476058517465
2008-09-01,2.544427279997515
2008-09-02,2.5315198128026384
2008-09-03,2.5204489402677477
2008-09-04,2.50926741227133
2008-09-05,2.496529050663079
2008-09-08,2.4841251860475837
2008-09-09,2.472723183082247
2008-09-10,2.4674951051265177
2008-09-11,2.4615997647797214
2008-09-12,2.450421510848028
2008-09-15,2.441468312411903
2008-09-16,2.429234644335843
2008-09-17,2.4210608425527207
2008-09-18,2.4093288512252338
2008-09-19,2.393872424859725
2008-09-22,2.3785839588510727
2008-09-23,2.3631854514563164
2008-09-24,2.346231707458318
2008-09-25,2.329501705584723
2008-09-26,2.3120505750008933
2008-09-29,2.2972128367989715
2008-09-30,2.2853212677084294
2008-10-01,2.2685406913830515
2008-10-02,2.251816839058283
2008-10-03,2.238872111589317
2008-10-06,2.230483583944844
2008-10-07,2.2269838919007814
2008-10-08,2.2199846094377897
2008-10-09,2.2084861757057777
2008-10-10,2.1947665215238565
2008-10-13,2.181269946496273
2008-10-14,2.1700512875046485
2008-10-15,2.160166004305196
2008-10-16,2.149725845776795
2008-10-17,2.1367319315122084
2008-10-20,2.123794408101927
2008-10-21,2.1105801062009983
2008-10-22,2.0990876907135303
2008-10-23,2.0880955778731525
2008-10-24,2.076604481506752
2008-10-27,2.0648920024025434
2008-10-28,2.0521255620863195
2008-10-29,2.0376393404542905
2008-10-30,2.0229876461713316
2008-10-31,2.007560109306133
2008-11-03,1.99213375159975
2008-11-04,1.976930497151937
2008-11-05,1.9615619500327586
2008-11-06,1.9470266780539598
2008-11-07,1.9322705850658306
2008-11-10,1.9169054521830562
2008-11-11,1.901818792526106
2008-11-12,1.8865669100640927
2008-11-13,1.8724252433875659
2008-11-14,1.8580627618469312
2008-11-17,1.8435349742637206
2008-11-18,1.8292300000190327
2008-11-19,1.8147597235775481
2008-11-20,1.8011220324518251
2008-11-21,1.7878178718815925
2008-11-24,1.7747363110480905
2008-11-25,1.7614338925757236
2008-11-26,1.749462404710579
2008-11-27,1.7404287686705073
2008-11-28,1.731783447315126
2008-12-01,1.7223627025549697
2008-12-02,1.7134410844076
2008-12-03,1.7039103351023968
2008-12-04,1.691609713358376
2008-12-05,1.6795314193500153
2008-12-08,1.6676200420235603
2008-12-09,1.6567618840837846
2008-12-10,1.643467047376765
2008-12-11,1.6310593047744848
2008-12-12,1.61981541646418
2008-12-15,1.6086829275755956
2008-12-16,1.5971080141600524
2008-12-17,1.5853676194841042
2008-12-18,1.5736279034581837
2008-12-19,1.5620549781556903
2008-12-22,1.549929051923399
2008-12-23,1.5374163137670456
2008-12-24,1.5251811469132917
2008-12-25,1.512946720825795
2008-12-26,1.5004362655309817
2008-12-29,1.4878712391210418
2008-12-30,1.4755283735829345
2008-12-31,1.4636843612393913
2009-01-01,1.4534458975395368
2009-01-02,1.4418245071858953
2009-01-05,1.4299271276437204
2009-01-06,1.4178091219433717
2009-01-07,1.4057471766219454
2009-01-08,1.3940732131223896
2009-01-09,1.3814594777902816
2009-01-12,1.3700635035609299
2009-01-13,1.3602169768889802
2009-01-14,1.350813441594368
2009-01-15,1.341244422967104
2009-01-16,1.331178098815653
2009-01-19,1.3212228845499538
2009-01-20,1.311434067892029
2009-01-21,1.3023093198078435
2009-01-22,1.2927979041927182
2009-01-23,1.2825681125989414
2009-01-26,1.272394132841239
2009-01-27,1.2628288308805429
2009-01-28,1.253098128501593
2009-01-29,1.2433679059665441
2009-01-30,1.2334170327345566
2009-02-02,1.2234113757834986
2009-02-03,1.213737861863402
2009-02-04,1.2040648117170212
2009-02-05,1.1930104999470537
2009-02-06,1.1827857797961543
2009-02-09,1.1728931546215167
2009-02-10,1.1632773234243574
2009-02-11,1.1531093652519089
2009-02-12,1.143604985265444
2009-02-13,1.133880039447827
2009-02-16,1.124155562533888
2009-02-17,1.1144315624916783
2009-02-18,1.1045422920083858
2009-02-19,1.0948744690343757
2009-02-20,1.0852071069132532
2009-02-23,1.0751535488508406
2009-02-24,1.0651557313759148
2009-02-25,1.0549374855670348
2009-02-26,1.0458243294390102
2009-02-27,1.0368772641598785
2009-03-02,1.0273783585169463
2009-03-03,1.0174933488570634
2009-03-04,1.0077192628847582
2009-03-05,0.998166510364859
2009-03-06,0.988393358882979
2009-03-09,0.9781790007517036
2009-03-10,0.9682964037511171
2009-03-11,0.9557092976440856
2009-03-12,0.9450549831807317
2009-03-13,0.9351187986769266
2009-03-16,0.9256246827707317
2009-03-17,0.9161310142348857
2009-03-18,0.9061410738884131
2009-03-19,0.8962068137669593
2009-03-20,0.8862178613888997
2009-03-23,0.8760638553522598
2009-03-24,0.8661310784108311
2009-03-25,0.8557022026354966
2009-03-26,0.8446669568996859
2009-03-27,0.834735722773516
2009-03-30,0.8244188053769076
2009-03-31,0.8144885724568136
2009-04-01,0.8044485042407991
2009-04-02,0.7944640963502692
2009-04-03,0.7839286063623148
2009-04-06,0.7733385167073858
2009-04-07,0.762362928427088
2009-04-08,0.7521048611138976
2009-04-09,0.7415715904941792
2009-04-10,0.7312043007396767
2009-04-13,0.7203964241629055
2009-04-14,0.7100302278542306
2009-04-15,0.7000505018232072
2009-04-16,0.6900161367759932
2009-04-17,0.6796514966540113
2009-04-20,0.6696181459594259
2009-04-21,0.659364807368839
2009-04-22,0.6492222310256461
2009-04-23,0.6394108747129921
2009-04-24,0.6293795359256648
2009-04-27,0.618797584213869
2009-04-28,0.6082161862110651
2009-04-29,0.5986823628178484
2009-04-30,0.5890938929645182
2009-05-01,0.5793956837658256
2009-05-04,0.5695326478736303
2009-05-05,0.5595048042251974
2009-05-06,0.5494223625106323
2009-05-07,0.5400565960359721
2009-05-08,0.5300853011108262
2009-05-11,0.5200594160773131
2009-05-12,0.5102543556408976
2009-05-13,0.5004497733439626
2009-05-14,0.4905355161206781
2009-05-15,0.4804014557129908
2009-05-18,0.4703229742609013
2009-05-19,0.46030006350249836
2009-05-20,0.45049791183255294
2009-05-21,0.44064118337887237
2009-05-22,0.4299039802001342
2009-05-25,0.41982803316232264
2009-05-26,0.40925710669854054
2009-05-27,0.39565896673073714
2009-05-28,0.3856948319569635
2009-05-29,0.3713276949304405
2009-06-01,0.3605942063483393
2009-06-02,0.3535488794934319
2009-06-03,0.34639372620666237
2009-06-04,0.33945896897293554
2009-06-05,0.33406541519180033
2009-06-08,0.328451873229354
2009-06-09,0.3234988660257544
2009-06-10,0.3159045421069136
2009-06-11,0.30566923298930354
2009-06-12,0.3002765805003893
2009-06-15,0.2978003964411858
2009-06-16,0.29295819768982123
2009-06-17,0.28349435128166994
2009-06-18,0.2685293878794266
2009-06-19,0.2575813534552169
2009-06-22,0.25119978570670715
2009-06-23,0.24817408797035168
2009-06-24,0.244983400254325
2009-06-25,0.23997744331329257
2009-06-26,0.23524664912033472
2009-06-29,0.2316161042766622
2009-06-30,0.22952581520384974
2009-07-01,0.22677547101356532
2009-07-02,0.22402516223796737
2009-07-03,0.2204498235207917
2009-07-06,0.2163245197193869
2009-07-07,0.21208929716189295
2009-07-08,0.2079091622426583
2009-07-09,0.2050491098913938
2009-07-10,0.2038940953944371
2009-07-13,0.20295908750230346
2009-07-14,0.202464084544189
2009-07-15,0.2019690829426646
2009-07-16,0.20152908260347965
2009-07-17,0.20108908322879002
2009-07-20,0.20064908481828386
2009-07-21,0.19993408975296748
2009-07-22,0.1991090988361982
2009-07-23,0.1983391104788206
2009-07-24,0.19723913313786445
2009-07-27,0.1961941603901163
2009-07-28,0.19514919279539755
2009-07-29,0.1940492335352432
2009-07-30,0.19289428295859756
2009-07-31,0.19179433635635823
2009-08-03,0.1900894336028607
2009-08-04,0.18788958258684538
2009-08-05,0.18541478070485276
2009-08-06,0.18310499219360124
2009-08-07,0.18112519299634777
2009-08-10,0.17914541332532533
2009-08-11,0.17716565263877074
2009-08-12,0.1751309186680325
2009-08-13,0.17337116417514692
2009-08-14,0.17221633193337432
2009-08-17,0.1720513561249125
2009-08-18,0.17232631618220598
2009-08-19,0.17260127661632016
2009-08-20,0.172821245204693
2009-08-21,0.17309620639235943
2009-08-24,0.17320619092770306
2009-08-25,0.17320619092765852
2009-08-26,0.17304121421535257
2009-08-27,0.17287623759295453
2009-08-28,0.17298622206809236
2009-08-31,0.17320619119889638
2009-09-01,0.17342616057074628
2009-09-02,0.17370112258695508
2009-09-03,0.1739210925012362
2009-09-04,0.17414106265638502
2009-09-07,0.1743610330528915
2009-09-08,0.17469098918992648
2009-09-09,0.1749659530139572
2009-09-10,0.17535090300062506
2009-09-11,0.17540589588598532
2009-09-14,0.1755158816867642
2009-09-15,0.17601081887519837
2009-09-16,0.176340777543282
2009-09-17,0.17672573016671494
2009-09-18,0.17700069670254528
2009-09-21,0.17727566369085435
2009-09-22,0.17760562461901594
2009-09-23,0.1778805924357783
2009-09-24,0.1781005669905379
2009-09-25,0.17799057974308286
2009-09-28,0.17771561200166683
2009-09-29,0.17727566433873476
2009-09-30,0.1766157442905897
2009-10-01,0.1761208060171596
2009-10-02,0.17557087640969304
2009-10-05,0.17513093368862473
2009-10-06,0.17480097709991257
2009-10-07,0.17447102114394028
2009-10-08,0.17414106563982332
2009-10-09,0.17375611828978688
2009-10-12,0.17315120284838725
2009-10-13,0.17254628923043988
2009-10-14,0.17188638563415548
2009-10-15,0.17128147599384377
2009-10-16,0.17062157655607968
2009-10-19,0.17001667056155922
2009-10-20,0.1694117663900012
2009-10-21,0.16880686387588412
2009-10-22,0.1680919816319335
2009-10-23,0.16748708309518495
2009-10-26,0.16682719595138457
2009-10-27,0.16622230122612683
2009-10-28,0.1656174083234752
2009-10-29,0.16484754758268463
2009-10-30,0.16418766911702615
2009-11-02,0.1636927616232813
2009-11-03,0.16325284481578162
2009-11-04,0.1629229078424069
2009-11-05,0.1624829928427291
2009-11-06,0.16198808955274796
2009-11-09,0.1614381985146275
2009-11-10,0.16094329793617884
2009-11-11,0.16044839857823376
2009-11-12,0.16000848888129834
2009-11-13,0.15951359169298887
2009-11-16,0.15907368404505484
2009-11-17,0.15863377736125983
2009-11-18,0.15813888342651325
2009-11-19,0.1576439907124483
2009-11-20,0.15720408704157107
2009-11-23,0.15687415992150924
2009-11-24,0.15670919649669648
2009-11-25,0.15621430730774405
2009-11-26,0.15571941933907243
2009-11-27,0.15538949465926072
2009-11-30,0.15516954517416423
2009-12-01,0.15489460869412447
2009-12-02,0.1546746597513701
2009-12-03,0.15445471104943895
2009-12-04,0.1541797754735105
2009-12-07,0.15395982725344848
2009-12-08,0.15379486622444397
2009-12-09,0.15357491842644602
2009-12-10,0.15335497086931588
2009-12-11,0.15313502355345426
2009-12-14,0.15291507647868308
2009-12-15,0.15291507647886118
2009-12-16,0.15291507647868308
2009-12-17,0.1528600897402379
2009-12-18,0.15275011629300517
2009-12-21,0.1526401429060673
2009-12-22,0.15247518296183604
2009-12-23,0.15236520969522074
2009-12-24,0.1520902769064828
2009-12-25,0.15181534449407572
2009-12-28,0.15165038522715982
2009-12-29,0.1515953988202919
2009-12-30,0.15143043968928438
2009-12-31,0.15088057652151038
2010-01-01,0.150330714860173
2010-01-04,0.15005578493392735
2010-01-05,0.14983584123353144
2010-01-06,0.14956091198446753
2010-01-07,0.1492309972473868
2010-01-08,0.14884609756436418
2010-01-11,0.1483512277638641
2010-01-12,0.14774638871918247
2010-01-13,0.14714155149746327
2010-01-14,0.14664668589934646
2010-01-15,0.14631677613409882
2010-01-18,0.14598686691056986
2010-01-19,0.14576692772979546
2010-01-20,0.14554698878930997
2010-01-21,0.14532705003015434
2010-01-22,0.14505212688271762
2010-01-25,0.1448321886655479
2010-01-26,0.14455726627139626
2010-01-27,0.14433732859661316
2010-01-28,0.14417237547585535
2010-01-29,0.1440624067894236
2010-02-01,0.14389745398545878
2010-02-02,0.14373250131691248
2010-02-03,0.1435125646064911
2010-02-04,0.14329262819745497
2010-02-05,0.14307269196885816
2010-02-08,0.1428527559815299
2010-02-09,0.1425228525429687
2010-02-10,0.14202799846896502
2010-02-11,0.14158812914572422
2010-02-12,0.1410932773769974
2010-02-15,0.14065341010168922
2010-02-16,0.14021354391110982
2010-02-17,0.1397186955318097
2010-02-18,0.13938879715449967
2010-02-19,0.1391138822922639
2010-02-22,0.13883896773070092
2010-02-23,0.13856405354613677
2010-02-24,0.13795924399700216
2010-02-25,0.13740941879068266
2010-02-26,0.13680461305299432
2010-03-01,0.1361998093030774
2010-03-02,0.13559500737621194
2010-03-03,0.13510017079146128
2010-03-04,0.13466031713402124
2010-03-05,0.1344403906067533
2010-03-08,0.13422046419994152
2010-03-09,0.13400053797361358
2010-03-10,0.1338355934397092
2010-03-11,0.1334507237039998
2010-03-12,0.13328577975719114
2010-03-15,0.1334507237035545
2010-03-16,0.13367064920696745
2010-03-17,0.1336706492069229
2010-03-18,0.13367064920710103
2010-03-19,0.13378061207895195
2010-03-22,0.13394555652245854
2010-03-23,0.13405551957546125
2010-03-24,0.13427544592166646
2010-03-25,0.1344953725094519
2010-03-26,0.13466031758565386
2010-03-29,0.13471529930804674
2010-03-30,0.13477028104562466
2010-03-31,0.134440390531407
2010-04-01,0.1346053355620093
2010-04-02,0.13493522589560955
2010-04-05,0.1352101348831923
2010-04-06,0.13548504424781838
2010-04-07,0.135649990047158
2010-04-08,0.1358699180201669
2010-04-09,0.13597988206803496
2010-04-12,0.1360898461749065
2010-04-13,0.13619981031245984
2010-04-14,0.13630977450986273
2010-04-15,0.13658468522978748
2010-04-16,0.13680461410726397
2010-04-19,0.13696956094582177
2010-04-20,0.13713450792019888
2010-04-21,0.13729945503008356
2010-04-22,0.13751938475106482
2010-04-23,0.13779429727890052
2010-04-26,0.13806921018315613
2010-04-27,0.13834412346405425
2010-04-28,0.1385090715679137
2010-04-29,0.13861903706112194
2010-04-30,0.1387839853915102
2010-05-03,0.1389489338566936
2010-05-04,0.13922384826747486
2010-05-05,0.1394987630546315
2010-05-06,0.1397736782939106
2010-05-07,0.14004859390969865
2010-05-10,0.14037849319058568
2010-05-11,0.14070839301403743
2010-05-12,0.1409833099101786
2010-05-13,0.14125822718309594
2010-05-14,0.14147816124219068
2010-05-17,0.14180806278311112
2010-05-18,0.1421379648660174
2010-05-19,0.14241288372027236
2010-05-20,0.14268780295161515
2010-05-21,0.14296272255924428
2010-05-24,0.14323764246794693
2010-05-25,0.14356754690132897
2010-05-26,0.14378748349116063
2010-05-27,0.14395243606904198
2010-05-28,0.14406240454484243
2010-05-31,0.14422735739458506
2010-06-01,0.14444729470688641
2010-06-02,0.1447222167253752
2010-06-03,0.14494215464049165
2010-06-04,0.14516209279750011
2010-06-07,0.14543701586963506
2010-06-08,0.14576692409892208
2010-06-09,0.1460418480750793
2010-06-10,0.14642674238019138
2010-06-11,0.14703157811092618
2010-06-14,0.14741647431385715
2010-06-15,0.14774638579675156
2010-06-16,0.1480762978225225
2010-06-17,0.1484611959236731
2010-06-18,0.1487361235904197
2010-06-21,0.14901105170946685
2010-06-22,0.14934096590420548
2010-06-23,0.14961589485148327
2010-06-24,0.14983583831092237
2010-06-25,0.15005578201122927
2010-06-28,0.15027572589273244
2010-06-29,0.15044068402927538
2010-06-30,0.15027572575664594
2010-07-01,0.15055065598454406
2010-07-02,0.1509355589367599
2010-07-05,0.15132046262667503
2010-07-06,0.1517053670552691
2010-07-07,0.15209027222160698
2010-07-08,0.1524201915683508
2010-07-09,0.1528050981054841
2010-07-12,0.15313501862708725
2010-07-13,0.15346493969143332
2010-07-14,0.15373987428785957
2010-07-15,0.1541247832509485
2010-07-16,0.15445470576161444
2010-07-19,0.15478462881426622
2010-07-20,0.15511455249983602
2010-07-21,0.1554444767275698
2010-07-22,0.15571941396085018
2010-07-23,0.1560493390926953
2010-07-26,0.15643425248447368
2010-07-27,0.15681916661448567
2010-07-28,0.15725906932109032
2010-07-29,0.15764398503284074
2010-07-30,0.15802890158863028
2010-08-02,0.1584688070666615
2010-08-03,0.1589087135098114
2010-08-04,0.1592936323853058
2010-08-05,0.15967855199916747
2010-08-06,0.16006347245626668
2010-08-09,0.16044839365222302
2010-08-10,0.1607783266477394
2010-08-11,0.16099828227975096
2010-08-12,0.1612732271206052
2010-08-13,0.1616031613821803
2010-08-16,0.16198808531963838
2010-08-17,0.1624279993550881
2010-08-18,0.16281292497973382
2010-08-19,0.16319785134341472
2010-08-20,0.16363776803045826
2010-08-23,0.16402269597552135
2010-08-24,0.16440762465850636
2010-08-25,0.16479255407963594
2010-08-26,0.165122494126535
2010-08-27,0.16539744454199293
2010-08-30,0.16572738558264408
2010-08-31,0.1662222980925748
2010-09-01,0.16660723099424138
2010-09-02,0.16699216463387442
2010-09-03,0.16743208975810298
2010-09-06,0.16787201584642605
2010-09-07,0.1683669337800451
2010-09-08,0.16875187079476592
2010-09-09,0.16908181744003456
2010-09-10,0.16946675593104454
2010-09-13,0.17018164424651938
2010-09-14,0.17095152671247804
2010-09-15,0.1714464521040471
2010-09-16,0.17194137871603069
2010-09-17,0.17243630654856235
2010-09-20,0.1730412201667769
2010-09-21,0.17353615084666035
2010-09-22,0.17408607518037417
2010-09-23,0.17458100843681684
2010-09-24,0.17513093563275578
2010-09-27,0.17557087859509263
2010-09-28,0.17595582942562152
2010-09-29,0.17634078099429498
2010-09-30,0.17645076733705972
2010-10-01,0.17683571974954967
2010-10-04,0.17727566632797565
2010-10-05,0.1777706074491583
2010-10-06,0.17815556249801248
2010-10-07,0.17848552460112252
2010-10-08,0.1788154872472426
2010-10-11,0.17914545043485872
2010-10-12,0.179475414165574
2010-10-13,0.17969539022734907
2010-10-14,0.1799703606054411
2010-10-15,0.18035531976739405
2010-10-18,0.18063029104950837
2010-10-19,0.18096025713056577
2010-10-20,0.18129022375378717
2010-10-21,0.1816201909199741
2010-10-22,0.18200515335103123
2010-10-25,0.18239011652103448
2010-10-26,0.18277508042936044
2010-10-27,0.1831600450760982
2010-10-28,0.1834900153156314
2010-10-29,0.18392997647838008
2010-11-01,0.184369938606203
2010-11-02,0.18475490620565269
2010-11-03,0.18519487014103028
2010-11-04,0.185579839428202
2010-11-05,0.1859648095591456
2010-11-08,0.18629478449967476
2010-11-09,0.18651476809456807
2010-11-10,0.18667975592615654
2010-11-11,0.1868447438939206
2010-11-12,0.1870647279708166
2010-11-15,0.18733970829359903
2010-11-16,0.18755969279251458
2010-11-17,0.18783467386800318
2010-11-18,0.18816465170103852
2010-11-19,0.18854962647268325
2010-11-22,0.18876961241840853
2010-11-23,0.1889346019676438
2010-11-24,0.188934601967911
2010-11-25,0.1889346019678219
2010-11-26,0.1890445950614747
2010-11-29,0.1891545882145317
2010-11-30,0.18926458142846248
2010-12-01,0.18937457470237642
2010-12-02,0.18948456806713346
2010-12-03,0.18953956477939224
2010-12-06,0.18959456150701415
2010-12-07,0.1895945615070587
2010-12-08,0.1896495582646054
2010-12-09,0.18964955826438276
2010-12-10,0.19003453641142698
2010-12-13,0.19003453641142698
2010-12-14,0.18997953959385258
2010-12-15,0.1899795395937635
2010-12-16,0.18997953959380803
2010-12-17,0.19003453641156057
2010-12-20,0.19014453007721305
2010-12-21,0.19019952694020897
2010-12-22,0.19019952694020897
2010-12-23,0.19014453007725757
2010-12-24,0.19008953322909042
2010-12-27,0.18992454282116536
2010-12-28,0.1897595525027029
2010-12-29,0.1896495590182022
2010-12-30,0.18959456230549815
2010-12-31,0.1892095854245126
2011-01-03,0.18915458883284358
2011-01-04,0.18904459567902954
2011-01-05,0.18893460258591113
2011-01-06,0.18876961303676493
2011-01-07,0.18860462362290364
2011-01-10,0.1884946307400603
2011-01-11,0.18832964155232704
2011-01-12,0.1881096561490775
2011-01-13,0.18783467477215904
2011-01-14,0.1875596937718832
2011-01-17,0.1873397092126282
2011-01-18,0.1872847131327531
2011-01-19,0.1871747210038628
2011-01-20,0.1870647289351783
2011-01-21,0.1868997409228388
2011-01-24,0.18678974900515866
2011-01-25,0.1866247612184128
2011-01-26,0.18640477774348582
2011-01-27,0.18618479451022815
2011-01-28,0.18601980722107087
2011-01-31,0.1858548200672875
2011-02-01,0.18574482872151804
2011-02-02,0.18557984183879445
2011-02-03,0.1853598595097372
2011-02-04,0.18519487289838507
2011-02-07,0.18502988642240695
2011-02-08,0.18486490003731643
2011-02-09,0.18464491837079025
2011-02-10,0.1843699416645423
2011-02-11,0.18409496533502592
2011-02-14,0.1838749845122717
2011-02-15,0.18370999907631327
2011-02-16,0.183490018675445
2011-02-17,0.18327003851562265
2011-02-18,0.18310505353183124
2011-02-21,0.18294006868292398
2011-02-22,0.1827750839704595
2011-02-23,0.18261009939314635
2011-02-24,0.18239012019755207
2011-02-25,0.18217014124335992
2011-02-28,0.1820051572085225
2011-03-01,0.18184017326394925
2011-03-02,0.18178517864575716
2011-03-03,0.1816201948824693
2011-03-04,0.1815102057664077
2011-03-07,0.18140021668142867
2011-03-08,0.18129022765594294
2011-03-09,0.18112524425406806
2011-03-10,0.18107024980188727
2011-03-11,0.181290227912352
2011-03-14,0.1811252445100318
2011-03-15,0.18090526688219322
2011-03-16,0.18068528949491067
2011-03-17,0.1804653123488076
2011-03-18,0.18030032966949147
2011-03-21,0.18013534708092938
2011-03-22,0.1799153705377305
2011-03-23,0.17975038826560516
2011-03-24,0.17953041208364112
2011-03-25,0.17931043614254483
2011-03-28,0.17898047277382145
2011-03-29,0.17865050994744017
2011-03-30,0.17832054766349006
2011-03-31,0.17788059855370378
2011-04-01,0.17749564392678008
2011-04-04,0.17700070321243191
2011-04-05,0.17645077059200306
2011-04-06,0.17595583258981082
2011-04-07,0.17546089580807758
2011-04-08,0.1748559747321802
2011-04-11,0.1743060479876067
2011-04-12,0.17375612259931153
2011-04-13,0.17315120649524723
2011-04-14,0.17260128442143324
2011-04-15,0.17221634002428687
2011-04-18,0.17172141246321573
2011-04-19,0.17133646964820856
2011-04-20,0.1708965358462389
2011-04-21,0.1704566030083638
2011-04-22,0.17007166251372943
2011-04-25,0.1696317314839879
2011-04-26,0.16908181905241026
2011-04-27,0.16847691720095787
2011-04-28,0.16787201717224523
2011-04-29,0.16732210956198612
2011-05-02,0.1667722034581191
2011-05-03,0.1661673085674735
2011-05-04,0.16561740562735044
2011-05-05,0.16506750419406482
2011-05-06,0.1645176042676611
2011-05-09,0.1639677058471151
2011-05-10,0.1634178089337182
2011-05-11,0.16286791352689148
2011-05-12,0.16220804120783636
2011-05-13,0.16165814911495646
2011-05-16,0.16116324758759837
2011-05-17,0.1606133583572998
2011-05-18,0.1601184594061892
2011-05-19,0.15951358456719503
2011-05-20,0.15901868832757238
2011-05-23,0.15857878152336574
2011-05-24,0.15813887568347626
2011-05-25,0.15764398269817348
2011-05-26,0.15709410310953237
2011-05-27,0.15648923755073813
2011-05-30,0.15588437381472817
2011-05-31,0.1552795119020814
2011-06-01,0.15467465181217438
2011-06-02,0.15412478050944672
2011-06-03,0.15357491086389288
2011-06-06,0.15302504257439473
2011-06-07,0.15236520261529374
2011-06-08,0.1518153374888716
2011-06-09,0.15126547386955402
2011-06-10,0.15071561175636136
2011-06-13,0.15044068115182072
2011-06-14,0.1498908214490424
2011-06-15,0.14934096325292334
2011-06-16,0.14879110656292918
2011-06-17,0.14829623676198378
2011-06-20,0.14780136804590074
2011-06-21,0.1473065005503658
2011-06-22,0.14681163427444377
2011-06-23,0.14626178421301117
2011-06-24,0.14571193565810425
2011-06-27,0.14510710407008126
2011-06-28,0.14444728996198292
2011-06-29,0.14378747784210127
2011-06-30,0.14312766789136544
2011-07-01,0.14252284409148924
2011-07-04,0.14191802211457547
2011-07-05,0.1413132019603569
2011-07-06,0.14065340014412941
2011-07-07,0.13999360049722587
2011-07-08,0.1393338030194681
2011-07-11,0.1386740077111679
2011-07-12,0.13790424925920003
2011-07-13,0.13713449376016676
2011-07-14,0.13636474121348918
2011-07-15,0.13559499161912278
2011-07-18,0.13488022668463162
2011-07-19,0.13422044583739257
2011-07-20,0.1335606671588095
2011-07-21,0.13295587185961497
2011-07-22,0.13235107838333832
2011-07-25,0.13174628672953426
2011-07-26,0.13103153550281912
2011-07-27,0.13026180657534342
2011-07-28,0.12954706102689995
2011-07-29,0.12905223881290176
2011-08-01,0.12888729848138064
2011-08-02,0.1286123982302307
2011-08-03,0.1282275381951377
2011-08-04,0.12762275946549903
2011-08-05,0.12696300283960896
2011-08-08,0.12646818699673906
2011-08-09,0.1259183929719519
2011-08-10,0.1253686004530224
2011-08-11,0.12476383033927134
2011-08-12,0.12421404098359602
2011-08-15,0.12371923178349305
2011-08-16,0.12322442366811882
2011-08-17,0.12272961677275833
2011-08-18,0.12228978938526787
2011-08-19,0.12184996296191644
2011-08-22,0.12146511557921663
2011-08-23,0.12102529084278564
2011-08-24,0.12053048923449261
2011-08-25,0.11992573353508978
2011-08-26,0.11932097982457159
2011-08-29,0.11871622793630332
2011-08-30,0.11805650059190013
2011-08-31,0.11734179851472235
2011-09-01,0.11668207568896102
2011-09-02,0.11607733158794893
2011-09-05,0.11547258930945396
2011-09-06,0.11492282525803063
2011-09-07,0.11437306271380092
2011-09-08,0.11387827764349132
2011-09-09,0.11338349379323999
2011-09-12,0.11283373546564343
2011-09-13,0.11261383237584663
2011-09-14,0.11200910053508842
2011-09-15,0.11151432129396577
2011-09-16,0.111019543272367
2011-09-19,0.11057974155080869
2011-09-20,0.11013994079303316
2011-09-21,0.10964516602526445
2011-09-22,0.10915039247701962
2011-09-23,0.10871059473136027
2011-09-26,0.10827079794983996
2011-09-27,0.10783100213259227
2011-09-28,0.10739120727868204
2011-09-29,0.10678649117764592
2011-09-30,0.10612680269275236
2011-10-03,0.10557706409573926
2011-10-04,0.10502732685460373
2011-10-05,0.10442261771156894
2011-10-06,0.10387288363346489
2011-10-07,0.10332315106077326
2011-10-10,0.10277341999491903
2011-10-11,0.10222369043456624
2011-10-12,0.10167396238060554
2011-10-13,0.10106926334355211
2011-10-14,0.10046456612928299
2011-10-17,0.0999148428946815
2011-10-18,0.09936512116629395
2011-10-19,0.09881540094385317
2011-10-20,0.09832065396338074
2011-10-21,0.09788087983376152
2011-10-24,0.09744110666841495
2011-10-25,0.09700133446662848
2011-10-26,0.09661653463351443
2011-10-27,0.09612179307526082
2011-10-28,0.09568202376468911
2011-10-31,0.0953521975052097
2011-11-01,0.09496740083485994
2011-11-02,0.09458260490189775
2011-11-03,0.09425278044939416
2011-11-04,0.09386798588727192
2011-11-07,0.09348319206369504
2011-11-08,0.09309839897746121
2011-11-09,0.09265863641412596
2011-11-10,0.09227384490949692
2011-11-11,0.09183408415349373
2011-11-14,0.09144929423002421
2011-11-15,0.09111947492827895
2011-11-16,0.09078965607838896
2011-11-17,0.09045983777026219
2011-11-18,0.09013002000501193
2011-11-21,0.08980020278085689
2011-11-22,0.08952535547127508
2011-11-23,0.08925050861314775
2011-11-24,0.08897566213166298
2011-11-25,0.08859087758445637
2011-11-28,0.08826106289157264
2011-11-29,0.0878762798200763
2011-11-30,0.0876564041410223
2011-12-01,0.08732659098352026
2011-12-02,0.08699677836822677
2011-12-05,0.0867219348987246
2011-12-06,0.08644709180541967
2011-12-07,0.08617224908915808
2011-12-08,0.08584243828133023
2011-12-09,0.08551262801539919
2011-12-12,0.085347723017919
2011-12-13,0.08512784992909521
2011-12-14,0.08501791344493366
2011-12-15,0.08490797702093339
2011-12-16,0.08474307252024019
2011-12-19,0.08457816815563347
2011-12-20,0.08446823197272363
2011-12-21,0.08435829584988598
2011-12-22,0.08430332780311783
2011-12-23,0.08430332780316238
2011-12-26,0.08424835978712057
2011-12-27,0.08397352000718354
2011-12-28,0.08380861627473782
2011-12-29,0.08358874487283449
2011-12-30,0.08325893804014858
2012-01-02,0.08292913175056182
2012-01-03,0.08276422887644966
2012-01-04,0.0825993261379787
2012-01-05,0.08248939103944136
2012-01-06,0.08237945600079812
2012-01-09,0.08232448851173525
2012-01-10,0.08226952103759026
2012-01-11,0.08221455357894202
2012-01-12,0.08215958613481085
2012-01-13,0.08215958613427649
2012-01-16,0.0821595861347218
2012-01-17,0.08215958613458821
2012-01-18,0.08215958613458821
2012-01-19,0.08221455356371245
2012-01-20,0.08221455356362338
2012-01-23,0.08221455356366791
2012-01-24,0.08221455356357885
2012-01-25,0.08210461870577568
2012-01-26,0.08204965129192555
2012-01-27,0.08199468390844551
2012-01-30,0.08199468390849005
2012-01-31,0.08204965127669597
2012-02-01,0.08210461866097758
2012-02-02,0.08215958605955359
2012-02-03,0.08226952091740129
2012-02-06,0.08237945583549933
2012-02-07,0.08243442330928807
2012-02-08,0.08248939079875173
2012-02-09,0.08254435830255431
2012-02-10,0.08265429334150928
2012-02-13,0.08276422844000209
2012-02-14,0.0828191960045894
2012-02-15,0.08292913119316825
2012-02-16,0.08303906647276832
2012-02-17,0.0830390664727238
2012-02-20,0.08303906647290192
2012-02-21,0.08309403414262674
2012-02-22,0.08298409880290991
2012-02-23,0.08287416352393329
2012-02-24,0.08281919591419162
2012-02-27,0.08281919591396895
2012-02-28,0.08281919591405802
2012-02-29,0.08287416352402234
2012-03-01,0.08298409877329685
2012-03-02,0.08309403408250998
2012-03-05,0.0832589371826166
2012-03-06,0.08342384041774095
2012-03-07,0.0835887437889518
2012-03-08,0.08375364729540308
2012-03-09,0.08402848677391028
2012-03-12,0.08430332662923817
2012-03-13,0.08452319875441276
2012-03-14,0.08479803921166515
2012-03-15,0.08512784821265076
2012-03-16,0.08556759439034287
2012-03-19,0.08600734153181776
2012-03-20,0.08644708963738713
2012-03-21,0.08688683870682834
2012-03-22,0.08732658886015224
2012-03-23,0.08776633997761515
2012-03-26,0.0882060920592171
2012-03-27,0.08864584510433464
2012-03-28,0.08903062986203891
2012-03-29,0.08941541535779872
2012-03-30,0.08958032374368141
2012-04-02,0.0900750493076296
2012-04-03,0.09056977609190324
2012-04-04,0.09106450409578981
2012-04-05,0.09155923332009087
2012-04-06,0.09183408349091812
2012-04-09,0.092273844246476
2012-04-10,0.09249372492581835
2012-04-11,0.09243875478667571
2012-04-12,0.0923837846468651
2012-04-13,0.09254869520158188
2012-04-16,0.09287851685246695
2012-04-17,0.0933182798970479
2012-04-18,0.09353816172105764
2012-04-19,0.09370307331490352
2012-04-20,0.0938130144676871
2012-04-23,0.09403289695409434
2012-04-24,0.09425277962134164
2012-04-25,0.09452763325645208
2012-04-26,0.09480248734319516
2012-04-27,0.09502237091384132
2012-04-30,0.09540716758445826
2012-05-01,0.09579196499290805
2012-05-02,0.09612179197565873
2012-05-03,0.0965065908599524
2012-05-04,0.09694636185708833
2012-05-07,0.09738613381796249
2012-05-08,0.09777093502156026
2012-05-09,0.09810076525769565
2012-05-10,0.09848556793704824
2012-05-11,0.0988703713547235
2012-05-14,0.09931014753245349
2012-05-15,0.09974992467445605
2012-05-16,0.10018970277984064
2012-05-17,0.10057450936014665
2012-05-18,0.10095931667873084
2012-05-21,0.10134412473519243
2012-05-22,0.10172893352975405
2012-05-23,0.10205877027194646
2012-05-24,0.10238860755590207
2012-05-25,0.10277341845904746
2012-05-28,0.1031032569180851
2012-05-29,0.10348806908604231
2012-05-30,0.10387288199201054
2012-05-31,0.1042576956362124
2012-06-01,0.10469748362180657
2012-06-04,0.10519224619001707
2012-06-05,0.10568700997815221
2012-06-06,0.10612680109667498
2012-06-07,0.10656659317884694
2012-06-08,0.10706136035609709
2012-06-11,0.1075561287528711
2012-06-12,0.10810587307313209
2012-06-13,0.10860064404548564
2012-06-14,0.1091503910765666
2012-06-15,0.10975511446758209
2012-06-18,0.11030486466160547
2012-06-19,0.11085461636170921
2012-06-20,0.11134939424788944
2012-06-21,0.11189914880950579
2012-06-22,0.11244890487773689
2012-06-25,0.11299866245187021
2012-06-26,0.11349344562476167
2012-06-27,0.11393325397305579
2012-06-28,0.11437306328629046
2012-06-29,0.11448301585564502
2012-07-02,0.11508775531738097
2012-07-03,0.11563752012142144
2012-07-04,0.11618728643180948
2012-07-05,0.11673705424787709
2012-07-06,0.11723184650302854
2012-07-09,0.11778161718127673
2012-07-10,0.11833138936578343
2012-07-11,0.11877120807718045
2012-07-12,0.11932098282221523
2012-07-13,0.11992573669825488
2012-07-16,0.12042053668045669
2012-07-17,0.12091533801777904
2012-07-18,0.12135516251329773
2012-07-19,0.12163005342511064
2012-07-20,0.1219049447136552
2012-07-23,0.12223481471229829
2012-07-24,0.12261966367664745
2012-07-25,0.12300451337860685
2012-07-26,0.12327940647506234
2012-07-27,0.12360927873240296
2012-07-30,0.12393915153270912
2012-07-31,0.12421404598477498
2012-08-01,0.12454391977852151
2012-08-02,0.1248737941154117
2012-08-03,0.12514868977212815
2012-08-06,0.12542358580566523
2012-08-07,0.12575346167833792
2012-08-08,0.12602835861554104
2012-08-09,0.12630325592952032
2012-08-10,0.1264681944533977
2012-08-13,0.1267430923696577
2012-08-14,0.1270179906623376
2012-08-15,0.1272928893320163
2012-08-16,0.1275677883778032
2012-08-17,0.12784268780036623
2012-08-20,0.12817256764987303
2012-08-21,0.1285024480413212
2012-08-22,0.12883232897560132
2012-08-23,0.12916221045182277
2012-08-24,0.1294920924702082
2012-08-27,0.12982197503106935
2012-08-28,0.13015185813369373
2012-08-29,0.13048174177937272
2012-08-30,0.13086660666504107
2012-08-31,0.13119649148473334
2012-09-03,0.13152637684756927
2012-09-04,0.1318562626617261
2012-09-05,0.13229611113736978
2012-09-06,0.1327909418922655
2012-09-07,0.13323079253701042
2012-09-10,0.1336706441456272
2012-09-11,0.13427544193062693
2012-09-12,0.13488024153765396
2012-09-13,0.13532009676160284
2012-09-14,0.13581493497337982
2012-09-17,0.1363097744050815
2012-09-18,0.1368046150568859
2012-09-19,0.1371894919629646
2012-09-20,0.13762935212770847
2012-09-21,0.13801423061548102
2012-09-24,0.13845409258777963
2012-09-25,0.13878398970009972
2012-09-26,0.13911388735404945
2012-09-27,0.13938880251789318
2012-09-28,0.13938880251784863
2012-10-01,0.13966371798294405
2012-10-02,0.14004860026684424
2012-10-03,0.1404334832887109
2012-10-04,0.14076338365454932
2012-10-05,0.14114826815297232
2012-10-08,0.14153315338913916
2012-10-09,0.14191803925813493
2012-10-10,0.14230292586518625
2012-10-11,0.14257784524717715
2012-10-12,0.1428527650056325
2012-10-15,0.14312768514050772
2012-10-16,0.14340260565193647
2012-10-17,0.1436225423622688
2012-10-18,0.1438424793137361
2012-10-19,0.14411740080457794
2012-10-22,0.14433733829843187
2012-10-23,0.14450229155451919
2012-10-24,0.14477721387350262
2012-10-25,0.14499715203015484
2012-10-26,0.14521709042776387
2012-10-29,0.1455469984762108
2012-10-30,0.14598687683829392
2012-10-31,0.14648174108039963
2012-11-01,0.14686663633410943
2012-11-02,0.1473065177089767
2012-11-05,0.14780138534055365
2012-11-06,0.148186283231073
2012-11-07,0.14851619625086318
2012-11-08,0.1488461098125947
2012-11-09,0.14917602391680193
2012-11-12,0.14945095271396602
2012-11-13,0.14972588188746092
2012-11-14,0.15000081143710856
2012-11-15,0.15027574136415575
2012-11-16,0.15055067166771188
2012-11-19,0.150825602347777
2012-11-20,0.15104554713263452
2012-11-21,0.1512654921585379
2012-11-22,0.1514854374257544
2012-11-23,0.15165039651169662
2012-11-26,0.15176036929577486
2012-11-27,0.15181535570290994
2012-11-28,0.15187034212549727
2012-11-29,0.15192532856224542
2012-11-30,0.15198031501480205
2012-12-03,0.15209028797972038
2012-12-04,0.15225524751747335
2012-12-05,0.15236522063303978
2012-12-06,0.15247519380903465
2012-12-07,0.15264015370842324
2012-12-10,0.1528051137435421
2012-12-11,0.1532450080136297
2012-12-12,0.15335498164143535
2012-12-13,0.1534099684854188
2012-12-14,0.15351994220397847
2012-12-17,0.15357492909302722
2012-12-18,0.153849863840725
2012-12-19,0.153904850805031
2012-12-20,0.15401482479429415
2012-12-21,0.15406981180406623
2012-12-24,0.15423477292378027
2012-12-25,0.15439973417900188
2012-12-26,0.154509708439681
2012-12-27,0.1545646955848271
2012-12-28,0.15467466993550325
2012-12-31,0.15445472099292698
2013-01-01,0.1542897594212686
2013-01-02,0.1545097079425378
2013-01-03,0.15467466946859648
2013-01-04,0.15472965667434918
2013-01-07,0.15483963114579316
2013-01-08,0.15494960570696695
2013-01-09,0.15483963117558433
2013-01-10,0.15472965670414038
2013-01-11,0.154674669483737
2013-01-14,0.15461968227807338
2013-01-15,0.1545646951022455
2013-01-16,0.1544547207817168
2013-01-17,0.1543447465213494
2013-01-18,0.15428975940608355
2013-01-21,0.1542347723060473
2013-01-22,0.15417978522119608
2013-01-23,0.15401482405637223
2013-01-24,0.15395983704606578
2013-01-25,0.1538498630570698
2013-01-28,0.15373988912810152
2013-01-29,0.15351994139004224
2013-01-30,0.15329999389369678
2013-01-31,0.15324500707950453
2013-02-01,0.15319002026571304
2013-02-04,0.15308004666783218
2013-02-05,0.1529700731310923
2013-02-06,0.1528600996534449
2013-02-07,0.15269513957321623
2013-02-08,0.15258516627680974
2013-02-11,0.1524751930406981
2013-02-12,0.15231023327686163
2013-02-13,0.15214527369431055
2013-02-14,0.15198031424686628
2013-02-15,0.15198031424695535
2013-02-18,0.15198031424651004
2013-02-19,0.1518703413718559
2013-02-20,0.1517603685575857
2013-02-21,0.15176036855789743
2013-02-22,0.15170538218059806
2013-02-25,0.151595409456503
2013-02-26,0.15137546418973183
2013-02-27,0.15121050537511652
2013-02-28,0.15104554669587522
2013-03-01,0.15093557430322382
2013-03-04,0.15088058815272043
2013-03-05,0.15077061588070328
2013-03-06,0.15066064366907006
2013-03-07,0.15066064366862478
2013-03-08,0.1506606436686693
2013-03-11,0.15071562977459724
2013-03-12,0.1510455470429047
2013-03-13,0.1508256023782807
2013-03-14,0.1507156301360993
2013-03-15,0.1506606440455345
2013-03-18,0.150605657969754
2013-03-19,0.15049568584838496
2013-03-20,0.1503857137878452
2013-03-21,0.1503307277870993
2013-03-22,0.15022075581602215
2013-03-25,0.15005579799569332
2013-03-26,0.14978086859607037
2013-03-27,0.14945095367859487
2013-03-28,0.14923101070120304
2013-03-29,0.14884611080719287
2013-04-01,0.14901106772390024
2013-04-02,0.1491210390923404
2013-04-03,0.14912103909185057
2013-04-04,0.14906605340812032
2013-04-05,0.14906605340812032
2013-04-08,0.14912103909216226
2013-04-09,0.1491760247914338
2013-04-10,0.14923101050513338
2013-04-11,0.14934098199411874
2013-04-12,0.1493959677532844
2013-04-15,0.1494509535277241
2013-04-16,0.1495059393170817
2013-04-17,0.14956092512193606
2013-04-18,0.14967089679127168
2013-04-19,0.1497808685208131
2013-04-22,0.14989084031087208
2013-04-23,0.14994582623600444
2013-04-24,0.149945826236049
2013-04-25,0.1499458262359154
2013-04-26,0.1499458262359599
2013-04-29,0.14994582623555913
2013-04-30,0.15000081217569844
2013-05-01,0.15005579813115638
2013-05-02,0.15016577007164078
2013-05-03,0.15022075607234214
2013-05-06,0.1502757420875606
2013-05-07,0.15022075605755789
2013-05-08,0.1501657700415824
2013-05-09,0.1501107840413709
2013-05-10,0.15005579805581007
2013-05-13,0.1499458261452059
2013-05-14,0.14983585426514995
2013-05-15,0.14978086835497995
2013-05-16,0.14961591071531308
2013-05-17,0.14928599588814628
2013-05-20,0.1489560816030099
2013-05-21,0.14862616776963974
2013-05-22,0.1482412689303
2013-05-23,0.14785637082928296
2013-05-24,0.147526458803423
2013-05-27,0.14719654732043952
2013-05-28,0.14681165132831794
2013-05-29,0.14637177103791224
2013-05-30,0.14593189171169008
2013-05-31,0.1456019828497522
2013-06-03,0.14527207462055425
2013-06-04,0.14505213610226642
2013-06-05,0.14466724422311003
2013-06-06,0.14439232190341408
2013-06-07,0.14406241557270297
2013-06-10,0.14378749400660387
2013-06-11,0.14378749400629215
2013-06-12,0.1434026044468406
2013-06-13,0.1430177157307157
2013-06-14,0.1426878117497233
2013-06-17,0.14246787606346864
2013-06-18,0.1423029244795175
2013-06-19,0.1420280053992681
2013-06-20,0.14169810304512395
2013-06-21,0.14136820123292113
2013-06-24,0.14103829996350573
2013-06-25,0.14065341578165305
2013-06-26,0.14026853233767778
2013-06-27,0.13988364963211428
2013-06-28,0.13944378440598562
2013-07-01,0.13916886924205282
2013-07-02,0.13883897158788047
2013-07-03,0.13856405725249005
2013-07-04,0.13828914329383124
2013-07-05,0.13790426448944382
2013-07-08,0.13757436891406402
2013-07-09,0.1372444738809818
2013-07-10,0.13680461467993163
2013-07-11,0.13636475644324314
2013-07-12,0.13586991714744986
2013-07-15,0.13543006095949556
2013-07-16,0.13504518753306324
2013-07-17,0.1346053331527082
2013-07-18,0.13422046130792523
2013-07-19,0.13383559020075247
2013-07-22,0.13345071983270398
2013-07-23,0.1330658502023993
2013-07-24,0.1326809813102392
2013-07-25,0.13229611315582293
2013-07-26,0.13191124573946217
2013-07-29,0.13147139810754593
2013-07-30,0.1310865322728345
2013-07-31,0.13070166717666845
2013-08-01,0.13026182219590077
2013-08-02,0.12987695868076063
2013-08-05,0.12943711550777026
2013-08-06,0.12905225357427946
2013-08-07,0.12866739237969027
2013-08-08,0.1282825319223551
2013-08-09,0.12784269224370629
2013-08-12,0.12740285352924108
2013-08-13,0.12696301577887037
2013-08-14,0.12657815859014945
2013-08-15,0.12608334328997792
2013-08-16,0.1256984877888009
2013-08-19,0.1253136330253677
2013-08-20,0.12492877900034625
2013-08-21,0.12448894667219437
2013-08-22,0.12404911542854859
2013-08-23,0.12355430636390868
2013-08-26,0.12311447704858548
2013-08-27,0.12256469175996394
2013-08-28,0.12206988622008022
2013-08-29,0.12157508203576232
2013-08-30,0.12102530096462003
2013-09-02,0.12047552140000337
2013-09-03,0.12003569895255091
2013-09-04,0.11948592224958049
2013-09-05,0.11893614705260136
2013-09-06,0.11844135059537839
2013-09-09,0.11794655535856989
2013-09-10,0.117451761341597
2013-09-11,0.1173967842438296
2013-09-12,0.11734180716089099
2013-09-13,0.11684701463490248
2013-09-16,0.116352223328705
2013-09-17,0.11591240979852546
2013-09-18,0.11547259723226228
2013-09-19,0.11514273844022688
2013-09-20,0.11481288010009125
2013-09-23,0.11453799860162571
2013-09-24,0.11426311747966914
2013-09-25,0.11393326058589792
2013-09-26,0.11354842828052271
2013-09-27,0.11321857256067572
2013-09-30,0.11277876565776632
2013-10-01,0.11244891120362176
2013-10-02,0.11206408163983739
2013-10-03,0.11173422836050764
2013-10-04,0.11145935100395235
2013-10-07,0.11107452344272362
2013-10-08,0.11074467179055382
2013-10-09,0.11046979586482164
2013-10-10,0.11030487044519274
2013-10-11,0.11019492025570432
2013-10-14,0.10992004515851451
2013-10-15,0.10970014532210245
2013-10-16,0.1095901954941606
2013-10-17,0.10942527084269016
2013-10-18,0.10926034632650462
2013-10-21,0.10904044715275725
2013-10-22,0.10871059884307857
2013-10-23,0.1083807510764545
2013-10-24,0.10810587831397646
2013-10-25,0.10777603154141621
2013-10-28,0.10744618531084182
2013-10-29,0.10700639130074806
2013-10-30,0.1065665982544371
2013-10-31,0.10612680605109646
2013-11-01,0.10574198871759666
2013-11-04,0.1053021984424005
2013-11-05,0.10486240913129888
2013-11-06,0.10447759422219612
2013-11-07,0.10414775341357338
2013-11-08,0.10381791314733729
2013-11-11,0.10348807342286442
2013-11-12,0.10315823424108991
2013-11-13,0.10271844962947022
2013-11-14,0.1023886118029053
2013-11-15,0.10205877451859345
2013-11-18,0.10167396509191534
2013-11-19,0.10134412898219565
2013-11-20,0.10095932092568954
2013-11-21,0.10062948599100732
2013-11-22,0.10035462392191809
2013-11-25,0.10002478998103251
2013-11-26,0.09963998445508518
2013-11-27,0.09925517966670354
2013-11-28,0.09892534753337266
2013-11-29,0.09848557207820145
2013-12-02,0.09810076950416452
2013-12-03,0.09777093926847444
2013-12-04,0.09744110957494832
2013-12-05,0.09716625187322941
2013-12-06,0.09700133738843597
2013-12-09,0.09678145164859947
2013-12-10,0.09678145164891118
2013-12-11,0.09634168101274293
2013-12-12,0.0960118536690246
2013-12-13,0.09568202677631546
2013-12-16,0.09540717148465466
2013-12-17,0.09507734567707506
2013-12-18,0.09474752041090244
2013-12-19,0.09441769568720552
2013-12-20,0.09408787150589525
2013-12-23,0.09375804786665991
2013-12-24,0.0933732542537143
2013-12-25,0.0929884613782008
2013-12-26,0.09260366924109906
2013-12-27,0.09221887784165207
2013-12-30,0.09183408717985983
2013-12-31,0.09139432726771764
2014-01-01,0.09095456831904651
2014-01-02,0.09062474974026079
2014-01-03,0.09034990130084038
2014-01-06,0.0900750532378844
2014-01-07,0.08974523601417467
2014-01-08,0.08941541933294067
2014-01-09,0.08903063394285275
2014-01-10,0.08864584929028599
2014-01-13,0.08820609636526834
2014-01-14,0.0878213132944845
2014-01-15,0.08743653096139996
2014-01-16,0.08716168681395901
2014-01-17,0.0868868430431606
2014-01-20,0.08661199964945007
2014-01-21,0.08633715663149148
2014-01-22,0.0860623139901309
2014-01-23,0.0858424401180527
2014-01-24,0.08556759815436371
2014-01-27,0.08534772482453856
2014-01-28,0.08518281996283317
2014-01-29,0.0850179152366799
2014-01-30,0.0849079788126351
2014-01-31,0.08485301061561962
2014-02-03,0.08479804243352199
2014-02-04,0.0846881061303341
2014-02-05,0.08457816988695126
2014-02-06,0.08446823370390781
2014-02-07,0.08435829755123445
2014-02-10,0.08430332950468895
2014-02-11,0.08413842545634088
2014-02-12,0.08397352158816491
2014-02-13,0.08369868210974676
2014-02-14,0.08353377855791848
2014-02-17,0.08331390739661572
2014-02-18,0.08320397190620625
2014-02-19,0.08309403647631432
2014-02-20,0.08298410110693989
2014-02-21,0.08292913343668072
2014-02-24,0.08281919815757048
2014-02-25,0.08265429537367798
2014-02-26,0.08243442523663098
2014-02-27,0.08215958794156401
2014-02-28,0.08193971828598537
2014-03-03,0.08177481622518601
2014-03-04,0.0816099142999833
2014-03-05,0.08149997977389097
2014-03-06,0.08144501252569587
2014-03-07,0.08139004529255224
2014-03-10,0.0813350780746827
2014-03-11,0.08139004530769275
2014-03-12,0.08128011090161127
2014-03-13,0.08117017655626999
2014-03-14,0.08106024227033293
2014-03-17,0.080950308045047
2014-03-18,0.08084037388005594
2014-03-19,0.08073043977518163
2014-03-20,0.08062050573082485
2014-03-21,0.08056553872367564
2014-03-24,0.08056553872398736
2014-03-25,0.08056553872394283
2014-03-26,0.08051057173175602
2014-03-27,0.08045560475444254
2014-03-28,0.080400637792893
2014-03-31,0.0802357369516175
2014-04-01,0.08018077004965032
2014-04-02,0.08018077004973938
2014-04-03,0.08012580316309086
2014-04-04,0.08007083629149378
2014-04-07,0.08007083629153831
2014-04-08,0.08001586943472551
2014-04-09,0.0800158694351708
2014-04-10,0.0799609025933204
2014-04-11,0.07996090259340946
2014-04-14,0.08001586943490363
2014-04-15,0.08007083627621966
2014-04-16,0.08012580314808393
2014-04-17,0.08012580314799488
2014-04-18,0.08018077001990366
2014-04-21,0.08023573690632954
2014-04-22,0.08034567074009959
2014-04-23,0.08045560463407543
2014-04-24,0.08056553858847976
2014-04-25,0.0805655385882571
2014-04-28,0.08062050559540632
2014-04-29,0.0806754726028227
2014-04-30,0.08067547260291176
2014-05-01,0.08067547260286723
2014-05-02,0.08073043964011935
2014-05-05,0.080730439640342
2014-05-06,0.08078540669246743
2014-05-07,0.08078540669273462
2014-05-08,0.0808403737750075
2014-05-09,0.08089534087233183
2014-05-12,0.08089534087255448
2014-05-13,0.08100527509792947
2014-05-14,0.08106024224080893
2014-05-15,0.0810602422407644
2014-05-16,0.08111520938328762
2014-05-19,0.08117017654095134
2014-05-20,0.08122514371402276
2014-05-21,0.08128011090205658
2014-05-22,0.08133507810491919
2014-05-23,0.08139004532283327
2014-05-26,0.08144501255584331
2014-05-27,0.0814999798040384
2014-05-28,0.08155494706701777
2014-05-29,0.08160991434544937
2014-05-30,0.08160991434562749
2014-06-02,0.08160991434558296
2014-06-03,0.08171984893219279
2014-06-04,0.08171984893214826
2014-06-05,0.08171984893214826
2014-06-06,0.08177481625551156
2014-06-09,0.08182978359423802
2014-06-10,0.08188475094788235
2014-06-11,0.0820496531443229
2014-06-12,0.08210462055790585
2014-06-13,0.08226952288963137
2014-06-16,0.08237945783769872
2014-06-17,0.08248939284583827
2014-06-18,0.08259932791485161
2014-06-19,0.08270926304362544
2014-06-20,0.08276423062313061
2014-06-23,0.08281919821737552
2014-06-24,0.08281919821755364
2014-06-25,0.08281919821764269
2014-06-26,0.08281919821773176
2014-06-27,0.08276423063818206
2014-06-30,0.08270926305863237
2014-07-01,0.08270926305845425
2014-07-02,0.08276423063800394
2014-07-03,0.08281919824796827
2014-07-04,0.0828741658723606
2014-07-07,0.08298410115182707
2014-07-08,0.08303906882155189
2014-07-09,0.08309403650637269
2014-07-10,0.08314900420620042
2014-07-11,0.08320397192134676
2014-07-14,0.08331390741175623
2014-07-15,0.08336887517201241
2014-07-16,0.08342384294687474
2014-07-17,0.0834788107371893
2014-07-18,0.08353377854246626
2014-07-21,0.08364371418334571
2014-07-22,0.08369868203408873
2014-07-23,0.08375364989961602
2014-07-24,0.08380861778019476
2014-07-25,0.08386358567586948
2014-07-28,0.08386358567586948
2014-07-29,0.08386358567586948
2014-07-30,0.08386358567604761
2014-07-31,0.08380861778019476
2014-08-01,0.08380861778041741
2014-08-04,0.08380861778064005
2014-08-05,0.08380861778032836
2014-08-06,0.08380861778037288
2014-08-07,0.08380861778023929
2014-08-08,0.08380861778028381
2014-08-11,0.08380861778019476
2014-08-12,0.0839185536017807
2014-08-13,0.08391855360169163
2014-08-14,0.0839185536017807
2014-08-15,0.08391855360209241
2014-08-18,0.08391855360204789
2014-08-19,0.08391855360186977
2014-08-20,0.08391855360142444
2014-08-21,0.08391855360173617
2014-08-22,0.08380861775004732
2014-08-25,0.08358874622742064
2014-08-26,0.08342384272105843
2014-08-27,0.08314900384469837
2014-08-28,0.08287416534498086
2014-08-29,0.08265429484638731
2014-09-02,0.08243442458839433
2014-09-03,0.08221455457198161
2014-09-04,0.08204965224021157
2014-09-05,0.08193971741233319
2014-09-08,0.08177481526118056
2014-09-09,0.08160991324544649
2014-09-10,0.08144501136566532
2014-09-11,0.08128010962112457
2014-09-12,0.0811701751852519
2014-09-15,0.08111520799695089
2014-09-16,0.08095030652382612
2014-09-17,0.08078540518580818
2014-09-18,0.08056553691576468
2014-09-19,0.08040063584894006
2014-09-22,0.08023573491757849
2014-09-23,0.08001586719041148
2014-09-24,0.0797959997033107
2014-09-25,0.0795761324578347
2014-09-26,0.07935626545269209
2014-09-29,0.07913639868895161
2014-09-30,0.07875163227362379
2014-10-01,0.07853176617268158
2014-10-02,0.07836686677728064
2014-10-03,0.07825693393752987
2014-10-06,0.07809203476807883
2014-10-07,0.07798210207915429
2014-10-08,0.07781720313578676
2014-10-09,0.07770727059697596
2014-10-10,0.07765230435794065
2014-10-14,0.07759733813391227
2014-10-15,0.07770727055168801
2014-10-16,0.07787216926955096
2014-10-17,0.07814700069121176
2014-10-20,0.07820196705092587
2014-10-21,0.07825693342582501
2014-10-22,0.07825693342546877
2014-10-23,0.07831189983051537
2014-10-24,0.07836686623542836
2014-10-27,0.07853176553998623
2014-10-28,0.07853176554016435
2014-10-29,0.07858673202020101
2014-10-30,0.07875163150608878
2014-10-31,0.0791363972886322
2014-11-03,0.079301297180642
2014-11-04,0.0793562638565702
2014-11-05,0.07935626385674832
2014-11-06,0.07935626385630301
2014-11-07,0.07930129716567962
2014-11-10,0.07924633048979594
2014-11-12,0.07924633048975141
2014-11-13,0.0793012971504055
2014-11-14,0.07946619722392334
2014-11-17,0.07963109738672569
2014-11-18,0.07968606415314074
2014-11-19,0.07963109738668117
2014-11-20,0.07963109738681476
2014-11-21,0.07963109738694835
2014-11-24,0.07963109738672569
2014-11-25,0.07963109738694835
2014-11-26,0.07963109738694835
2014-11-28,0.07979599764023754
2014-12-01,0.08007083162256004
2014-12-02,0.080345665980679
2014-12-03,0.08056553376889791
2014-12-04,0.08078540179727207
2014-12-05,0.08111520420224824
2014-12-08,0.08133507283374926
2014-12-09,0.08144500723969714
2014-12-10,0.08149997447279624
2014-12-11,0.08171984352564884
2014-12-12,0.08193971281945826
2014-12-15,0.08215958235404638
2014-12-16,0.0825443546724825
2014-12-17,0.08270925732064474
2014-12-18,0.08287416005902666
2014-12-19,0.08309403061791508
2014-12-22,0.08320396601806036
2014-12-23,0.08314899830295854
2014-12-24,0.08314899830313666
2014-12-29,0.08314899830318119
2014-12-30,0.083148998302914
2014-12-31,0.08309403060326441
2015-01-02,0.08314899828799614
2015-01-05,0.08303906291839908
2015-01-06,0.08292912757854866
2015-01-07,0.08281919229957202
2015-01-08,0.08265428951545686
2015-01-09,0.08254435441700858
2015-01-12,0.08243441937818721
2015-01-13,0.08232448440032869
2015-01-14,0.08221454948214159
2015-01-15,0.08226951692596103
2015-01-16,0.08232448438518818
2015-01-20,0.08226951692596103
2015-01-21,0.08215958200799658
2015-01-22,0.08199467972151449
2015-01-23,0.08188474495384192
2015-01-26,0.08177481024673139
2015-01-27,0.08160990827615168
2015-01-28,0.08144500639628144
2015-01-29,0.08128010465191882
2015-01-30,0.08128010465214147
2015-02-02,0.08133507185482595
2015-02-03,0.08133507185469237
2015-02-04,0.08133507185469237
2015-02-05,0.0813900390577331
2015-02-06,0.08155494071174249
2015-02-09,0.08160990797530075
2015-02-10,0.08160990797516715
2015-02-11,0.0815549406969137
2015-02-12,0.08166487522322867
2015-02-13,0.08171984251648905
2015-02-17,0.0816648752083108
2015-02-18,0.0815549406217455
2015-02-19,0.0813900388319168
2015-02-20,0.08117016995981521
2015-02-23,0.08100526844149154
2015-02-24,0.08073043287800954
2015-02-25,0.08040063074431575
2015-02-26,0.08018076295672029
2015-02-27,0.08012579607002723
2015-03-02,0.08012579606962646
2015-03-03,0.08001586232656589
2015-03-04,0.07996089548467096
2015-03-05,0.08001586231151445
2015-03-06,0.0800708291532758
2015-03-09,0.07996089546997574
2015-03-10,0.07985096184710415
2015-03-11,0.07968606150283829
2015-03-12,0.0795761280307484
2015-03-13,0.079576128030882
2015-03-16,0.07974102814884171
2015-03-17,0.08001586190516978
2015-03-18,0.08012579555787708
2015-03-19,0.08012579555783256
2015-03-20,0.08001586184474131
2015-03-23,0.07990592819198947
2015-03-24,0.07985096138042007
2015-03-25,0.07996089494295226
2015-03-26,0.08007082856569027
2015-03-27,0.08018076227913776
2015-03-30,0.0803456629394396
2015-03-31,0.0808953321081117
2015-04-01,0.0812801016854468
2015-04-02,0.08149997043744849
2015-04-06,0.08166487218190019
2015-04-07,0.08182977406185947
2015-04-08,0.08199467607714823
2015-04-09,0.08221454561195901
2015-04-10,0.08254435027581082
2015-04-13,0.08281918794720862
2015-04-14,0.0830940259952935
2015-04-15,0.08353376735416078
2015-04-16,0.08397350979726698
2015-04-17,0.08435828527842287
2015-04-20,0.08446822134043128
2015-04-21,0.08441325327905698
2015-04-22,0.08430331718618865
2015-04-23,0.08413841313828588
2015-04-24,0.08413841313833041
2015-04-27,0.08419338112467009
2015-04-28,0.08413841313824134
2015-04-29,0.08408344516739844
2015-04-30,0.08457815677081305
2015-05-01,0.08485299722855526
2015-05-04,0.08490796539551237
2015-05-05,0.08496293357707563
2015-05-06,0.08490796538032733
2015-05-07,0.08479802901635473
2015-05-08,0.08468809271289966
2015-05-11,0.08463312459180941
2015-05-12,0.08463312459127505
2015-05-13,0.08468809269807087
2015-05-14,0.08474306081974003
2015-05-15,0.08485299709309219
2015-05-18,0.0847430607598014
2015-05-19,0.08468809257774831
2015-05-20,0.08468809257779285
2015-05-21,0.08474306075957876
2015-05-22,0.08496293360731212
2015-05-26,0.08518280669644762
2015-05-27,0.08523777501378567
2015-05-28,0.08534771167852011
2015-05-29,0.08578745857912723
2015-06-01,0.08617223785525294
2015-06-02,0.08650204929573162
2015-06-03,0.08694179872645222
2015-06-04,0.08727161152236315
2015-06-05,0.08754645597056594
2015-06-08,0.0878213007955449
2015-06-09,0.08804117695673522
2015-06-10,0.0882060842130465
2015-06-11,0.08853589908734923
2015-06-12,0.08892068373955975
2015-06-15,0.08941540794874367
2015-06-16,0.08985516388494234
2015-06-17,0.09023995117280463
2015-06-18,0.09056976957141824
2015-06-19,0.09084461868846572
2015-06-22,0.09095455848541627
2015-06-23,0.09106449834315151
2015-06-24,0.09133934813800419
2015-06-25,0.09188904893222646
2015-06-26,0.09232881041087748
2015-06-29,0.09265863215238299
2015-06-30,0.09331827653972798
2015-07-01,0.093758041030228
2015-07-02,0.09408786503092086
2015-07-06,0.0944176896640864
2015-07-07,0.09469254390156664
2015-07-08,0.09491242753246315
2015-07-09,0.09524225334066617
2015-07-10,0.0955171084061544
2015-07-13,0.09568202162698212
2015-07-14,0.09579196380353164
2015-07-15,0.09628670441323203
2015-07-16,0.0967264749281871
2015-07-17,0.09705630362796112
2015-07-20,0.09722121824857387
2015-07-21,0.09727618981898493
2015-07-22,0.09716624667838546
2015-07-23,0.09727618981885135
2015-07-24,0.09771596262309666
2015-07-27,0.09810076445952338
2015-07-28,0.09821070793143293
2015-07-29,0.09854053879995199
2015-07-30,0.09920020198246385
2015-07-31,0.10018970028054257
2015-08-03,0.10084936906535635
2015-08-04,0.10156401279419942
2015-08-05,0.10227865906847461
2015-08-06,0.10293833472164897
2015-08-07,0.10359801236237204
2015-08-10,0.10409277208421044
2015-08-11,0.10453255946716762
2015-08-12,0.10519224234940305
2015-08-13,0.1059069013506607
2015-08-14,0.10656658875104814
2015-08-17,0.10722627832053688
2015-08-18,0.10783099574699143
2015-08-19,0.10832576604185153
2015-08-20,0.10871058833084157
2015-08-21,0.1088755123499284
2015-08-24,0.10904043641394691
2015-08-25,0.10915038588025312
2015-08-26,0.1093153102156431
2015-08-27,0.10937028503894906
2015-08-28,0.10942525984769343
2015-08-31,0.10997500838498832
2015-09-01,0.11052475857932342
2015-09-02,0.11096456005974677
2015-09-03,0.11107451061073723
2015-09-04,0.11107451061100442
2015-09-08,0.11101953530542855
2015-09-09,0.11085460947927685
2015-09-10,0.11101953525991795
2015-09-11,0.1111294858411449
2015-09-14,0.11123943648235499
2015-09-15,0.11151431338714404
2015-09-16,0.111789190818823
2015-09-17,0.11206406862669921
2015-09-18,0.11217401990060466
2015-09-21,0.11228397123449327
2015-09-22,0.11239392262898848
2015-09-23,0.11233894693180768
2015-09-24,0.1125588497806031
2015-09-25,0.11277875293091742
2015-09-28,0.11294368047453779
2015-09-29,0.11310860815366575
2015-09-30,0.11393324700031471
2015-10-01,0.11415315159632547
2015-10-02,0.11426310401498738
2015-10-05,0.11437305649354339
2015-10-06,0.11431808025384235
2015-10-07,0.1143180802539314
2015-10-08,0.11437305649300902
2015-10-09,0.11464793791688525
2015-10-13,0.11492281979114725
2015-10-14,0.11530765483802426
2015-10-15,0.11580244370388255
2015-10-16,0.11640718730775142
2015-10-19,0.11690197915566755
2015-10-20,0.11723184120131039
2015-10-21,0.11728681825383437
2015-10-22,0.11717686414860824
2015-10-23,0.117231841171252
2015-10-26,0.11734179527710155
2015-10-27,0.11717686411837176
2015-10-28,0.11684700225379169
2015-10-29,0.11668207150216359
2015-10-30,0.11673704838938881
2015-11-02,0.1166820714721943
2015-11-03,0.11657211775790514
2015-11-04,0.11651714091623507
2015-11-05,0.11684700205772203
2015-11-06,0.1170119329448577
2015-11-09,0.11717686401278894
2015-11-10,0.11728681817866618
2015-11-12,0.1175617037436511
2015-11-13,0.11789156696379703
2015-11-16,0.11827640802021121
2015-11-17,0.11849631755679435
2015-11-18,0.11844134015777522
2015-11-19,0.11833138541958656
2015-11-20,0.11822143068139791
2015-11-23,0.11805649870957799
2015-11-24,0.11789156696370798
2015-11-25,0.11783658976066945
2015-11-27,0.11805649863400902
2015-11-30,0.11855129414258972
2015-12-01,0.11882618128949118
2015-12-02,0.1189911137579645
2015-12-03,0.1192110237761941
2015-12-04,0.11926600129647091
2015-12-07,0.119211023791201
2015-12-08,0.11948591146539314
2015-12-09,0.11998071022691331
2015-12-10,0.12053048828549409
2015-12-11,0.12091533398149612
2015-12-14,0.1213001804144404
2015-12-15,0.12179498337883364
2015-12-16,0.12250970053360323
2015-12-17,0.12371922651223403
2015-12-18,0.12492875944922241
2015-12-21,0.12547854925670848
2015-12-22,0.12608332036438977
2015-12-23,0.1269080114015928
2015-12-24,0.12811756355901838
2015-12-28,0.12954704290646563
2015-12-29,0.13108649316907278
2015-12-30,0.13229607017996378
2015-12-31,0.13394550241529352
2016-01-04,0.1351550963271841
2016-01-05,0.13630971565699268
2016-01-06,0.1374093582352618
2016-01-07,0.13845402469499848
2016-01-08,0.13955367962623486
2016-01-11,0.14098324082726402
2016-01-12,0.1425227805068523
2016-01-13,0.14411731641478182
2016-01-14,0.1457668498772725
2016-01-15,0.1473614106868054
2016-01-19,0.14890099887290445
2016-01-20,0.15060555647852467
2016-01-21,0.15242010095424485
2016-01-22,0.15406969723539607
2016-01-25,0.15549936066317183
2016-01-26,0.15709399836202378
2016-01-27,0.15868864873076957
2016-01-28,0.16050326628596567
2016-01-29,0.162537856436249
2016-02-01,0.16435250928954956
2016-02-02,0.16611218808966197
2016-02-03,0.1678168914053178
2016-02-04,0.1694666178507147
2016-02-05,0.17111635785577783
2016-02-08,0.1726011356570216
2016-02-09,0.1743058950180954
2016-02-10,0.17623064073092745
2016-02-11,0.1781554049003578
2016-02-12,0.18002519322463106
2016-02-16,0.18184000368493786
2016-02-17,0.18359983579963168
2016-02-18,0.18546967483906046
2016-02-19,0.1872295392580003
2016-02-22,0.18849445081905364
2016-02-23,0.18959438084706134
2016-02-24,0.190914304474057
2016-02-25,0.1922342364183604
2016-02-26,0.19344418265272798
2016-02-29,0.19509411973300012
2016-03-01,0.1964690786006322
2016-03-02,0.19789904600945035
2016-03-03,0.19943902188034457
2016-03-04,0.20075901060099657
2016-03-07,0.20196900788583752
2016-03-08,0.2031240119391794
2016-03-09,0.20422402243015733
2016-03-10,0.2055440426135099
2016-03-11,0.20702907589796885
2016-03-14,0.2085691222292527
2016-03-15,0.21049419649306422
2016-03-16,0.2122542812690486
2016-03-17,0.21384937077014513
2016-03-18,0.2151694546051537
2016-03-21,0.21621452756003745
2016-03-22,0.21714959795813552
2016-03-23,0.2178096494599191
2016-03-24,0.21918476315943478
2016-03-28,0.22066989653444735
2016-03-29,0.22221004666321711
2016-03-30,0.22358519125583826
2016-03-31,0.22534538839064575
2016-04-01,0.2268855735421853
2016-04-04,0.2281507346431341
2016-04-05,0.2293608966968897
2016-04-06,0.23046105034810715
2016-04-07,0.23145119324582078
2016-04-08,0.23249634952278272
2016-04-11,0.23376154632590965
2016-04-12,0.23513677003809216
2016-04-13,0.23662202222762035
2016-04-14,0.2381622959941391
2016-04-15,0.23981260107212962
2016-04-18,0.24102283275296768
2016-04-19,0.24184799546487432
2016-04-20,0.24267316179358256
2016-04-21,0.24338830868855219
2016-04-22,0.24426849165229808
2016-04-25,0.24465357285966327
2016-04-26,0.24525870262590405
2016-04-27,0.24580882225367903
2016-04-28,0.2463039312746565
2016-04-29,0.24696407826405486
2016-05-02,0.24751420241323263
2016-05-03,0.24822936615830302
2016-05-04,0.2489445324500523
2016-05-05,0.24965970089718742
2016-05-06,0.25048489819888964
2016-05-09,0.2513100988910428
2016-05-10,0.25213530297476017
2016-05-11,0.25301552452241377
2016-05-12,0.25400577864719714
2016-05-13,0.2551060670366986
2016-05-16,0.2564264207005593
2016-05-17,0.2575817371206954
2016-05-18,0.2586270297052111
2016-05-19,0.25945226498889656
2016-05-20,0.260277504115957
2016-05-23,0.26088268163114847
2016-05-24,0.2614328436119731
2016-05-25,0.26181795815839387
2016-05-26,0.26225809027495717
2016-05-27,0.26291829062059563
2016-05-31,0.2641836794699653
2016-06-01,0.26544907663891376
2016-06-02,0.2667694997589473
2016-06-03,0.2678698583876533
2016-06-06,0.26902524127923255
2016-06-07,0.27023564936709754
2016-06-08,0.27150108328510164
2016-06-09,0.27282154511337325
2016-06-10,0.27430707443789776
2016-06-13,0.2759576761427377
2016-06-14,0.27749825039626896
2016-06-15,0.2792589201920509
2016-06-16,0.28112964876303925
2016-06-17,0.2827252837437686
2016-06-20,0.2842659094905442
2016-06-21,0.28591659304892153
2016-06-22,0.2876773366489647
2016-06-23,0.2891079482712012
2016-06-24,0.29147398378441897
2016-06-27,0.29411517226827916
2016-06-28,0.29659131903421465
2016-06-29,0.2987923661205101
2016-06-30,0.3017087846713115
2016-07-01,0.3037448045439829
2016-07-05,0.3052855911138771
2016-07-06,0.30666130433873784
2016-07-07,0.30803702585565734
2016-07-08,0.30952281445618485
2016-07-11,0.31084352484204425
2016-07-12,0.3122192750040592
2016-07-13,0.3137050965767965
2016-07-14,0.31535602255274886
2016-07-15,0.31722708839529645
2016-07-18,0.3187129474195201
2016-07-19,0.3200337207663609
2016-07-20,0.3214095365131192
2016-07-21,0.3230054941475978
2016-07-22,0.3246564974696675
2016-07-25,0.32603234374843015
2016-07-26,0.32751826912840554
2016-07-27,0.32894917003554447
2016-07-28,0.33038008113541106
2016-07-29,0.33192107118602043
2016-08-01,0.33362718227058624
2016-08-02,0.3353333083128221
2016-08-03,0.3371495234233602
2016-08-04,0.3388556789142075
2016-08-05,0.340561848895061
2016-08-08,0.34199284193142604
2016-08-09,0.34342384594501996
2016-08-10,0.3449649390118647
2016-08-11,0.34667116228265177
2016-08-12,0.34859756081049564
2016-08-15,0.35057901829694743
2016-08-16,0.35239537124507725
2016-08-17,0.3540466152222325
2016-08-18,0.35558778766812027
2016-08-19,0.35685375872542685
2016-08-22,0.3580646968524059
2016-08-23,0.3591105136431525
2016-08-24,0.3602664214783947
2016-08-25,0.36136729241756343
2016-08-26,0.3627433886310772
2016-08-29,0.3638993164179989
2016-08-30,0.36500020575520764
2016-08-31,0.36654145969415497
2016-09-01,0.36808272672399145
2016-09-02,0.3695139142299721
2016-09-06,0.3705597877538724
2016-09-07,0.37111024976513396
2016-09-08,0.3713854809216133
2016-09-09,0.3718258512547934
2016-09-12,0.37237631598074916
2016-09-13,0.37309192267349073
2016-09-14,0.3737524848689082
2016-09-15,0.37419286038998545
2016-09-16,0.3741378133896227
2016-09-19,0.3738625786136254
2016-09-20,0.3738075316580608
2016-09-21,0.37320201697618033
2016-09-22,0.373146970216819
2016-09-23,0.3735873442905521
2016-09-26,0.37386257846257653
2016-09-27,0.37485342338473304
2016-09-28,0.37639474530930844
2016-09-29,0.37821131672873187
2016-09-30,0.3811288677006511
2016-10-03,0.3816243080783679
2016-10-04,0.3826702403435882
2016-10-05,0.38333083221922254
2016-10-06,0.38371617885293463
2016-10-07,0.3837712284474463
2016-10-11,0.383495980550546
2016-10-12,0.3828904371681736
2016-10-13,0.38289043716799553
2016-10-14,0.38283538779974546
2016-10-17,0.38289043715285503
2016-10-18,0.3825601411243284
2016-10-19,0.38178945229213956
2016-10-20,0.3813490598798596
2016-10-21,0.38074352164014097
2016-10-24,0.3804682778151928
2016-10-25,0.3801379856782681
2016-10-26,0.3800278884801333
2016-10-27,0.3801379856781791
2016-10-28,0.38002788842001656
2016-10-31,0.38019303412628663
2016-11-01,0.37991779105569234
2016-11-02,0.3795874998233688
2016-11-03,0.37953245139000097
2016-11-04,0.37942235452344336
2016-11-07,0.3791471125083656
2016-11-08,0.3788718707951183
2016-11-09,0.3788718707951183
2016-11-10,0.37920216094151077
2016-11-14,0.3791471125387802
2016-11-15,0.37898196742049645
2016-11-16,0.3788718706444257
2016-11-17,0.3782112916181003
2016-11-18,0.3777709064453017
2016-11-21,0.3772754742116674
2016-11-22,0.37661489989079106
2016-11-23,0.37611947050744754
2016-11-25,0.3757341373872676
2016-11-28,0.3752937575229558
2016-11-29,0.37496347316714207
2016-11-30,0.3745230951131905
2016-12-01,0.3739726239023744
2016-12-02,0.37342215419995434
2016-12-05,0.37265149957196786
2016-12-06,0.3720459870461411
2016-12-07,0.37144047634550337
2016-12-08,0.3710001058920007
2016-12-09,0.3710001058919117
2016-12-12,0.37116524476620294
2016-12-13,0.3711101984600328
2016-12-14,0.37050469057927127
2016-12-15,0.3711652424591894
2016-12-16,0.37188084268181043
2016-12-19,0.3727065388659425
2016-12-20,0.37303681806360584
2016-12-21,0.3733670979843623
2016-12-22,0.37386251908816026
2016-12-23,0.3746882234160631
2016-12-27,0.3756790729529147
2016-12-28,0.37672497455708015
2016-12-29,0.37760573838789235
2016-12-30,0.3782663139753617
2017-01-03,0.37909203640085454
2017-01-04,0.3801379554844762
2017-01-05,0.3811288316249476
2017-01-06,0.3818995160235486
2017-01-09,0.3827252529272025
2017-01-10,0.38377119235620155
2017-01-11,0.38492723700705084
2017-01-12,0.3861933887796622
2017-01-13,0.3872393448295168
2017-01-17,0.38872571279192075
2017-01-18,0.39048734807739516
2017-01-19,0.39175353488555664
2017-01-20,0.39301973002019935
2017-01-23,0.39406572303642035
2017-01-24,0.39533193204707684
2017-01-25,0.3965430957921174
2017-01-26,0.39775426683653314
2017-01-27,0.39891039098697073
2017-01-30,0.39990135970309065
2017-01-31,0.40127771192906964
2017-02-01,0.4024338557178671
2017-02-02,0.4034798965923622
2017-02-03,0.40452594291227684
2017-02-06,0.40551693932088684
2017-02-07,0.40623266189083973
2017-02-08,0.4070034429992958
2017-02-09,0.4081596200467259
2017-02-10,0.40948097429420927
2017-02-13,0.41085739477295746
2017-02-14,0.41228888266045693
2017-02-15,0.4135552058071212
2017-02-16,0.41487659625552903
2017-02-17,0.4162530544453342
2017-02-21,0.4175744633574207
2017-02-22,0.41840034732204484
2017-02-23,0.4192812940783651
2017-02-24,0.42021730411043273
2017-02-27,0.4211533185016769
2017-02-28,0.4221443969078818
2017-03-01,0.4229152392583365
2017-03-02,0.4235759634450968
2017-03-03,0.4243468110752714
2017-03-06,0.4249524788955244
2017-03-07,0.4255030876644116
2017-03-08,0.4261638203592501
2017-03-09,0.42660430978753516
2017-03-10,0.42698973877691543
2017-03-13,0.4274852915564722
2017-03-14,0.42820109217270214
2017-03-15,0.42891689514256953
2017-03-16,0.43084406279138
2017-03-17,0.43227568402695254
2017-03-20,0.43337693716568626
2017-03-21,0.4343130066934724
2017-03-22,0.4354142709949062
2017-03-23,0.4369009883926694
2017-03-24,0.4376718816407228
2017-03-27,0.43926874506491204
2017-03-28,0.4412510778323153
2017-03-29,0.4434536939339947
2017-03-30,0.4456012664021165
2017-03-31,0.44791405893010294
2017-04-03,0.44995154357456174
2017-04-04,0.4520441177307403
2017-04-05,0.4542468509043958
2017-04-06,0.4565597454488984
2017-04-07,0.45881759581843634
2017-04-10,0.4611856144252672
2017-04-11,0.4636638046631816
2017-04-12,0.4663072416220701
2017-04-13,0.4691159280172056
2017-04-17,0.4719246521178319
2017-04-18,0.4747334170026389
2017-04-19,0.47726684887275783
2017-04-20,0.4795249355520093
2017-04-21,0.4817830475965201
2017-04-24,0.48387595142469964
2017-04-25,0.48602395462093995
2017-04-26,0.4882270589650976
2017-04-27,0.49059542208884704
2017-04-28,0.4932942855410292
2017-05-01,0.4956076281261157
2017-05-02,0.49792099986559785
2017-05-03,0.5002894804351604
2017-05-04,0.5027130704994721
2017-05-05,0.5050265233657469
2017-05-08,0.5071196703253766
2017-05-09,0.5091026717568814
2017-05-10,0.5110856932898677
2017-05-11,0.5131789039038699
2017-05-12,0.5151619656405317
2017-05-15,0.5173653893015584
2017-05-16,0.5197891858749553
2017-05-17,0.522488449373717
2017-05-18,0.5248572193651592
2017-05-19,0.5272260179116554
2017-05-22,0.5292643076484927
2017-05-23,0.531357708090875
2017-05-24,0.5335613098418859
2017-05-25,0.5355445693482165
2017-05-26,0.5378583968272783
2017-05-30,0.5401171604048444
2017-05-31,0.542871781829297
2017-06-01,0.5457366312792846
2017-06-02,0.5483260491966401
2017-06-05,0.5506951190308661
2017-06-06,0.5531193133982902
2017-06-07,0.5555986329796567
2017-06-08,0.5582432731370238
2017-06-09,0.560832849259703
2017-06-12,0.5636979530205847
2017-06-13,0.566728396062236
2017-06-14,0.5699792848371869
2017-06-15,0.5745526429687635
2017-06-16,0.5790710019057942
2017-06-19,0.5828731127267055
2017-06-20,0.586289566742574
2017-06-21,0.5889346003578587
2017-06-22,0.5910286071029255
2017-06-23,0.5930124203583704
2017-06-26,0.5938941192451506
2017-06-27,0.5970903302480692
2017-06-28,0.5997906129845464
2017-06-29,0.6029318046793251
2017-06-30,0.6071201325621871
2017-07-03,0.6109778875317011
2017-07-05,0.6147806088097648
2017-07-06,0.6184180621435946
2017-07-07,0.6217800088582185
2017-07-10,0.6252522432638924
2017-07-11,0.6286143041918743
2017-07-12,0.6322520096602827
2017-07-13,0.6362204928194061
2017-07-14,0.6400788143284288
2017-07-17,0.644212812907896
2017-07-18,0.647905921452255
2017-07-19,0.6515990987986722
2017-07-20,0.6551269708862569
2017-07-21,0.6584895310849783
2017-07-24,0.6622931505197963
2017-07-25,0.6656558277165279
2017-07-26,0.6694595836643207
2017-07-27,0.6733185405147767
2017-07-28,0.6767916625775253
2017-07-31,0.6806507558127518
2017-08-01,0.6843996642175282
2017-08-02,0.688093511443073
2017-08-03,0.6916771583886981
2017-08-04,0.695095464307808
2017-08-07,0.6987343718901889
2017-08-08,0.7024284822435727
2017-08-09,0.7062880745406886
2017-08-10,0.710423434706802
2017-08-11,0.7147242988294855
2017-08-14,0.719245817946832
2017-08-15,0.7239880068049896
2017-08-16,0.7285648770521183
2017-08-17,0.7330867058672981
2017-08-18,0.7374983464914571
2017-08-21,0.7417997903750142
2017-08-22,0.7459358813617147
2017-08-23,0.7501272074969174
2017-08-24,0.7546495219618069
2017-08-25,0.7590064837768083
2017-08-28,0.7633635398920522
2017-08-29,0.7676103827054654
2017-08-30,0.7718573151085062
2017-08-31,0.7764904249353204
2017-09-01,0.780847854692577
2017-09-05,0.7850950640226992
2017-09-06,0.7893423652782295
2017-09-07,0.7923210353832623
2017-09-08,0.7952445873813989
2017-09-11,0.7982233448059173
2017-09-12,0.8013676369938103
2017-09-13,0.8046223078318848
2017-09-14,0.8080976904952986
2017-09-15,0.8114076322481333
2017-09-18,0.8142762940164
2017-09-19,0.8168691584403392
2017-09-20,0.8196275626339533
2017-09-21,0.8225515135353825
2017-09-22,0.8254203356355027
2017-09-25,0.8279581724794604
2017-09-26,0.8306063848803034
2017-09-27,0.8332546321068224
2017-09-28,0.8359580874422657
2017-09-29,0.8392684871672825
2017-10-02,0.8421375466383771
2017-10-03,0.8448962962132998
2017-10-04,0.8474895542063949
2017-10-05,0.8499173136926145
2017-10-06,0.852179569534782
2017-10-10,0.8549936344126664
2017-10-11,0.8578629179092631
2017-10-12,0.8607874223998515
2017-10-13,0.8634912466071555
2017-10-16,0.8664158304190304
2017-10-17,0.8692852750687198
2017-10-18,0.8720995774121625
2017-10-19,0.8749691030347457
2017-10-20,0.8776179285727458
2017-10-23,0.8804875304533779
2017-10-24,0.8834123602550539
2017-10-25,0.8862268599881383
2017-10-26,0.8892069609838281
2017-10-27,0.8921871077012425
2017-10-30,0.8951672985078339
2017-10-31,0.8982027196126636
2017-11-01,0.9011829969666189
2017-11-02,0.9043288926874624
2017-11-03,0.9075300304265491
2017-11-06,0.9105656378162552
2017-11-07,0.9135460997042645
2017-11-08,0.9166921902134315
2017-11-09,0.9200039170564229
2017-11-10,0.9232605019840157
2017-11-13,0.926572336797664
2017-11-14,0.9298290270061565
2017-11-15,0.9334169640434526
2017-11-16,0.9369497630253347
2017-11-17,0.9404826268543945
2017-11-20,0.9438499467333056
2017-11-21,0.9469413076013549
2017-11-22,0.9498671047392873
2017-11-24,0.9530689678433886
2017-11-27,0.9562708818256285
2017-11-28,0.9593072278153851
2017-11-29,0.9621227910671122
2017-11-30,0.965324848916342
2017-12-01,0.9681957034470432
2017-12-04,0.9709561790657654
2017-12-05,0.9726124762344874
2017-12-06,0.9743792087037615
2017-12-07,0.976145956661603
2017-12-08,0.9778022973925673
2017-12-11,0.9794034399258102
2017-12-12,0.9809493825070805
2017-12-13,0.9824953365235802
2017-12-14,0.9855320560393912
2017-12-15,0.9887896769693899
2017-12-18,0.9919921357490934
2017-12-19,0.9951394280080144
2017-12-20,0.9978450320991868
2017-12-21,1.0009924157568932
2017-12-22,1.0043055038314412
2017-12-26,1.0075634264310602
2017-12-27,1.0106557393910949
2017-12-28,1.0136928782408081
2017-12-29,1.0173927233423192
2018-01-02,1.0207613017867427
2018-01-03,1.0240747120988096
2018-01-04,1.027112049818907
2018-01-05,1.0296524055252965
2018-01-08,1.0322480204887847
2018-01-09,1.0350093530974263
2018-01-10,1.037881181496224
2018-01-11,1.0410291920880144
2018-01-12,1.044122019331677
2018-01-16,1.0474910435522422
2018-01-17,1.0506944315906108
2018-01-18,1.053566477936039
2018-01-19,1.0558310039330256
2018-01-22,1.0584269581164347
2018-01-23,1.0612438839289666
2018-01-24,1.064392257630004
2018-01-25,1.0674854441605128
2018-01-26,1.070523440993363
2018-01-29,1.073561485268123
2018-01-30,1.0765995761527327
2018-01-31,1.0800243856925877
2018-02-01,1.0830625739616513
2018-02-02,1.0861008088427022
2018-02-05,1.0889181205507767
2018-02-06,1.0916802309586602
2018-02-07,1.0943871354964114
2018-02-08,1.097370295646803
2018-02-09,1.100408745286916
2018-02-12,1.1034472415427123
2018-02-13,1.10648578358418
2018-02-14,1.1093033808887942
2018-02-15,1.112342006176103
2018-02-16,1.115214929193673
2018-02-20,1.1180878955010454
2018-02-21,1.120408396260153
2018-02-22,1.1229499284236226
2018-02-23,1.1257124997129826
2018-02-26,1.1284198566620722
2018-02-27,1.1312377565764435
2018-02-28,1.1342214561800088
2018-03-01,1.137205197472935
2018-03-02,1.140244237361444
2018-03-05,1.1431728108351993
2018-03-06,1.1459909122499956
2018-03-07,1.1485880202539467
2018-03-08,1.1501352432829137
2018-03-09,1.1516272197918727
2018-03-12,1.1533402448741803
2018-03-13,1.155384844483949
2018-03-14,1.1576505067181755
2018-03-15,1.1604688011530615
2018-03-16,1.1628450407833897
2018-03-19,1.1652213090579229
2018-03-20,1.1677081320963838
2018-03-21,1.1700844583117047
2018-03-22,1.1734002986693208
2018-03-23,1.1761635345472679
2018-03-26,1.1795347377326726
2018-03-27,1.1832376016267692
2018-03-28,1.1870510708580733
2018-03-29,1.1914173017182754
2018-04-02,1.1957836270771494
2018-04-03,1.2003158603506359
2018-04-04,1.204350744028481
2018-04-05,1.2083857072967576
2018-04-06,1.2124207512619254
2018-04-09,1.2163453224143146
2018-04-10,1.2203805255672475
2018-04-11,1.2245263662795633
2018-04-12,1.2284511750551057
2018-04-13,1.2323760612493952
2018-04-16,1.236356300589293
2018-04-17,1.2403366195317342
2018-04-18,1.244261733689707
2018-04-19,1.2480763554508247
2018-04-20,1.2518910503664529
2018-04-23,1.255318807347885
2018-04-24,1.2590783517538684
2018-04-25,1.2629485452152052
2018-04-26,1.2668741024355608
2018-04-27,1.2707997360141599
2018-04-30,1.2750019043985703
2018-05-01,1.2791488674371556
2018-05-02,1.2832406217085155
2018-05-03,1.2871665714893572
2018-05-04,1.2908714110342125
2018-05-07,1.2943551272101554
2018-05-08,1.2977283046684436
2018-05-09,1.3012121382383657
2018-05-10,1.3047513318385098
2018-05-11,1.3084564931472977
2018-05-14,1.312382932339777
2018-05-15,1.3166412684567457
2018-05-16,1.3206784774722644
2018-05-17,1.3243286238560465
2018-05-18,1.3280894518276485
2018-05-21,1.3316291205663788
2018-05-22,1.335058236659651
2018-05-23,1.338598029526416
2018-05-24,1.341916633524534
2018-05-25,1.3454565408259755
2018-05-29,1.349162450320496
2018-05-31,1.353476874272952
2018-06-01,1.3577360749457774
2018-06-04,1.3619400500059082
2018-06-05,1.365867529533519
2018-06-06,1.3696291313582996
2018-06-07,1.3732801658517242
2018-06-08,1.3765993444959834
2018-06-11,1.379863256253171
2018-06-12,1.383348512226601
2018-06-13,1.3872210888850849
2018-06-14,1.39214488791903
2018-06-15,1.3971241319425887
2018-06-18,1.4019928448090861
2018-06-19,1.4068063487570872
2018-06-20,1.411564638484873
2018-06-21,1.4163230403229552
2018-06-22,1.4213582120610013
2018-06-25,1.4258401689086269
2018-06-26,1.4306542386192502
2018-06-27,1.435523759860278
2018-06-28,1.440559408908728
2018-06-29,1.4465912691285479
2018-07-02,1.4521805909158938
2018-07-03,1.4575487019585098
2018-07-05,1.4627509271913968
2018-07-06,1.4677319094083496
2018-07-09,1.472546978925531
2018-07-10,1.4771407703919408
2018-07-11,1.4817900157343327
2018-07-12,1.4864947175027252
2018-07-13,1.4911995288294355
2018-07-16,1.4960151497800784
2018-07-17,1.5006648256579036
2018-07-18,1.5052592552392217
2018-07-19,1.509964503535772
2018-07-20,1.5144484303411452
2018-07-23,1.518987817486431
2018-07-24,1.5236933854802337
2018-07-25,1.5279561699120094
2018-07-26,1.5324958567789104
2018-07-27,1.5368141901498584
2018-07-30,1.5411326157999239
2018-07-31,1.5457279618035566
2018-08-01,1.550268050403423
2018-08-02,1.554863606656427
2018-08-03,1.55907167925607
2018-08-06,1.5633352111702123
2018-08-07,1.567598831856127
2018-08-08,1.5719179153502145
2018-08-09,1.5760709621671884
2018-08-10,1.5801133430197944
2018-08-13,1.5843773129722964
2018-08-14,1.5889182636133585
2018-08-15,1.5939577300071834
2018-08-16,1.5992188468925268
2018-08-17,1.6037601346817527
2018-08-20,1.60830152449177
2018-08-21,1.6130091723337052
2018-08-22,1.6179384767327154
2018-08-23,1.6227017318079195
2018-08-24,1.627742044593081
2018-08-27,1.6328378738663065
2018-08-28,1.6377122628583307
2018-08-29,1.6424759851278485
2018-08-30,1.647239819635243
2018-08-31,1.6523361375531054
2018-09-04,1.6573771891475237
2018-09-05,1.66241836641943
2018-09-06,1.6673488701536392
2018-09-07,1.6708390622490645
2018-09-10,1.674107707679269
2018-09-11,1.6774318085190116
2018-09-12,1.680700560512562
2018-09-13,1.6840247697245414
2018-09-14,1.6873490326683342
2018-09-17,1.6908395642216092
2018-09-18,1.693997718706711
2018-09-19,1.69704510834025
2018-09-20,1.700092543891495
2018-09-21,1.7025859309905644
2018-09-24,1.7056334475261474
2018-09-25,1.7085701895278984
2018-09-26,1.711396151335447
2018-09-27,1.7159399268324695
2018-09-28,1.7210379372127833
2018-10-01,1.7261360802765018
2018-10-02,1.7312343546304305
2018-10-03,1.7360556637678455
2018-10-04,1.740599990748872
2018-10-05,1.7447564750573672
2018-10-09,1.7490238901361719
2018-10-10,1.753457665312974
2018-10-11,1.7582240833143594
2018-10-12,1.763101464494815
2018-10-15,1.7681452416298347
2018-10-16,1.7727457181736894
2018-10-17,1.7773462993279425
2018-10-18,1.7820024150429559
2018-10-19,1.7867695029694695
2018-10-22,1.7915367045184156
2018-10-23,1.795915974012895
2018-10-24,1.800683391059983
2018-10-25,1.8055617945439746
2018-10-26,1.8104403156396127
2018-10-29,1.8154298366038384
2018-10-30,1.820419480592756
2018-10-31,1.8254092421421535
2018-11-01,1.8303991267217652
2018-11-02,1.8356109138797365
2018-11-05,1.8407673892816785
2018-11-06,1.8458685500761425
2018-11-07,1.8503598940575854
2018-11-08,1.8550176874712239
2018-11-09,1.8597864943884626
2018-11-13,1.8646663214359482
2018-11-14,1.869490810890919
2018-11-15,1.8746481438514846
2018-11-16,1.879750153005151
2018-11-19,1.8846859153433488
2018-11-20,1.8891781182577734
2018-11-21,1.8933931147642684
2018-11-23,1.897774581536217
2018-11-26,1.9021006827017364
2018-11-27,1.9064268774973965
2018-11-28,1.910808631160577
2018-11-29,1.915190473656181
2018-11-30,1.919849750069316
2018-12-03,1.9242872595105498
2018-12-04,1.9290022179191193
2018-12-06,1.934050113084422
2018-12-07,1.9383215037766255
2018-12-10,1.9423710939056045
2018-12-11,1.9463098162087338
2018-12-12,1.9503040911655827
2018-12-13,1.9544094003065047
2018-12-14,1.9574052107548017
2018-12-17,1.9607894142852373
2018-12-18,1.964173673444326
2018-12-19,1.967391546521401
2018-12-20,1.9712197666997167
2018-12-21,1.9745487094418577
2018-12-24,1.9779331901948374
2018-12-26,1.9813177247256757
2018-12-27,1.9852016912923438
2018-12-28,1.9891412175642922
2018-12-31,1.9960771381630966
2019-01-02,2.0038456352559084
2019-01-03,2.009117317610063
2019-01-04,2.0129463223438524
2019-01-07,2.0167199086879077
2019-01-08,2.0206045562972497
2019-01-09,2.0243782811731337
2019-01-10,2.02809658038204
2019-01-11,2.0317594508223893
2019-01-14,2.035477888570427
2019-01-15,2.039584896323655
2019-01-16,2.0436364883283664
2019-01-17,2.0475216531856706
2019-01-18,2.051462395969018
2019-01-22,2.0552922053567793
2019-01-23,2.0590665816075444
2019-01-24,2.062618997037287
2019-01-25,2.066171475726457
2019-01-28,2.0697240176757674
2019-01-29,2.073387641799192
2019-01-30,2.077106844663486
2019-01-31,2.081936347306915
2019-02-01,2.086099809746187
2019-02-04,2.0898747599198666
2019-02-05,2.0935942643905023
2019-02-06,2.0972028051131857
2019-02-07,2.1007003741779773
2019-02-08,2.1039204104429863
2019-02-11,2.1075291330691486
2019-02-12,2.111137920946072
2019-02-13,2.114746774074781
2019-02-14,2.118633304756428
2019-02-15,2.1229640981697613
2019-02-19,2.127017361012129
2019-02-20,2.1306264959233934
2019-02-21,2.1342912222483155
2019-02-22,2.138067070192399
2019-02-25,2.141232170362735
2019-02-26,2.1443973199574535
2019-02-27,2.147562519845932
2019-02-28,2.152171573407514
2019-03-01,2.1557811572380463
2019-03-04,2.1595018734794973
2019-03-05,2.1633337283110663
2019-03-06,2.1671656555763685
2019-03-07,2.171108729893333
2019-03-08,2.174885264754476
2019-03-11,2.1775510898539867
2019-03-12,2.180216949278601
2019-03-13,2.1829939234565097
2019-03-14,2.185993098293874
2019-03-15,2.1892700238801
2019-03-18,2.192269292386347
2019-03-19,2.1950464301348434
2019-03-20,2.1981568678707997
2019-03-21,2.201156265382108
2019-03-22,2.203933526385164
2019-03-25,2.2065441853422274
2019-03-26,2.208099483460042
2019-03-27,2.210099172190287
2019-03-28,2.212487715458285
2019-03-29,2.21626499427401
2019-04-01,2.21920910789349
2019-04-02,2.22237546821081
2019-04-03,2.2255974290212426
2019-04-04,2.2287638890963812
2019-04-05,2.2318748449665993
2019-04-08,2.2349858485643037
2019-04-09,2.2377635691571727
2019-04-10,2.2407079957380236
2019-04-11,2.2437080227398027
2019-04-12,2.246708094122792
2019-04-15,2.249986000181274
2019-04-16,2.2533195187635644
2019-04-17,2.2566530894005905
2019-04-18,2.2601533989816436
2019-04-22,2.2632648364196886
2019-04-23,2.2664874478283386
2019-04-24,2.2695989841458744
2019-04-25,2.272488308238294
2019-04-26,2.275711066203824
2019-04-29,2.27887830709945
2019-04-30,2.283879298719471
2019-05-01,2.2876579188853436
2019-05-02,2.2911587635912984
2019-05-03,2.294215108500297
2019-05-06,2.2970492141538648
2019-05-07,2.300050074653363
2019-05-08,2.3029398341298317
2019-05-09,2.305607340954275
2019-05-10,2.307941436921282
2019-05-13,2.3101088360928697
2019-05-14,2.312832014450519
2019-05-15,2.3160554116951735
2019-05-16,2.319000976670031
2019-05-17,2.3218910069092544
2019-05-20,2.324392027504576
2019-05-21,2.326781920436332
2019-05-22,2.329116261961546
2019-05-23,2.3314506303464775
2019-05-24,2.333896188609039
2019-05-28,2.336564102509624
2019-05-29,2.338954137521611
2019-05-30,2.3414553677873573
2019-05-31,2.3444568811091258
2019-06-03,2.347013764316462
2019-06-04,2.349515094627385
2019-06-05,2.352072041578779
2019-06-06,2.3546290207527485
2019-06-07,2.3571304449456796
2019-06-10,2.359631899976453
2019-06-11,2.3620222080409303
2019-06-12,2.3640790061594075
2019-06-13,2.3663581876800936
2019-06-14,2.3687485769462646
2019-06-17,2.371472540988692
2019-06-18,2.374085357899791
2019-06-19,2.3763646511905123
2019-06-20,2.3787551576792634
2019-06-21,2.3812568806729097
2019-06-24,2.3825355464476736
2019-06-25,2.3834250564858905
2019-06-26,2.384592544487242
2019-06-27,2.385815634862158
2019-06-28,2.387483495425218
2019-07-01,2.3888177955732903
2019-07-02,2.3907636638155494
2019-07-03,2.393043131951509
2019-07-05,2.395489417916424
2019-07-08,2.3972129574039776
2019-07-09,2.3987141170376796
2019-07-10,2.4001040887997362
2019-07-11,2.4013828726306983
2019-07-12,2.402383666282225
2019-07-15,2.403884863751136
2019-07-16,2.4054416726418504
2019-07-17,2.4070540946599905
2019-07-18,2.4086665299303553
2019-07-19,2.409945367712714
2019-07-22,2.4111130092471154
2019-07-23,2.4122806574990068
2019-07-24,2.4135595180544795
2019-07-25,2.4148939896504364
2019-07-26,2.4159504521194943
2019-07-29,2.416951316510486
2019-07-30,2.4177297697908804
2019-07-31,2.419453494853042
2019-08-01,2.419286681241922
2019-08-02,2.419342285793939
2019-08-05,2.418897449620496
2019-08-06,2.418397009884334
2019-08-07,2.417840967105308
2019-08-08,2.417229321722938
2019-08-09,2.4162840565070334
2019-08-12,2.4155056059988222
2019-08-13,2.415060778599618
2019-08-14,2.414671555051559
2019-08-15,2.414671555051559
2019-08-16,2.4141155229348397
2019-08-19,2.413615094989531
2019-08-20,2.4132814770905973
2019-08-21,2.4127810510647056
2019-08-22,2.411947010886222
2019-08-23,2.4109461678829436
2019-08-26,2.4102233393987245
2019-08-27,2.4095561162135293
2019-08-28,2.4083328800737602
2019-08-29,2.4073320554404676
2019-08-30,2.4069984481430104
2019-09-03,2.406887245802021
2019-09-04,2.406942846926627
2019-09-05,2.4069428469270724
2019-09-06,2.4066092401782364
2019-09-09,2.4055528234376724
2019-09-10,2.404552013061311
2019-09-11,2.403718008070228
2019-09-12,2.4025504093995567
2019-09-13,2.401438416757993
2019-09-16,2.401549615382877
2019-09-17,2.417173017830802
2019-09-18,2.4177846571789203
2019-09-19,2.4149488677559607
2019-09-20,2.4086102266759912
2019-09-23,2.4013822072038615
2019-09-24,2.3972678919273767
2019-09-25,2.3948215751430544
2019-09-26,2.3917081151715154
2019-09-27,2.3883723172928746
2019-09-30,2.3878163605757363
2019-10-01,2.3847586053304415
2019-10-02,2.3816452997393314
2019-10-03,2.3785320410582544
2019-10-04,2.374974091570569
2019-10-07,2.371638569667517
2019-10-08,2.36852546535725
2019-10-09,2.3653568193790426
2019-10-10,2.3622438114397943
2019-10-11,2.359186438996034
2019-10-15,2.356907341775726
2019-10-16,2.3549617922977517
2019-10-17,2.3525159814497805
2019-10-18,2.3496255133547743
2019-10-21,2.3466795004964385
2019-10-22,2.3427330328125766
2019-10-23,2.3393980445188167
2019-10-24,2.336396598634456
2019-10-25,2.3332840341349903
2019-10-28,2.3301715156805445
2019-10-29,2.3270034651432168
2019-10-30,2.323946621171215
2019-10-31,2.3203896228862773
2019-11-01,2.3158878746300395
2019-11-04,2.311330649114365
2019-11-05,2.30682910187931
2019-11-06,2.302049792652627
2019-11-07,2.2973817362977305
2019-11-08,2.2927693569221717
2019-11-12,2.288212651996193
2019-11-13,2.2836004823729072
2019-11-14,2.2791551163225794
2019-11-15,2.274765413555436
2019-11-18,2.2702646752492774
2019-11-19,2.264652800352273
2019-11-20,2.260152287681276
2019-11-21,2.255707435529918
2019-11-22,2.2512626807936513
2019-11-25,2.2467069070376056
2019-11-26,2.242040121686243
2019-11-27,2.2373734450067655
2019-11-29,2.2333179729655996
2019-12-02,2.2290959232841026
2019-12-03,2.224373993643576
2019-12-04,2.219485524178378
2019-12-05,2.214430529752264
2019-12-06,2.2096533948254495
2019-12-09,2.2048763737569037
2019-12-10,2.199766199547629
2019-12-11,2.194767237969238
2019-12-12,2.1899350222940335
2019-12-13,2.1851584631746817
2019-12-16,2.1808263372039662
2019-12-17,2.1760499926866164
2019-12-18,2.171051614483051
2019-12-19,2.1648316013489537
2019-12-20,2.1596669006028124
2019-12-23,2.154446798439676
2019-12-24,2.149171300576512
2019-12-26,2.1439514686927468
2019-12-27,2.1387872999252195
2019-12-30,2.1336787900099154
2019-12-31,2.1286814592446976
2020-01-02,2.123628727164326
2020-01-03,2.1186871659824162
2020-01-06,2.11374572528462
2020-01-07,2.108693368318365
2020-01-08,2.103585618283683
2020-01-09,2.0983114484496417
2020-01-10,2.0930374158797673
2020-01-13,2.0879300590347936
2020-01-14,2.0828783442636816
2020-01-15,2.0779932886506303
2020-01-16,2.0729973308597294
2020-01-17,2.0678904791011443
2020-01-21,2.0626727431948346
2020-01-22,2.0559010144154963
2020-01-23,2.05035056911586
2020-01-24,2.0449667787702985
2020-01-27,2.0399716325403374
2020-01-28,2.035032108373779
2020-01-29,2.029981709572637
2020-01-30,2.025264420410543
2020-01-31,2.0207692235421697
2020-02-03,2.0162741251917407
2020-02-04,2.0119456056477296
2020-02-05,2.007506194504189
2020-02-06,2.0025674700254688
2020-02-07,1.997850819235093
2020-02-10,1.99318976571722
2020-02-11,1.988695278132899
2020-02-12,1.9842008890514704
2020-02-13,1.9797620835394887
2020-02-14,1.9753788591632053
2020-02-18,1.9711066949546103
2020-02-19,1.9665572184421252
2020-02-20,1.9621188032634598
2020-02-21,1.9575695274112792
2020-02-24,1.95252106665511
2020-02-25,1.9480274827535635
2020-02-26,1.943533997335227
2020-02-27,1.9389851389768415
2020-02-28,1.9345473280783552
2020-03-02,1.9301096132243427
2020-03-03,1.9259493467290618
2020-03-04,1.9195704007563974
2020-03-05,1.9126369803734575
2020-03-06,1.9057037936222307
2020-03-09,1.8987153806990449
2020-03-10,1.8915053741343886
2020-03-11,1.884628378262805
2020-03-12,1.8781952727989208
2020-03-13,1.8712078113379198
2020-03-16,1.8595069933050723
2020-03-17,1.8492485808707677
2020-03-18,1.8364400842540807
2020-03-19,1.8232997382330105
2020-03-20,1.81010480086548
2020-03-23,1.7963563809690193
2020-03-24,1.7829968997425838
2020-03-25,1.7691394658669777
2020-03-26,1.7550058707289369
2020-03-27,1.7407070087148258
2020-03-30,1.7270187144076157
2020-03-31,1.713497578566434
2020-04-01,1.6999219394745846
2020-04-02,1.6866242286121313
2020-04-03,1.6736043916553998
2020-04-06,1.6600314301452823
2020-04-07,1.6464039872445495
2020-04-08,1.632777462733641
2020-04-09,1.6192072414764735
2020-04-13,1.6059702225474677
2020-04-14,1.5930109737144957
2020-04-15,1.5798864220738074
2020-04-16,1.566707351924955
2020-04-17,1.5534737740586273
2020-04-20,1.5402410590368332
2020-04-21,1.527009206804131
2020-04-22,1.5138335770929654
2020-04-23,1.4997731692120733
2020-04-24,1.4878170010140392
2020-04-27,1.4758615403169055
2020-04-28,1.4641281521113032
2020-04-29,1.4525061249113949
2020-04-30,1.4411061224249442
2020-05-01,1.4297067601764133
2020-05-04,1.418308047497614
2020-05-05,1.4068546508100928
2020-05-06,1.3951806073021384
2020-05-07,1.3836732012194175
2020-05-08,1.3719451832668044
2020-05-11,1.3604944189097141
2020-05-12,1.3491549268313883
2020-05-13,1.3375948319694824
2020-05-14,1.3260906978405858
2020-05-15,1.3148084369029795
2020-05-18,1.30341620540085
2020-05-19,1.2920246168207419
2020-05-20,1.2801913205122761
2020-05-21,1.2685798785481888
2020-05-22,1.257079683400885
2020-05-26,1.245469583793566
2020-05-27,1.2338048723125006
2020-05-28,1.2219197289429333
2020-05-29,1.2100352856147578
2020-06-01,1.1984831626468062
2020-06-02,1.1871527724092807
2020-06-03,1.1756572235203904
2020-06-04,1.16416233283128
2020-06-05,1.1523918095354513
2020-06-08,1.1406219730812917
2020-06-09,1.1276373123223498
2020-06-10,1.0990198582538924
2020-06-11,1.0853750109240181
2020-06-12,1.0750452306301472
2020-06-15,1.0652683217949523
2020-06-16,1.0555471184805225
2020-06-17,1.0452188691032476
2020-06-18,1.0346150211151415
2020-06-19,1.0248952958025475
2020-06-22,1.015286477344441
2020-06-23,1.0026963947768555
2020-06-24,0.9927573487742851
2020-06-25,0.98303964170138
2020-06-26,0.9733224005231536
2020-06-29,0.9637160404859683
2020-06-30,0.954165347323609
2020-07-01,0.9445599083758909
2020-07-02,0.9349549273076861
2020-07-06,0.9252952056885546
2020-07-07,0.9156359471829232
2020-07-08,0.9051492981130282
2020-07-09,0.8943872595510329
2020-07-10,0.8841776378747994
2020-07-13,0.8743548052377857
2020-07-14,0.8646979916021816
2020-07-15,0.8550968227180844
2020-07-16,0.8454409350087628
2020-07-17,0.8358406814550375
2020-07-20,0.8263512228160572
2020-07-21,0.8169173748318347
2020-07-22,0.8074839662107222
2020-07-23,0.7979958385673804
2020-07-24,0.788839108563138
2020-07-27,0.7806756080051767
2020-07-28,0.7726227471358
2020-07-29,0.764404749744701
2020-07-30,0.7562973897794368
2020-07-31,0.7482455039972801
2020-08-03,0.7401939402768785
2020-08-04,0.7320324098587071
2020-08-05,0.7238712103602931
2020-08-06,0.7156552030144849
2020-08-07,0.7073843945746643
2020-08-10,0.699279328726265
2020-08-11,0.6911745915075757
2020-08-12,0.6830150486384252
2020-08-13,0.6748007090469077
2020-08-14,0.6665867047660302
2020-08-17,0.6585384072583482
2020-08-18,0.650545550408935
2020-08-19,0.6424978923147723
2020-08-20,0.6337891550786148
2020-08-21,0.6251910225037747
2020-08-24,0.6170892645481487
2020-08-25,0.6090429424443464
2020-08-26,0.6008867252323792
2020-08-27,0.5927308387241943
2020-08-28,0.5845201800491958
2020-08-31,0.5764751628578005
2020-09-01,0.5684855659178885
2020-09-02,0.560551382665824
2020-09-03,0.5526175145936614
2020-09-04,0.5441881307982609
2020-09-08,0.5361998164401899
2020-09-09,0.528266906873267
2020-09-10,0.5203343102631731
2020-09-11,0.512402026597395
2020-09-14,0.5045251368356666
2020-09-15,0.4967036366494042
2020-09-16,0.48888244073906795
2020-09-17,0.48100647454878237
2020-09-18,0.4730206700405296
2020-09-21,0.4649250403291119
2020-09-22,0.4568297344292029
2020-09-23,0.4486246210125205
2020-09-24,0.44047490815850765
2020-09-25,0.4323255279758763
2020-09-28,0.4242315371501975
2020-09-29,0.4160828133428249
2020-09-30,0.40798947664791274
2020-10-01,0.39995151818252167
2020-10-02,0.39196893571672103
2020-10-05,0.383876572359186
2020-10-06,0.37589462846032706
2020-10-07,0.36791299945214145
2020-10-08,0.3598766439779822
2020-10-09,0.3518956512738994
2020-10-13,0.3439149756099086
2020-10-14,0.33598965175711215
2020-10-15,0.32811967536194436
2020-10-16,0.3201949746400684
2020-10-19,0.3122705865515043
2020-10-20,0.3040163525787718
2020-10-21,0.2955973845235427
2020-10-22,0.28723379069481636
2020-10-23,0.27887054743458306
2020-10-26,0.27061768826723426
2020-10-27,0.26236516824392553
2020-10-28,0.2541129850898392
2020-10-29,0.24591615334527833
2020-10-30,0.23771965619663618
2020-11-02,0.22968851483784652
2020-11-03,0.22160268909293557
2020-11-04,0.21346218781091034
2020-11-05,0.2052670199285928
2020-11-06,0.19707218432881252
2020-11-09,0.18882268885197423
2020-11-10,0.18068351667346852
2020-11-12,0.17248968233142004
2020-11-13,0.16424119478994817
2020-11-16,0.15610301929816403
2020-11-17,0.14791018833503333
2020-11-18,0.13949776362119803
2020-11-19,0.13108568921815533
2020-11-20,0.12234410794588922
2020-11-23,0.11585685483970722
2020-11-24,0.11008446832730541
2020-11-25,0.10447716537715668
2020-11-27,0.09892498962057253
2020-11-30,0.09331800005078635
2020-12-01,0.08743632886123247
2020-12-02,0.08128000212904156
2020-12-03,0.07567350410116329
2020-12-04,0.07473909237153299
2020-12-07,0.07221071533274288
2020-12-08,0.07204582126862863
2020-12-09,0.0721557506749116
2020-12-10,0.07237560972825627
2020-12-11,0.07270539885112748
2020-12-14,0.07309015356519812
2020-12-15,0.07352987408163383
2020-12-16,0.0739695955621195
2020-12-17,0.0744093180067442
2020-12-18,0.07484904141457278
2020-12-21,0.07528876578591694
2020-12-22,0.07561855978795239
2020-12-23,0.07589338857396141
2020-12-24,0.07627814940239505
2020-12-28,0.07671787690657875
2020-12-29,0.07721257143260686
2020-12-30,0.07765230098512398
2020-12-31,0.07798209887172547
2021-01-04,0.07842182998981626
2021-01-05,0.07869666224010849
2021-01-06,0.07908142823341675
2021-01-07,0.07946619496522585
2021-01-08,0.07979599565326773
2021-01-11,0.08018076386025273
2021-01-12,0.08056553291074249
2021-01-13,0.08095030269928775
2021-01-14,0.08133507322526513
2021-01-15,0.08160990969219051
2021-01-19,0.08182977916692907
2021-01-20,0.08210461646204058
2021-01-21,0.08226951906487034
2021-01-22,0.08232448659895397
2021-01-25,0.08248938929218153
2021-01-26,0.08237945413303759
2021-01-27,0.08226951903458932
2021-01-28,0.08221455151555715
2021-01-29,0.08226951901962692
2021-02-01,0.0823244865238303
2021-02-02,0.082379454042907
2021-02-03,0.0824344215776586
2021-02-04,0.08248938915685204
2021-02-05,0.08248938915631766
2021-02-08,0.08232448641847014
2021-02-09,0.08237945396751616
2021-02-10,0.08248938909642359
2021-02-11,0.08276422729506752
2021-02-12,0.08292913039499598
2021-02-16,0.08303906582511057
2021-02-17,0.08303906582493245
2021-02-18,0.08287416267993869
2021-02-19,0.0826542920007277
2021-02-22,0.08248938917194802
2021-02-23,0.08221455134967945
2021-02-24,0.08193971397966696
2021-02-25,0.08177481173780483
2021-02-26,0.08144500761660686
2021-03-01,0.08117017130024054
2021-03-02,0.08100526973645081
2021-03-03,0.08078540122594033
2021-03-04,0.08051056581288378
2021-03-05,0.08018076386016368
2021-03-08,0.07985096244951848
2021-03-09,0.07946619487464994
2021-03-10,0.07908142803797052
2021-03-11,0.07864169535341543
2021-03-12,0.07820196363295484
2021-03-15,0.0777622328759653
2021-03-16,0.07737746920173848
2021-03-17,0.07704767230871094
2021-03-18,0.07666291000470064
2021-03-19,0.07622318262097309
2021-03-22,0.07583842189838946
2021-03-23,0.07545366191319341
2021-03-24,0.07495897172421007
2021-03-25,0.07440931746435756
2021-03-26,0.07385966471040728
2021-03-29,0.07336497845154513
2021-03-30,0.07287029341198419
2021-03-31,0.07237560959261508
2021-04-01,0.07188092699325967
2021-04-05,0.07138624561325002
2021-04-06,0.07089156545338768
2021-04-07,0.07034192233690895
2021-04-08,0.06968235276556776
2021-04-09,0.06907774914759603
2021-04-12,0.06847314735125076
2021-04-13,0.06786854737702185
2021-04-14,0.06731891254302769
2021-04-15,0.06682424241175197
2021-04-16,0.06632957350075716
2021-04-19,0.06583490580892996
2021-04-20,0.06534023933698288
2021-04-21,0.06484557408478235
2021-04-22,0.06440587260206568
2021-04-23,0.06391120965429589
2021-04-26,0.06341654792551561
2021-04-27,0.06292188741661543
2021-04-28,0.0624821901502202
2021-04-29,0.06204249384756321
2021-04-30,0.06160279850877807
2021-05-03,0.061163104133508506
2021-05-04,0.06072341072215533
2021-05-05,0.06022875685415178
2021-05-06,0.05978906549041951
2021-05-07,0.05934937509042551
2021-05-10,0.058909685654481445
2021-05-11,0.05841503625871855
2021-05-12,0.057975348869861054
2021-05-13,0.05753566244518711
2021-05-14,0.05720589816878999
2021-05-17,0.05687613443460139
2021-05-18,0.05649141081589574
2021-05-19,0.0561066879346667
2021-05-20,0.055776926007364856
2021-05-21,0.05544716462191529
2021-05-24,0.055117403778407056
2021-05-25,0.054677723617987194
2021-05-26,0.054238044421216505
2021-05-27,0.05379836618778328
2021-05-28,0.05330372939507331
2021-06-01,0.052864053209572735
2021-06-02,0.05242437798758775
2021-06-03,0.05198470372920742
2021-06-04,0.05154503043505518
2021-06-07,0.05110535810424041
2021-06-08,0.05066568673707482
2021-06-09,0.0501710576686543
2021-06-10,0.049676429819935766
2021-06-11,0.04918180319056299
2021-06-14,0.04874213603958524
2021-06-15,0.04835742802001757
2021-06-16,0.0480276788312317
2021-06-17,0.047972720708135325
2021-06-18,0.04786280452281636
2021-06-21,0.04769793038001152
2021-06-22,0.04753305637298147
2021-06-23,0.047423140428040425
2021-06-24,0.047258266646826676
2021-06-25,0.047093393000853356
2021-06-28,0.046818603967510676
2021-06-29,0.046598772981784456
2021-06-30,0.04632398462606884
2021-07-01,0.04610415418246208
2021-07-02,0.04593928148499743
2021-07-06,0.04571945146292039
2021-07-07,0.045499621681221285
2021-07-08,0.04527979214132508
2021-07-09,0.04500500559236263
2021-07-12,0.04478517659409605
2021-07-13,0.04456534783651912
2021-07-14,0.04440047640386629
2021-07-15,0.044290562175948595
2021-07-16,0.04418064800801405
2021-07-19,0.04401577689184249
2021-07-20,0.043795948977458594
2021-07-21,0.04357612130420965
2021-07-22,0.04341125068478054
2021-07-23,0.04319142343301679
2021-07-26,0.04297159642216533
2021-07-27,0.042641856448029876
2021-07-28,0.042367073512707326
2021-07-29,0.04209229095393828
2021-07-30,0.04176255242487582
2021-08-02,0.041487770694070225
2021-08-03,0.04121298933941734
2021-08-04,0.040938208361585134
2021-08-05,0.04071838382006245
2021-08-06,0.04049855951945206
2021-08-09,0.04022377951987518
2021-08-10,0.04000395576142878
2021-08-11,0.03989404394232233
2021-08-12,0.03983908804799868
2021-08-13,0.039839088048087744
2021-08-16,0.03983908804799868
2021-08-17,0.03972917631920095
2021-08-18,0.03956430886155647
2021-08-19,0.03939944153946412
2021-08-20,0.03917961868428298
2021-08-23,0.03901475167836019
2021-08-24,0.038849884808034064
2021-08-25,0.038685018073260066
2021-08-26,0.03846519600075443
2021-08-27,0.03830032958192734
2021-08-30,0.038190418696678885
2021-08-31,0.03802555250366811
2021-09-01,0.03786068644620946
2021-09-02,0.037695820524436534
2021-09-03,0.037530954737948555
2021-09-07,0.03731113393038833
2021-09-08,0.03709131336396307
2021-09-09,0.03687149303804932
2021-09-10,0.03665167295340411
2021-09-13,0.03643185310944855
2021-09-14,0.036321943247431654
2021-09-15,0.03626698833167505
2021-09-16,0.036102123719957364
2021-09-17,0.03588230447797082
2021-09-20,0.03560753080227492
2021-09-21,0.03538771210240784
2021-09-22,0.035277802813147685
2021-09-23,0.03500302996541525
2021-09-24,0.03467330309014
2021-09-27,0.0343985310701929
2021-09-28,0.034123759427111
2021-09-29,0.03390394235378044
2021-09-30,0.033684125520605145
2021-10-01,0.03351926303181017
2021-10-04,0.033354400678255625
2021-10-05,0.03318953846011961
2021-10-06,0.033024676377402126
2021-10-07,0.03291476838287857
2021-10-08,0.03285981440022294
2021-10-12,0.03291476839779643
2021-10-13,0.0329147683977519
2021-10-14,0.03285981441527439
2021-10-15,0.032969722440257095
2021-10-18,0.033079630525579204
2021-10-19,0.03302467646766631
2021-10-20,0.03285981443050397
2021-10-21,0.03263999862158445
2021-10-22,0.03253009083738044
2021-10-25,0.032365229251449947
2021-10-26,0.03236522925158354
2021-10-27,0.03253009092791181
2021-10-28,0.032694952739525024
2021-10-29,0.03269495273943596
2021-11-01,0.03263999881703067
2021-11-02,0.032585044910077604
2021-11-03,0.03258504490998854
2021-11-04,0.03253009101795334
2021-11-05,0.032475137140969584
2021-11-08,0.032585044955321024
2021-11-09,0.032749906811821404
2021-11-10,0.03285981477668737
2021-11-12,0.03307963094679721
2021-11-15,0.03324449321013211
2021-11-16,0.03335440144592421
2021-11-17,0.033574218157930866
2021-11-18,0.0337390808278331
2021-11-19,0.03379403506645248
2021-11-22,0.03384898931949988
2021-11-23,0.03401385221521843
2021-11-24,0.03417871524635552
2021-11-26,0.034343578412955676
2021-11-29,0.03450844171506343
2021-11-30,0.034673305152411606
2021-12-01,0.034893123310426405
2021-12-02,0.03511294170881913
2021-12-03,0.035332760348480395
2021-12-06,0.03555257922874225
2021-12-07,0.03577239834982733
2021-12-08,0.03599221771235908
2021-12-09,0.0362120373150461
2021-12-10,0.036431857159224326
2021-12-13,0.036651677244092185
2021-12-14,0.03687149756960516
2021-12-15,0.037091318136609326
2021-12-16,0.03731113894372424
2021-12-17,0.03753095999246393
2021-12-20,0.03769582595943575
2021-12-21,0.037915647429215334
2021-12-22,0.03813546914053064
2021-12-23,0.03835529109204575
2021-12-27,0.03857511328500754
2021-12-28,0.0387949357185699
2021-12-29,0.03901475839295549
2021-12-30,0.03923458130874322
2021-12-31,0.039454404464775286
2022-01-03,0.03967422786225402
2022-01-04,0.03989405150033332
2022-01-05,0.04011387537923587
2022-01-06,0.04033369949949602
2022-01-07,0.040553523860045036
2022-01-10,0.04077334846195165
2022-01-11,0.04099317330459245
2022-01-12,0.04121299838787835
2022-01-13,0.04143282371283357
2022-01-14,0.041652649277855
2022-01-18,0.04187247508410045
2022-01-19,0.042092301131391785
2022-01-20,0.04225717084719939
2022-01-21,0.042476997316421225
2022-01-24,0.0426418673482648
2022-01-25,0.04286169423870464
2022-01-26,0.04302656458729667
2022-01-27,0.04319143507090646
2022-01-28,0.04341126256402782
2022-01-31,0.04363109029699273
2022-02-01,0.043850918271805095
2022-02-02,0.044070746487084436
2022-02-03,0.04429057494318702
2022-02-04,0.044510403640647206
2022-02-07,0.04473023257830719
2022-02-08,0.04495006175754744
2022-02-09,0.04511493382240579
2022-02-10,0.04533476342273045
2022-02-11,0.04555459326467991
2022-02-14,0.045774423346651036
2022-02-15,0.045994253669979765
2022-02-16,0.046214084234087204
2022-02-17,0.04643391503915147
2022-02-18,0.04665374608561787
2022-02-22,0.04687357737210594
2022-02-23,0.04709340890004069
2022-02-24,0.047313240668798676
2022-02-25,0.04753307267833536
2022-02-28,0.047752904929318704
2022-03-01,0.04797273742054639
2022-03-02,0.04819257015308715
2022-03-03,0.04841240312618396
2022-03-04,0.04863223634059384
2022-03-07,0.048852069795782424
2022-03-08,0.049071903491616116
2022-03-09,0.04929173742867383
2022-03-10,0.0492917374286293
2022-03-11,0.049291737428718355
2022-03-14,0.04929173742867383
2022-03-15,0.04929173742858477
2022-03-16,0.04929173742858477
2022-03-17,0.050665699534683334
2022-03-18,0.05203967105150198
2022-03-21,0.05335869274200326
2022-03-22,0.05462276350698586
2022-03-23,0.05583188229249189
2022-03-24,0.057041008365928875
2022-03-25,0.05830510233455073
2022-03-28,0.059569204268597006
2022-03-29,0.060833314168201286
2022-03-30,0.062042470387247715
2022-03-31,0.06336155784947772
2022-04-01,0.06473561632405725
2022-04-04,0.06610968421006934
2022-04-05,0.06748376150742492
2022-04-06,0.06885784821621309
2022-04-07,0.07023194433665646
2022-04-08,0.07160604986862144
2022-04-11,0.07298016481228618
2022-04-12,0.07429932419351624
2022-04-13,0.0756184922486132
2022-04-14,0.0769376689777106
2022-04-18,0.07825685438076393
2022-04-19,0.079521082038165
2022-04-20,0.0807303508956442
2022-04-21,0.0818846599441308
2022-04-22,0.08309394304780945
2022-04-25,0.08430323344008703
2022-04-26,0.08551253112149786
2022-04-27,0.0867768044995106
2022-04-28,0.08804108584392745
2022-04-29,0.08930537515537182
2022-05-02,0.09067961132708369
2022-05-03,0.09205385691138593
2022-05-04,0.09342811190823401
2022-05-05,0.09749593456087002
2022-05-06,0.1015088679931967
2022-05-09,0.10552188168440838
2022-05-10,0.10953497563566288
2022-05-11,0.11354814984865236
2022-05-12,0.11761638041372115
2022-05-13,0.12168469345798681
2022-05-16,0.12580806730056637
2022-05-17,0.12993152587048645
2022-05-18,0.13400008859100124
2022-05-19,0.13806873379783785
2022-05-20,0.14208247868507695
2022-05-23,0.14609630384732125
2022-05-24,0.15011020928590668
2022-05-25,0.15412419500256994
2022-05-26,0.1581382609986915
2022-05-27,0.16215240727614166
2022-05-31,0.16622162324099055
2022-06-01,0.17034591222517545
2022-06-02,0.17441529430506425
2022-06-03,0.1784297661224464
2022-06-06,0.1824443182292618
2022-06-07,0.1864039556628716
2022-06-08,0.19030867515488423
2022-06-09,0.1941584734826412
2022-06-10,0.19800834564249123
2022-06-13,0.2017482931781006
2022-06-14,0.2052683093769687
2022-06-15,0.20884338851386158
2022-06-16,0.21654369608891488
2022-06-17,0.224244299018302
2022-06-21,0.2319451973125767
2022-06-22,0.23964639098340615
2022-06-23,0.24729286940595777
2022-06-24,0.25504966448483213
2022-06-27,0.26302681863386174
2022-06-28,0.27111432376712324
2022-06-29,0.2791471353583939
2022-06-30,0.28712524680306983
2022-07-01,0.2952137224744501
2022-07-05,0.3034125756200838
2022-07-06,0.3116117634583129
2022-07-07,0.3198112860028528
2022-07-08,0.32795611066804536
2022-07-11,0.336101265588594
2022-07-12,0.34430178783980914
2022-07-13,0.35255768868449644
2022-07-14,0.3608139288125612
2022-07-15,0.36912555210034353
2022-07-18,0.3773274224649287
2022-07-19,0.38558467826391557
2022-07-20,0.3937321699012135
2022-07-21,0.40187999190243373
2022-07-22,0.40997308919665193
2022-07-25,0.41812156973248
2022-07-26,0.42627038067199663
2022-07-27,0.43441952202856116
2022-07-28,0.4466987937082151
2022-07-29,0.45892374823696314
2022-08-01,0.4712045170214175
2022-08-02,0.48359618426316336
2022-08-03,0.49593353790182654
2022-08-04,0.5082716486811238
2022-08-05,0.520555432415679
2022-08-08,0.5328399666380375
2022-08-09,0.545180342357093
2022-08-10,0.5574663810582611
2022-08-11,0.5697531703847881
2022-08-12,0.5820407103821406
2022-08-15,0.5943841055396134
2022-08-16,0.6067282582089301
2022-08-17,0.6190731684357348
2022-08-18,0.6313637216788115
2022-08-19,0.6436550258228049
2022-08-22,0.6559470809140269
2022-08-23,0.6681847623072396
2022-08-24,0.6804231880187186
2022-08-25,0.6927174894907241
2022-08-26,0.7050125420925796
2022-08-29,0.7173083458707753
2022-08-30,0.7296600423732857
2022-08-31,0.7420124968967619
2022-09-01,0.7543657094875162
2022-09-02,0.7667196801920833
2022-09-06,0.7790744090570426
2022-09-07,0.7913747377049817
2022-09-08,0.8036758178513086
2022-09-09,0.8159776495418458
2022-09-12,0.8283354047434635
2022-09-13,0.8406387430312797
2022-09-14,0.8528876577101153
2022-09-15,0.8651924960380324
2022-09-16,0.8774429041212376
2022-09-19,0.8896940572970573
2022-09-20,0.9018907668789076
2022-09-21,0.9140330228730694
2022-09-22,0.9302604702791601
2022-09-23,0.9464892247717022
2022-09-26,0.962719286454408
2022-09-27,0.9788954466960944
2022-09-28,0.9950729054603566
2022-09-29,1.0111412276473435
2022-09-30,1.0273212749051723
2022-10-03,1.0436130738723752
2022-10-04,1.06012711317435
2022-10-05,1.0766425052687372
2022-10-06,1.0932144902156657
2022-10-07,1.109787837242109
2022-10-11,1.1263625464591713
2022-10-12,1.1429386225202898
2022-10-13,1.1594607983425904
2022-10-14,1.1760395948056637
2022-10-17,1.1926197493653168
2022-10-18,1.209201271218254
2022-10-19,1.225784155934272
2022-10-20,1.2422578374614321
2022-10-21,1.258677578637521
2022-10-24,1.2750433660615803
2022-10-25,1.2914657749877745
2022-10-26,1.3079448190066292
2022-10-27,1.324480511756408
2022-10-28,1.3410728669224434
2022-10-31,1.3576665858420889
2022-11-01,1.3743169901319452
2022-11-02,1.3909134414413593
2022-11-03,1.4116607106906895
2022-11-04,1.4324101115057881
2022-11-07,1.4530509692655198
2022-11-08,1.4736939363478678
2022-11-09,1.494339012969342
2022-11-10,1.514986199344937
2022-11-14,1.5356908557339426
2022-11-15,1.5564529993550864
2022-11-16,1.5772726474744772
2022-11-17,1.5980390631914994
2022-11-18,1.6188076124409982
2022-11-21,1.6395782954431788
2022-11-22,1.660351112416332
2022-11-23,1.6810706637109392
2022-11-25,1.7018477435927069
2022-11-28,1.7226269581036586
2022-11-29,1.7434637243935653
2022-11-30,1.7643580597935506
2022-12-01,1.785254553317814
2022-12-02,1.8060977710989634
2022-12-05,1.8269431360149606
2022-12-06,1.84773520277454
2022-12-07,1.868529405701847
2022-12-08,1.8879391894527535
2022-12-09,1.907350834400149
2022-12-12,1.9268198132181658
2022-12-13,1.946346142103146
2022-12-14,1.9659298373013063
2022-12-15,1.9884005557524995
2022-12-16,2.0108182719582897
2022-12-19,2.033127478371531
2022-12-20,2.0554391418346314
2022-12-21,2.077808776510249
2022-12-22,2.1000698410085397
2022-12-23,2.1222778250956296
2022-12-27,2.1444882429139147
2022-12-28,2.1667010947305814
2022-12-29,2.188916380812325
2022-12-30,2.211134101426376
2023-01-03,2.2334098072275053
2023-01-04,2.2556324037933226
2023-01-05,2.2779685669710563
2023-01-06,2.3003071901665892
2023-01-09,2.322648273651517
2023-01-10,2.34499181769672
2023-01-11,2.367337828694613
2023-01-12,2.3897419001486004
2023-01-13,2.4122040507605575
2023-01-17,2.434668681421883
2023-01-18,2.4570801868848076
2023-01-19,2.479549784621217
2023-01-20,2.50191061531492
2023-01-23,2.524273908743567
2023-01-24,2.546639665179864
2023-01-25,2.568952230330041
2023-01-26,2.5912115983660238
2023-01-27,2.613473405764316
2023-01-30,2.6330100202622715
2023-01-31,2.652659849274235
2023-02-01,2.6723115786265716
2023-02-02,2.6933571086358796
2023-02-03,2.7143491363365286
2023-02-06,2.7352876389505494
2023-02-07,2.7562282984702153
2023-02-08,2.7771154104150924
2023-02-09,2.798004668249198
2023-02-10,2.818951788342189
2023-02-13,2.8399010662286375
2023-02-14,2.8609082297905566
2023-02-15,2.8819175630870797
2023-02-16,2.9029290663420175
2023-02-17,2.9239427397800744
2023-02-21,2.944958583624796
2023-02-22,2.965976598101195
2023-02-23,2.9869410212296206
2023-02-24,3.007851836017116
2023-02-27,3.0288205727753237
2023-02-28,3.0498472489754604
2023-03-01,3.070876096926294
2023-03-02,3.0919629078269315
2023-03-03,3.1131076992508793
2023-03-06,3.1343104888192452
2023-03-07,3.1555154857563674
2023-03-08,3.176834318838527
2023-03-09,3.198378663879443
2023-03-10,3.219869461109823
2023-03-13,3.237175209019198
2023-03-14,3.254482426673886
2023-03-15,3.2719586176254043
2023-03-16,3.2893804678975243
2023-03-17,3.3067479680417184
2023-03-20,3.3240052408581335
2023-03-21,3.3410405418773657
2023-03-22,3.357965540837022
2023-03-23,3.3763443804773994
2023-03-24,3.3947807494830706
2023-03-27,3.4131629023630503
2023-03-28,3.431602579822763
2023-03-29,3.4499880414989588
2023-03-30,3.4683192724164225
2023-03-31,3.486987513205454
2023-04-03,3.5054897680421018
2023-04-04,3.5238818894057693
2023-04-05,3.54221976539089
2023-04-06,3.5605592892029803
2023-04-10,3.57884453777529
2023-04-11,3.597075501235847
2023-04-12,3.615308092927184
2023-04-13,3.6335982511963487
2023-04-14,3.6518900479941587
2023-04-17,3.6702394317231892
2023-04-18,3.688534511031948
2023-04-19,3.7068312293102093
2023-04-20,3.725129586705458
2023-04-21,3.739232046659937
2023-04-24,3.7533914500879986
2023-04-25,3.7674958611505085
2023-04-26,3.7814892907707924
2023-04-27,3.7955956377531264
2023-04-28,3.809702958592335
2023-05-01,3.8238672425323075
2023-05-02,3.838032508209392
2023-05-03,3.852142758752487
2023-05-04,3.8677099076924333
2023-05-05,3.883278242219769
2023-05-08,3.8988477624267617
2023-05-09,3.9143624544179154
2023-05-10,3.929878323751469
2023-05-11,3.9453393522978364
2023-05-12,3.960857576584711
2023-05-15,3.976433005204421
2023-05-16,3.9919535890539217
2023-05-17,4.007531390202149
2023-05-18,4.023110377749387
2023-05-19,4.038634503742934
2023-05-22,4.054159807794668
2023-05-23,4.069686289995348
2023-05-24,4.085157889658606
2023-05-25,4.10068671991481
2023-05-26,4.116216728586964
2023-05-30,4.131747915763552
2023-05-31,4.147392428579464
2023-06-01,4.1630942192711675
2023-06-02,4.178741132283018
2023-06-05,4.194333154832947
2023-06-06,4.209870274181638
2023-06-07,4.225408572575324
2023-06-08,4.241004153572291
2023-06-09,4.256544814580843
2023-06-12,4.272142766903149
2023-06-13,4.2877419071597105
2023-06-14,4.303398356019202
2023-06-15,4.319168247065287
2023-06-16,4.330729748046989
2023-06-20,4.342291901487322
2023-06-21,4.353854707422979
2023-06-22,4.3654743023681135
2023-06-23,4.377094556233361
2023-06-26,4.388827754836132
2023-06-27,4.400449333022189
2023-06-28,4.412015417830796
2023-06-29,4.423357546082438
2023-06-30,4.434868758753555
2023-07-03,4.44615599315768
2023-07-05,4.457443849080973
2023-07-06,4.4687323265568315
2023-07-07,4.480077593400465
2023-07-10,4.491423488067376
2023-07-11,4.502770010591408
2023-07-12,4.514004809905902
2023-07-13,4.525352582031772
2023-07-14,4.536644801920954
2023-07-17,4.548050013311767
2023-07-18,4.559512048539247
2023-07-19,4.570974727471869
2023-07-20,4.582438043864974
2023-07-21,4.593789606049095
2023-07-24,4.605085594347953
2023-07-25,4.616382201553305
2023-07-26,4.627679430793984
2023-07-27,4.640382487490795
2023-07-28,4.653030118971503
2023-07-31,4.661518433771871
2023-08-01,4.670007099696078
2023-08-02,4.678552340096695
2023-08-03,4.687097936316981
2023-08-04,4.695643888371408
2023-08-07,4.704190196275873
2023-08-08,4.712680629667213
2023-08-09,4.721115181597979
2023-08-10,4.7294938451657
2023-08-11,4.737929087978871
2023-08-14,4.746364677409305
2023-08-15,4.754800613472011
2023-08-16,4.763236896180393
2023-08-17,4.771729772072091
2023-08-18,4.780166750427152
2023-08-21,4.788604075471305
2023-08-22,4.796985493777707
2023-08-23,4.8053109984880615
2023-08-24,4.813636840745043
2023-08-25,4.822019280829962
2023-08-28,4.83040206306703
2023-08-29,4.83884145236129
2023-08-30,4.8472811884434135
2023-08-31,4.855777538547679
2023-09-01,4.864274240107537
2023-09-05,4.872771293138442
2023-09-06,4.881212423452786
2023-09-07,4.889710177141301
2023-09-08,4.895225425131126
2023-09-11,4.900740821184579
2023-09-12,4.906368930513567
2023-09-13,4.9119971940189
2023-09-14,4.91762561170503
2023-09-15,4.923310469295031
2023-09-18,4.928995484173374
2023-09-19,4.934680656344737
2023-09-20,4.940309695422409
2023-09-21,4.94593888870203
2023-09-22,4.951568236188188
2023-09-25,4.957197736342738
2023-09-26,4.962883688813085
2023-09-27,4.968569797044855
2023-09-28,4.974199762940676
2023-09-29,4.979829883063738
2023-10-02,4.985516460162047
2023-10-03,4.991315804787426
2023-10-04,4.997059007141202
2023-10-05,5.002802369971291
2023-10-06,5.0084332736348784
2023-10-10,5.014120643689108
2023-10-11,5.019751857405663
2023-10-12,5.025439540621876
2023-10-13,5.031127381204938
2023-10-16,5.036815379158548
2023-10-17,5.042447214575647
2023-10-18,5.048079205814105
2023-10-19,5.053711351335693
2023-10-20,5.0593436511438385
2023-10-23,5.064919779174905
2023-10-24,5.070496058431784
2023-10-25,5.074664270854861
2023-10-26,5.078945225619607
2023-10-27,5.083226269510905
2023-10-30,5.087507402531158
2023-10-31,5.092013952162868
2023-11-01,5.096351601240972
2023-11-02,5.1007456761081125
2023-11-03,5.105083509367096
2023-11-06,5.109421434125058
2023-11-07,5.113759450383693
2023-11-08,5.118097558145672
2023-11-09,5.122435757412864
2023-11-10,5.126774048186207
2023-11-13,5.131112430468683
2023-11-14,5.135450904261182
2023-11-15,5.139789469566777
2023-11-16,5.144128126386804
2023-11-17,5.148466874722556
2023-11-20,5.1527493660078045
2023-11-21,5.157031946451799
2023-11-22,5.161314616055831
2023-11-24,5.165653726911284
2023-11-27,5.1699929292928815
2023-11-28,5.1743322232023585
2023-11-29,5.17861525298635
2023-11-30,5.1830110855970295
2023-12-01,5.187745160329151
2023-12-04,5.192366625337947
2023-12-05,5.19659366651671
2023-12-06,5.200820795700024
2023-12-07,5.2051607398696405
2023-12-08,5.209500775582901
2023-12-11,5.213840902841232
2023-12-12,5.218124755169405
2023-12-13,5.220999485708782
2023-12-14,5.223874256411224
2023-12-15,5.226749066488042
2023-12-18,5.229454805667199
2023-12-19,5.2321605811649325
2023-12-20,5.2349227640618565
2023-12-21,5.237403121456701
2023-12-22,5.240109000725914
2023-12-26,5.243040409280775
2023-12-27,5.246310105651062
2023-12-28,5.249636228942496
2023-12-29,5.252849654227067
2024-01-02,5.25623226090134
2024-01-03,5.259558545468237
2024-01-04,5.262490233485237
2024-01-05,5.265365583844839
2024-01-08,5.268240974374941
2024-01-09,5.271116405076613
2024-01-10,5.2739918759505215
2024-01-11,5.276867386996444
2024-01-12,5.279742938215716
2024-01-16,5.2826749137533024
2024-01-17,5.285606931056399
2024-01-18,5.288482604373495
2024-01-19,5.291301930554878
2024-01-22,5.294121295351963
2024-01-23,5.296940698765641
2024-01-24,5.299760140796002
2024-01-25,5.302636011056765
2024-01-26,5.304102151435727
2024-01-29,5.305511911840936
2024-01-30,5.306921681900361
2024-01-31,5.308387852803713
2024-02-01,5.3098540341488984
2024-02-02,5.311376618345599
2024-02-05,5.312842821379393
2024-02-06,5.31425264164396
2024-02-07,5.3157188651617115
2024-02-08,5.317185099122721
2024-02-09,5.3186513435263665
2024-02-12,5.320117598373315
2024-02-13,5.321583863663031
2024-02-14,5.322993744175623
2024-02-15,5.324460029950277
2024-02-16,5.325813533780841
2024-02-20,5.327167046509441
2024-02-21,5.328520568136744
2024-02-22,5.329761303772719
2024-02-23,5.331058444300082
2024-02-26,5.332411991140437
2024-02-27,5.333821945421755
2024-02-28,5.3352883083180895
2024-02-29,5.336811080633317
2024-03-01,5.33827746481864
2024-03-04,5.339743859448736
2024-03-05,5.341210264522803
2024-03-06,5.342676680041064
2024-03-07,5.344143106003429
2024-03-08,5.345553140623564
2024-03-11,5.34701958707296
2024-03-12,5.348486043966817
2024-03-13,5.3499525113058475
2024-03-14,5.351418989088403
2024-03-15,5.352885477316622
2024-03-18,5.354351975989525
2024-03-19,5.355818485106576
2024-03-20,5.3572285996839
2024-03-21,5.358638723918377
2024-03-22,5.359879640722982
2024-03-25,5.361289783113206
2024-03-26,5.362756341241927
2024-03-27,5.364279316299636
2024-03-28,5.365858709522287
2024-04-01,5.367494522192772
2024-04-02,5.36907394007647
2024-04-03,5.370596962278043
2024-04-04,5.372063586695453
2024-04-05,5.373586631008901
2024-04-08,5.374996867269555
2024-04-09,5.376407113187319
2024-04-10,5.377873779388271
2024-04-11,5.379284045008297
2024-04-12,5.380750731699309
2024-04-15,5.382273840265313
2024-04-16,5.3836841360185685
2024-04-17,5.385094441430091
2024-04-18,5.385038029213501
2024-04-19,5.385094441430181
2024-04-22,5.38509444143027
2024-04-23,5.385094441430091
2024-04-24,5.385150853662045
2024-04-25,5.3852072659094965
2024-04-26,5.385320090434946
2024-04-29,5.385432915022962
2024-04-30,5.385658564321276
2024-05-01,5.385771389094407
2024-05-02,5.385827801511031
2024-05-03,5.385884213944175
2024-05-06,5.3859406263927285
2024-05-07,5.385997038856466
2024-05-08,5.386053451335388
2024-05-09,5.386109863830253
2024-05-10,5.386166276340569
2024-05-13,5.386222688866027
2024-05-14,5.386279101407026
2024-05-15,5.386335513963165
2024-05-16,5.386391926535425
2024-05-17,5.38644833912278
2024-05-20,5.3865047517255435
2024-05-21,5.3865611643437585
2024-05-22,5.386617576977382
2024-05-23,5.3866175769774705
2024-05-24,5.386673989611361
2024-05-28,5.386730402260659
2024-05-29,5.386899640300865
2024-05-30,5.387012465722456
2024-05-31,5.387238116751954
2024-06-03,5.387520180847559
2024-06-04,5.387689419536759
2024-06-05,5.38785865836494
2024-06-06,5.388027897332503
2024-06-07,5.388140723372583
2024-06-10,5.388197136423461
2024-06-11,5.38825354948988
2024-06-12,5.388309962587515
2024-06-13,5.3883663757002465
2024-06-14,5.388422788828252
2024-06-17,5.388535615084841
2024-06-18,5.388648441403107
2024-06-20,5.388648441403107
2024-06-21,5.388648441403196
2024-06-24,5.388648441402928
2024-06-25,5.388704854577424
2024-06-26,5.388761267752186
2024-06-27,5.3888740941630315
2024-06-28,5.38893050739947
2024-07-01,5.389438226805019
2024-07-02,5.3896638804305805
2024-07-03,5.38977670736698
2024-07-05,5.389833120865927
2024-07-08,5.389889534380505
2024-07-09,5.390058774970418
2024-07-10,5.3902280156998925
2024-07-11,5.390453670252454
2024-07-12,5.390679325052341
2024-07-15,5.390904980099641
2024-07-16,5.3911870492177565
2024-07-17,5.391469118722132
2024-07-18,5.391694774634936
2024-07-19,5.39186401670853
2024-07-22,5.391976844850337
2024-07-23,5.392146087155625
2024-07-24,5.3920896730690036
2024-07-25,5.392258915420604
2024-07-26,5.392371743717156
2024-07-29,5.3924281579118105
2024-07-30,5.392484572121516
2024-07-31,5.392823057474025
2024-08-01,5.392992300427951
2024-08-02,5.3931615435217495
2024-08-05,5.393161543521794
2024-08-06,5.393217957932646
2024-08-07,5.393274372359084
2024-08-08,5.393387201242553
2024-08-09,5.393500030187697
2024-08-12,5.393612859195007
2024-08-13,5.393782102844728
2024-08-14,5.3938949320372425
2024-08-15,5.394120590546199
2024-08-16,5.394120590546332
2024-08-19,5.394120590546199
2024-08-20,5.394120590546065
2024-08-21,5.394120590546376
2024-08-22,5.394007761229978
2024-08-23,5.393669274023024
2024-08-26,5.393500030605085
2024-08-27,5.393612859581268
2024-08-28,5.3937821031845
2024-08-29,5.393838517765282
2024-08-30,5.393838517765282
2024-09-03,5.393951346958063
2024-09-04,5.394177005529006
2024-09-05,5.394402664346695
2024-09-06,5.394571908645589
2024-09-09,5.394684738239905
2024-09-10,5.394741153068101
2024-09-11,5.394797567926934
2024-09-12,5.394910397675996
2024-09-13,5.395023227486776
2024-09-16,5.395361717011653
2024-09-17,5.395530961912784
2024-09-18,5.395192472202969
2024-09-19,5.391920411276002
2024-09-20,5.388817642477614
2024-09-23,5.385602095932131
2024-09-24,5.3824994231773715
2024-09-25,5.379791671650055
2024-09-26,5.377083954984529
2024-09-27,5.374432683944296
2024-09-30,5.372458358589069
2024-10-01,5.37099173095795
2024-10-02,5.368791805180571
2024-10-03,5.366197048651184
2024-10-04,5.363433104455863
2024-10-07,5.360669197359432
2024-10-08,5.358018137656772
2024-10-09,5.355310707286163
2024-10-10,5.352546908457723
2024-10-11,5.3497267434261815
2024-10-15,5.347188629661778
2024-10-16,5.344594146062733
2024-10-17,5.341943294049807
2024-10-18,5.3392924754398825
2024-10-21,5.336528891619075
2024-10-22,5.33376534565071
2024-10-23,5.331001836776159
2024-10-24,5.328238364995067
2024-10-25,5.325531326192395
2024-10-28,5.322767927083408
2024-10-29,5.320004565066901
2024-10-30,5.317184845755749
2024-10-31,5.31487270759018
2024-11-01,5.312335023470411
2024-11-04,5.309571801491947
2024-11-05,5.306865007389907
2024-11-06,5.304045468046697
2024-11-07,5.301338746609327
2024-11-08,5.297391496415563
2024-11-12,5.293444321911368
2024-11-13,5.289440835969315
2024-11-14,5.2853246569609285
2024-11-15,5.281152175377943
2024-11-18,5.276979778375879
2024-11-19,5.272807465952156
2024-11-20,5.268522476364403
2024-11-21,5.2643503353789916
2024-11-22,5.260178278966842
2024-11-25,5.256062685124983
2024-11-26,5.25194717358246
2024-11-27,5.247775368595513
2024-11-29,5.24371639737534
2024-12-02,5.239939373653407
2024-12-03,5.236162419252718
2024-12-04,5.232103677077305
2024-12-05,5.228045014952507
2024-12-06,5.224042802073009
2024-12-09,5.220209771330843
2024-12-10,5.216433179037545
2024-12-11,5.212543924028675
2024-12-12,5.208654742531722
2024-12-13,5.204652906778069
2024-12-16,5.2009329627950995
2024-12-17,5.196987640073466
2024-12-18,5.19270423014332
2024-12-19,5.186842845453401
2024-12-20,5.1809252715067675
2024-12-23,5.175120578629571
2024-12-24,5.169935947856643
2024-12-26,5.165484040153268
2024-12-27,5.160637764493701
2024-12-30,5.155340795833263
2024-12-31,5.150720154920864
2025-01-02,5.145592485676847
2025-01-03,5.139957824772964
2025-01-06,5.1340979379586305
2025-01-07,5.128181876247782
2025-01-08,5.122435008597821
2025-01-09,5.116744641787758
2025-01-10,5.111110769577785
2025-01-13,5.105364378914666
2025-01-14,5.099561813222641
2025-01-15,5.093759411250693
2025-01-16,5.088013505404067
2025-01-17,5.082267760104867
2025-01-21,5.076465847675166
2025-01-22,5.070720426604106
2025-01-23,5.065144147373277
2025-01-24,5.059624340868325
2025-01-27,5.054161004092187
2025-01-28,5.048754134048287
2025-01-29,5.043347406191447
2025-01-30,5.037997139118806
2025-01-31,5.032759645549952
2025-02-03,5.027353338309104
2025-02-04,5.0218345448019726
2025-02-05,5.016315899448867
2025-02-06,5.0109663358338965
2025-02-07,5.005560601703808
2025-02-10,5.000155009730454
2025-02-11,4.994693253142419
2025-02-12,4.989119031135475
2025-02-13,4.983601264044087
2025-02-14,4.97808364507934
2025-02-18,4.972791377128793
2025-02-19,4.967330349128343
2025-02-20,4.961756870712519
2025-02-21,4.95618354497217
2025-02-24,4.95061037037681
2025-02-25,4.944924762147201
2025-02-26,4.93918302120179
2025-02-27,4.9337228877207195
2025-02-28,4.928431764944413
2025-03-03,4.9228030558676465
2025-03-04,4.9171745009799155
2025-03-05,4.911658666779715
2025-03-06,4.906199263165512
2025-03-07,4.900740003120431
2025-03-10,4.895224608599688
2025-03-11,4.88965308411756
2025-03-12,4.8839128843792645
2025-03-13,4.87811657013306
2025-03-14,4.872376691165746
2025-03-17,4.86680578630381
2025-03-18,4.861178762281019
2025-03-19,4.8553268208115705
2025-03-20,4.849418780611299
2025-03-21,4.843567175774659
2025-03-24,4.837828263729018
2025-03-25,4.8318082122204755
2025-03-26,4.82618215306065
2025-03-27,4.8207250221779585
2025-03-28,4.815211777202522
2025-03-31,4.810092472873306
2025-04-01,4.804748280328199
2025-04-02,4.79929172046977
2025-04-03,4.793947808999623
2025-04-04,4.788379035653981
2025-04-07,4.782697915908387
2025-04-08,4.777354437731917
2025-04-09,4.772123589962632
2025-04-10,4.766667896989383
2025-04-11,4.760987377930012
2025-04-14,4.755363255701083
2025-04-15,4.749851768408534
2025-04-16,4.744059238291289
2025-04-17,4.738266873197407
2025-04-21,4.732474671535488
2025-04-22,4.726682630127227
2025-04-23,4.720778288491435
2025-04-24,4.7146492042463874
2025-04-25,4.708913897455619
2025-04-28,4.703347431696288
2025-04-29,4.697949788666408
2025-04-30,4.692777184876242
2025-05-01,4.687492266370587
2025-05-02,4.68198260110094
2025-05-05,4.676304425045327
2025-05-06,4.670570188079537
2025-05-07,4.664723678457806
2025-05-08,4.658877333795226
2025-05-09,4.652862519231009
2025-05-12,4.647016510880123
2025-05-13,4.641283089110244
2025-05-14,4.63549361909189
2025-05-15,4.629872931466474
2025-05-16,4.624196192474038
2025-05-19,4.618351002398733
2025-05-20,4.612337374045828
2025-05-21,4.606211522661307
2025-05-22,4.6000858541866645
2025-05-23,4.594072759552018
2025-05-27,4.5883970126048
2025-05-28,4.5827214257992
2025-05-29,4.576989805217585
2025-05-30,4.571370726360131
2025-06-02,4.565807989153473
2025-06-03,4.560076839582027
2025-06-04,4.5541772900157245
2025-06-05,4.54839027769355
2025-06-06,4.542547247252033
2025-06-09,4.536704383272763
2025-06-10,4.530524615511775
2025-06-11,4.524345033963076
2025-06-12,4.518446512148492
2025-06-13,4.515413031516728
2025-06-16,4.512548120752467
2025-06-17,4.509627076076529
2025-06-18,4.506481381328108
2025-06-20,4.503391907095638
2025-06-23,4.500358649991477
2025-06-24,4.497325438587932
2025-06-25,4.493955264628617
2025-06-26,4.4903043118485915
2025-06-27,4.487327423525558
2025-06-30,4.485080743668092
