date,rate_pct
2009-01-16,4.014994285552986
2009-01-19,4.008069451325358
2009-01-20,4.001323021635139
2009-01-21,3.994621813538013
2009-01-22,3.987891854780534
2009-01-23,3.9811183670300676
2009-01-26,3.9743309454018716
2009-01-27,3.9675887264705056
2009-01-28,3.960803006018221
2009-01-29,3.954018146216265
2009-01-30,3.947263695762382
2009-02-02,3.9405544216020605
2009-02-03,3.933934628769653
2009-02-04,3.9273451937531734
2009-02-05,3.920697478419488
2009-02-06,3.914035813506289
2009-02-09,3.907315900931807
2009-02-10,3.9006706564634896
2009-02-11,3.894011463951641
2009-02-12,3.8872792873721917
2009-02-13,3.880429871269908
2009-02-16,3.8736108416287607
2009-02-17,3.86691072930877
2009-02-18,3.8601524294807232
2009-02-19,3.853335964256255
2009-02-20,3.8465056093273997
2009-02-23,3.8395876270929774
2009-02-24,3.8328474983907013
2009-02-25,3.8259607644027693
2009-02-26,3.818927483943202
2009-02-27,3.8118656405784823
2009-03-02,3.8048047238325333
2009-03-03,3.7977594668132553
2009-03-04,3.7907593397767503
2009-03-05,3.7836864553819405
2009-03-06,3.776614500992459
2009-03-09,3.7695434764860702
2009-03-10,3.762561746449544
2009-03-11,3.755625097785298
2009-03-12,3.7485126584454798
2009-03-13,3.7413864326538038
2009-03-16,3.7343347599644527
2009-03-17,3.727239859220599
2009-03-18,3.72007231231658
2009-03-19,3.7129351473261574
2009-03-20,3.7058872040089064
2009-03-23,3.6987666335978053
2009-03-24,3.6916764233231647
2009-03-25,3.684587149216856
2009-03-26,3.677439992646303
2009-03-27,3.670308487812435
2009-03-30,3.6631779324127534
2009-03-31,3.656063022641931
2009-04-01,3.6489490561980142
2009-04-02,3.641806644211587
2009-04-03,3.634738639444013
2009-04-06,3.627671567913948
2009-04-07,3.620649493352701
2009-04-08,3.6136430249601226
2009-04-09,3.6065346788594743
2009-04-10,3.5994419599344796
2009-04-13,3.5922474098793677
2009-04-14,3.5851125467177503
2009-04-15,3.577919925982942
2009-04-16,3.5706842441206588
2009-04-17,3.563464208359013
2009-04-20,3.5559664018214643
2009-04-21,3.548484315583378
2009-04-22,3.5410032746368447
2009-04-23,3.533567276774474
2009-04-24,3.5261469722148497
2009-04-27,3.518713037657606
2009-04-28,3.511250816487921
2009-04-29,3.5037896398781854
2009-04-30,3.4963734709322236
2009-05-01,3.4889876388003005
2009-05-04,3.4815735256239155
2009-05-05,3.474219029497161
2009-05-06,3.4668216016187525
2009-05-07,3.4594105527584795
2009-05-08,3.4520005291154066
2009-05-11,3.4445768923255793
2009-05-12,3.437139646313392
2009-05-13,3.4297034352543054
2009-05-14,3.422224356629444
2009-05-15,3.4147755911096977
2009-05-18,3.4072400820481796
2009-05-19,3.3997495178305526
2009-05-20,3.39227462805346
2009-05-21,3.384815414613873
2009-05-22,3.3773864869306114
2009-05-25,3.3699732128502413
2009-05-26,3.3625463526136268
2009-05-27,3.355120523850119
2009-05-28,3.3477103421596155
2009-05-29,3.3403304170521952
2009-06-01,3.332951516898963
2009-06-02,3.325588243143096
2009-06-03,3.318342833309673
2009-06-04,3.3110399911347232
2009-06-05,3.3036797445520127
2009-06-08,3.2963351137781705
2009-06-09,3.288947696090394
2009-06-10,3.281546706785521
2009-06-11,3.2741321497761544
2009-06-12,3.2667186245619706
2009-06-15,3.259379088613601
2009-06-16,3.2520697389879505
2009-06-17,3.2447613965058686
2009-06-18,3.23738114161517
2009-06-19,3.2300893984902324
2009-06-22,3.2227840726019252
2009-06-23,3.215465171817733
2009-06-24,3.208176422462139
2009-06-25,3.2008303734394117
2009-06-26,3.193470765148132
2009-06-29,3.186083034050191
2009-06-30,3.178812878520698
2009-07-01,3.171441754656168
2009-07-02,3.16402795624664
2009-07-03,3.156615189526668
2009-07-06,3.149261697802297
2009-07-07,3.141938338031436
2009-07-08,3.134557761950252
2009-07-09,3.1271491022892395
2009-07-10,3.1196978218739235
2009-07-13,3.1121748365064095
2009-07-14,3.104725652206475
2009-07-15,3.0972193343741905
2009-07-16,3.089757708681018
2009-07-17,3.0822098857458458
2009-07-20,3.0746776747724747
2009-07-21,3.0672482885084507
2009-07-22,3.059849011917337
2009-07-23,3.0524653018850656
2009-07-24,3.045097150177667
2009-07-27,3.0377445526154734
2009-07-28,3.030291284771569
2009-07-29,3.0229116919807564
2009-07-30,3.0155331261198293
2009-07-31,3.0082281926149146
2009-08-03,3.00082263474003
2009-08-04,2.993505209471581
2009-08-05,2.986159765096774
2009-08-06,2.9788298515442735
2009-08-07,2.9714574200270905
2009-08-10,2.9641005230687134
2009-08-11,2.9567301392373624
2009-08-12,2.949317265284035
2009-08-13,2.9419489366442786
2009-08-14,2.934581633367639
2009-08-17,2.9271863623196337
2009-08-18,2.9197341385772124
2009-08-19,2.9123989196308986
2009-08-20,2.905079209886663
2009-08-21,2.897702548908465
2009-08-24,2.8903269164726075
2009-08-25,2.8829812832327217
2009-08-26,2.875636670185344
2009-08-27,2.868264110399965
2009-08-28,2.860892578586083
2009-08-31,2.8534786416393176
2009-09-01,2.8460657445249393
2009-09-02,2.838639414881494
2009-09-03,2.8312575434790044
2009-09-04,2.8239490545352575
2009-09-07,2.8165692354630845
2009-09-08,2.8091325826965274
2009-09-09,2.8017403694238774
2009-09-10,2.7943636550575524
2009-09-11,2.787002429354024
2009-09-14,2.779541025576804
2009-09-15,2.7722107827679143
2009-09-16,2.7648526499157278
2009-09-17,2.7574088289715415
2009-09-18,2.750023858004025
2009-09-21,2.7426977106484562
2009-09-22,2.7353870267650127
2009-09-23,2.7280629122349076
2009-09-24,2.720682045058631
2009-09-25,2.713287769110162
2009-09-28,2.705894530236952
2009-09-29,2.698502324243446
2009-09-30,2.691053411526312
2009-10-01,2.6835766963250185
2009-10-02,2.676158765044989
2009-10-05,2.6688284446188204
2009-10-06,2.6614847165101985
2009-10-07,2.6540843195100527
2009-10-08,2.646684960443624
2009-10-09,2.639301060844701
2009-10-12,2.631918196866012
2009-10-13,2.6244642904025617
2009-10-14,2.617184402521888
2009-10-15,2.609804642510727
2009-10-16,2.602526782595438
2009-10-19,2.595249929474397
2009-10-20,2.5877868105674273
2009-10-21,2.580339152096822
2009-10-22,2.5729501542474997
2009-10-23,2.5656053931631173
2009-10-26,2.558232863264931
2009-10-27,2.550832576541251
2009-10-28,2.5434189384034522
2009-10-29,2.535991954800376
2009-10-30,2.5286379676475734
2009-11-02,2.5212993992555055
2009-11-03,2.5138755442705385
2009-11-04,2.50651027371952
2009-11-05,2.499174798709569
2009-11-06,2.491797208726987
2009-11-09,2.484435032729404
2009-11-10,2.4770595161129227
2009-11-11,2.46967066278011
2009-11-12,2.4622109920982016
2009-11-13,2.4548242274373577
2009-11-16,2.447438502844912
2009-11-17,2.440096913413814
2009-11-18,2.432598356192728
2009-11-19,2.42515831505119
2009-11-20,2.417791124418789
2009-11-23,2.4104249710993453
2009-11-24,2.4030742078701484
2009-11-25,2.395724473600924
2009-11-26,2.3883470683292662
2009-11-27,2.3809850527163334
2009-11-30,2.3735953799614573
2009-12-01,2.3662354393857776
2009-12-02,2.3588621902587037
2009-12-03,2.351461297705837
2009-12-04,2.344118804358597
2009-12-07,2.3367773408240478
2009-12-08,2.329393902670951
2009-12-09,2.32206883711612
2009-12-10,2.314701804698671
2009-12-11,2.3073644670113636
2009-12-14,2.2999421982465407
2009-12-15,2.2925782833132624
2009-12-16,2.285029213530043
2009-12-17,2.277610116107742
2009-12-18,2.2702922992444474
2009-12-21,2.2629182405031534
2009-12-22,2.255616794764115
2009-12-23,2.2482734294236306
2009-12-24,2.2409310960300854
2009-12-25,2.233589794438373
2009-12-28,2.2262495265139903
2009-12-29,2.218910290100684
2009-12-30,2.2115291756178546
2009-12-31,2.2040346888495987
2010-01-01,2.1965984713089304
2010-01-04,2.1892491053230767
2010-01-05,2.1819007741398666
2010-01-06,2.1745534776140385
2010-01-07,2.16716434060783
2010-01-08,2.1598334052937984
2010-01-11,2.15244635501749
2010-01-12,2.145103203710219
2010-01-13,2.1377325218184917
2010-01-14,2.1303343213261106
2010-01-15,2.122937172643824
2010-01-18,2.1156124544815302
2010-01-19,2.108374412910974
2010-01-20,2.1011231043438383
2010-01-21,2.093730100651614
2010-01-22,2.086323875823348
2010-01-25,2.0789615043748877
2010-01-26,2.071628701865391
2010-01-27,2.0643254561135027
2010-01-28,2.0569804542522774
2010-01-29,2.0496650048377307
2010-02-01,2.042322075230185
2010-02-02,2.0351084686836995
2010-02-03,2.027895860042217
2010-02-04,2.020641502518139
2010-02-05,2.0133454099152126
2010-02-08,2.0060788330002355
2010-02-09,1.9988560039323588
2010-02-10,1.991634176024093
2010-02-11,1.9843421498114577
2010-02-12,1.9770511463336304
2010-02-15,1.969689984309353
2010-02-16,1.9623868036274028
2010-02-17,1.9551415761975055
2010-02-18,1.9478546682117126
2010-02-19,1.9405830124890944
2010-02-22,1.9332981463980103
2010-02-23,1.9260569748620449
2010-02-24,1.918802588691737
2010-02-25,1.9115065570993406
2010-02-26,1.9041973345214402
2010-03-01,1.8969175756494705
2010-03-02,1.8895961949533024
2010-03-03,1.8823469105192836
2010-03-04,1.8751128511502846
2010-03-05,1.8679082190987017
2010-03-08,1.8606761709644593
2010-03-09,1.8534451292284815
2010-03-10,1.8461866909323055
2010-03-11,1.8389576714749722
2010-03-12,1.8316870686859388
2010-03-15,1.8244600808392741
2010-03-16,1.8172341006644555
2010-03-17,1.8100375090266074
2010-03-18,1.8027993453611946
2010-03-19,1.7956331355688415
2010-03-22,1.7884537305392079
2010-03-23,1.7813320572172997
2010-03-24,1.774126267177567
2010-03-25,1.7669214798816002
2010-03-26,1.759703516488531
2010-03-29,1.7524582041002823
2010-03-30,1.745228080637462
2010-03-31,1.7378997441408695
2010-04-01,1.7306574858239165
2010-04-02,1.7234870910127986
2010-04-05,1.7163601905642478
2010-04-06,1.709262601903383
2010-04-07,1.7020668448519127
2010-04-08,1.6948862500855144
2010-04-09,1.6877349705551548
2010-04-12,1.680513895243807
2010-04-13,1.6733646058904594
2010-04-14,1.6662021524547432
2010-04-15,1.659068997976565
2010-04-16,1.651851931421311
2010-04-19,1.6446217239975414
2010-04-20,1.6374915450563021
2010-04-21,1.6303623505247056
2010-04-22,1.623219998948533
2010-04-23,1.6161210535267978
2010-04-26,1.6090230843131326
2010-04-27,1.6018978202048784
2010-04-28,1.5947735398269658
2010-04-29,1.5876078463942789
2010-04-30,1.5804714093168415
2010-05-03,1.5732370661136752
2010-05-04,1.5660743676787048
2010-05-05,1.5589409114163622
2010-05-06,1.5518084400155563
2010-05-07,1.5446769552942552
2010-05-10,1.5375323392747164
2010-05-11,1.5304028294558458
2010-05-12,1.5231755085480692
2010-05-13,1.5160056489667006
2010-05-14,1.5088791170696836
2010-05-17,1.5017112489081441
2010-05-18,1.4945584842660287
2010-05-19,1.4873643987970975
2010-05-20,1.4802559311754782
2010-05-21,1.4731484449654553
2010-05-24,1.4660278437246599
2010-05-25,1.458908227521205
2010-05-26,1.4517614055769013
2010-05-27,1.4444182836417574
2010-05-28,1.4380907267889431
2010-05-31,1.4315807907243183
2010-06-01,1.4254661249694656
2010-06-02,1.4191127296890427
2010-06-03,1.4123798558134393
2010-06-04,1.405732354616418
2010-06-07,1.3989167529146362
2010-06-08,1.3922991488417025
2010-06-09,1.3858372356972626
2010-06-10,1.3792213137985065
2010-06-11,1.3722825712204956
2010-06-14,1.365119635066503
2010-06-15,1.3579295623556087
2010-06-16,1.3511624991808469
2010-06-17,1.344396327653019
2010-06-18,1.337673235381731
2010-06-21,1.330936960234641
2010-06-22,1.3238500854730217
2010-06-23,1.3168063593789747
2010-06-24,1.3100306535262063
2010-06-25,1.3034244880985812
2010-06-28,1.2965381356002226
2010-06-29,1.2896386536586424
2010-06-30,1.2824872230741025
2010-07-01,1.2755755886379783
2010-07-02,1.2684542247730968
2010-07-05,1.261221512748223
2010-07-06,1.2545654732342482
2010-07-07,1.2481629945820805
2010-07-08,1.2417051659263323
2010-07-09,1.2352762232444747
2010-07-12,1.2288621188749294
2010-07-13,1.2223365639247086
2010-07-14,1.2157276610816115
2010-07-15,1.2090775305620194
2010-07-16,1.2029191841199771
2010-07-19,1.1962847412082311
2010-07-20,1.1898334515466735
2010-07-21,1.183523185286861
2010-07-22,1.1771295809022697
2010-07-23,1.1707087418314943
2010-07-26,1.1642887083389564
2010-07-27,1.1576732847505378
2010-07-28,1.151619208472232
2010-07-29,1.1452295911323573
2010-07-30,1.138826761384637
2010-08-02,1.132354699767557
2010-08-03,1.126065526089004
2010-08-04,1.119749118735347
2010-08-05,1.113447493628239
2010-08-06,1.1070206424524387
2010-08-09,1.1006785895086857
2010-08-10,1.094393310204489
2010-08-11,1.0879968428571307
2010-08-12,1.081447253974388
2010-08-13,1.0749964455370131
2010-08-16,1.0685044849229053
2010-08-17,1.0620972760438607
2010-08-18,1.0559286329417161
2010-08-19,1.0497747195301832
2010-08-20,1.0440690028071353
2010-08-23,1.038335959296277
2010-08-24,1.0327014191274908
2010-08-25,1.0268298692685307
2010-08-26,1.0206934397266054
2010-08-27,1.014683521993287
2010-08-30,1.0086743121909048
2010-08-31,1.002526097842682
2010-09-01,0.9963646513376334
2010-09-02,0.9902877582652736
2010-09-03,0.9842534889898169
2010-09-06,0.9782199338189135
2010-09-07,0.9722010575780815
2010-09-08,0.9661828903231195
2010-09-09,0.9601514720026905
2010-09-10,0.9540370177139712
2010-09-13,0.9478395576567045
2010-09-14,0.941977771549718
2010-09-15,0.9359492226553301
2010-09-16,0.9298934838603334
2010-09-17,0.9236850155167287
2010-09-20,0.9176725797303109
2010-09-21,0.9116747988513474
2010-09-22,0.9059566284032372
2010-09-23,0.8999741710687292
2010-09-24,0.8941178953059015
2010-09-27,0.8881647081225075
2010-09-28,0.8824491750905383
2010-09-29,0.8767482211989863
2010-09-30,0.8709642860155298
2010-10-01,0.8653342908226946
2010-10-04,0.8596073910694169
2010-10-05,0.8540901008406987
2010-10-06,0.8488102107718998
2010-10-07,0.8429737447601671
2010-10-08,0.8372632858124063
2010-10-11,0.8319433661940434
2010-10-12,0.8266240032842931
2010-10-13,0.8209432244947523
2010-10-14,0.8154301270752118
2010-10-15,0.8101264141738951
2010-10-18,0.8061315418863235
2010-10-19,0.8021369836896608
2010-10-20,0.7966815876541467
2010-10-21,0.79103198446413
2010-10-22,0.785480395095095
2010-10-25,0.7798042163903118
2010-10-26,0.7741286720987617
2010-10-27,0.7684676696927628
2010-10-28,0.7628072984535383
2010-10-29,0.7572031776867383
2010-11-01,0.7515857726720587
2010-11-02,0.74596898934709
2010-11-03,0.7403806273621139
2010-11-04,0.7347650825955676
2010-11-05,0.7292196418231978
2010-11-08,0.7236748071818844
2010-11-09,0.7187974880026315
2010-11-10,0.7142679607824443
2010-11-11,0.7096832710457357
2010-11-12,0.7049462034701137
2010-11-15,0.7003762506434419
2010-11-16,0.6958483735244769
2010-11-17,0.6915986353908221
2010-11-18,0.6874047963849272
2010-11-19,0.6833640363632765
2010-11-22,0.6797123391131032
2010-11-23,0.6762274998239337
2010-11-24,0.6724236181818832
2010-11-25,0.6684950961155733
2010-11-26,0.6645391195321371
2010-11-29,0.6608193866004863
2010-11-30,0.6570582941138547
2010-12-01,0.6531448397095962
2010-12-02,0.6492039358628965
2010-12-03,0.6453327089741778
2010-12-06,0.6414617779715193
2010-12-07,0.6376188861626497
2010-12-08,0.6336930592046763
2010-12-09,0.6297397954817874
2010-12-10,0.6258423162125881
2010-12-13,0.6219174022671359
2010-12-14,0.6182285313900859
2010-12-15,0.6144428691462922
2010-12-16,0.6104772480010401
2010-12-17,0.6065812558330608
2010-12-20,0.6025746640689333
2010-12-21,0.5988317572971802
2010-12-22,0.5950336841284876
2010-12-23,0.5911527391890603
2010-12-24,0.5873136671497581
2010-12-27,0.5834333143821313
2010-12-28,0.5795948270739704
2010-12-29,0.5757289205586269
2010-12-30,0.5718633105813109
2010-12-31,0.5679010179287403
2011-01-03,0.5644377183049776
2011-01-04,0.5616949330373711
2011-01-05,0.5590631043753902
2011-01-06,0.5562236584631841
2011-01-07,0.5535782643597775
2011-01-10,0.5509330086790332
2011-01-11,0.5478170618658185
2011-01-12,0.5448536231642209
2011-01-13,0.5419318968950204
2011-01-14,0.5392595587205395
2011-01-17,0.5360058849332328
2011-01-18,0.5329739222805885
2011-01-19,0.5302051575701072
2011-01-20,0.527422702260838
2011-01-21,0.5245296673240807
2011-01-24,0.5216783209103459
2011-01-25,0.5188271346309836
2011-01-26,0.5160176267359651
2011-01-27,0.5130698914550313
2011-01-28,0.5100254657434355
2011-01-31,0.5070504067677617
2011-02-01,0.5040893596927387
2011-02-02,0.501086981108334
2011-02-03,0.49804327760759604
2011-02-04,0.4950689243871542
2011-02-07,0.4921500767033793
2011-02-08,0.4896186904791877
2011-02-09,0.48681080541753685
2011-02-10,0.4838924334919503
2011-02-11,0.4809465711820393
2011-02-14,0.47798705204876724
2011-02-15,0.47515215866945626
2011-02-16,0.4720823624402182
2011-02-17,0.46930310538916276
2011-02-18,0.46691112189780615
2011-02-21,0.4645607273585983
2011-02-22,0.46212749504602746
2011-02-23,0.45955614193035066
2011-02-24,0.45701256599677276
2011-02-25,0.45449676307213194
2011-02-28,0.4521193037625326
2011-03-01,0.4496590291315661
2011-03-02,0.4470744917129066
2011-03-03,0.444476266352678
2011-03-04,0.44204400244591824
2011-03-07,0.43954276348073806
2011-03-08,0.43698637808609053
2011-03-09,0.4343748547198323
2011-03-10,0.4317358342820543
2011-03-11,0.4291660283988974
2011-03-14,0.4266101689196389
2011-03-15,0.42372290380596755
2011-03-16,0.4210430011145849
2011-03-17,0.4184599282806456
2011-03-18,0.41593223576451566
2011-03-21,0.4132803692700082
2011-03-22,0.4107805565896516
2011-03-23,0.40823943864986
2011-03-24,0.4056846390757318
2011-03-25,0.4030885440353238
2011-03-28,0.4004787751143546
2011-03-29,0.39795198268567367
2011-03-30,0.3954391231642873
2011-03-31,0.39280213718120294
2011-04-01,0.3901652899031549
2011-04-04,0.38744575501598044
2011-04-05,0.3849886301222183
2011-04-06,0.38258683667252713
2011-04-07,0.3800471371447234
2011-04-08,0.3774247571166067
2011-04-11,0.374816314155868
2011-04-12,0.3722632050410346
2011-04-13,0.36965502862068567
2011-04-14,0.3669503990491263
2011-04-15,0.36437009596834713
2011-04-18,0.3611000828124822
2011-04-19,0.358340729992046
2011-04-20,0.355788457295958
2011-04-21,0.35327769799919917
2011-04-22,0.3507670638896343
2011-04-25,0.34816000192537944
2011-04-26,0.3455668667930123
2011-04-27,0.3429462815307871
2011-04-28,0.3402982504532748
2011-04-29,0.3377055202331669
2011-05-02,0.33498881657662016
2011-05-03,0.33213437106320853
2011-05-04,0.32956963767419856
2011-05-05,0.32689473534417424
2011-05-06,0.3243164821994049
2011-05-09,0.3217107890793103
2011-05-10,0.31911901618908445
2011-05-11,0.316430884729213
2011-05-12,0.31371532925515977
2011-05-13,0.31090343911965856
2011-05-16,0.30828465887376977
2011-05-17,0.3055833246219275
2011-05-18,0.30292347869503855
2011-05-19,0.3001673119396031
2011-05-20,0.2974939730088111
2011-05-23,0.29491722677510435
2011-05-24,0.29234061254802546
2011-05-25,0.2896952433210642
2011-05-26,0.28711889591096496
2011-05-27,0.28448757787994383
2011-05-30,0.2818839477346513
2011-05-31,0.2793355500379291
2011-06-01,0.27674596035432986
2011-06-02,0.27400500156390395
2011-06-03,0.2712917372828971
2011-06-06,0.26879896257472335
2011-06-07,0.26625122735615125
2011-06-08,0.2636485407396916
2011-06-09,0.2610046807110966
2011-06-10,0.2583471910974189
2011-06-13,0.25571737857117416
2011-06-14,0.253266678033659
2011-06-15,0.2506784310027377
2011-06-16,0.24807655142790042
2011-06-17,0.24554363233186827
2011-06-20,0.24299707574559903
2011-06-21,0.24042312068858207
2011-06-22,0.23778048231369864
2011-06-23,0.23515174451819165
2011-06-24,0.2325506674584643
2011-06-27,0.23001852960865543
2011-06-28,0.22743147853422352
2011-06-29,0.22461064964718336
2011-06-30,0.2219550828686856
2011-07-01,0.21917583594137646
2011-07-04,0.2156538690332499
2011-07-05,0.2130400452802217
2011-07-06,0.20928467310818988
2011-07-07,0.2064098458384067
2011-07-08,0.20447044398738123
2011-07-11,0.2024898564051525
2011-07-12,0.20056435847163323
2011-07-13,0.19901025468143096
2011-07-14,0.1974011899459227
2011-07-15,0.1959984547606597
2011-07-18,0.19393569367098795
2011-07-19,0.19122674698175413
2011-07-20,0.18972793291276435
2011-07-21,0.18888916107543396
2011-07-22,0.18745916458979828
2011-07-25,0.18484680699554223
2011-07-26,0.1808460940615264
2011-07-27,0.17786292272662374
2011-07-28,0.17604834084584686
2011-07-29,0.17511357442399067
2011-08-01,0.17426130327000688
2011-08-02,0.17296918315230503
2011-08-03,0.17170458544099043
2011-08-04,0.17068742880654852
2011-08-05,0.16997268007744593
2011-08-08,0.1691617289483638
2011-08-09,0.16837827970781483
2011-08-10,0.16740242332065058
2011-08-11,0.16624791525652327
2011-08-12,0.16507969057378835
2011-08-15,0.16395272266859218
2011-08-16,0.16315561147640656
2011-08-17,0.16278454521795327
2011-08-18,0.16249593978882038
2011-08-19,0.16231727992114253
2011-08-22,0.1621248777249007
2011-08-23,0.16191873330502204
2011-08-24,0.1617125897324878
2011-08-25,0.16150644700699823
2011-08-26,0.16125907702447817
2011-08-29,0.16098422299394288
2011-08-30,0.1606956278434879
2011-08-31,0.16032457968042646
2011-09-01,0.15995353426202508
2011-09-02,0.15959623381176513
2011-09-05,0.15919770955254986
2011-09-06,0.15879918856921416
2011-09-07,0.15840067075203468
2011-09-08,0.15785099702810834
2011-09-09,0.15719139723332498
2011-09-12,0.15646309970185346
2011-09-13,0.1557760359708893
2011-09-14,0.15515768606705338
2011-09-15,0.15455308472577256
2011-09-16,0.15396223128548714
2011-09-19,0.15337138480554513
2011-09-20,0.15284924684046963
2011-09-21,0.1524645164491245
2011-09-22,0.15229963253758916
2011-09-23,0.15224467129409947
2011-09-26,0.15218971011063953
2011-09-27,0.1521210087256475
2011-09-28,0.1520797879286273
2011-09-29,0.15199734646983432
2011-09-30,0.15187368451878847
2011-10-03,0.1517362828027946
2011-10-04,0.1515988814254854
2011-10-05,0.15153018083111647
2011-10-06,0.1514752204155423
2011-10-07,0.15142026006043086
2011-10-10,0.1513652997654713
2011-10-11,0.15131033953074136
2011-10-12,0.15125537935632982
2011-10-13,0.15120041924204797
2011-10-14,0.1511729392001837
2011-10-17,0.15113171917076063
2011-10-18,0.15110423916627758
2011-10-19,0.15100805933535577
2011-10-20,0.15091187968899744
2011-10-21,0.15089813974301647
2011-10-24,0.15084318002032138
2011-10-25,0.150815700174034
2011-10-26,0.1507744804496891
2011-10-27,0.15073326074792615
2011-10-28,0.15070578096183507
2011-10-31,0.1506920410801249
2011-11-01,0.150664561324243
2011-11-02,0.15056838236267023
2011-11-03,0.1504447240367801
2011-11-04,0.15029358649705227
2011-11-07,0.15014244941261579
2011-11-08,0.14997757313550686
2011-11-09,0.14977147863556306
2011-11-10,0.14959286403911642
2011-11-11,0.1494554685717131
2011-11-14,0.14930433401338927
2011-11-15,0.14918067880419494
2011-11-16,0.14902954507383104
2011-11-17,0.14882345447022605
2011-11-18,0.14861736471368792
2011-11-21,0.14839753660332855
2011-11-22,0.14817770945690922
2011-11-23,0.1479716224104588
2011-11-24,0.14777927523822454
2011-11-25,0.1475594507415856
2011-11-28,0.14736710509772877
2011-11-29,0.14714728246797426
2011-11-30,0.14698241612820517
2011-12-01,0.14677633393737066
2011-12-02,0.1465839912971001
2011-12-05,0.14639164939455052
2011-12-06,0.14615809245787093
2011-12-07,0.14595201365469324
2011-12-08,0.1457596741234135
2011-12-09,0.1455810737662655
2011-12-12,0.14541621243987501
2011-12-13,0.14522387496378464
2011-12-14,0.14503153822554848
2011-12-15,0.14482546399542384
2011-12-16,0.14461939061232165
2011-12-19,0.14441331807626412
2011-12-20,0.14423472251416936
2011-12-21,0.14404238956984283
2011-12-22,0.14386379532888016
2011-12-23,0.14369893969382597
2011-12-26,0.1435340846004829
2011-12-27,0.14335549217002752
2011-12-28,0.14319063816092825
2011-12-29,0.1430395224412795
2011-12-30,0.1428884070525438
2012-01-02,0.14266860381461077
2012-01-03,0.14249001446675624
2012-01-04,0.14233890085831868
2012-01-05,0.14220152522742557
2012-01-06,0.14205041248840367
2012-01-09,0.1419267751317732
2012-01-10,0.14180313807996558
2012-01-11,0.14167950133312512
2012-01-12,0.14156960224308568
2012-01-13,0.14148717808412092
2012-01-16,0.14139101674928156
2012-01-17,0.14129485559903898
2012-01-18,0.14119869463311563
2012-01-19,0.14111627110608982
2012-01-20,0.14106132213341782
2012-01-23,0.14099263601144996
2012-01-24,0.1409239499836512
2012-01-25,0.14084152686300033
2012-01-26,0.14075910387809643
2012-01-27,0.14067668105111064
2012-01-30,0.1406217325601311
2012-01-31,0.1405530470780736
2012-02-01,0.14048436168981882
2012-02-02,0.14042941343969106
2012-02-03,0.14040193932977063
2012-02-06,0.14036072819859635
2012-02-07,0.14030578008374928
2012-02-08,0.14025083202929833
2012-02-09,0.1401684100831635
2012-02-10,0.14011346219410248
2012-02-13,0.1400447774270397
2012-02-14,0.13998982967373674
2012-02-15,0.13990740817918512
2012-02-16,0.13978377620810223
2012-02-17,0.13960519723283937
2012-02-20,0.1394266188931681
2012-02-21,0.13928925135383574
2012-02-22,0.13915188411561807
2012-02-23,0.1390145172537216
2012-02-24,0.1389046240350078
2012-02-27,0.13880846767921895
2012-02-28,0.1387260480816832
2012-02-29,0.1386436286192838
2012-03-01,0.1385749458468033
2012-03-02,0.13849252665559808
2012-03-05,0.13842384409024078
2012-03-06,0.13836889809787367
2012-03-07,0.13832768863770717
2012-03-08,0.1382452698529879
2012-03-09,0.13817658764484486
2012-03-12,0.1381079055311596
2012-03-13,0.13802548713020002
2012-03-14,0.1379705416047372
2012-03-15,0.13792933250577066
2012-03-16,0.13787438711575506
2012-03-19,0.13779196916618996
2012-03-20,0.1377232876359713
2012-03-21,0.13764086993485192
2012-03-22,0.13755845234648678
2012-03-23,0.13746229867789284
2012-03-26,0.13736614519395118
2012-03-27,0.13731120040619826
2012-03-28,0.13724251949661648
2012-03-29,0.13718757482931165
2012-03-30,0.13707768561476152
2012-04-02,0.13698153289471993
2012-04-03,0.13688538035893094
2012-04-04,0.1367617559750567
2012-04-05,0.13662439592483366
2012-04-06,0.13644582834879682
2012-04-09,0.13633594097087753
2012-04-10,0.136212317941653
2012-04-11,0.13614363859379974
2012-04-12,0.13608869516072986
2012-04-13,0.13604748761997243
2012-04-16,0.13602001594102964
2012-04-17,0.13593760106251906
2012-04-18,0.1358689220721243
2012-04-19,0.13581397891003766
2012-04-20,0.1357590357931926
2012-04-23,0.13569035700986554
2012-04-24,0.13563541405853252
2012-04-25,0.13562167832812388
2012-04-26,0.13560794259771525
2012-04-27,0.13558047114464733
2012-04-30,0.13562167832429362
2012-05-01,0.1356628855378239
2012-05-02,0.13567662128327607
2012-05-03,0.13567662128319835
2012-05-04,0.13569035702873933
2012-05-07,0.13570409277786633
2012-05-08,0.13573156429079747
2012-05-09,0.13574530005533436
2012-05-10,0.13574530005516783
2012-05-11,0.13574530005530105
2012-05-14,0.13574530005526775
2012-05-15,0.13575903581922732
2012-05-16,0.13574530005893148
2012-05-17,0.13573156430233269
2012-05-18,0.135704092804112
2012-05-21,0.13567662132090152
2012-05-22,0.1356628855830988
2012-05-23,0.13563541411493185
2012-05-24,0.13560794266186393
2012-05-25,0.1355804712236619
2012-05-28,0.13555299980066993
2012-05-29,0.13555299980085866
2012-05-30,0.1355667355124046
2012-05-31,0.13558047122753658
2012-06-01,0.13559420694666535
2012-06-04,0.13559420694659874
2012-06-05,0.13559420694657653
2012-06-06,0.13558047123141126
2012-06-07,0.1355667355198542
2012-06-08,0.13558047123135575
2012-06-11,0.13559420694650992
2012-06-12,0.13560794266930243
2012-06-13,0.1356354141226035
2012-06-14,0.13567662133593394
2012-06-15,0.13573156433244193
2012-06-18,0.1357590358534333
2012-06-19,0.1357865073890574
2012-06-20,0.13578650738934606
2012-06-21,0.13581397894019132
2012-06-22,0.13584145050616891
2012-06-25,0.1358689220870679
2012-06-26,0.13588265788525566
2012-06-27,0.13588265788518905
2012-06-28,0.1358689220870568
2012-06-29,0.13578650729884068
2012-07-02,0.13581397884225854
2012-07-03,0.13581397884229185
2012-07-04,0.13581397884226964
2012-07-05,0.13582771462179455
2012-07-06,0.13584145040440587
2012-07-09,0.13586892198572675
2012-07-10,0.13589639358161376
2012-07-11,0.13592386519298838
2012-07-12,0.13597880846024646
2012-07-13,0.13606122347434857
2012-07-16,0.13612990276560266
2012-07-17,0.13621231807342538
2012-07-18,0.1363359413734999
2012-07-19,0.13636341325565793
2012-07-20,0.1363634132555247
2012-07-23,0.13637714919659816
2012-07-24,0.13641835704244487
2012-07-25,0.13644582895466772
2012-07-26,0.13647330088931708
2012-07-27,0.1365007728391432
2012-07-30,0.13652824480415715
2012-07-31,0.1365419807939583
2012-08-01,0.1365694527815986
2012-08-02,0.1365831887791047
2012-08-03,0.1366106607891604
2012-08-06,0.13663813281422632
2012-08-07,0.13665186883430325
2012-08-08,0.13667934088947842
2012-08-09,0.13670681295978593
2012-08-10,0.13673428504520357
2012-08-13,0.13676175714553152
2012-08-14,0.13678922926092518
2012-08-15,0.1368167013914512
2012-08-16,0.1368441735368986
2012-08-17,0.13687164569746724
2012-08-20,0.13688538178151521
2012-08-21,0.13689911786937126
2012-08-22,0.13689911786941567
2012-08-23,0.1368991178695267
2012-08-24,0.13691285396110198
2012-08-27,0.13692659005657415
2012-08-28,0.13692659005646313
2012-08-29,0.13692659005660746
2012-08-30,0.13695406225473494
2012-08-31,0.13696779836125383
2012-09-03,0.13698153447186945
2012-09-04,0.13700900670002847
2012-09-05,0.13707768732728054
2012-09-06,0.1371463680485574
2012-09-07,0.13720131270101854
2012-09-10,0.1372425212241013
2012-09-11,0.1372837297812679
2012-09-12,0.13733867458400884
2012-09-13,0.1373936194471459
2012-09-14,0.1374485643553247
2012-09-17,0.13748977307045385
2012-09-18,0.13753098181934487
2012-09-19,0.13755845434134661
2012-09-20,0.13759966314659255
2012-09-21,0.13764087199718
2012-09-24,0.13769581717629764
2012-09-25,0.1377370261060662
2012-09-26,0.1377782350694523
2012-09-27,0.13780570773443968
2012-09-28,0.13776449871441
2012-10-01,0.13780570770047795
2012-10-02,0.13784691670915006
2012-10-03,0.13787438939659724
2012-10-04,0.13790186210661526
2012-10-05,0.13794307120541527
2012-10-08,0.1379842803382214
2012-10-09,0.13803922589374906
2012-10-10,0.13810790793236105
2012-10-11,0.13817659006495342
2012-10-12,0.1382452722916261
2012-10-15,0.1383002181331361
2012-10-16,0.13835516403503112
2012-10-17,0.13841011001215486
2012-10-18,0.13854747533109668
2012-10-19,0.1386985775958638
2012-10-22,0.1387397873497509
2012-10-23,0.13878099713712233
2012-10-24,0.13884968017303656
2012-10-25,0.13893209997424272
2012-10-26,0.1390007832358653
2012-10-29,0.13908320326264656
2012-10-30,0.1391656234251304
2012-10-31,0.139261780439226
2012-11-01,0.13934420089499744
2012-11-02,0.1393991479409884
2012-11-05,0.13946783182366973
2012-11-06,0.13950904219822702
2012-11-07,0.13955025260690146
2012-11-08,0.13960519987850084
2012-11-09,0.13967388406234127
2012-11-12,0.1397288314695766
2012-11-13,0.13978377893671956
2012-11-14,0.1398387264645473
2012-11-15,0.13989367405220499
2012-11-16,0.1399486217003032
2012-11-19,0.13997609553950685
2012-11-20,0.14000356939355418
2012-11-21,0.14004478020854805
2012-11-22,0.14007225410026525
2012-11-23,0.1401134649719138
2012-11-26,0.1401546758772132
2012-11-27,0.14019588681674078
2012-11-28,0.14025083479578537
2012-11-29,0.14030578283505957
2012-11-30,0.1403607309347743
2012-12-03,0.14041567909474084
2012-12-04,0.14047062729989346
2012-12-05,0.14052557558013046
2012-12-06,0.14058052392070808
2012-12-07,0.1406217352099448
2012-12-10,0.1406766836558493
2012-12-11,0.14074536928844195
2012-12-12,0.14082779218311803
2012-12-13,0.14088274085488628
2012-12-14,0.14093768957171848
2012-12-17,0.14096516395276648
2012-12-18,0.14100637554698148
2012-12-19,0.14103384995810542
2012-12-20,0.14104758716749766
2012-12-21,0.14104758716750876
2012-12-24,0.14108879881790104
2012-12-25,0.14114374774548688
2012-12-26,0.1411849594862291
2012-12-27,0.14121243399543015
2012-12-28,0.14121243399538574
2012-12-31,0.1410613243202241
2013-01-01,0.14091021510032053
2013-01-02,0.14089647793247284
2013-01-03,0.14088274076825558
2013-01-04,0.1408552664475149
2013-01-07,0.1408277921415957
2013-01-08,0.14080031784335922
2013-01-09,0.1407591064187974
2013-01-10,0.14071789502794196
2013-01-11,0.1406766836708484
2013-01-14,0.1406492094480294
2013-01-15,0.14063547234400842
2013-01-16,0.14070415797662328
2013-01-17,0.1406629466309206
2013-01-18,0.1405805240751179
2013-01-21,0.14049810165459586
2013-01-22,0.14041567936966537
2013-01-23,0.14033325719752243
2013-01-24,0.1402783091730364
2013-01-25,0.1402096242177242
2013-01-28,0.14014093935659222
2013-01-29,0.14003104375958086
2013-01-30,0.13992114840328806
2013-01-31,0.1398249902299864
2013-02-01,0.13972883221461396
2013-02-04,0.13963267435759263
2013-02-05,0.1395365166847129
2013-02-06,0.13944035919634112
2013-02-07,0.13934420189259944
2013-02-08,0.13926178150425184
2013-02-11,0.13917936125157349
2013-02-12,0.13908320444844247
2013-02-13,0.13900078448929598
2013-02-14,0.13893210128375078
2013-02-15,0.1388771548101131
2013-02-18,0.13882220839652737
2013-02-19,0.13873978888919725
2013-02-20,0.13865736951703678
2013-02-21,0.13860242334418071
2013-02-22,0.13854747723163197
2013-02-25,0.13847879466630797
2013-02-26,0.13839637570066676
2013-02-27,0.1383139568707059
2013-02-28,0.13823153817603684
2013-03-01,0.1381491196169704
2013-03-04,0.13808043761600608
2013-03-05,0.13799801932787847
2013-03-06,0.13792933751514136
2013-03-07,0.13787439214014707
2013-03-08,0.13780571049673007
2013-03-11,0.13773702896618945
2013-03-12,0.13765461124258804
2013-03-13,0.13757219363194073
2013-03-14,0.13750351240232606
2013-03-15,0.1374623037100453
2013-03-18,0.13742109505141542
2013-03-19,0.13735241402885734
2013-03-20,0.13728373310045727
2013-03-21,0.13724252458856556
2013-03-22,0.13718757995135888
2013-03-25,0.1371326353743485
2013-03-26,0.137063954728045
2013-03-27,0.13698153804315716
2013-03-28,0.1369128575852585
2013-03-29,0.13678923293043432
2013-04-01,0.13676176085267722
2013-04-02,0.13670681674222696
2013-04-03,0.13663813667930125
2013-04-04,0.13656945671068899
2013-04-05,0.13652824877452563
2013-04-08,0.13650077683217132
2013-04-09,0.13645956895278477
2013-04-10,0.1364320970479338
2013-04-11,0.13641836109951067
2013-04-12,0.1364046251544626
2013-04-15,0.13637715327988742
2013-04-16,0.13637715327997624
2013-04-17,0.13645956903913792
2013-04-18,0.13643209713445348
2013-04-19,0.13639088931128862
2013-04-22,0.13634968152199667
2013-04-23,0.13629473784836366
2013-04-24,0.13622605833092383
2013-04-25,0.13617111477737254
2013-04-26,0.13610243542994116
2013-04-29,0.13604749201179267
2013-04-30,0.13600628449336183
2013-05-01,0.13596507700893712
2013-05-02,0.13591013377168837
2013-05-03,0.13584145480041165
2013-05-06,0.13577277592292658
2013-05-07,0.13569036136037438
2013-05-08,0.13560794693325828
2013-05-09,0.13552553264184475
2013-05-10,0.13542938281934092
2013-05-13,0.13533323318118962
2013-05-14,0.13522334809139558
2013-05-15,0.13511346327260698
2013-05-16,0.13500357866421675
2013-05-17,0.13489369426678
2013-05-20,0.13477007462444623
2013-05-21,0.13463271980495017
2013-05-22,0.13448162991738233
2013-05-23,0.134330540485339
2013-05-24,0.13420692219779928
2013-05-27,0.1340833042150047
2013-05-28,0.13395968653707735
2013-05-29,0.13383606913006663
2013-05-30,0.13369871683186485
2013-05-31,0.13356136494756532
2013-06-03,0.13342401347722355
2013-06-04,0.13330039749267497
2013-06-05,0.13316304669950263
2013-06-06,0.1330394313245331
2013-06-07,0.13288834628037982
2013-06-10,0.13275099661622658
2013-06-11,0.13261364732829461
2013-06-12,0.1324625635259813
2013-06-13,0.13232521502806183
2013-06-14,0.13220160171925066
2013-06-17,0.13209172349322174
2013-06-18,0.13196811082741844
2013-06-19,0.1318444983988809
2013-06-20,0.13172088627499967
2013-06-21,0.13159727445598568
2013-06-24,0.13147366294183893
2013-06-25,0.1313225826161446
2013-06-26,0.1311852372418154
2013-06-27,0.1310616267095277
2013-06-28,0.13091054754313936
2013-07-01,0.13080067211651558
2013-07-02,0.1306770625665532
2013-07-03,0.13052598468287213
2013-07-04,0.13037490725479328
2013-07-05,0.13022383028165052
2013-07-08,0.13007275376395455
2013-07-09,0.12993541185145618
2013-07-10,0.1297706020531586
2013-07-11,0.1296195268599254
2013-07-12,0.12945471810007492
2013-07-15,0.12931737784313002
2013-07-16,0.12918003796250632
2013-07-17,0.12904269845839256
2013-07-18,0.1289602948910784
2013-07-19,0.12880922213992507
2013-07-22,0.1286581498440409
2013-07-23,0.12850707800329264
2013-07-24,0.12836974034274862
2013-07-25,0.1282461367528409
2013-07-26,0.12812253346793367
2013-07-29,0.1279851968230883
2013-07-30,0.1278615941815775
2013-07-31,0.1277379918447008
2013-08-01,0.12758692273555639
2013-08-02,0.1274358541234477
2013-08-05,0.12728478592503034
2013-08-06,0.1271474516131854
2013-08-07,0.12701011767732862
2013-08-08,0.12687278411798175
2013-08-09,0.12672171761638484
2013-08-12,0.12657065157036795
2013-08-13,0.12641958597936487
2013-08-14,0.1262822540378128
2013-08-15,0.12613118931606992
2013-08-16,0.125980125090841
2013-08-19,0.12582906132102556
2013-08-20,0.12567799800634605
2013-08-21,0.1255132021597105
2013-08-22,0.12537587270131656
2013-08-23,0.1252385435818515
2013-08-26,0.12510121483839676
2013-08-27,0.12496388643338241
2013-08-28,0.12482655840493351
2013-08-29,0.12470296351787535
2013-08-30,0.12453817083184493
2013-09-02,0.12434591343539747
2013-09-03,0.12418112201335596
2013-09-04,0.12401633108781729
2013-09-05,0.1238515407042895
2013-09-06,0.12367301842439726
2013-09-09,0.12352196156620865
2013-09-10,0.12335717280782532
2013-09-11,0.12319238459137516
2013-09-12,0.1230275969165695
2013-09-13,0.12286280978358599
2013-09-16,0.12269802319244683
2013-09-17,0.12253323714291886
2013-09-18,0.1223684516350354
2013-09-19,0.12223113079263825
2013-09-20,0.12209381028865929
2013-09-23,0.1219702221735286
2013-09-24,0.12186036631217645
2013-09-25,0.12173677873907884
2013-09-26,0.12162692335899727
2013-09-27,0.12151706822012276
2013-09-30,0.12136601777613665
2013-10-01,0.12121496787017572
2013-10-02,0.12103645493205528
2013-10-03,0.1208716743453464
2013-10-04,0.1207068943001488
2013-10-07,0.12052838322063053
2013-10-08,0.12036360430411897
2013-10-09,0.12022628895432819
2013-10-10,0.12008897398052554
2013-10-11,0.11996539084283553
2013-10-14,0.11984180800984623
2013-10-15,0.11973195684360505
2013-10-16,0.11963583728390459
2013-10-17,0.11951225526313225
2013-10-18,0.11947106129045482
2013-10-21,0.11933374838577482
2013-10-22,0.11919643581973505
2013-10-23,0.11905912362994986
2013-10-24,0.11893554296393827
2013-10-25,0.11881196260242755
2013-10-28,0.11868838254587288
2013-10-29,0.11856480279400783
2013-10-30,0.11845495436618725
2013-10-31,0.11833137515601111
2013-11-01,0.11822152724009216
2013-11-04,0.11811167956471413
2013-11-05,0.1179606394664745
2013-11-06,0.11782333066245876
2013-11-07,0.11768602223446445
2013-11-08,0.1175624449542334
2013-11-11,0.11742513724096737
2013-11-12,0.11730156060418828
2013-11-13,0.11717798427172132
2013-11-14,0.117068138913623
2013-11-15,0.11695829379645417
2013-11-18,0.11684844892014823
2013-11-19,0.11672487373858287
2013-11-20,0.11660129886218451
2013-11-21,0.11649145476813061
2013-11-22,0.11638161091501731
2013-11-25,0.11627176730250044
2013-11-26,0.11617565432572308
2013-11-27,0.11609327190981178
2013-11-28,0.11601088962930328
2013-11-29,0.11590104676928448
2013-12-02,0.11581866480456782
2013-12-03,0.11572255269722831
2013-12-04,0.11564017102602131
2013-12-05,0.11555778949032813
2013-12-06,0.11547540809008217
2013-12-09,0.11539302682498365
2013-12-10,0.11531064569576532
2013-12-11,0.11521453453582353
2013-12-12,0.11513215369982621
2013-12-13,0.11503604288259917
2013-12-16,0.1149399322758482
2013-12-17,0.11485755189122315
2013-12-18,0.11476144162686497
2013-12-19,0.11467906153557195
2013-12-20,0.11459668157973724
2013-12-23,0.11452803171071446
2013-12-24,0.11444565198041046
2013-12-25,0.11436327238595334
2013-12-26,0.11428089292657706
2013-12-27,0.1142122434712678
2013-12-30,0.11412986426031502
2013-12-31,0.11403375533869387
2014-01-01,0.11393764660143635
2014-01-02,0.11385526784198907
2014-01-03,0.1137591594733589
2014-01-06,0.11367678100721035
2014-01-07,0.11358067295453855
2014-01-08,0.11348456508611937
2014-01-09,0.11340218704883887
2014-01-10,0.11331980914662809
2014-01-13,0.11323743138034192
2014-01-14,0.11315505374921431
2014-01-15,0.11307267625334516
2014-01-16,0.11303148753945003
2014-01-17,0.11297656931432698
2014-01-20,0.11294911021677567
2014-01-21,0.11292165113415686
2014-01-22,0.11288046254425144
2014-01-23,0.11283927398827442
2014-01-24,0.11281181496601844
2014-01-27,0.11278435595878378
2014-01-28,0.1127706264587025
2014-01-29,0.11275689696284008
2014-01-30,0.11272943798550372
2014-01-31,0.1126607906366095
2014-02-03,0.11261960226109924
2014-02-04,0.11256468448745949
2014-02-05,0.11252349619086388
2014-02-06,0.11248230792844094
2014-02-07,0.11242739028997084
2014-02-10,0.11238620210640704
2014-02-11,0.11234501394530305
2014-02-12,0.11231755519367503
2014-02-13,0.11227636708897037
2014-02-14,0.11223517901834956
2014-02-17,0.11219399098149063
2014-02-18,0.11216653231262974
2014-02-19,0.11213907365887898
2014-02-20,0.112111615020416
2014-02-21,0.11208415639655245
2014-02-24,0.11205669778804328
2014-02-25,0.11202923919472196
2014-02-26,0.11200178061632204
2014-02-27,0.11197432205296565
2014-02-28,0.11193313423021323
2014-03-03,0.11189194645300216
2014-03-04,0.11186448794965331
2014-03-05,0.11183702946904184
2014-03-06,0.11182330023260523
2014-03-07,0.11179584177430923
2014-03-10,0.11176838333133432
2014-03-11,0.11174092490342513
2014-03-12,0.11172719569315648
2014-03-13,0.1117134664867514
2014-03-14,0.11168600808874052
2014-03-17,0.11165854970605071
2014-03-18,0.11163109133804916
2014-03-19,0.1116036329854797
2014-03-20,0.1115761746475874
2014-03-21,0.11153498717503263
2014-03-24,0.11152125802471602
2014-03-25,0.11152125802482704
2014-03-26,0.11150752887465476
2014-03-27,0.11149379972832385
2014-03-28,0.11148007058584541
2014-03-31,0.1114251540459299
2014-04-01,0.1113976958061702
2014-04-02,0.11138396669366779
2014-04-03,0.11135650847611256
2014-04-04,0.11132905027398943
2014-04-07,0.11132905027403384
2014-04-08,0.11131532117673038
2014-04-09,0.1113015920828575
2014-04-10,0.11130159208289081
2014-04-11,0.11131532117655274
2014-04-14,0.11132905027396722
2014-04-15,0.11135650847615697
2014-04-16,0.11138396670110629
2014-04-17,0.11141142494109912
2014-04-18,0.11143888318846384
2014-04-21,0.11146634145089429
2014-04-22,0.11149379972847928
2014-04-23,0.11153498717865196
2014-04-24,0.11157617466267533
2014-04-25,0.11160363300789511
2014-04-28,0.11163109136823612
2014-04-29,0.11168600813387108
2014-04-30,0.11172719575337497
2014-05-01,0.11176838340668516
2014-05-02,0.11180957109379053
2014-05-05,0.11185075881471329
2014-05-06,0.11189194656961998
2014-05-07,0.11191940509533982
2014-05-08,0.11194686363609208
2014-05-09,0.11197432219205439
2014-05-12,0.11200178076288259
2014-05-13,0.11204296864202323
2014-05-14,0.11205669794257522
2014-05-15,0.11207042724288296
2014-05-16,0.1120429686567781
2014-05-19,0.11193313455390985
2014-05-20,0.11183702989772115
2014-05-21,0.11179584222210659
2014-05-22,0.11179584222199557
2014-05-23,0.11180957145092707
2014-05-26,0.11178211300785224
2014-05-27,0.11176838379005627
2014-05-28,0.11175465457631262
2014-05-29,0.1117546545762016
2014-05-30,0.11172719615577531
2014-06-02,0.11171346695296736
2014-06-03,0.11172719615564208
2014-06-04,0.11172719615568649
2014-06-05,0.1117271961557087
2014-06-06,0.11172719615576421
2014-06-09,0.11172719615566429
2014-06-10,0.11174092536581082
2014-06-11,0.11175465457984313
2014-06-12,0.11176838379759468
2014-06-13,0.11178211301539065
2014-06-16,0.11179584223700578
2014-06-17,0.11182330069496871
2014-06-18,0.11185075916813059
2014-06-19,0.11187821765625827
2014-06-20,0.11190567615967373
2014-06-23,0.11193313467783295
2014-06-24,0.11194686394071507
2014-06-25,0.11196059320738305
2014-06-26,0.11197432247770367
2014-06-27,0.1119880517520655
2014-06-30,0.11198805175210991
2014-07-01,0.11200178103000225
2014-07-02,0.11202923960103028
2014-07-03,0.11202923960117461
2014-07-04,0.11202923960094147
2014-07-07,0.11204296889021359
2014-07-08,0.1120429688902469
2014-07-09,0.112056698186902
2014-07-10,0.1120704274874651
2014-07-11,0.1120841567915587
2014-07-14,0.11209788609980453
2014-07-15,0.11211161541139214
2014-07-16,0.1121253447271986
2014-07-17,0.11213907404641343
2014-07-18,0.1121802620381418
2014-07-21,0.11220772070695828
2014-07-22,0.11223517939821237
2014-07-23,0.11226263810464321
2014-07-24,0.11229009682589552
2014-07-25,0.11231755556231349
2014-07-28,0.11234501431404142
2014-07-29,0.11237247308044651
2014-07-30,0.11239993186198394
2014-07-31,0.11241366126009122
2014-08-01,0.11244112006438822
2014-08-04,0.1124685788834956
2014-08-05,0.11249603771786854
2014-08-06,0.11252349656711846
2014-08-07,0.11255095543143412
2014-08-08,0.11257841431051574
2014-08-11,0.11260587320514048
2014-08-12,0.11263333211440907
2014-08-13,0.11264706157321225
2014-08-14,0.11267452050517379
2014-08-15,0.11270197945212335
2014-08-18,0.11270197945217886
2014-08-19,0.11271570892958938
2014-08-20,0.1127294384105415
2014-08-21,0.11272943841066363
2014-08-22,0.11270197944099891
2014-08-25,0.1126607910089894
2014-08-26,0.11261960261095272
2014-08-27,0.11256468479201587
2014-08-28,0.1125097670332087
2014-08-29,0.11246857875943927
2014-09-02,0.11242739051937622
2014-09-03,0.1123724729260478
2014-09-04,0.11234501415191556
2014-09-05,0.11231755539305999
2014-09-08,0.11227636727697554
2014-09-09,0.11223517919485282
2014-09-10,0.11219399114685835
2014-09-11,0.1121390738093031
2014-09-12,0.11208415653206627
2014-09-15,0.11207042722030103
2014-09-16,0.1120292393074207
2014-09-17,0.11198805142857982
2014-09-18,0.11190567578334143
2014-09-19,0.11185075874685646
2014-09-22,0.11179584177058999
2014-09-23,0.11172719562523303
2014-09-24,0.1116585495740563
2014-09-25,0.11158990361679333
2014-09-26,0.11153498691131025
2014-09-29,0.11148007026586804
2014-09-30,0.11138396624212898
2014-10-01,0.1113290497621322
2014-10-02,0.11128786244738453
2014-10-03,0.11126040426010508
2014-10-06,0.11121921700180115
2014-10-07,0.11119175885226928
2014-10-08,0.11115057165027586
2014-10-09,0.11112311353794757
2014-10-10,0.11110938448969376
2014-10-14,0.11108192640763015
2014-10-15,0.11109565544134004
2014-10-16,0.11113684256417455
2014-10-17,0.11120548782533879
2014-10-20,0.11121921689637437
2014-10-21,0.11127413324107938
2014-10-22,0.11131532054429183
2014-10-23,0.11131532054433624
2014-10-24,0.11132904964559209
2014-10-27,0.11135650785529805
2014-10-28,0.11135650785546458
2014-10-29,0.111342778746637
2014-10-30,0.1113565078515566
2014-10-31,0.11142515339495063
2014-11-03,0.11145261164990927
2014-11-04,0.1114388825187329
2014-11-05,0.11141142426371875
2014-11-06,0.11138396602382583
2014-11-07,0.11134277868649622
2014-11-10,0.11128786229691601
2014-11-12,0.11126040412468008
2014-11-13,0.11124667504612828
2014-11-14,0.11124667504625041
2014-11-17,0.1112741332033651
2014-11-18,0.11127413320326518
2014-11-19,0.11124667503870089
2014-11-20,0.11123294596386835
2014-11-21,0.11119175877315479
2014-11-24,0.11115057161641406
2014-11-25,0.11110938449362395
2014-11-26,0.11106819740439589
2014-11-28,0.11106819740430707
2014-12-01,0.11109565544124012
2014-12-02,0.11112311349313897
2014-12-03,0.1111368425265602
2014-12-04,0.11113684252651579
2014-12-05,0.11116430059329163
2014-12-08,0.11116430059336935
2014-12-09,0.11115057155248742
2014-12-10,0.11113684251139455
2014-12-11,0.11117802964571988
2014-12-12,0.11121921681377378
2014-12-15,0.11124667494085694
2014-12-16,0.11131532033372693
2014-12-17,0.11135650762600369
2014-12-18,0.11139769494081797
2014-12-19,0.11142515316563406
2014-12-22,0.11142515316551194
2014-12-23,0.11139769492548579
2014-12-24,0.11135650759962479
2014-12-29,0.11131532030739244
2014-12-30,0.11127413304911071
2014-12-31,0.11123294582466858
2015-01-02,0.11121921676120472
2015-01-05,0.11117802958164891
2015-01-06,0.111109384357988
2015-01-07,0.11104073922842961
2015-01-08,0.11097209419274057
2015-01-09,0.11090344927011664
2015-01-12,0.11082107549810205
2015-01-13,0.11072497294853934
2015-01-14,0.11062887058318482
2015-01-15,0.11056022616817707
2015-01-16,0.1104915818472163
2015-01-20,0.11042293760155086
2015-01-21,0.11032683578924285
2015-01-22,0.11021700535696066
2015-01-23,0.1101209039396478
2015-01-26,0.11003853143157771
2015-01-27,0.10994243033021212
2015-01-28,0.10988751546014974
2015-01-29,0.10975022866114292
2015-01-30,0.10965412816528186
2015-02-02,0.10957175646978401
2015-02-03,0.10948938490928928
2015-02-04,0.10943447058120448
2015-02-05,0.10935209926894451
2015-02-06,0.1093109136693804
2015-02-09,0.10922854256049108
2015-02-10,0.10914617156448925
2015-02-11,0.10905007222703489
2015-02-12,0.1089951584252069
2015-02-13,0.10891278783529135
2015-02-17,0.10881668894535679
2015-02-18,0.10873431858119398
2015-02-19,0.10865194832989644
2015-02-20,0.10854212153871279
2015-02-23,0.10841856670308347
2015-02-24,0.10826755565159774
2015-02-25,0.10813027325339286
2015-02-26,0.10802044760518381
2015-02-27,0.10791062228848736
2015-03-02,0.10781452534691649
2015-03-03,0.10770470045137204
2015-03-04,0.10760860387842852
2015-03-05,0.10752623556792296
2015-03-06,0.10744386739274248
2015-03-09,0.10733404333969077
2015-03-10,0.1072379474773344
2015-03-11,0.10712812384537918
2015-03-12,0.10703202837835102
2015-03-13,0.10694966101550962
2015-03-16,0.10690847740159048
2015-03-17,0.10689474954175271
2015-03-18,0.10683983811710096
2015-03-19,0.1067574710700625
2015-03-20,0.10664764852162945
2015-03-23,0.10653782621348196
2015-03-24,0.10644173187834838
2015-03-25,0.10640054867082638
2015-03-26,0.10635936549729941
2015-03-27,0.10630445464409055
2015-03-30,0.10624954386623253
2015-03-31,0.10630445458379434
2015-04-01,0.10630445458377213
2015-04-02,0.10626327150030646
2015-04-06,0.10619463310341803
2015-04-07,0.10612599480024354
2015-04-08,0.10607108421807343
2015-04-09,0.10602990132626555
2015-04-10,0.10600244609516585
2015-04-13,0.10596126327139244
2015-04-14,0.10593380807055741
2015-04-15,0.10594753565975612
2015-04-16,0.10594753565973392
2015-04-17,0.10592008048148083
2015-04-20,0.10583771496900374
2015-04-21,0.10571416690343671
2015-04-22,0.10559061910867529
2015-04-23,0.10543961666230617
2015-04-24,0.10532979703228307
2015-04-27,0.1052199776428453
2015-04-28,0.10511015846392802
2015-04-29,0.10501406686661552
2015-04-30,0.10505524890068729
2015-05-01,0.10512388579351217
2015-05-04,0.10501406688533388
2015-05-05,0.10491797552523163
2015-05-06,0.10479442972769482
2015-05-07,0.10465715695747724
2015-05-08,0.10451988456360306
2015-05-11,0.10439633974763662
2015-05-12,0.10428652240401792
2015-05-13,0.10419043243896642
2015-05-14,0.10408061557680703
2015-05-15,0.10397079898565309
2015-05-18,0.10381980146200176
2015-05-19,0.1036550773422018
2015-05-20,0.10350408068752204
2015-05-21,0.1034079921176545
2015-05-22,0.10333935755670876
2015-05-26,0.10325699621885898
2015-05-27,0.10313345444904476
2015-05-28,0.10302363981331553
2015-05-29,0.10300991301024354
2015-06-01,0.1029961862109463
2015-06-02,0.10296873261965711
2015-06-03,0.10296873261965711
2015-06-04,0.10292755225527195
2015-06-05,0.1028726451480777
2015-06-08,0.10281773810089101
2015-06-09,0.10274910436722795
2015-06-10,0.10269419744054487
2015-06-11,0.10266674400716269
2015-06-12,0.10265301729801557
2015-06-15,0.102653017298171
2015-06-16,0.10263929059275423
2015-06-17,0.10261183718954792
2015-06-18,0.10255693041334446
2015-06-19,0.10248829701808848
2015-06-22,0.10237848373602088
2015-06-23,0.10226867069499379
2015-06-24,0.10220003769452202
2015-06-25,0.10215885795098467
2015-06-26,0.10213140481095673
2015-06-29,0.10209022512371879
2015-06-30,0.10214513132836833
2015-07-01,0.10213140476214022
2015-07-02,0.1021039516371669
2015-07-06,0.10204904543245075
2015-07-07,0.1020078658128476
2015-07-08,0.10196668622691751
2015-07-09,0.10193923319979925
2015-07-10,0.10191178020273473
2015-07-13,0.10187060072984755
2015-07-14,0.10185687424623113
2015-07-15,0.10188432720573681
2015-07-16,0.10189805369297256
2015-07-17,0.10187060071089604
2015-07-20,0.10180196829359112
2015-07-21,0.1017058830670492
2015-07-22,0.10158234515568187
2015-07-23,0.101486260350514
2015-07-24,0.10148626035054731
2015-07-27,0.10148626035055841
2015-07-28,0.1014862603505251
2015-07-29,0.10148626035065833
2015-07-30,0.10155489224135117
2015-07-31,0.10169215621135264
2015-08-03,0.10176078840313796
2015-08-04,0.10189805316268563
2015-08-05,0.10195295912670543
2015-08-06,0.10199413863357654
2015-08-07,0.10204904468784637
2015-08-10,0.10209022428500081
2015-08-11,0.10213140391581721
2015-08-12,0.10220003669073607
2015-08-13,0.10225494297056992
2015-08-14,0.10230984931051124
2015-08-17,0.10236475571080428
2015-08-18,0.10240593555617128
2015-08-19,0.10241966218254017
2015-08-20,0.10240593555242983
2015-08-21,0.10239220892223067
2015-08-24,0.10240593554857735
2015-08-25,0.10239220892231948
2015-08-26,0.10239220892209744
2015-08-27,0.10236475566947068
2015-08-28,0.1023373024466534
2015-08-31,0.10241966209215692
2015-09-01,0.10248829524296399
2015-09-02,0.10250202188809565
2015-09-03,0.10246084194132088
2015-09-04,0.10237848213782152
2015-09-08,0.10229612244723185
2015-09-09,0.10221376286942974
2015-09-10,0.10217258315959876
2015-09-11,0.10214513003456993
2015-09-14,0.10211767692460683
2015-09-15,0.10210395037743014
2015-09-16,0.10206277074636949
2015-09-17,0.10202159114937048
2015-09-18,0.1019392320227297
2015-09-21,0.10185687303156943
2015-09-22,0.10177451417583416
2015-09-23,0.10167842900189461
2015-09-24,0.10162352329362578
2015-09-25,0.10155489123357953
2015-09-28,0.10147253287410285
2015-09-29,0.10139017465021771
2015-09-30,0.10148625908692477
2015-10-01,0.10143135358927635
2015-10-02,0.10134899543292608
2015-10-05,0.10126663741208963
2015-10-06,0.10117055321239299
2015-10-07,0.10108819548473313
2015-10-08,0.10100583789247608
2015-10-09,0.1009372066975267
2015-10-13,0.10086857557751738
2015-10-14,0.10084112316713911
2015-10-15,0.10084112316711691
2015-10-16,0.10085484936478428
2015-10-19,0.10081367077158232
2015-10-20,0.10073131365325727
2015-10-21,0.10063523048027267
2015-10-22,0.10049796910521769
2015-10-23,0.10041561248328446
2015-10-26,0.10031952994188353
2015-10-27,0.10018226943188102
2015-10-28,0.10003128328447408
2015-10-29,0.09989402356396226
2015-10-30,0.09978421611853694
2015-11-02,0.09963323121207068
2015-11-03,0.09952342430820105
2015-11-04,0.09941361764524981
2015-11-05,0.09937244023668912
2015-11-06,0.09938616605835726
2015-11-09,0.09938616605836836
2015-11-10,0.0992489081053427
2015-11-12,0.09915282780147416
2015-11-13,0.09907047339065
2015-11-16,0.09900184482782848
2015-11-17,0.09891949064272376
2015-11-18,0.0988234108917796
2015-11-19,0.0987273313248549
2015-11-20,0.09860380069013353
2015-11-23,0.09848027036009066
2015-11-24,0.09837046592328091
2015-11-25,0.0983018382814227
2015-11-27,0.09827438726252025
2015-11-30,0.0983155637683919
2015-12-01,0.09828811274197324
2015-12-02,0.09824693622478842
2015-12-03,0.09826066172285985
2015-12-04,0.09824693622840774
2015-12-07,0.09824693622851877
2015-12-08,0.09828811271199722
2015-12-09,0.09838419130466791
2015-12-10,0.09846654454210846
2015-12-11,0.09846654454211956
2015-12-14,0.09848027009679017
2015-12-15,0.09859007459402935
2015-12-16,0.09875478170082719
2015-12-17,0.09902929444802755
2015-12-18,0.09931753441176916
2015-12-21,0.09953714701610439
2015-12-22,0.09971558303938366
2015-12-23,0.09992147154811448
2015-12-24,0.10019599061280582
2015-12-28,0.10052541529566028
2015-12-29,0.10085484196391548
2015-12-30,0.10111563979104954
2015-12-31,0.10152742809010906
2016-01-04,0.10181568226902415
2016-01-05,0.10207648509777956
2016-01-06,0.10237846889239455
2016-01-07,0.10266672796759302
2016-01-08,0.10296871548539643
2016-01-11,0.10328443161156109
2016-01-12,0.1035864228523864
2016-01-13,0.10388841591359999
2016-01-14,0.10416295656459074
2016-01-15,0.10447868012969375
2016-01-19,0.10478067848606054
2016-01-20,0.1050964058570858
2016-01-21,0.10545331740575703
2016-01-22,0.10589259616667901
2016-01-25,0.10623578580147841
2016-01-26,0.10657897788102222
2016-01-27,0.1069084444435986
2016-01-28,0.10725164094241846
2016-01-29,0.10763602365329028
2016-02-01,0.10797922522941539
2016-02-02,0.10832242915607138
2016-02-03,0.10865190709223871
2016-02-04,0.10899511562628694
2016-02-05,0.1093383265111103
2016-02-08,0.10966781130761216
2016-02-09,0.11002475571314507
2016-02-10,0.11039543128827933
2016-02-11,0.11082102537814942
2016-02-12,0.11115051974330825
2016-02-16,0.11150747441700526
2016-02-17,0.11186443173127891
2016-02-18,0.11222139158812983
2016-02-19,0.11255089525153972
2016-02-22,0.1128392128524669
2016-02-23,0.11308634364659564
2016-02-24,0.11337466432861376
2016-02-25,0.11367671630425624
2016-02-26,0.11392385122880322
2016-02-29,0.11426709587185613
2016-03-01,0.11454169346716281
2016-03-02,0.11481629256712145
2016-03-03,0.1151183532323019
2016-03-04,0.1153929554920552
2016-03-07,0.11565382906815191
2016-03-08,0.11592843433736455
2016-03-09,0.116189310843684
2016-03-10,0.11649137995000114
2016-03-11,0.1168071813736904
2016-03-14,0.11712298478728789
2016-03-15,0.11747998210236421
2016-03-16,0.11779578966891746
2016-03-17,0.11809786829242164
2016-03-18,0.1183724869536884
2016-03-21,0.11859218308627462
2016-03-22,0.11879814922628462
2016-03-23,0.11903157847752421
2016-03-24,0.11937485838725559
2016-03-28,0.1197318719385776
2016-03-29,0.12008888803295426
2016-03-30,0.12041844378855027
2016-03-31,0.12083039107876337
2016-04-01,0.12122861017510589
2016-04-04,0.1215993689323791
2016-04-05,0.121942666617747
2016-04-06,0.12228596674849213
2016-04-07,0.12265673353074602
2016-04-08,0.12302750305562826
2016-04-11,0.12339827522148683
2016-04-12,0.12375531772597093
2016-04-13,0.12412609527580054
2016-04-14,0.12449687566996603
2016-04-15,0.12492258964184044
2016-04-18,0.12530710864775418
2016-04-19,0.12559550003551356
2016-04-20,0.12585642700659871
2016-04-21,0.12613108855625832
2016-04-22,0.12648815042953787
2016-04-25,0.1268040151924832
2016-04-26,0.12709241527169013
2016-04-27,0.12736708359398774
2016-04-28,0.1276417534965657
2016-04-29,0.12794389196219003
2016-05-02,0.12821856487468253
2016-05-03,0.12849323921704237
2016-05-04,0.1287541812008297
2016-05-05,0.12907006015637768
2016-05-06,0.12941340901049259
2016-05-09,0.12975676021648175
2016-05-10,0.13010011377421193
2016-05-11,0.1304572040178309
2016-05-12,0.1308142968049708
2016-05-13,0.13117139213593143
2016-05-16,0.13159716291181178
2016-05-17,0.13196799836822093
2016-05-18,0.13229763232319725
2016-05-19,0.13257232909178462
2016-05-20,0.13281955753826624
2016-05-23,0.13303931724116813
2016-05-24,0.13334148815711266
2016-05-25,0.13358872039667125
2016-05-26,0.1338222187273419
2016-05-27,0.1340557181454205
2016-05-31,0.13441283656595582
2016-06-01,0.13475622210858962
2016-06-02,0.13509961000296444
2016-06-03,0.1354430002495688
2016-06-06,0.13580012855186618
2016-06-07,0.13617099520009113
2016-06-08,0.13656933639835112
2016-06-09,0.13695394474891875
2016-06-10,0.13737976440388877
2016-06-13,0.13780558767523265
2016-06-14,0.13820394186069285
2016-06-15,0.1386709816409426
2016-06-16,0.13913802564365918
2016-06-17,0.13957760056432233
2016-06-20,0.14000344261883013
2016-06-21,0.14042928817339373
2016-06-22,0.14089634868265088
2016-06-23,0.14144583660288257
2016-06-24,0.14207775463611627
2016-06-27,0.14275089319810697
2016-06-28,0.1433965655616265
2016-06-29,0.1439598189186042
2016-06-30,0.14471541117766495
2016-07-01,0.1452374644617782
2016-07-05,0.14567709297734766
2016-07-06,0.14604803268787325
2016-07-07,0.146460190970521
2016-07-08,0.14692730753010919
2016-07-11,0.14738068971468232
2016-07-12,0.14779285895077932
2016-07-13,0.14820503168730959
2016-07-14,0.14863094701580426
2016-07-15,0.14909808405183522
2016-07-18,0.1495102676290605
2016-07-19,0.14986749623455697
2016-07-20,0.15021098781868858
2016-07-21,0.15059570102822217
2016-07-22,0.15098041697815257
2016-07-25,0.15135139602019398
2016-07-26,0.15170863774027765
2016-07-27,0.15207962216932103
2016-07-28,0.1524506093422695
2016-07-29,0.1529177818309857
2016-08-01,0.1533712181758906
2016-08-02,0.15381091800085178
2016-08-03,0.15425062168090697
2016-08-04,0.15470407007598386
2016-08-05,0.15515752257118098
2016-08-08,0.15555601473016267
2016-08-09,0.15591328630307766
2016-08-10,0.1562843018346194
2016-08-11,0.15668280283688274
2016-08-12,0.15710879005137457
2016-08-15,0.1575622642875807
2016-08-16,0.15800200085592797
2016-08-17,0.15842799939134178
2016-08-18,0.1588952278157807
2016-08-19,0.15933497607039104
2016-08-22,0.15970601701479348
2016-08-23,0.16000834882672343
2016-08-24,0.16037939465050055
2016-08-25,0.16073670067944246
2016-08-26,0.1611627224410328
2016-08-29,0.16156126220319145
2016-08-30,0.16197354799158958
2016-08-31,0.16246829486825654
2016-09-01,0.16292181731181188
2016-09-02,0.1633478573983882
2016-09-06,0.16374641430344505
2016-09-07,0.1640900006663948
2016-09-08,0.1644748200285484
2016-09-09,0.16492836073741524
2016-09-12,0.16536816188504888
2016-09-13,0.16580796688839827
2016-09-14,0.16624777574775207
2016-09-15,0.16671507675770636
2016-09-16,0.16711366074374512
2016-09-19,0.16748475912706784
2016-09-20,0.16784211576961194
2016-09-21,0.16821321964353153
2016-09-22,0.1685843261607478
2016-09-23,0.16906539372312235
2016-09-26,0.16954646589847355
2016-09-27,0.17017873824891616
2016-09-28,0.1709484708110387
2016-09-29,0.17180068779398816
2016-09-30,0.17291408695786492
2016-10-03,0.17342268798592464
2016-10-04,0.1740687553004161
2016-10-05,0.17463235303911695
2016-10-06,0.17511347846436154
2016-10-07,0.17553962221303898
2016-10-11,0.17591078282389594
2016-10-12,0.17629569297140657
2016-10-13,0.1767218467606857
2016-10-14,0.1771205101430584
2016-10-17,0.17754667093755616
2016-10-18,0.1779040991558012
2016-10-19,0.17819279323457726
2016-10-20,0.17850898380675773
2016-10-21,0.17881142903445335
2016-10-24,0.17916886626176964
2016-10-25,0.17951255835187974
2016-10-26,0.17991124390706048
2016-10-27,0.18033742840358746
2016-10-28,0.18070862450502156
2016-10-31,0.1811760600901713
2016-11-01,0.18153351416149155
2016-11-02,0.18189097087703
2016-11-03,0.18231717218782917
2016-11-04,0.18272962868541853
2016-11-07,0.18308709382313104
2016-11-08,0.18343081275027373
2016-11-09,0.1838020317341038
2016-11-10,0.18421450032273246
2016-11-14,0.18457197603786168
2016-11-15,0.1849157051352357
2016-11-16,0.18523193815747074
2016-11-17,0.18550692512697697
2016-11-18,0.18576816417960051
2016-11-21,0.18601565509654971
2016-11-22,0.1862493976709123
2016-11-23,0.18651064066002032
2016-11-25,0.18678563471125065
2016-11-28,0.18703313064604155
2016-11-29,0.18728062780132282
2016-11-30,0.18754187608660544
2016-12-01,0.18780312580356506
2016-12-02,0.18806437688048128
2016-12-05,0.18832562931732078
2016-12-06,0.18858688311419458
2016-12-07,0.18884813827074742
2016-12-08,0.1891093947874678
2016-12-09,0.18942565432235048
2016-12-12,0.18974191585003908
2016-12-13,0.19003067819498565
2016-12-14,0.1902919408673931
2016-12-15,0.19088322262486024
2016-12-16,0.19148826224828497
2016-12-19,0.192079558099556
2016-12-20,0.19264335845987635
2016-12-21,0.19317966238791007
2016-12-22,0.19371597204600466
2016-12-23,0.1943072941413937
2016-12-27,0.19492612687997957
2016-12-28,0.19557247126453792
2016-12-29,0.1961775674161892
2016-12-30,0.1967414138087653
2017-01-03,0.1973327715461326
2017-01-04,0.1979928995876512
2017-01-05,0.19863928363927918
2017-01-06,0.19927192281145034
2017-01-09,0.19990457012987184
2017-01-10,0.20049596513178614
2017-01-11,0.20111487433853714
2017-01-12,0.20174754488332391
2017-01-13,0.2024214850438799
2017-01-17,0.20313669625243724
2017-01-18,0.2038931804229427
2017-01-19,0.2045121313436149
2017-01-20,0.20511733526065168
2017-01-23,0.20570879167325362
2017-01-24,0.2063415199403229
2017-01-25,0.20697425618164678
2017-01-26,0.20760700039710311
2017-01-27,0.20826726373273097
2017-01-30,0.20890002424349685
2017-01-31,0.20962908358550525
2017-02-01,0.21028937315068497
2017-02-02,0.21092215897241529
2017-02-03,0.2115549527688554
2017-02-06,0.21217399798009184
2017-02-07,0.21276553736334636
2017-02-08,0.21335708371584827
2017-02-09,0.21400366525266
2017-02-10,0.2146364978845794
2017-02-13,0.21525558108720366
2017-02-14,0.21586091434836474
2017-02-15,0.21650752812619745
2017-02-16,0.2171128764790975
2017-02-17,0.21770447404667603
2017-02-21,0.21826856193893907
2017-02-22,0.21883265616743364
2017-02-23,0.21941051544095425
2017-02-24,0.22000214007651397
2017-02-27,0.22059377168156535
2017-02-28,0.2212404467575313
2017-03-01,0.22181833373715598
2017-03-02,0.22238246783958804
2017-03-03,0.22297412748704115
2017-03-06,0.22356579410478528
2017-03-07,0.2241299478363601
2017-03-08,0.22470786806499943
2017-03-09,0.22528579494361933
2017-03-10,0.22586372847241964
2017-03-13,0.22642790801621349
2017-03-14,0.22701961515982916
2017-03-15,0.22761132911239823
2017-03-16,0.228547074084684
2017-03-17,0.22945531406627362
2017-03-20,0.23034980876484035
2017-03-21,0.23124431939303136
2017-03-22,0.23213884595061351
2017-03-23,0.2330471506305054
2017-03-24,0.2339692341751909
2017-03-27,0.23489133489837943
2017-03-28,0.23581345254782837
2017-03-29,0.2367218236721369
2017-03-30,0.23767150182523178
2017-03-31,0.23871754391293631
2017-04-03,0.23966725979313042
2017-04-04,0.24060322936849676
2017-04-05,0.24155298089583166
2017-04-06,0.24255780975314112
2017-04-07,0.24357642376109379
2017-04-10,0.24456752775391388
2017-04-11,0.24554488569229482
2017-04-12,0.246522262374671
2017-04-13,0.24759602131891878
2017-04-17,0.24868356934575342
2017-04-18,0.24974360745387836
2017-04-19,0.2507210658096337
2017-04-20,0.25164347403157095
2017-04-21,0.25256589918516426
2017-04-24,0.25354341244034906
2017-04-25,0.25452094471001274
2017-04-26,0.25549849599491026
2017-04-27,0.2565173720821545
2017-04-28,0.2576326509504012
2017-05-01,0.25865157030546815
2017-05-02,0.25962920220707897
2017-05-03,0.2605793134025647
2017-05-04,0.2615294422989245
2017-05-05,0.2625071299131698
2017-05-08,0.26345729551314756
2017-05-09,0.2643937082988712
2017-05-10,0.2653163674973702
2017-05-11,0.26625281491778896
2017-05-12,0.267175508242401
2017-05-15,0.26815330568412676
2017-05-16,0.2690898057003066
2017-05-17,0.2700400954794291
2017-05-18,0.27097663064665767
2017-05-19,0.2718994104292882
2017-05-22,0.27280843406519706
2017-05-23,0.2737174741381909
2017-05-24,0.27466785139904637
2017-05-25,0.27565956815726045
2017-05-26,0.2766926268249703
2017-05-30,0.27768438352423486
2017-05-31,0.27878635714931876
2017-06-01,0.2798608052767104
2017-06-02,0.28089395027083297
2017-06-05,0.28192711649390745
2017-06-06,0.28296030422974017
2017-06-07,0.28400728931472496
2017-06-08,0.2850818487183271
2017-06-09,0.28618398478093
2017-06-12,0.2872861449999875
2017-06-13,0.2884021066806297
2017-06-14,0.2895594259576528
2017-06-15,0.2910474421289888
2017-06-16,0.2925355023291609
2017-06-19,0.2939547128455011
2017-06-20,0.29527750948853404
2017-06-21,0.2965590024404996
2017-06-22,0.29782674785174823
2017-06-23,0.2991634265269494
2017-06-26,0.30048636016604124
2017-06-27,0.3017817667574918
2017-06-28,0.3030909879862098
2017-06-29,0.304441588194726
2017-06-30,0.3059713907285877
2017-07-03,0.3073634155458915
2017-07-05,0.3087003480268802
2017-07-06,0.30999596615627345
2017-07-07,0.31126405059891393
2017-07-10,0.31253216700417585
2017-07-11,0.31380031537321385
2017-07-12,0.3150684957060945
2017-07-13,0.31635049292034756
2017-07-14,0.31763252279917165
2017-07-17,0.3189421565807371
2017-07-18,0.3202242524936283
2017-07-19,0.32149259474472114
2017-07-20,0.32277475564091995
2017-07-21,0.32404316217846674
2017-07-24,0.32536675018712824
2017-07-25,0.32667658526993604
2017-07-26,0.327986454444551
2017-07-27,0.3293377241882056
2017-07-28,0.33068903058309784
2017-07-31,0.3321093193140001
2017-08-01,0.3334744900980069
2017-08-02,0.33481211795437504
2017-08-03,0.3361359906514316
2017-08-04,0.3374598981678689
2017-08-07,0.3387838405049637
2017-08-08,0.3400940258757479
2017-08-09,0.34140424534735425
2017-08-10,0.3427558757193805
2017-08-11,0.3441351274157012
2017-08-14,0.3455557955840738
2017-08-15,0.34701788369488895
2017-08-16,0.3484524268968281
2017-08-17,0.3498732165065688
2017-08-18,0.3512664576648783
2017-08-21,0.3526321476788219
2017-08-22,0.3539840798824634
2017-08-23,0.35533604838428046
2017-08-24,0.35677082898976087
2017-08-25,0.35817805814127857
2017-08-28,0.3595853266179394
2017-08-29,0.3609650401504405
2017-08-30,0.36234479148328225
2017-08-31,0.36387635742221036
2017-09-01,0.3653803745517825
2017-09-05,0.36678784429855504
2017-09-06,0.36815395567724174
2017-09-07,0.36952010373505484
2017-09-08,0.3709000890747882
2017-09-11,0.3722663116167313
2017-09-12,0.3736601728007827
2017-09-13,0.37504027118900884
2017-09-14,0.3764618110846163
2017-09-15,0.3778971928423025
2017-09-18,0.37920839515250826
2017-09-19,0.3804644212908159
2017-09-20,0.3816928724117097
2017-09-21,0.38297656752627196
2017-09-22,0.3842740988733606
2017-09-25,0.38557166399171283
2017-09-26,0.3868692625267567
2017-09-27,0.3881530895324503
2017-09-28,0.3894231439582341
2017-09-29,0.39084508933625584
2017-10-02,0.3921704350489996
2017-10-03,0.39345439677351823
2017-10-04,0.39468316429878136
2017-10-05,0.3959671896945016
2017-10-06,0.39727886267816315
2017-10-10,0.3986043776074477
2017-10-11,0.3999299273995893
2017-10-12,0.4012693205959428
2017-10-13,0.402594940842671
2017-10-16,0.4039620223029061
2017-10-17,0.40530152191932123
2017-10-18,0.40662724712879905
2017-10-19,0.4079391968461632
2017-10-20,0.40932023324965483
2017-10-23,0.4107151186138913
2017-10-24,0.41208241994487027
2017-10-25,0.41342213536317285
2017-10-26,0.41478951011728604
2017-10-27,0.41612929747730787
2017-10-30,0.41746912044250406
2017-10-31,0.41883660384012256
2017-11-01,0.42014887025584313
2017-11-02,0.42148879820690377
2017-11-03,0.4228425761950261
2017-11-06,0.42419639053106195
2017-11-07,0.4254673517021468
2017-11-08,0.4267936062093636
2017-11-09,0.42816134251661975
2017-11-10,0.429529116295968
2017-11-13,0.43088311016050707
2017-11-14,0.43223714037878835
2017-11-15,0.4336741089868479
2017-11-16,0.43511111814465986
2017-11-17,0.4365343512376496
2017-11-20,0.43790235137037836
2017-11-21,0.43921511437600147
2017-11-22,0.44051409334336933
2017-11-24,0.4418960222075996
2017-11-27,0.4432779889327332
2017-11-28,0.4446185333821573
2017-11-29,0.44590383180433957
2017-11-30,0.4472859083321401
2017-12-01,0.4485850951494452
2017-12-04,0.44989813763706143
2017-12-05,0.4512803239764329
2017-12-06,0.45266254818390195
2017-12-07,0.4540448102602457
2017-12-08,0.4553856408412327
2017-12-11,0.45671268369185114
2017-12-12,0.45803976144557224
2017-12-13,0.459380698193268
2017-12-14,0.4610534566416358
2017-12-15,0.46278157017624055
2017-12-18,0.4645097433658818
2017-12-19,0.46627945428638906
2017-12-20,0.46804922775253166
2017-12-21,0.4698190627971055
2017-12-22,0.47161661454911963
2017-12-26,0.4734280586334516
2017-12-27,0.4752533965449057
2017-12-28,0.47707880046863327
2017-12-29,0.4790010740507
2018-01-02,0.4808127816769092
2018-01-03,0.48262455432580564
2018-01-04,0.4844640541477707
2018-01-05,0.4861791380906366
2018-01-08,0.4878527840061708
2018-01-09,0.48951265407070066
2018-01-10,0.49115874645185853
2018-01-11,0.49288789193403515
2018-01-12,0.4946170952123796
2018-01-16,0.49642936280586136
2018-01-17,0.4982278618276603
2018-01-18,0.49999875518910164
2018-01-19,0.5017282043585203
2018-01-22,0.5034577132292828
2018-01-23,0.5051872813296332
2018-01-24,0.5069999312700135
2018-01-25,0.5088126462672427
2018-01-26,0.5106115878151907
2018-01-29,0.5123413994890913
2018-01-30,0.5140435920021558
2018-01-31,0.5158565583090358
2018-02-01,0.5175727096743854
2018-02-02,0.5192473972224998
2018-02-05,0.5209221402876607
2018-02-06,0.5225830984710078
2018-02-07,0.5242441112611962
2018-02-08,0.5259743902754854
2018-02-09,0.5276908853694251
2018-02-12,0.5293659083409286
2018-02-13,0.5309994546263241
2018-02-14,0.5325915206689458
2018-02-15,0.5343220831822593
2018-02-16,0.5360803958730398
2018-02-20,0.537824925235797
2018-02-21,0.5395418229224069
2018-02-22,0.5412726253553601
2018-02-23,0.5429757914088285
2018-02-26,0.544665167511349
2018-02-27,0.5463822961668585
2018-02-28,0.5481410275222198
2018-03-01,0.549830572567156
2018-03-02,0.551603271183676
2018-03-05,0.5533898831276196
2018-03-06,0.5551765587043178
2018-03-07,0.5569494467385527
2018-03-08,0.5587916528125181
2018-03-09,0.5606062221596209
2018-03-12,0.5623792991462984
2018-03-13,0.564152438797072
2018-03-14,0.5659394937685969
2018-03-15,0.567809731622626
2018-03-16,0.5696384767720608
2018-03-19,0.5714672885581029
2018-03-20,0.5733654447603653
2018-03-21,0.5752913851409747
2018-03-22,0.577508379963565
2018-03-23,0.5797808998920129
2018-03-26,0.5820258051803084
2018-03-27,0.5842846681603175
2018-03-28,0.5865574913116234
2018-03-29,0.5889412909879099
2018-04-02,0.5911865973093788
2018-04-03,0.593529029567319
2018-04-04,0.5958022668353324
2018-04-05,0.5980894680687632
2018-04-06,0.6004044988690893
2018-04-09,0.6027334993218059
2018-04-10,0.6050626069722842
2018-04-11,0.6073918211871532
2018-04-12,0.6096656819524426
2018-04-13,0.611911913014862
2018-04-16,0.6142275749692505
2018-04-17,0.6165156084984691
2018-04-18,0.618845350502284
2018-04-19,0.6211752010145233
2018-04-20,0.6234912899674261
2018-04-23,0.6257658759740381
2018-04-24,0.6280266928919587
2018-04-25,0.6302876107724731
2018-04-26,0.6325902447253395
2018-04-27,0.6348791108536367
2018-04-30,0.6371542041681333
2018-05-01,0.6394155265622814
2018-05-02,0.641676950560266
2018-05-03,0.6439107261631438
2018-05-04,0.6461446015203709
2018-05-07,0.648378576024955
2018-05-08,0.6506265252987031
2018-05-09,0.6528884518103406
2018-05-10,0.6551643568028287
2018-05-11,0.6574126066369868
2018-05-14,0.6596748343380532
2018-05-15,0.6619788003845883
2018-05-16,0.664241231999807
2018-05-17,0.6665037652693218
2018-05-18,0.668780282016812
2018-05-21,0.6710152561935412
2018-05-22,0.6732364483401976
2018-05-23,0.6754855039730168
2018-05-24,0.6777901922348617
2018-05-25,0.6800533311856594
2018-05-29,0.6822888007736005
2018-05-31,0.684663224784654
2018-06-01,0.6869405524708494
2018-06-04,0.6892735327494792
2018-06-05,0.6915510713265793
2018-06-06,0.6938148248024523
2018-06-07,0.6960509020151662
2018-06-08,0.6982592992778591
2018-06-11,0.7004400117550214
2018-06-12,0.70256525492427
2018-06-13,0.7047600430827416
2018-06-14,0.7072049755591392
2018-06-15,0.7096222392776075
2018-06-18,0.7120396188915579
2018-06-19,0.7144710093916928
2018-06-20,0.7169303071386746
2018-06-21,0.7194036198329701
2018-06-22,0.7219743244012644
2018-06-25,0.7245034686657381
2018-06-26,0.7269354554128471
2018-06-27,0.729353660365839
2018-06-28,0.7318275748432579
2018-06-29,0.7345517925466116
2018-07-02,0.7371093559380149
2018-07-03,0.7395419404099712
2018-07-05,0.7420163490267306
2018-07-06,0.744435270913224
2018-07-09,0.7467986980614127
2018-07-10,0.7491622352864935
2018-07-11,0.7515119781420609
2018-07-12,0.7539035444468767
2018-07-13,0.7562952234493769
2018-07-16,0.7587287311189961
2018-07-17,0.7611206361885836
2018-07-18,0.7634848398115013
2018-07-19,0.765849153547371
2018-07-20,0.7681996696698223
2018-07-23,0.770564204943136
2018-07-24,0.7729984000726331
2018-07-25,0.7754048918622525
2018-07-26,0.7778254074029323
2018-07-27,0.7802321273192914
2018-07-30,0.7826389613069806
2018-07-31,0.7851433017061149
2018-08-01,0.7875503684691365
2018-08-02,0.7899018874497288
2018-08-03,0.7921978561060361
2018-08-06,0.7945356772455225
2018-08-07,0.7969431898390722
2018-08-08,0.7993925686362258
2018-08-09,0.8018977366103797
2018-08-10,0.8044030288130166
2018-08-13,0.8068666849348372
2018-08-14,0.8093582997989901
2018-08-15,0.8119196384477889
2018-08-16,0.8144811055139867
2018-08-17,0.8169452510268238
2018-08-20,0.8194095160332204
2018-08-21,0.8219156718282994
2018-08-22,0.8244219512141937
2018-08-23,0.8269840520408467
2018-08-24,0.8295741330608064
2018-08-27,0.832122566344573
2018-08-28,0.8346850546637086
2018-08-29,0.8372337455891943
2018-08-30,0.8397825642979084
2018-08-31,0.8422061441402007
2018-09-04,0.8447552107526457
2018-09-05,0.8473322666276095
2018-09-06,0.8498955223822602
2018-09-07,0.8524728394988967
2018-09-10,0.8550363543940565
2018-09-11,0.8575999985180993
2018-09-12,0.8601359033862943
2018-09-13,0.8626858696385908
2018-09-14,0.8652080917842198
2018-09-17,0.8677722444587532
2018-09-18,0.870238971514381
2018-09-19,0.8727197572145684
2018-09-20,0.8752424790025914
2018-09-21,0.8777932040483605
2018-09-24,0.8804137538506396
2018-09-25,0.8829647374691052
2018-09-26,0.8855019084856641
2018-09-27,0.8884156206783733
2018-09-28,0.8914689205961612
2018-10-01,0.8944666315096161
2018-10-02,0.897394798279938
2018-10-03,0.90036496932131
2018-10-04,0.9032795309780628
2018-10-05,0.9061663673839426
2018-10-09,0.9089696825054339
2018-10-10,0.9118289455719131
2018-10-11,0.9147302152456183
2018-10-12,0.9176734994844504
2018-10-15,0.9206169514501483
2018-10-16,0.9235187211234619
2018-10-17,0.9264067037557777
2018-10-18,0.9293367089717397
2018-10-19,0.9322947908005474
2018-10-22,0.9352390904145524
2018-10-23,0.9381975166871337
2018-10-24,0.9411700704428649
2018-10-25,0.9441288395778735
2018-10-26,0.947059864421107
2018-10-29,0.9499352232780423
2018-10-30,0.9527409463689129
2018-10-31,0.955672464292423
2018-11-01,0.9586181120973758
2018-11-02,0.9615639277631427
2018-11-05,0.9644959517019602
2018-11-06,0.9674002186876751
2018-11-07,0.9702069035453453
2018-11-08,0.9730277057917847
2018-11-09,0.9758486649201648
2018-11-13,0.9787116802713602
2018-11-14,0.9815748564211191
2018-11-15,0.9844661236207197
2018-11-16,0.9872737421139255
2018-11-19,0.989941819165574
2018-11-20,0.9925401865173544
2018-11-21,0.9951666300135775
2018-11-23,0.9979049803489737
2018-11-26,1.0005875892923122
2018-11-27,1.0031725265021607
2018-11-28,1.005701698589656
2018-11-29,1.0082729167442017
2018-11-30,1.0109700406545241
2018-12-03,1.0134576682504615
2018-12-04,1.0161271132680727
2018-12-06,1.018908513801442
2018-12-07,1.0215922202269412
2018-12-10,1.0241921990087999
2018-12-11,1.0267503730029937
2018-12-12,1.029308674553897
2018-12-13,1.0318950660592963
2018-12-14,1.0344815886544012
2018-12-17,1.0372080614644341
2018-12-18,1.039920695788743
2018-12-19,1.0426194916352105
2018-12-20,1.0454442858734647
2018-12-21,1.0482272802050718
2018-12-24,1.0509265071371288
2018-12-26,1.0537797331311771
2018-12-27,1.0566471065606264
2018-12-28,1.0595426169788258
2018-12-31,1.063165705469582
2019-01-02,1.0669569249471045
2019-01-03,1.0701748075160666
2019-01-04,1.073043100969262
2019-01-07,1.0758555856718255
2019-01-08,1.0786822184834288
2019-01-09,1.0815509897448283
2019-01-10,1.0844199236992313
2019-01-11,1.0872610276123407
2019-01-14,1.0900602989094788
2019-01-15,1.0929437063300074
2019-01-16,1.095785282743622
2019-01-17,1.0985850203510172
2019-01-18,1.1014129110520576
2019-01-22,1.1042269580199604
2019-01-23,1.1070411607226327
2019-01-24,1.1099115278746075
2019-01-25,1.1128100637743832
2019-01-28,1.1156527481873346
2019-01-29,1.1184955899196436
2019-01-30,1.1213806076964539
2019-01-31,1.124433851214801
2019-02-01,1.1274032419130275
2019-02-04,1.1302747534641444
2019-02-05,1.1331184084120594
2019-02-06,1.1359622230704303
2019-02-07,1.1388202063915775
2019-02-08,1.141664338939985
2019-02-11,1.144578687685971
2019-02-12,1.1474371517973592
2019-02-13,1.1502677491680324
2019-02-14,1.1531125168233847
2019-02-15,1.1559574395751282
2019-02-19,1.158802522888025
2019-02-20,1.161633748464408
2019-02-21,1.1645071833196963
2019-02-22,1.167450870497222
2019-02-25,1.1704087478315528
2019-02-26,1.1733387561763453
2019-02-27,1.1761427463142793
2019-02-28,1.1792273036269174
2019-03-01,1.182031615653667
2019-03-04,1.1848781506643147
2019-03-05,1.1876266768779176
2019-03-06,1.1904033998950458
2019-03-07,1.193222349698464
2019-03-08,1.1960835324977936
2019-03-11,1.198944875992336
2019-03-12,1.2018063786230826
2019-03-13,1.2046820689404325
2019-03-14,1.2075719485215575
2019-03-15,1.2105321386788548
2019-03-18,1.2134083182804178
2019-03-19,1.2163127220799042
2019-03-20,1.2192313191266901
2019-03-21,1.222136051567202
2019-03-22,1.2250690202007974
2019-03-25,1.2280161917294308
2019-03-26,1.2309775685885982
2019-03-27,1.233840860738289
2019-03-28,1.2368025718742293
2019-03-29,1.2401013525978444
2019-04-01,1.2431476577074996
2019-04-02,1.2462081838704342
2019-04-03,1.2492408104338382
2019-04-04,1.2522736172916549
2019-04-05,1.2552925611930887
2019-04-08,1.2583116829213092
2019-04-09,1.2612888510940223
2019-04-10,1.2642381024460692
2019-04-11,1.267173478617245
2019-04-12,1.2701090228674827
2019-04-15,1.2730868746175683
2019-04-16,1.2760648993262236
2019-04-17,1.2790852413101628
2019-04-18,1.282063611965767
2019-04-22,1.2850000072120449
2019-04-23,1.2879787246707908
2019-04-24,1.290985721174076
2019-04-25,1.2940350522755106
2019-04-26,1.2971267255161512
2019-04-29,1.3001623644840143
2019-04-30,1.3036479378182086
2019-05-01,1.3068526360121457
2019-05-02,1.3100013081011608
2019-05-03,1.3129252472611763
2019-05-06,1.3158493538452665
2019-05-07,1.3188017450735279
2019-05-08,1.3217402463491013
2019-05-09,1.3246367332295672
2019-05-10,1.3275052599766912
2019-05-13,1.3303176967380037
2019-05-14,1.3331584142910802
2019-05-15,1.336083669069088
2019-05-16,1.3389387679131115
2019-05-17,1.3418080924267328
2019-05-20,1.3445791115530459
2019-05-21,1.3473221457932172
2019-05-22,1.3500793956818136
2019-05-23,1.3528649318692132
2019-05-24,1.3556365492738753
2019-05-28,1.3584364545005223
2019-05-29,1.3611239420828092
2019-05-30,1.3637271379058236
2019-05-31,1.366414895712309
2019-06-03,1.369018359702645
2019-06-04,1.371692327500973
2019-06-05,1.3741834597204572
2019-06-06,1.3768999226613121
2019-06-07,1.3797009887000056
2019-06-10,1.3825585164891852
2019-06-11,1.3853598918016186
2019-06-12,1.3880910267004998
2019-06-13,1.3908223082555238
2019-06-14,1.3935818955292056
2019-06-17,1.3964401937509807
2019-06-18,1.399256406958127
2019-06-19,1.4020023637842938
2019-06-20,1.4048048007103353
2019-06-21,1.407663726236641
2019-06-24,1.4105791490032327
2019-06-25,1.4134806497572372
2019-06-26,1.4163823126755792
2019-06-27,1.4192982274926491
2019-06-28,1.4223410946049064
2019-07-01,1.425257347354647
2019-07-02,1.4283005662794501
2019-07-03,1.4313157798908516
2019-07-05,1.4343875335616318
2019-07-08,1.4373185569494629
2019-07-09,1.4402074705790024
2019-07-10,1.4430965456693423
2019-07-11,1.4459153138171699
2019-07-12,1.4487201448770581
2019-07-15,1.4516942752486828
2019-07-16,1.4546826737669827
2019-07-17,1.4576289523205554
2019-07-18,1.4605331044844294
2019-07-19,1.4633528280494912
2019-07-22,1.4661727068907338
2019-07-23,1.469006841187237
2019-07-24,1.4718411307771628
2019-07-25,1.4746896781652863
2019-07-26,1.4776089004967963
2019-07-29,1.4805706015977305
2019-07-30,1.4834478442549592
2019-07-31,1.4865650321972512
2019-08-01,1.48910406854883
2019-08-02,1.4916573372645514
2019-08-05,1.4941119818250415
2019-08-06,1.4964397685096609
2019-08-07,1.4987958792297862
2019-08-08,1.5011662081404475
2019-08-09,1.5035789760612484
2019-08-12,1.5060765229282125
2019-08-13,1.5085882999620548
2019-08-14,1.511001414276869
2019-08-15,1.513513430104474
2019-08-16,1.5159550027512791
2019-08-19,1.5183684635092232
2019-08-20,1.520782036012669
2019-08-21,1.5232239551744686
2019-08-22,1.525680107230143
2019-08-23,1.5281646100319346
2019-08-26,1.530649232632797
2019-08-27,1.5331904457615897
2019-08-28,1.535576474963285
2019-08-29,1.5379626146399206
2019-08-30,1.5402500191396329
2019-09-03,1.5424104355743151
2019-09-04,1.5445426971407383
2019-09-05,1.5464067283015526
2019-09-06,1.548807490249271
2019-09-09,1.551024761708597
2019-09-10,1.5533409952014687
2019-09-11,1.5557562048016171
2019-09-12,1.5582986525876863
2019-09-13,1.5608977302276839
2019-09-16,1.5638077130393113
2019-09-17,1.570659267197838
2019-09-18,1.573725216939048
2019-09-19,1.5759153100362244
2019-09-20,1.578048978127533
2019-09-23,1.5802392608354365
2019-09-24,1.5825568183907346
2019-09-25,1.5849875387417223
2019-09-26,1.5871074494087645
2019-09-27,1.5891991811301631
2019-09-30,1.5919835554954243
2019-10-01,1.5940754814924185
2019-10-02,1.5961816298281195
2019-10-03,1.598174773911487
2019-10-04,1.600252817462311
2019-10-07,1.602359219120375
2019-10-08,1.604409153391495
2019-10-09,1.6064874463149081
2019-10-10,1.6086082405311175
2019-10-11,1.610743261696379
2019-10-15,1.6130621872891382
2019-10-16,1.6154094959955345
2019-10-17,1.6176720675927014
2019-10-18,1.6198498888125634
2019-10-21,1.6220419460123314
2019-10-22,1.6242906697669368
2019-10-23,1.6265536356319443
2019-10-24,1.628816701314728
2019-10-25,1.6310657220351188
2019-10-28,1.6332724039198498
2019-10-29,1.635450887517409
2019-10-30,1.6376577568216866
2019-10-31,1.6397798372295158
2019-11-01,1.641633196440051
2019-11-04,1.6434724743835005
2019-11-05,1.6453401154268632
2019-11-06,1.6471936747044058
2019-11-07,1.6490331506909373
2019-11-08,1.650872692192873
2019-11-12,1.6527264500353023
2019-11-13,1.6545236671155483
2019-11-14,1.6563350985363212
2019-11-15,1.6581890514095643
2019-11-18,1.6600289190096928
2019-11-19,1.66154331555054
2019-11-20,1.663043602421066
2019-11-21,1.6645722414009412
2019-11-22,1.6661292354312685
2019-11-25,1.6676862772374679
2019-11-26,1.6692150552631069
2019-11-27,1.6707014095818873
2019-11-29,1.6723010550825368
2019-12-02,1.6738441228878909
2019-12-03,1.6753164529426434
2019-12-04,1.6768171410277644
2019-12-05,1.678303714033591
2019-12-06,1.6797195366366702
2019-12-09,1.6811778746697703
2019-12-10,1.6826220948341075
2019-12-11,1.684066355752345
2019-12-12,1.6855248176458781
2019-12-13,1.6869833202960538
2019-12-16,1.6885409880126878
2019-12-17,1.6899429300543778
2019-12-18,1.6912741015874588
2019-12-19,1.6925628210513133
2019-12-20,1.693993197616972
2019-12-23,1.6954236141543344
2019-12-24,1.6968682336003682
2019-12-26,1.6982704022687645
2019-12-27,1.6996867726723042
2019-12-30,1.701117345972003
2019-12-31,1.702547958464895
2020-01-02,1.7039786109358968
2020-01-03,1.7053243088060777
2020-01-06,1.706726705675199
2020-01-07,1.7081716394004798
2020-01-08,1.7096024470915405
2020-01-09,1.7110474615746774
2020-01-10,1.7125208516550305
2020-01-13,1.7139801161003887
2020-01-14,1.7153969161242566
2020-01-15,1.7168420921370386
2020-01-16,1.718287308930766
2020-01-17,1.7197325665065155
2020-01-21,1.7211353545532049
2020-01-22,1.7225806917172903
2020-01-23,1.7240402400391819
2020-01-24,1.7254998299472746
2020-01-27,1.7269594610434869
2020-01-28,1.7284191333286958
2020-01-29,1.7298646744325241
2020-01-30,1.7313811177699256
2020-01-31,1.732897604730499
2020-02-03,1.734442483797527
2020-02-04,1.736001582624369
2020-02-05,1.7375323799121767
2020-02-06,1.7390632224939973
2020-02-07,1.7405941107909828
2020-02-10,1.742125044384668
2020-02-11,1.7436560232767628
2020-02-12,1.745172871318379
2020-02-13,1.7466897638260592
2020-02-14,1.7481925229963835
2020-02-18,1.7497095027772747
2020-02-19,1.7508720744651152
2020-02-20,1.7520772069971935
2020-02-21,1.7532540108731287
2020-02-24,1.7544308415088028
2020-02-25,1.755621877909519
2020-02-26,1.7567845827394457
2020-02-27,1.7579331337291837
2020-02-28,1.7591242504026994
2020-03-02,1.7603012142009877
2020-03-03,1.7615491078083578
2020-03-04,1.7621872502562308
2020-03-05,1.762570139711217
2020-03-06,1.7630239388474966
2020-03-09,1.7634777420869163
2020-03-10,1.7639457306520057
2020-03-11,1.7644279046514555
2020-03-12,1.7649668098761895
2020-03-13,1.7653922660316623
2020-03-16,1.7646406204399168
2020-03-17,1.7642718940953706
2020-03-18,1.763194088075415
2020-03-19,1.7620312169569052
2020-03-20,1.7608683713254747
2020-03-23,1.7597622729021323
2020-03-24,1.7586987382878227
2020-03-25,1.757635225526577
2020-03-26,1.7565150163305288
2020-03-27,1.7553948313794088
2020-03-30,1.7542746706726509
2020-03-31,1.7531119983384191
2020-04-01,1.7518501042567358
2020-04-02,1.750687486390623
2020-04-03,1.74958160522376
2020-04-06,1.748489925050356
2020-04-07,1.7473840908441618
2020-04-08,1.7462641035171256
2020-04-09,1.7451724933278734
2020-04-13,1.7441092587887064
2020-04-14,1.7431169266704627
2020-04-15,1.7420679102655767
2020-04-16,1.7410330904543247
2020-04-17,1.7399415912138116
2020-04-20,1.7388642894243245
2020-04-21,1.73775866091197
2020-04-22,1.7366672301489028
2020-04-23,1.7355899962414822
2020-04-24,1.7345553059857077
2020-04-27,1.7335206364234135
2020-04-28,1.7324151221017048
2020-04-29,1.7312671134749213
2020-04-30,1.7301191312673714
2020-05-01,1.728999518225316
2020-05-04,1.7277948999942838
2020-05-05,1.7266328238075168
2020-05-06,1.7254991157910182
2020-05-07,1.724365432622088
2020-05-08,1.7232601154560268
2020-05-11,1.7221406517860527
2020-05-12,1.7209787029416779
2020-05-13,1.7197742711622999
2020-05-14,1.718541528518991
2020-05-15,1.717337153824161
2020-05-18,1.7160761330756502
2020-05-19,1.71447511135423
2020-05-20,1.712831635511436
2020-05-21,1.7112732144328735
2020-05-22,1.7098423409113717
2020-05-26,1.7084823392281456
2020-05-27,1.7071223733135965
2020-05-28,1.7057057809632958
2020-05-29,1.7043033925737472
2020-06-01,1.7029293717777616
2020-06-02,1.7015553878725664
2020-06-03,1.7001247840314981
2020-06-04,1.6985242574460213
2020-06-05,1.6970654115485817
2020-06-08,1.6956774206797975
2020-06-09,1.6943319547147229
2020-06-10,1.6930006854694035
2020-06-11,1.6916836125817403
2020-06-12,1.690366573251889
2020-06-15,1.6890637288305643
2020-06-16,1.6877467566125959
2020-06-17,1.686429817949453
2020-06-18,1.6850845930372005
2020-06-19,1.6837677222028113
2020-06-22,1.6824508845594388
2020-06-23,1.6811057624686154
2020-06-24,1.6797889926489007
2020-06-25,1.6784297825047312
2020-06-26,1.6770706077363084
2020-06-29,1.6757114687148578
2020-06-30,1.6743806800913141
2020-07-01,1.673078239304815
2020-07-02,1.6717050501855901
2020-07-06,1.670388520605437
2020-07-07,1.6691003356058665
2020-07-08,1.6678121827217618
2020-07-09,1.6665240619524457
2020-07-10,1.6652359732967859
2020-07-13,1.6639479167544047
2020-07-14,1.6626740464390166
2020-07-15,1.661400208231023
2020-07-16,1.6600839419265045
2020-07-17,1.6587252511539363
2020-07-20,1.6573241392972893
2020-07-21,1.6559372169436481
2020-07-22,1.6545361799377933
2020-07-23,1.6531776343300497
2020-07-24,1.6518474260136307
2020-07-27,1.6505455528157076
2020-07-28,1.6492437124313253
2020-07-29,1.6478428565860903
2020-07-30,1.6464986363316947
2020-07-31,1.6451544510630467
2020-08-03,1.643838597958669
2020-08-04,1.6425086297828795
2020-08-05,1.6410230697685213
2020-08-06,1.6396082894682973
2020-08-07,1.6382501361012491
2020-08-10,1.6369203118433595
2020-08-11,1.6355905221964728
2020-08-12,1.6342466204612882
2020-08-13,1.632902753703347
2020-08-14,1.6315447766957925
2020-08-17,1.6302009806258955
2020-08-18,1.6287864968123844
2020-08-19,1.6273579076913514
2020-08-20,1.6259859320662873
2020-08-21,1.624656422916504
2020-08-24,1.623341091355135
2020-08-25,1.6220257933068916
2020-08-26,1.6206822438798452
2020-08-27,1.6193528713142724
2020-08-28,1.6180235329836812
2020-08-31,1.6167225119530504
2020-09-01,1.6154215237142666
2020-09-02,1.613993304407546
2020-09-03,1.612678245249688
2020-09-04,1.6113632192375604
2020-09-08,1.6100482267305871
2020-09-09,1.6087191287481373
2020-09-10,1.6073900649934192
2020-09-11,1.6060610354658
2020-09-14,1.6047320401641696
2020-09-15,1.6034172169715033
2020-09-16,1.6021165644461988
2020-09-17,1.6007593975064904
2020-09-18,1.5994022658890383
2020-09-21,1.598031033549141
2020-09-22,1.596645701608923
2020-09-23,1.5952038654053036
2020-09-24,1.5937762047471105
2020-09-25,1.5923768529350402
2020-09-28,1.5910058072926336
2020-09-29,1.5895923965130843
2020-09-30,1.5882214248662319
2020-10-01,1.5868504896527136
2020-10-02,1.5854371938755607
2020-10-05,1.584038068621385
2020-10-06,1.5826248498948758
2020-10-07,1.5811975380851329
2020-10-08,1.579756134360455
2020-10-09,1.5783854244838635
2020-10-13,1.5769864904914943
2020-10-14,1.5755593346975738
2020-10-15,1.5741604777387952
2020-10-16,1.5727334001415239
2020-10-19,1.5713063620322876
2020-10-20,1.569780465023407
2020-10-21,1.5682263570724664
2020-10-22,1.5667146781988661
2020-10-23,1.5652595521458257
2020-10-26,1.563875100830836
2020-10-27,1.5625330656082403
2020-10-28,1.561120435267782
2020-10-29,1.5597219695448028
2020-10-30,1.5583659172370035
2020-11-02,1.5570946502412863
2020-11-03,1.5557104185210946
2020-11-04,1.554382720247438
2020-11-05,1.553083303981495
2020-11-06,1.551713303299307
2020-11-09,1.5503433390239074
2020-11-10,1.5489734111552744
2020-11-12,1.5476176415409326
2020-11-13,1.546276029445548
2020-11-16,1.5449485741330093
2020-11-17,1.5435929103742696
2020-11-18,1.5418419032129593
2020-11-19,1.540020354803051
2020-11-20,1.5381988702696248
2020-11-23,1.5363633310762181
2020-11-24,1.5345702138529482
2020-11-25,1.5327771595092798
2020-11-27,1.5309559324556021
2020-11-30,1.5291488873065529
2020-12-01,1.5273277884805037
2020-12-02,1.5255067540138056
2020-12-03,1.5235446288066723
2020-12-04,1.5216954985413422
2020-12-07,1.5198323196478514
2020-12-08,1.5179409796884924
2020-12-09,1.5161626174246434
2020-12-10,1.5143984295642898
2020-12-11,1.512676639762811
2020-12-14,1.5109831317005384
2020-12-15,1.5092332332972358
2020-12-16,1.50744106099987
2020-12-17,1.5055783980999937
2020-12-18,1.5037581327803529
2020-12-21,1.5019802605852117
2020-12-22,1.5002306670631294
2020-12-23,1.498481132497742
2020-12-24,1.4967598747075206
2020-12-28,1.494982244087073
2020-12-29,1.4932187825218324
2020-12-30,1.4914412741374616
2020-12-31,1.489663826137544
2021-01-04,1.487942863995173
2021-01-05,1.486151433440075
2021-01-06,1.4844305886938192
2021-01-07,1.4827239058102015
2021-01-08,1.4810031751524733
2021-01-11,1.4793248122627056
2021-01-12,1.477632400660267
2021-01-13,1.47588363474781
2021-01-14,1.4741349282433425
2021-01-15,1.472400382662531
2021-01-19,1.4706517940095698
2021-01-20,1.4689032642798527
2021-01-21,1.4670278924418856
2021-01-22,1.4651666889633375
2021-01-25,1.4633619493740646
2021-01-26,1.4615431730416795
2021-01-27,1.459710362946287
2021-01-28,1.4578635211011437
2021-01-29,1.4560590376134996
2021-02-01,1.4542546178985538
2021-02-02,1.4523938773595924
2021-02-03,1.4504909176465186
2021-02-04,1.4485316474813215
2021-02-05,1.44655835591323
2021-02-08,1.4445992338927294
2021-02-09,1.4426965614208642
2021-02-10,1.440737588606933
2021-02-11,1.4387927826520208
2021-02-12,1.4368480496912084
2021-02-16,1.4349315731994716
2021-02-17,1.4330010774283752
2021-02-18,1.4308874810497807
2021-02-19,1.428816239448416
2021-02-22,1.426773259724079
2021-02-23,1.4247021832448303
2021-02-24,1.4226593663893339
2021-02-25,1.4203489745260645
2021-02-26,1.4179682528125848
2021-03-01,1.4155876419769897
2021-03-02,1.413221227812378
2021-03-03,1.4108549225626876
2021-03-04,1.4083478866969479
2021-03-05,1.4058409730861143
2021-03-08,1.403291934526607
2021-03-09,1.4008697578816398
2021-03-10,1.3984336142807696
2021-03-11,1.395983505053655
2021-03-12,1.3935335126204262
2021-03-15,1.3910836369757873
2021-03-16,1.3886197997152516
2021-03-17,1.3861983137730904
2021-03-18,1.3837910190177771
2021-03-19,1.3813134549929162
2021-03-22,1.3788500861432795
2021-03-23,1.3764009104419772
2021-03-24,1.373980000266939
2021-03-25,1.3715732779041923
2021-03-26,1.369194814467234
2021-03-29,1.3668023887098757
2021-03-30,1.3644100743756993
2021-03-31,1.3620038003363977
2021-04-01,1.3595976390241349
2021-04-05,1.3571212415275702
2021-04-06,1.3546590325225316
2021-04-07,1.3522110099835505
2021-04-08,1.3497771718968044
2021-04-09,1.3473715833662858
2021-04-12,1.344980173985999
2021-04-13,1.3425748101815072
2021-04-14,1.3401695590611107
2021-04-15,1.3377503561454063
2021-04-16,1.335331267225226
2021-04-19,1.3328841660202873
2021-04-20,1.3303809316910553
2021-04-21,1.32793406646321
2021-04-22,1.3255013789824077
2021-04-23,1.3230828672469053
2021-04-26,1.3207207086941564
2021-04-27,1.3184148956153274
2021-04-28,1.3160810690062363
2021-04-29,1.3136489432980847
2021-04-30,1.3112309900619068
2021-05-03,1.308827207308838
2021-05-04,1.3062970344497438
2021-05-05,1.3037669863597667
2021-05-06,1.3012511174738117
2021-05-07,1.2988056408337
2021-05-10,1.2963883870295678
2021-05-11,1.2939993520979742
2021-05-12,1.2916385321219526
2021-05-13,1.2892778208031475
2021-05-14,1.2869453192714375
2021-05-17,1.2845567241333122
2021-05-18,1.2819013058617212
2021-05-19,1.2792319767093496
2021-05-20,1.2765768341431172
2021-05-21,1.2739499229079354
2021-05-24,1.2713371924680916
2021-05-25,1.2687245951634618
2021-05-26,1.2660419071299556
2021-05-27,1.2633734034921962
2021-05-28,1.2607190820533853
2021-06-01,1.2580648980502818
2021-06-02,1.2553687259682644
2021-06-03,1.25240591646536
2021-06-04,1.2495555994965768
2021-06-07,1.2467615987391767
2021-06-08,1.2440098663604182
2021-06-09,1.24131443357256
2021-06-10,1.2386752915683474
2021-06-11,1.2360362854909046
2021-06-14,1.233397415333315
2021-06-15,1.230744645994919
2021-06-16,1.2280920140116613
2021-06-17,1.2254254886665872
2021-06-18,1.2228012008027367
2021-06-21,1.220205111771111
2021-06-22,1.2176091543151912
2021-06-23,1.2150413900042456
2021-06-24,1.2124877845223425
2021-06-25,1.2098922181983274
2021-06-28,1.2073388694565756
2021-06-29,1.2047435640913262
2021-06-30,1.2021764447889383
2021-07-01,1.1996094541875335
2021-07-02,1.1969724630537804
2021-07-06,1.1944057333510116
2021-07-07,1.1917970590470728
2021-07-08,1.1892586362741153
2021-07-09,1.18672033937276
2021-07-12,1.1841681459915487
2021-07-13,1.181602058225284
2021-07-14,1.178994036348413
2021-07-15,1.1764001675646063
2021-07-16,1.1737924107562914
2021-07-19,1.1711567493069452
2021-07-20,1.1684511335423253
2021-07-21,1.1657316435858212
2021-07-22,1.1631384469702466
2021-07-23,1.1605453817836398
2021-07-26,1.1579524480199166
2021-07-27,1.1553596456717719
2021-07-28,1.152710919885358
2021-07-29,1.1500483182778853
2021-07-30,1.1473858552642713
2021-08-02,1.144723530837144
2021-08-03,1.1420893665548326
2021-08-04,1.1394553379428851
2021-08-05,1.136765407666518
2021-08-06,1.1341036360550616
2021-08-09,1.131442002994132
2021-08-10,1.1287945156172485
2021-08-11,1.1261471653219335
2021-08-12,1.12349995210137
2021-08-13,1.1208528759484193
2021-08-16,1.1182059368559427
2021-08-17,1.1155591348170235
2021-08-18,1.1128984670347508
2021-08-19,1.1101679275571819
2021-08-20,1.1075215417107653
2021-08-23,1.1049032940874337
2021-08-24,1.1022851805975398
2021-08-25,1.0996672012341002
2021-08-26,1.0970073606590636
2021-08-27,1.0943756539561922
2021-08-30,1.0917580797993653
2021-08-31,1.0888047310236182
2021-09-01,1.0857255956167045
2021-09-02,1.082688628973505
2021-09-03,1.0796798300367727
2021-09-07,1.0766712083195684
2021-09-08,1.0736907477096436
2021-09-09,1.0707384433123135
2021-09-10,1.0678002999225278
2021-09-13,1.0648623255669731
2021-09-14,1.0618965427617866
2021-09-15,1.058916944293009
2021-09-16,1.0558955584482388
2021-09-17,1.0529163101529515
2021-09-20,1.0499372357048453
2021-09-21,1.0469443504645848
2021-09-22,1.0439516406873572
2021-09-23,1.0409730893517044
2021-09-24,1.0380086940031785
2021-09-27,1.0350304894543472
2021-09-28,1.032038478146402
2021-09-29,1.0290466422498978
2021-09-30,1.0260689606608309
2021-10-01,1.023091452827385
2021-10-04,1.0200582096862587
2021-10-05,1.0170251468666902
2021-10-06,1.013950337633629
2021-10-07,1.0108896884451157
2021-10-08,1.0078571706796713
2021-10-12,1.0048807255530479
2021-10-13,1.001862537274334
2021-10-14,0.9988584990395566
2021-10-15,0.9958546377443644
2021-10-18,0.9928509533781216
2021-10-19,0.9897077547985411
2021-10-20,0.9865926860797125
2021-10-21,0.9835057421048621
2021-10-22,0.9805027850956938
2021-10-25,0.9775139697437041
2021-10-26,0.9744694713540447
2021-10-27,0.9714670465861497
2021-10-28,0.9684787617879276
2021-10-29,0.9654906521827988
2021-11-01,0.9624329103968599
2021-11-02,0.9593195096614715
2021-11-03,0.9562760978882756
2021-11-04,0.9531770321881239
2021-11-05,0.9499804487525076
2021-11-08,0.946839894431073
2021-11-09,0.9438111843259045
2021-11-10,0.9408245208973764
2021-11-12,0.9378240778359248
2021-11-15,0.9348098576007602
2021-11-16,0.931795815730696
2021-11-17,0.9286424301355289
2021-11-18,0.925475288476596
2021-11-19,0.9223362446519667
2021-11-22,0.9190439493341196
2021-11-23,0.9157658154775761
2021-11-24,0.9124739449595576
2021-11-26,0.909140446904777
2021-11-29,0.9058071671113055
2021-11-30,0.9024462156773994
2021-12-01,0.898332520464995
2021-12-02,0.8940100214256286
2021-12-03,0.8903152501741562
2021-12-06,0.8869692622584857
2021-12-07,0.8836792535311888
2021-12-08,0.8803755186053253
2021-12-09,0.8770301842171424
2021-12-10,0.8737129439173819
2021-12-13,0.8704237922544378
2021-12-14,0.8671487885310802
2021-12-15,0.8637903894372689
2021-12-16,0.86047401238728
2021-12-17,0.8571857166645991
2021-12-20,0.853869769338178
2021-12-21,0.8505819006013438
2021-12-22,0.8473081742857103
2021-12-23,0.8440207297774283
2021-12-27,0.840747425865429
2021-12-28,0.8374882598499278
2021-12-29,0.8342153764940741
2021-12-30,0.8309566292179826
2021-12-31,0.8274335270079036
2022-01-03,0.8240638265701872
2022-01-04,0.8207918074702336
2022-01-05,0.8175199990208992
2022-01-06,0.8142762428164918
2022-01-07,0.8110326936658363
2022-01-10,0.8078032705941873
2022-01-11,0.8045322983379122
2022-01-12,0.8012754539072464
2022-01-13,0.7980327346158611
2022-01-14,0.7947763068422042
2022-01-18,0.7914644295889728
2022-01-19,0.7881945092162224
2022-01-20,0.7849247984631602
2022-01-21,0.7816692109788859
2022-01-24,0.7783860093446449
2022-01-25,0.7751447511198606
2022-01-26,0.7718897896974442
2022-01-27,0.7686489452480849
2022-01-28,0.765130161594052
2022-01-31,0.7618897495092147
2022-02-01,0.7586495442645891
2022-02-02,0.7554095458469745
2022-02-03,0.7521697542431705
2022-02-04,0.7489301694399875
2022-02-07,0.7456768894054999
2022-02-08,0.7424377190514364
2022-02-09,0.7391709540905289
2022-02-10,0.7359044003366733
2022-02-11,0.7326102600188955
2022-02-14,0.7292607435552156
2022-02-15,0.7259809311989995
2022-02-16,0.7226874351839996
2022-02-17,0.7193246790857422
2022-02-18,0.7160038274938718
2022-02-22,0.7127387652242301
2022-02-23,0.7094739131568328
2022-02-24,0.7062092712785462
2022-02-25,0.7029448395758031
2022-02-28,0.6996389498389322
2022-03-01,0.69602773089259
2022-03-02,0.6926806297153143
2022-03-03,0.6893337495238017
2022-03-04,0.6859732046710643
2022-03-07,0.6826267673233577
2022-03-08,0.6792805509175714
2022-03-09,0.6759345554384399
2022-03-10,0.6726026628413151
2022-03-11,0.6692709893128868
2022-03-14,0.6659534149901281
2022-03-15,0.662636057885535
2022-03-16,0.6592772830065097
2022-03-17,0.6562656886759499
2022-03-18,0.6532126434183883
2022-03-21,0.6501459055253789
2022-03-22,0.6471209773951325
2022-03-23,0.644082354931208
2022-03-24,0.6410716614350331
2022-03-25,0.6380611477432185
2022-03-28,0.6350369413390844
2022-03-29,0.6319851738626592
2022-03-30,0.6285313626144595
2022-03-31,0.625410642917501
2022-04-01,0.6223594572887015
2022-04-04,0.6194055272175092
2022-04-05,0.6164656361166587
2022-04-06,0.6134981841748433
2022-04-07,0.6105447711792333
2022-04-08,0.6076192588784113
2022-04-11,0.6047077790732547
2022-04-12,0.6018103285712617
2022-04-13,0.5988991821587297
2022-04-14,0.5958634544708352
2022-04-18,0.5928972095443963
2022-04-19,0.5899311377050909
2022-04-20,0.5869929560130438
2022-04-21,0.5840549441610499
2022-04-22,0.5811448176299083
2022-04-25,0.5782348585200436
2022-04-26,0.5753250668214638
2022-04-27,0.5723738796972633
2022-04-28,0.5694367185071436
2022-04-29,0.5664997279026474
2022-05-02,0.5634659448813362
2022-05-03,0.5605570052366837
2022-05-04,0.557662083448196
2022-05-05,0.555432152376234
2022-05-06,0.5531884697669076
2022-05-09,0.5509587354004752
2022-05-10,0.5487290993805183
2022-05-11,0.5465134091552359
2022-05-12,0.5443255103644185
2022-05-13,0.5421653988155639
2022-05-16,0.5400192258605663
2022-05-17,0.537790073567268
2022-05-18,0.535574863436783
2022-05-19,0.5334012819878997
2022-05-20,0.5312139501544522
2022-05-23,0.5290128703292374
2022-05-24,0.5267842022688818
2022-05-25,0.5245279496473354
2022-05-26,0.5222441161843894
2022-05-27,0.5199742261235762
2022-05-31,0.5176075620342502
2022-06-01,0.5153655593325923
2022-06-02,0.5129852729150675
2022-06-03,0.5105220726959847
2022-06-06,0.5080174820641381
2022-06-07,0.5056513768051052
2022-06-08,0.5033130529165208
2022-06-09,0.5009471667456911
2022-06-10,0.49865056297901944
2022-06-13,0.49639556356474435
2022-06-14,0.4939469992722989
2022-06-15,0.4914985543809425
2022-06-16,0.4900876545563593
2022-06-17,0.4886906257386303
2022-06-21,0.4873627916859635
2022-06-22,0.48604882343594724
2022-06-23,0.48472105849810543
2022-06-24,0.4834071593609046
2022-06-27,0.4821347852392299
2022-06-28,0.48090393226366546
2022-06-29,0.479673108961709
2022-06-30,0.4784423153324058
2022-07-01,0.4770179546893516
2022-07-05,0.476119102821404
2022-07-06,0.475220266959242
2022-07-07,0.47440441374880793
2022-07-08,0.47360240108255125
2022-07-11,0.4728142285289283
2022-07-12,0.4720537228201538
2022-07-13,0.47125174750531906
2022-07-14,0.47043595821607553
2022-07-15,0.46957870291132187
2022-07-18,0.46876294088787906
2022-07-19,0.46787806200444537
2022-07-20,0.4670485014599879
2022-07-21,0.46624660567552434
2022-07-22,0.4654032463855984
2022-07-25,0.4646152018663585
2022-07-26,0.4638409945671218
2022-07-27,0.46305297444318994
2022-07-28,0.46330181901758083
2022-07-29,0.46346771599128367
2022-08-01,0.46368891286510117
2022-08-02,0.4639377604390038
2022-08-03,0.4641174843760698
2022-08-04,0.4642833839404892
2022-08-05,0.4643801588982144
2022-08-08,0.4644769340417798
2022-08-09,0.4646704850180816
2022-08-10,0.46489168716429274
2022-08-11,0.46508523978430194
2022-08-12,0.4652649678573817
2022-08-15,0.4653893952574095
2022-08-16,0.46551382296448063
2022-08-17,0.4653202694960612
2022-08-18,0.46121450385394613
2022-08-19,0.4608412551929564
2022-08-22,0.4612974521253199
2022-08-23,0.4618642487748459
2022-08-24,0.4624448764139366
2022-08-25,0.4628872631341707
2022-08-26,0.4632605296899017
2022-08-29,0.46385499824506127
2022-08-30,0.464504774389074
2022-08-31,0.46442182437947954
2022-09-01,0.4649886558124927
2022-09-02,0.4655969700487761
2022-09-06,0.4662191172785102
2022-09-07,0.46685509819114346
2022-09-08,0.46747726110165644
2022-09-09,0.46807177933101407
2022-09-12,0.4686663045633921
2022-09-13,0.4692608367998008
2022-09-14,0.46984154954594626
2022-09-15,0.47022869424021563
2022-09-16,0.4705328812740106
2022-09-19,0.47097533902002997
2022-09-20,0.47150076320728873
2022-09-21,0.47204002025594827
2022-09-22,0.47358867200504307
2022-09-23,0.4751373712720275
2022-09-26,0.47669994658269266
2022-09-27,0.4782763996584727
2022-09-28,0.47988056078313024
2022-09-29,0.48147094390792455
2022-09-30,0.48307520655270775
2022-10-03,0.48479016531799424
2022-10-04,0.4868094695134939
2022-10-05,0.4888565184070548
2022-10-06,0.49088981721456815
2022-10-07,0.49293703099001496
2022-10-11,0.49499816142311026
2022-10-12,0.4970455423374487
2022-10-13,0.4990791714921561
2022-10-14,0.5011128825457067
2022-10-17,0.5031466749441105
2022-10-18,0.5051528769390745
2022-10-19,0.50720066958857
2022-10-20,0.5092208707190071
2022-10-21,0.5112273151064217
2022-10-24,0.5132061624621431
2022-10-25,0.5151989259774559
2022-10-26,0.5172332867671159
2022-10-27,0.5193092498613661
2022-10-28,0.5213852976971523
2022-10-31,0.5233230166609704
2022-11-01,0.5252884937829938
2022-11-02,0.5273647873306531
2022-11-03,0.5304931990199324
2022-11-04,0.5336079601658494
2022-11-07,0.5366952248368473
2022-11-08,0.539768832194798
2022-11-09,0.5428564732537611
2022-11-10,0.5459581505664279
2022-11-14,0.549087714325236
2022-11-15,0.5522174709939098
2022-11-16,0.5552504694270155
2022-11-17,0.5583806076639108
2022-11-18,0.5615247915920496
2022-11-21,0.5646691710544216
2022-11-22,0.5678137460628618
2022-11-23,0.5709585174918597
2022-11-25,0.5741173389716581
2022-11-28,0.5772763577613249
2022-11-29,0.5804355730079203
2022-11-30,0.5835949847231903
2022-12-01,0.5867407349890663
2022-12-02,0.5898866817481307
2022-12-05,0.5930189636350058
2022-12-06,0.5961375789450107
2022-12-07,0.5992425242726807
2022-12-08,0.602361523210726
2022-12-09,0.6054807144072583
2022-12-12,0.6086000978747008
2022-12-13,0.6117335392643808
2022-12-14,0.6148533081635654
2022-12-15,0.6186804595271767
2022-12-16,0.6225217688654805
2022-12-19,0.6263495021633037
2022-12-20,0.6301775248884978
2022-12-21,0.6340058370629564
2022-12-22,0.637834438708762
2022-12-23,0.6416772036939911
2022-12-27,0.6455202602959176
2022-12-28,0.6493636085370236
2022-12-29,0.6532072484391804
2022-12-30,0.6569817898075314
2023-01-03,0.660742732359354
2023-01-04,0.6645039551664622
2023-01-05,0.6682654561889656
2023-01-06,0.6720411186198039
2023-01-09,0.6758170624033388
2023-01-10,0.6796071717790064
2023-01-11,0.6833836803987192
2023-01-12,0.687160470434045
2023-01-13,0.6909514292359531
2023-01-17,0.6947565589034976
2023-01-18,0.6985341964149017
2023-01-19,0.7022982239555553
2023-01-20,0.7060625319813107
2023-01-23,0.7098132269874213
2023-01-24,0.7135919864814766
2023-01-25,0.7173849210922678
2023-01-26,0.7211503492045579
2023-01-27,0.7249299535109666
2023-01-30,0.7287098394630709
2023-01-31,0.7324761073433605
2023-02-01,0.7362565545790178
2023-02-02,0.7403152727391227
2023-02-03,0.7449304006870716
2023-02-06,0.7496988875518307
2023-02-07,0.7544956323393248
2023-02-08,0.7593067367443362
2023-02-09,0.764090482092894
2023-02-10,0.768819042909108
2023-02-13,0.773478493661206
2023-02-14,0.7782774860423558
2023-02-15,0.7842456301163092
2023-02-16,0.7898248578475875
2023-02-17,0.7960170250094101
2023-02-21,0.8022656206675638
2023-02-22,0.8085428252391447
2023-02-23,0.8148486491537543
2023-02-24,0.8211691792813558
2023-02-27,0.8274904955788864
2023-02-28,0.8338125981441014
2023-03-01,0.8401354870747557
2023-03-02,0.8464591624684381
2023-03-03,0.8527836244232145
2023-03-06,0.8591088730370067
2023-03-07,0.8654349084075696
2023-03-08,0.8717617306327696
2023-03-09,0.8780893398102285
2023-03-10,0.8844177360381233
2023-03-13,0.8907469194143647
2023-03-14,0.8970768900367299
2023-03-15,0.9034355350625689
2023-03-16,0.909725236894765
2023-03-17,0.9160296689204595
2023-03-20,0.9223348816589372
2023-03-21,0.9286408752064657
2023-03-22,0.9349616044325604
2023-03-23,0.941645944137659
2023-03-24,0.9483311610480216
2023-03-27,0.9550312137210248
2023-03-28,0.9617461040961173
2023-03-29,0.9684479172536453
2023-03-30,0.9751645793719232
2023-03-31,0.9819519555904654
2023-04-03,0.9886564241167739
2023-04-04,0.9953617761626066
2023-04-05,1.0020121210813637
2023-04-06,1.008663333276838
2023-04-10,1.0153154128623498
2023-04-11,1.0219543831708866
2023-04-12,1.0285802370399777
2023-04-13,1.0352069513610673
2023-04-14,1.0418345262460438
2023-04-17,1.0484909335359838
2023-04-18,1.0551761843019425
2023-04-19,1.0618203419641814
2023-04-20,1.0684793556206773
2023-04-21,1.0751392376847968
2023-04-24,1.0818419732989581
2023-04-25,1.088531591678188
2023-04-26,1.0951940887708567
2023-04-27,1.1018434524134868
2023-04-28,1.1084936813829382
2023-05-01,1.1151447757917543
2023-05-02,1.1217967357524672
2023-05-03,1.1284495613778756
2023-05-04,1.1354394373784604
2023-05-05,1.1424442805809787
2023-05-08,1.1494360698286021
2023-05-09,1.156428814938093
2023-05-10,1.1634225160402023
2023-05-11,1.170389136658767
2023-05-12,1.1773707270473
2023-05-15,1.184353268078009
2023-05-16,1.1913227387131409
2023-05-17,1.1982791314449792
2023-05-18,1.2052364694814854
2023-05-19,1.2121947529511679
2023-05-22,1.2191539819826125
2023-05-23,1.226114156703928
2023-05-24,1.2330893136724197
2023-05-25,1.240093495189698
2023-05-26,1.247084593992842
2023-05-30,1.254062604469952
2023-05-31,1.2610836935478265
2023-06-01,1.2681057444162591
2023-06-02,1.2750866153056983
2023-06-05,1.28204033897239
2023-06-06,1.2889809558438547
2023-06-07,1.2959365657116306
2023-06-08,1.3028931188715287
2023-06-09,1.3098506154521683
2023-06-12,1.3168090555810474
2023-06-13,1.3237684393860638
2023-06-14,1.330728766995548
2023-06-15,1.3376900366298683
2023-06-16,1.3446100512977233
2023-06-20,1.3515450676088059
2023-06-21,1.3584810206189402
2023-06-22,1.3654179104544695
2023-06-23,1.372369811818197
2023-06-26,1.3793367305545146
2023-06-27,1.3863045941170493
2023-06-28,1.3932874810347995
2023-06-29,1.4002713168572711
2023-06-30,1.4072983483961576
2023-07-03,1.4142981742263694
2023-07-05,1.4212848651930177
2023-07-06,1.4282725055811296
2023-07-07,1.4352610955199574
2023-07-10,1.4422647288709234
2023-07-11,1.4492693158652759
2023-07-12,1.456260760976924
2023-07-13,1.463267253727607
2023-07-14,1.4702606010201458
2023-07-17,1.477254896723157
2023-07-18,1.484264248120104
2023-07-19,1.491260448695697
2023-07-20,1.4982717071456708
2023-07-21,1.5052557002018796
2023-07-24,1.512254753307385
2023-07-25,1.5192688704267154
2023-07-26,1.5263121761425302
2023-07-27,1.5337093640330313
2023-07-28,1.5410793742598905
2023-07-31,1.5484645593096147
2023-08-01,1.5558649274265313
2023-08-02,1.5632522330828125
2023-08-03,1.570640597246964
2023-08-04,1.5780017582060046
2023-08-07,1.5853639698928612
2023-08-08,1.5927272324567143
2023-08-09,1.6000774090757397
2023-08-10,1.6074427718269613
2023-08-11,1.6148091859053082
2023-08-14,1.6221766514612823
2023-08-15,1.629545168644464
2023-08-16,1.6369147376052329
2023-08-17,1.644285358493569
2023-08-18,1.6516428803597383
2023-08-21,1.659001450417763
2023-08-22,1.6663610688172348
2023-08-23,1.6737358928566204
2023-08-24,1.6811259287512148
2023-08-25,1.6885311827304461
2023-08-28,1.6959516610364322
2023-08-29,1.7033590393562115
2023-08-30,1.710753311757296
2023-08-31,1.7181628089369405
2023-09-01,1.7255875391669173
2023-09-05,1.7329991619039697
2023-09-06,1.7403976732392468
2023-09-07,1.7477830631938307
2023-09-08,1.7551695093575792
2023-09-11,1.7625428283746136
2023-09-12,1.7699313813381412
2023-09-13,1.7773351744752364
2023-09-14,1.7847258388888343
2023-09-15,1.79213174580245
2023-09-18,1.7995387118596828
2023-09-19,1.8069325435668526
2023-09-20,1.8143274326902326
2023-09-21,1.8217233773556774
2023-09-22,1.8291345774415046
2023-09-25,1.8365752389303491
2023-09-26,1.84401696861064
2023-09-27,1.851459764596708
2023-09-28,1.858875215352429
2023-09-29,1.8662917266164536
2023-10-02,1.87373772039644
2023-10-03,1.8811847810927262
2023-10-04,1.88861869691066
2023-10-05,1.8960252418062207
2023-10-06,1.9034328459365257
2023-10-10,1.9108415074231555
2023-10-11,1.9182370022815642
2023-10-12,1.9256477769036717
2023-10-13,1.9330596093345642
2023-10-16,1.9404724997257539
2023-10-17,1.9479006804904775
2023-10-18,1.9553156913178715
2023-10-19,1.9627175242330819
2023-10-20,1.9701346500072159
2023-10-23,1.977581315293786
2023-10-24,1.9850432900437975
2023-10-25,1.9925205805480295
2023-10-26,2.000013191058392
2023-10-27,2.0074783841145583
2023-10-30,2.0149303982457956
2023-10-31,2.0224404826948317
2023-11-01,2.0298946386633765
2023-11-02,2.037378374229293
2023-11-03,2.0448489294358163
2023-11-06,2.05232055712512
2023-11-07,2.059778994529382
2023-11-08,2.0672527655985817
2023-11-09,2.0747418766337677
2023-11-10,2.0822177957941945
2023-11-13,2.089694788207619
2023-11-14,2.097172854028162
2023-11-15,2.104651993409523
2023-11-16,2.1121179292447056
2023-11-17,2.119584934854346
2023-11-20,2.127038731087627
2023-11-21,2.1344935933135467
2023-11-22,2.1419495216839057
2023-11-24,2.1494493767522993
2023-11-27,2.1569646001169396
2023-11-28,2.1644523232812074
2023-11-29,2.171912536149756
2023-11-30,2.179388107519886
2023-12-01,2.186964821905091
2023-12-04,2.1945426406205892
2023-12-05,2.2020214545967587
2023-12-06,2.2094727343811793
2023-12-07,2.2169393837237372
2023-12-08,2.2244071008967414
2023-12-11,2.2318901961204007
2023-12-12,2.239360053504902
2023-12-13,2.2468452933478322
2023-12-14,2.2543316057308083
2023-12-15,2.261833307031391
2023-12-18,2.269336085286544
2023-12-19,2.2768399427062436
2023-12-20,2.284359201844355
2023-12-21,2.291908195571213
2023-12-22,2.299458277179145
2023-12-26,2.3070381040145693
2023-12-27,2.3147193504199914
2023-12-28,2.3224160575985198
2023-12-29,2.330070890353342
2024-01-02,2.337726838824572
2024-01-03,2.3453552271202716
2024-01-04,2.3528843391178222
2024-01-05,2.3604001908390404
2024-01-08,2.367945816256012
2024-01-09,2.375535577395138
2024-01-10,2.3831264385289708
2024-01-11,2.3906753390118385
2024-01-12,2.3982109717073263
2024-01-16,2.405762043944315
2024-01-17,2.4133285641536717
2024-01-18,2.4208674551846054
2024-01-19,2.4284074305748526
2024-01-22,2.4359915884845096
2024-01-23,2.443591211594487
2024-01-24,2.4511775659509905
2024-01-25,2.4588081324322664
2024-01-26,2.46642543464467
2024-01-29,2.4740150921408355
2024-01-30,2.481634604573435
2024-01-31,2.4892552213129138
2024-02-01,2.4968481792267183
2024-02-02,2.5044422355176676
2024-02-05,2.51205177927758
2024-02-06,2.5196624258994382
2024-02-07,2.527274175543315
2024-02-08,2.534887028368793
2024-02-09,2.542500984536067
2024-02-12,2.5501304414927373
2024-02-13,2.557761006288184
2024-02-14,2.5653782797005698
2024-02-15,2.5730110585649557
2024-02-16,2.5806305421898212
2024-02-20,2.588251130117647
2024-02-21,2.595872822508216
2024-02-22,2.6034956195221004
2024-02-23,2.6111339332315797
2024-02-26,2.6187733560658177
2024-02-27,2.6264138881860077
2024-02-28,2.634055529752788
2024-02-29,2.641712701213006
2024-03-01,2.6493565642506267
2024-03-04,2.6570015372187394
2024-03-05,2.664647620278937
2024-03-06,2.6722948135914693
2024-03-07,2.679943117318273
2024-03-08,2.687592531620364
2024-03-11,2.695243056659191
2024-03-12,2.7028946925957698
2024-03-13,2.710547439591404
2024-03-14,2.7182012978075654
2024-03-15,2.7258562674056797
2024-03-18,2.7335123485467294
2024-03-19,2.7411695413929293
2024-03-20,2.74882784610464
2024-03-21,2.7564872628442316
2024-03-22,2.7641477917725976
2024-03-25,2.7718094330513865
2024-03-26,2.7794866448683453
2024-03-27,2.7871794336909783
2024-03-28,2.7948878060004123
2024-04-01,2.802611768292107
2024-04-02,2.8103223941447153
2024-04-03,2.818005208804586
2024-04-04,2.825689141155663
2024-04-05,2.833374191360971
2024-04-08,2.8410458846895636
2024-04-09,2.848718691989738
2024-04-10,2.856392613423764
2024-04-11,2.864067649152202
2024-04-12,2.871743799338178
2024-04-15,2.8794355495479262
2024-04-16,2.8871139312363736
2024-04-17,2.894793427867537
2024-04-18,2.9024595478832182
2024-04-19,2.9101412727815967
2024-04-22,2.917824113108014
2024-04-23,2.9255080690246182
2024-04-24,2.9331931406935574
2024-04-25,2.9408793282767687
2024-04-26,2.948581136282591
2024-04-29,2.9562840647428645
2024-04-30,2.9640171309547436
2024-05-01,2.9717223050347075
2024-05-02,2.9794140872618335
2024-05-03,2.9871069863779853
2024-05-06,2.994801002544667
2024-05-07,3.0024961359244817
2024-05-08,3.0101923866797
2024-05-09,3.017889754972014
2024-05-10,3.0255882409644053
2024-05-13,3.033287844818522
2024-05-14,3.0409885666970893
2024-05-15,3.0486904067626663
2024-05-16,3.0563933651768127
2024-05-17,3.0640974421027978
2024-05-20,3.0717444769028046
2024-05-21,3.079392613711973
2024-05-22,3.087041852689787
2024-05-23,3.094692193994486
2024-05-24,3.1023581842566705
2024-05-28,3.110025281360107
2024-05-29,3.117708036136746
2024-05-30,3.1253919022803722
2024-05-31,3.133091434833246
2024-06-03,3.1408066402811463
2024-06-04,3.1484938478070545
2024-06-05,3.156182167344046
2024-06-06,3.16387159905287
2024-06-07,3.1715621430943974
2024-06-10,3.1792392320981966
2024-06-11,3.1869174295460323
2024-06-12,3.1945821638595495
2024-06-13,3.202248002733221
2024-06-14,3.2099149463262866
2024-06-17,3.2176121508758815
2024-06-18,3.225310468882514
2024-06-20,3.2329953182504423
2024-06-21,3.2406666928202266
2024-06-24,3.2483391729073885
2024-06-25,3.2560419358032
2024-06-26,3.263760403636451
2024-06-27,3.271479990117554
2024-06-28,3.2791861005021183
2024-07-01,3.286995504753487
2024-07-02,3.2947330578848244
2024-07-03,3.302442531996397
2024-07-05,3.310138517950967
2024-07-08,3.317835615077991
2024-07-09,3.325563038750168
2024-07-10,3.3332915823679143
2024-07-11,3.3410212460935784
2024-07-12,3.348752030089619
2024-07-15,3.356483934518184
2024-07-16,3.364231577736454
2024-07-17,3.3719803459535846
2024-07-18,3.379715616892376
2024-07-19,3.387452008914238
2024-07-22,3.395174895502162
2024-07-23,3.4029135280574274
2024-07-24,3.410653282182796
2024-07-25,3.418408791076488
2024-07-26,3.426165426111061
2024-07-29,3.4338939128788604
2024-07-30,3.441623517629011
2024-07-31,3.449427448126352
2024-08-01,3.457188587233573
2024-08-02,3.4649508532992868
2024-08-05,3.472670302751979
2024-08-06,3.480405516791596
2024-08-07,3.4881418497863192
2024-08-08,3.495893956163998
2024-08-09,3.503647186064307
2024-08-12,3.5114015396505494
2024-08-13,3.5191570170852837
2024-08-14,3.5268989557690533
2024-08-15,3.5346713441484767
2024-08-16,3.542400860080175
2024-08-19,3.5501314920253546
2024-08-20,3.5578632401452204
2024-08-21,3.565581431233822
2024-08-22,3.5733007345864043
2024-08-23,3.581050505555783
2024-08-26,3.588816077306356
2024-08-27,3.596597456378614
2024-08-28,3.60437996534837
2024-08-29,3.612134232156694
2024-08-30,3.6198749324407253
2024-09-03,3.6276461310662866
2024-09-04,3.6354331484674485
2024-09-05,3.643221296584731
2024-09-06,3.650995878829366
2024-09-09,3.658771587854448
2024-09-10,3.6665337228099726
2024-09-11,3.674282277475427
2024-09-12,3.6820466561659937
2024-09-13,3.689812158030814
2024-09-16,3.6976523308197784
2024-09-17,3.7054936484871903
2024-09-18,3.713262542131457
2024-09-19,3.720282046552037
2024-09-20,3.727346625781991
2024-09-23,3.7344121340514014
2024-09-24,3.741493293227516
2024-09-25,3.748545934330094
2024-09-26,3.755599502902174
2024-09-27,3.76265399520066
2024-09-30,3.7698861669680728
2024-10-01,3.777251894709155
2024-10-02,3.7844270962972715
2024-10-03,3.791500107157786
2024-10-04,3.798544573412399
2024-10-07,3.8055899622011724
2024-10-08,3.812651014882318
2024-10-09,3.819698251032666
2024-10-10,3.8267316649777117
2024-10-11,3.8337512510527083
2024-10-15,3.8408454973213657
2024-10-16,3.8479406784745263
2024-10-17,3.8550220417945313
2024-10-18,3.8620895815810075
2024-10-21,3.8691285354265026
2024-10-22,3.876183167801006
2024-10-23,3.883238724041038
2024-10-24,3.8902952042677574
2024-10-25,3.8973526086022448
2024-10-28,3.9043961707875385
2024-10-29,3.9114406534592527
2024-10-30,3.918471286499503
2024-10-31,3.925635785883641
2024-11-01,3.9327421407548857
2024-11-04,3.939790327812731
2024-11-05,3.946839435960925
2024-11-06,3.95387468538414
2024-11-07,3.960925634143142
2024-11-08,3.9676522608638742
2024-11-12,3.9743797261079794
2024-11-13,3.981093242499334
2024-11-14,3.987792804620094
2024-11-15,3.994478407063806
2024-11-18,4.001164837422189
2024-11-19,4.007852095797726
2024-11-20,4.014525385640988
2024-11-21,4.021229098842449
2024-11-22,4.027918841884515
2024-11-25,4.034624215503369
2024-11-26,4.04133042132232
2024-11-27,4.04802265362062
2024-11-29,4.054745329968967
2024-12-02,4.061542890001391
2024-12-03,4.06834130484921
2024-12-04,4.075066508500136
2024-12-05,4.0817925486551605
2024-12-06,4.088534242326302
2024-12-09,4.095321232668525
2024-12-10,4.1021238952528964
2024-12-11,4.108897768335018
2024-12-12,4.115672489542332
2024-12-13,4.122418406597972
2024-12-16,4.129239304779608
2024-12-17,4.13601657285515
2024-12-18,4.142720530655419
2024-12-19,4.14902481139634
2024-12-20,4.155329826196397
2024-12-23,4.161665250989143
2024-12-24,4.168120125539854
2024-12-26,4.174783539041938
2024-12-27,4.181329031319592
2024-12-30,4.187756562760847
2024-12-31,4.194363008033164
2025-01-02,4.200821779434505
2025-01-03,4.20714767489997
2025-01-06,4.213414903662482
2025-01-07,4.219682857018392
2025-01-08,4.225981244426535
2025-01-09,4.232295219894655
2025-01-10,4.23860993055073
2025-01-13,4.244910516607481
2025-01-14,4.251211836293766
2025-01-15,4.257499022915767
2025-01-16,4.263801803209488
2025-01-17,4.270105315660522
2025-01-21,4.276409560354589
2025-01-22,4.282729407604746
2025-01-23,4.289124350528473
2025-01-24,4.295505173115355
2025-01-27,4.301886745666284
2025-01-28,4.308283945478686
2025-01-29,4.314681898932515
2025-01-30,4.3210954868312506
2025-01-31,4.327539597002561
2025-02-03,4.333939818927468
2025-02-04,4.3403110228688035
2025-02-05,4.34668297389853
2025-02-06,4.353100340549143
2025-02-07,4.359503573735668
2025-02-10,4.36590756127424
2025-02-11,4.372297408505665
2025-02-12,4.378658213763186
2025-02-13,4.385034661388609
2025-02-14,4.391411856717231
2025-02-18,4.397849406781562
2025-02-19,4.404257911768394
2025-02-20,4.410264688682064
2025-02-21,4.416287035603695
2025-02-24,4.422324959206336
2025-02-25,4.428363554419512
2025-02-26,4.434417733087914
2025-02-27,4.4405173254616574
2025-02-28,4.446647429839079
2025-03-03,4.452688723826082
2025-03-04,4.458730688143476
2025-03-05,4.4648031647004816
2025-03-06,4.470861393302261
2025-03-07,4.476890447310888
2025-03-10,4.482905243586588
2025-03-11,4.488905777255625
2025-03-12,4.494892043455112
2025-03-13,4.500864037333874
2025-03-14,4.506836685672511
2025-03-17,4.512839855056761
2025-03-18,4.518843687251639
2025-03-19,4.524818307583189
2025-03-20,4.530793582662795
2025-03-21,4.536784452386444
2025-03-24,4.5428058648616325
2025-03-25,4.548872773183454
2025-03-26,4.554985192372962
2025-03-27,4.561098294808352
2025-03-28,4.56718218597042
2025-03-31,4.573371404139214
2025-04-01,4.579516468135136
2025-04-02,4.5856323177218545
2025-04-03,4.591778762319876
2025-04-04,4.597836156477964
2025-04-07,4.603864306375549
2025-04-08,4.609997840720393
2025-04-09,4.615428799671495
2025-04-10,4.620800448972973
2025-04-11,4.626112769465496
2025-04-14,4.631425606625106
2025-04-15,4.636783862083438
2025-04-16,4.642052829664589
2025-04-17,4.647337275466567
2025-04-21,4.652607259335739
2025-04-22,4.657847805444515
2025-04-23,4.663073881067548
2025-04-24,4.668315432239067
2025-04-25,4.673632373953296
2025-04-28,4.678994769055467
2025-04-29,4.684357690101981
2025-04-30,4.689796045622485
2025-05-01,4.695204975615807
2025-05-02,4.700569486560868
2025-05-05,4.7058745776557664
2025-05-06,4.711150206642245
2025-05-07,4.716411356804462
2025-05-08,4.721673014332217
2025-05-09,4.7269201859147625
2025-05-12,4.732182855437728
2025-05-13,4.7374910168928475
2025-05-14,4.742799694610255
2025-05-15,4.748138882624775
2025-05-16,4.753493593497826
2025-05-19,4.758893835984668
2025-05-20,4.764249603161685
2025-05-21,4.76846553270367
2025-05-22,4.772681786801803
2025-05-23,4.7768983654807755
2025-05-27,4.78119030263211
2025-05-28,4.785527601104911
2025-05-29,4.789835222340066
2025-05-30,4.794113156956026
2025-06-02,4.798361400323414
2025-06-03,4.802579948968
2025-06-04,4.806753782159944
2025-06-05,4.810912916025489
2025-06-06,4.815042331127506
2025-06-09,4.819172057336541
2025-06-10,4.82328707635864
2025-06-11,4.827417424852554
2025-06-12,4.831548084524096
2025-06-13,4.835664032556519
2025-06-16,4.839855404881299
2025-06-17,4.844032073586002
2025-06-18,4.848148958733334
2025-06-20,4.852281179172236
2025-06-23,4.856413710929585
2025-06-24,4.860576612210088
2025-06-25,4.8648300073915856
2025-06-26,4.869158887679714
2025-06-27,4.873458044301904
2025-06-30,4.877847736939245
