date,rate_pct
2006-08-07,5.034952225459654
2006-08-08,5.039291158945098
2006-08-09,5.0447427141447445
2006-08-10,5.05008308479827
2006-08-11,5.05542352567243
2006-08-14,5.060986558063491
2006-08-15,5.066104615159201
2006-08-16,5.070888951452628
2006-08-17,5.075562074036454
2006-08-18,5.08034651124675
2006-08-21,5.085242274788558
2006-08-22,5.090360637533127
2006-08-23,5.096257965570196
2006-08-24,5.102377926492325
2006-08-25,5.108164153786285
2006-08-28,5.1138391867622595
2006-08-29,5.118957911261356
2006-08-30,5.124633095035068
2006-08-31,5.13108731753785
2006-09-01,5.136206256577317
2006-09-04,5.14054627299898
2006-09-05,5.145220189331645
2006-09-06,5.149894165840728
2006-09-07,5.15456819356536
2006-09-08,5.1590196973175955
2006-09-11,5.163582538659918
2006-09-12,5.167255105713851
2006-09-13,5.172597084353196
2006-09-14,5.1768261947985215
2006-09-15,5.1797198180837976
2006-09-18,5.182168284652869
2006-09-19,5.184394176766884
2006-09-20,5.187176559439736
2006-09-21,5.190292851081714
2006-09-22,5.193297866350265
2006-09-25,5.1966367968987734
2006-09-26,5.199419261889176
2006-09-27,5.203426045500949
2006-09-28,5.207655474544726
2006-09-29,5.211328426933467
2006-10-02,5.215112717191772
2006-10-03,5.218006613165542
2006-10-04,5.220344005409119
2006-10-05,5.222347494354674
2006-10-06,5.224573605988954
2006-10-09,5.227356264587787
2006-10-10,5.230361553163456
2006-10-11,5.233255557744229
2006-10-12,5.236149582937121
2006-10-13,5.238264460825913
2006-10-16,5.24138114090695
2006-10-17,5.243607357429812
2006-10-18,5.246167521159613
2006-10-19,5.248616388851843
2006-10-20,5.251176582737719
2006-10-23,5.2545159944257565
2006-10-24,5.257744118035058
2006-10-25,5.2615288478580196
2006-10-26,5.265090980665669
2006-10-27,5.267873915980642
2006-10-30,5.271102143054249
2006-10-31,5.274219072444957
2006-11-01,5.27655678805892
2006-11-02,5.27833791301129
2006-11-03,5.280230365530906
2006-11-06,5.282456792458108
2006-11-07,5.282122828418925
2006-11-08,5.281788864654854
2006-11-09,5.281566222328169
2006-11-10,5.281454901195018
2006-11-13,5.2820115070115525
2006-11-14,5.282345470776514
2006-11-15,5.282790756040046
2006-11-16,5.282568113286488
2006-11-17,5.281900185208123
2006-11-20,5.281788864045225
2006-11-21,5.281900185116745
2006-11-22,5.282345470258709
2006-11-23,5.282679434388111
2006-11-24,5.282679434388912
2006-11-27,5.2836813276039685
2006-11-28,5.283681327603791
2006-11-29,5.2839039710280735
2006-11-30,5.284683223441184
2006-12-01,5.284683223441095
2006-12-04,5.284237935738515
2006-12-05,5.283124719224947
2006-12-06,5.282568111883497
2006-12-07,5.282568111883942
2006-12-08,5.2823454692522205
2006-12-11,5.282345469252131
2006-12-12,5.282234147905322
2006-12-13,5.281900184140806
2006-12-14,5.2823454689162785
2006-12-15,5.282679432955462
2006-12-18,5.282345468641968
2006-12-19,5.281788862215183
2006-12-20,5.282011504603053
2006-12-21,5.2829020763495524
2006-12-22,5.283347362832608
2006-12-25,5.283236041242215
2006-12-26,5.2837926491938285
2006-12-27,5.283013396994199
2006-12-28,5.283013396994376
2006-12-29,5.282122825004115
2007-01-01,5.28123225496511
2007-01-02,5.2817888600191845
2007-01-03,5.282345466141468
2007-01-04,5.282234144825563
2007-01-05,5.281120933801856
2007-01-08,5.280898291840681
2007-01-09,5.280898291841037
2007-01-10,5.28089829184086
2007-01-11,5.281566218089271
2007-01-12,5.281454896926106
2007-01-15,5.281343575792956
2007-01-16,5.281788860080905
2007-01-17,5.282234145222779
2007-01-18,5.281900181457551
2007-01-19,5.281788860294475
2007-01-22,5.281677539130777
2007-01-23,5.2820115027120025
2007-01-24,5.282679430790725
2007-01-25,5.283570002537045
2007-01-26,5.283792645900767
2007-01-29,5.283681324249366
2007-01-30,5.28290207354455
2007-01-31,5.283792645291138
2007-02-01,5.283681323731203
2007-02-02,5.283236037369984
2007-02-05,5.282234145801859
2007-02-06,5.281232256429198
2007-02-07,5.281009614407639
2007-02-08,5.281232256428752
2007-02-09,5.281454898572415
2007-02-12,5.28212282555327
2007-02-13,5.282568110938373
2007-02-14,5.282456789653371
2007-02-15,5.2829020750387405
2007-02-16,5.282790753570361
2007-02-19,5.2831247182495416
2007-02-20,5.2830133968118895
2007-02-21,5.283236040053596
2007-02-22,5.283570004915887
2007-02-23,5.283792648401713
2007-02-26,5.284349256962955
2007-02-27,5.284683222648801
2007-02-28,5.28657569642365
2007-03-01,5.287132308644265
2007-03-02,5.287132308643998
2007-03-05,5.287577599396946
2007-03-06,5.287020985956007
2007-03-07,5.286241729060234
2007-03-08,5.28635305150491
2007-03-09,5.286575696515028
2007-03-12,5.286575696514849
2007-03-13,5.286575696515563
2007-03-14,5.287132309345271
2007-03-15,5.287911568375944
2007-03-16,5.28813421417898
2007-03-19,5.288468183066422
2007-03-20,5.2883568601347575
2007-03-21,5.288245537233462
2007-03-22,5.288022891613092
2007-03-23,5.2879115687421665
2007-03-26,5.288802152686577
2007-03-27,5.288802152686398
2007-03-28,5.2885795067615256
2007-03-29,5.288913475741147
2007-03-30,5.289358768078684
2007-04-02,5.289470091345756
2007-04-03,5.288134214697231
2007-04-04,5.287800245901612
2007-04-05,5.288245537019446
2007-04-06,5.288134214269912
2007-04-09,5.288245537110913
2007-04-10,5.288690829204777
2007-04-11,5.289024798733375
2007-04-12,5.289581414918311
2007-04-13,5.289581414918222
2007-04-16,5.290026708110485
2007-04-17,5.2894700910106165
2007-04-18,5.2890247976959825
2007-04-19,5.289024797696695
2007-04-20,5.288579505602476
2007-04-23,5.288134213751751
2007-04-24,5.288022890728619
2007-04-25,5.2878002447415815
2007-04-26,5.287577599183198
2007-04-27,5.287466276433753
2007-04-30,5.288022890179731
2007-05-01,5.28824553598241
2007-05-02,5.2873549535017315
2007-05-03,5.2881342140259715
2007-05-04,5.288022891125122
2007-05-07,5.28880215293025
2007-05-08,5.289247446244261
2007-05-09,5.288245538757756
2007-05-10,5.287911570235466
2007-05-11,5.288245538849311
2007-05-14,5.288802154119493
2007-05-15,5.289470092992688
2007-05-16,5.289470092992777
2007-05-17,5.28935876975563
2007-05-18,5.289024800227744
2007-05-21,5.289247446701861
2007-05-22,5.28935876999957
2007-05-23,5.2890248005627045
2007-05-24,5.288913477417203
2007-05-25,5.289581416474133
2007-05-28,5.2900267096662175
2007-05-29,5.290583326918292
2007-05-30,5.290472003376019
2007-05-31,5.290583326857552
2007-06-01,5.289692739741739
2007-06-04,5.289470093144984
2007-06-05,5.288690830485842
2007-06-06,5.28891347671584
2007-06-07,5.2880228937471925
2007-06-08,5.287688925500015
2007-06-11,5.288022893930125
2007-06-12,5.288134216801317
2007-06-13,5.288356862665271
2007-06-14,5.288913477783424
2007-06-15,5.289024800897934
2007-06-18,5.288802154607374
2007-06-19,5.288022893655904
2007-06-20,5.288134216496726
2007-06-21,5.288022893655636
2007-06-22,5.287466279910104
2007-06-25,5.288022893655815
2007-06-26,5.288134216557644
2007-06-27,5.2880228937170894
2007-06-28,5.288356862512976
2007-06-29,5.288913477173083
2007-07-02,5.289692739192138
2007-07-03,5.289024800136454
2007-07-04,5.288690830882524
2007-07-05,5.286909669824124
2007-07-06,5.2859077683752105
2007-07-09,5.285796446023159
2007-07-10,5.285462479422201
2007-07-11,5.285685123944261
2007-07-12,5.2859077684668545
2007-07-13,5.286019090789159
2007-07-16,5.286909669610553
2007-07-17,5.287243637309287
2007-07-18,5.287354959966999
2007-07-19,5.287132314712584
2007-07-20,5.286687024691545
2007-07-23,5.286798347197228
2007-07-24,5.28668702469208
2007-07-25,5.287354959539858
2007-07-26,5.287577604854567
2007-07-27,5.287354959478672
2007-07-30,5.287911573071908
2007-07-31,5.28791157307182
2007-08-01,5.288468187274773
2007-08-02,5.288134218478085
2007-08-03,5.2875776045803455
2007-08-06,5.287132314194244
2007-08-07,5.287243636821317
2007-08-08,5.2880228964917215
2007-08-09,5.290249356353103
2007-08-10,5.283347309985446
2007-08-13,5.2778925595316375
2007-08-14,5.269654879193671
2007-08-15,5.263532399699674
2007-08-16,5.260526862493253
2007-08-17,5.256519512483846
2007-08-20,5.25407059917592
2007-08-21,5.24961806123707
2007-08-22,5.24483162359999
2007-08-23,5.241380975701855
2007-08-24,5.240045253838189
2007-08-27,5.2402678732953945
2007-08-28,5.241047042248025
2007-08-29,5.238820839141796
2007-08-30,5.236705957198553
2007-08-31,5.233589309561499
2007-09-03,5.23047268583016
2007-09-04,5.2296935369404025
2007-09-05,5.228803082042423
2007-09-06,5.226243026314539
2007-09-07,5.222013399149566
2007-09-10,5.220121217219524
2007-09-11,5.218117739800978
2007-09-12,5.217783828269455
2007-09-13,5.216448183242828
2007-09-14,5.216448183242828
2007-09-17,5.2171160024632135
2007-09-18,5.213331686290048
2007-09-19,5.207210060410126
2007-09-20,5.201867625189076
2007-09-21,5.196413960944064
2007-09-24,5.190849070602016
2007-09-25,5.186174626738486
2007-09-26,5.182279300603399
2007-09-27,5.178717895662333
2007-09-28,5.171372560347547
2007-10-01,5.167254800941805
2007-10-02,5.161579027937318
2007-10-03,5.15479045310663
2007-10-04,5.1491148480173905
2007-10-05,5.143439326883101
2007-10-08,5.138320293895854
2007-10-09,5.134647991424542
2007-10-10,5.127192161777364
2007-10-11,5.121628221066344
2007-10-12,5.1160643565626085
2007-10-15,5.111056948467478
2007-10-16,5.104491762803973
2007-10-17,5.098260499145131
2007-10-18,5.091918060216939
2007-10-19,5.086243338155516
2007-10-22,5.080123621997786
2007-10-23,5.07389272703228
2007-10-24,5.068663303256835
2007-10-25,5.064101531726131
2007-10-26,5.058983502674393
2007-10-29,5.054533096271967
2007-10-30,5.04885889805416
2007-10-31,5.041627169905779
2007-11-01,5.034173061814486
2007-11-02,5.023270238147673
2007-11-05,5.011922721450735
2007-11-06,4.9997967924297395
2007-11-07,4.99034105694536
2007-11-08,4.982999127408508
2007-11-09,4.974544939471722
2007-11-12,4.966424631866135
2007-11-13,4.959639305035954
2007-11-14,4.952520396467063
2007-11-15,4.944734226726495
2007-11-16,4.936392066542226
2007-11-19,4.928161302010401
2007-11-20,4.9191521515480865
2007-11-21,4.910476856315691
2007-11-22,4.902024180530259
2007-11-23,4.894350198337241
2007-11-26,4.887343651379887
2007-11-27,4.877668113309112
2007-11-28,4.869660960095621
2007-11-29,4.861097939889905
2007-11-30,4.854203178381714
2007-12-03,4.846085283938133
2007-12-04,4.8373003505972
2007-12-05,4.826514017348336
2007-12-06,4.81750711735786
2007-12-07,4.808278014390006
2007-12-10,4.799605078676686
2007-12-11,4.788819741139271
2007-12-12,4.777923504092389
2007-12-13,4.767138745621388
2007-12-14,4.754130721149885
2007-12-17,4.750017121968368
2007-12-18,4.742790627793254
2007-12-19,4.736564789928015
2007-12-20,4.732784892528466
2007-12-21,4.72511405035755
2007-12-24,4.71499760701363
2007-12-25,4.703547450263803
2007-12-26,4.696544127076344
2007-12-27,4.689652064037917
2007-12-28,4.6799811367192685
2007-12-31,4.657194006134299
2008-01-01,4.632629854980296
2008-01-02,4.619403815971678
2008-01-03,4.611068280328002
2008-01-04,4.601954948594952
2008-01-07,4.594286577210215
2008-01-08,4.586618350769181
2008-01-09,4.575949791624339
2008-01-10,4.565726013441988
2008-01-11,4.557391576049427
2008-01-14,4.550501893375624
2008-01-15,4.541278818211544
2008-01-16,4.531944831330289
2008-01-17,4.521388814248666
2008-01-18,4.5111663859049465
2008-01-21,4.499166498960379
2008-01-22,4.480833920909092
2008-01-23,4.464279609731252
2008-01-24,4.450170065614482
2008-01-25,4.43717197212495
2008-01-28,4.423174470099029
2008-01-29,4.40906635603097
2008-01-30,4.391737344978651
2008-01-31,4.373298318200963
2008-02-01,4.353194056093486
2008-02-04,4.333645942199742
2008-02-05,4.309101143061495
2008-02-06,4.288666812978502
2008-02-07,4.270343423017424
2008-02-08,4.251576708797529
2008-02-11,4.230590070529516
2008-02-12,4.2099376228200525
2008-02-13,4.188953220853783
2008-02-14,4.172410641936442
2008-02-15,4.15264929759344
2008-02-18,4.132888916829353
2008-02-19,4.112130462057602
2008-02-20,4.093482044018803
2008-02-21,4.074723497105063
2008-02-22,4.055632836855632
2008-02-25,4.035988184251053
2008-02-26,4.015345618015951
2008-02-27,3.996035793018359
2008-02-28,3.9773927484718627
2008-02-29,3.9568642176511792
2008-03-03,3.938001087294754
2008-03-04,3.9164759528128408
2008-03-05,3.895950464163076
2008-03-06,3.8780885587861276
2008-03-07,3.860005559000819
2008-03-10,3.845694990771678
2008-03-11,3.8308302787409256
2008-03-12,3.8169644253070225
2008-03-13,3.8013243510474997
2008-03-14,3.7836884445819465
2008-03-17,3.763724087835624
2008-03-18,3.737882611440217
2008-03-19,3.709824865780061
2008-03-20,3.6834324448856015
2008-03-21,3.6561546175106137
2008-03-24,3.629211240230106
2008-03-25,3.60603926080071
2008-03-26,3.581538235633843
2008-03-27,3.556816971688516
2008-03-28,3.5301019014763337
2008-03-31,3.507379001757956
2008-04-01,3.482551512321172
2008-04-02,3.4580578826436366
2008-04-03,3.4321251207644967
2008-04-04,3.4067481184439687
2008-04-07,3.3799322633968427
2008-04-08,3.3545585143817016
2008-04-09,3.3290755477035057
2008-04-10,3.3068069379682723
2008-04-11,3.2833210571612126
2008-04-14,3.2601688176294608
2008-04-15,3.236464086491596
2008-04-16,3.214975910486347
2008-04-17,3.1938211443854843
2008-04-18,3.1718922321739966
2008-04-21,3.1501859658630673
2008-04-22,3.124494263102696
2008-04-23,3.102569027106509
2008-04-24,3.0835238016650024
2008-04-25,3.0603829758401853
2008-04-28,3.0383505737400935
2008-04-29,3.018533411772042
2008-04-30,3.0004885011252775
2008-05-01,2.9772416603962752
2008-05-02,2.9521143024364815
2008-05-05,2.9282059648790484
2008-05-06,2.915477410803964
2008-05-07,2.9038560536506197
2008-05-08,2.8803933299968048
2008-05-09,2.855161396967207
2008-05-12,2.8297096721577986
2008-05-13,2.803817004007362
2008-05-14,2.77903244897935
2008-05-15,2.7543600465859313
2008-05-16,2.7283615695947736
2008-05-19,2.7031391184187616
2008-05-20,2.6782501030473
2008-05-21,2.653805065863696
2008-05-22,2.629803912781055
2008-05-23,2.605030008517721
2008-05-26,2.5809211308246
2008-05-27,2.55946772275897
2008-05-28,2.541774893155951
2008-05-29,2.526073087601518
2008-05-30,2.509597908350622
2008-06-02,2.492570626426164
2008-06-03,2.4754334537941762
2008-06-04,2.4589603415533254
2008-06-05,2.444809439342498
2008-06-06,2.431432869008209
2008-06-09,2.419272720304042
2008-06-10,2.4097659033101966
2008-06-11,2.40136470277167
2008-06-12,2.391084565138888
2008-06-13,2.3799204265588574
2008-06-16,2.3689776688082165
2008-06-17,2.357814096028303
2008-06-18,2.345987677661469
2008-06-19,2.334051117895195
2008-06-20,2.3225569961658934
2008-06-23,2.3116157701912066
2008-06-24,2.300122268770901
2008-06-25,2.2894026650168744
2008-06-26,2.278904380256865
2008-06-27,2.26763283411415
2008-06-30,2.2621077147333692
2008-07-01,2.252273145031371
2008-07-02,2.2423282761558903
2008-07-03,2.2311682229312213
2008-07-04,2.2185721206041493
2008-07-07,2.207302260319193
2008-07-08,2.1948174026000373
2008-07-09,2.1847634812995493
2008-07-10,2.174599339094467
2008-07-11,2.1633307013627316
2008-07-14,2.1533880553795752
2008-07-15,2.144218959916006
2008-07-16,2.133172096030589
2008-07-17,2.1227883341401697
2008-07-18,2.111521141072372
2008-07-21,2.100364725488626
2008-07-22,2.092411791845116
2008-07-23,2.091086309804078
2008-07-24,2.09086539637233
2008-07-25,2.0898712902880625
2008-07-28,2.0889876392251776
2008-07-29,2.088656270802951
2008-07-30,2.084348524977465
2008-07-31,2.082028986690011
2008-08-01,2.0794885525216924
2008-08-04,2.0781631104237355
2008-08-05,2.072198709217568
2008-08-06,2.068112035775269
2008-08-07,2.0656821331533903
2008-08-08,2.06369404353547
2008-08-11,2.0607119295319403
2008-08-12,2.057508940132484
2008-08-13,2.054747763554944
2008-08-14,2.0535328531827077
2008-08-15,2.051103046417739
2008-08-18,2.0460225817276507
2008-08-19,2.041825723254067
2008-08-20,2.0380706784478635
2008-08-21,2.0343156717047344
2008-08-22,2.0304502617085776
2008-08-25,2.0270266409929754
2008-08-26,2.022609098551841
2008-08-27,2.0224986603235147
2008-08-28,2.020400345484439
2008-08-29,2.0168663676854712
2008-09-01,2.013111551247915
2008-09-02,2.0094672055322773
2008-09-03,2.0072585262861913
2008-09-04,2.0030620771065677
2008-09-05,2.000963862287598
2008-09-08,2.0014055928128935
2008-09-09,2.002620354085356
2008-09-10,2.0049394469623114
2008-09-11,2.004829013635592
2008-09-12,2.006043780565263
2008-09-15,2.0134428418502157
2008-09-16,2.014547202349311
2008-09-17,2.0241551518470513
2008-09-18,2.0255908527466664
2008-09-19,2.0195167119228303
2008-09-22,2.015099207000068
2008-09-23,2.0096878286997093
2008-09-24,2.0008530536331475
2008-09-25,1.9920184818752777
2008-09-26,1.9813068042574555
2008-09-29,1.976558446992828
2008-09-30,1.977000149441911
2008-10-01,1.965074248658942
2008-10-02,1.949504719327207
2008-10-03,1.9394566685674894
2008-10-06,1.9392358376110197
2008-10-07,1.9492836186020464
2008-10-08,1.9524857481754532
2008-10-09,1.9460814434128535
2008-10-10,1.932941785530905
2008-10-13,1.9194713260042124
2008-10-14,1.9093136168523883
2008-10-15,1.899156147019544
2008-10-16,1.886790839847864
2008-10-17,1.8712243045901775
2008-10-20,1.8566519448815262
2008-10-21,1.841307380253377
2008-10-22,1.8296061545080855
2008-10-23,1.8195610460536145
2008-10-24,1.808633153521545
2008-10-27,1.7968225354799268
2008-10-28,1.782363226753393
2008-10-29,1.7650347297399602
2008-10-30,1.7466033197956765
2008-10-31,1.726406994573505
2008-11-03,1.7069841482506782
2008-11-04,1.682265678981146
2008-11-05,1.6615208893357856
2008-11-06,1.642542508022046
2008-11-07,1.624337345609668
2008-11-10,1.6063536647878696
2008-11-11,1.587598552173497
2008-11-12,1.5697268556748973
2008-11-13,1.5516353338199038
2008-11-14,1.5332137072891463
2008-11-17,1.5155650328833596
2008-11-18,1.497034782724853
2008-11-19,1.4774024988857553
2008-11-20,1.4613003069962818
2008-11-21,1.4451987944491138
2008-11-24,1.430421256643986
2008-11-25,1.4150928893035983
2008-11-26,1.3992137421962452
2008-11-27,1.3825633809176054
2008-11-28,1.3655829295320279
2008-12-01,1.3478314224479846
2008-12-02,1.3309626618113959
2008-12-03,1.3123306543007827
2008-12-04,1.2921560899240485
2008-12-05,1.2704392407606824
2008-12-08,1.2492746939722983
2008-12-09,1.228993031271822
2008-12-10,1.208491949190913
2008-12-11,1.187881719096252
2008-12-12,1.167933774468224
2008-12-15,1.147766438263803
2008-12-16,1.1277103006417388
2008-12-17,1.1075449478629091
2008-12-18,1.0869398723543675
2008-12-19,1.065123917018331
2008-12-22,1.0434193147253255
2008-12-23,1.023588676362822
2008-12-24,1.0034285381264576
2008-12-25,0.9828287965124302
2008-12-26,0.9616793605934492
2008-12-29,0.9405310429254901
2008-12-30,0.9193838318624692
2008-12-31,0.9002201116430804
2009-01-01,0.8799560497201211
2009-01-02,0.8589221384968105
2009-01-05,0.8387702557053236
2009-01-06,0.8183991551007584
2009-01-07,0.7980290981096465
2009-01-08,0.7769994853120138
2009-01-09,0.7560810583678405
2009-01-12,0.7354939827487802
2009-01-13,0.7154583627311116
2009-01-14,0.6955338438657908
2009-01-15,0.6741794347575969
2009-01-16,0.6542569845973465
2009-01-19,0.633234946634223
2009-01-20,0.6063813707843948
2009-01-21,0.5871225731980559
2009-01-22,0.5586215595406997
2009-01-23,0.5368343038040077
2009-01-26,0.522640082126938
2009-01-27,0.5080062587656271
2009-01-28,0.4940330979022546
2009-01-29,0.48347099795837756
2009-01-30,0.47246911193705654
2009-02-02,0.46322774288784474
2009-02-03,0.4487061166873303
2009-02-04,0.4290148771338123
2009-02-05,0.41889449235936566
2009-02-06,0.414054366683559
2009-02-09,0.40437434605868394
2009-02-10,0.38545520764107133
2009-02-11,0.3552088474182302
2009-02-12,0.3331027311631767
2009-02-13,0.3201254271552704
2009-02-16,0.3138568273489037
2009-02-17,0.3079182465876506
2009-02-18,0.2983507559409256
2009-02-19,0.28922335247460895
2009-02-20,0.28229544101577964
2009-02-23,0.27778684963427897
2009-02-24,0.2723986083924082
2009-02-25,0.26734032321948464
2009-02-26,0.2608526293180782
2009-02-27,0.25304555631616893
2009-03-02,0.24501872630036456
2009-03-03,0.23710200468676446
2009-03-04,0.2320441643392921
2009-03-05,0.23028492275242576
2009-03-06,0.22918539977348526
2009-03-09,0.22896549529819785
2009-03-10,0.2286356388565936
2009-03-11,0.22819583062866658
2009-03-12,0.22764607094590497
2009-03-13,0.2267664566594194
2009-03-16,0.22599679668923656
2009-03-17,0.22500723630970673
2009-03-18,0.22379777660667208
2009-03-19,0.22181866994592475
2009-03-20,0.2199495228731399
2009-03-23,0.21808038399368873
2009-03-24,0.21588140912515213
2009-03-25,0.21357249879880272
2009-03-26,0.2111536542772703
2009-03-27,0.20741547381424988
2009-03-30,0.20290771983115502
2009-03-31,0.19785030348968027
2009-04-01,0.19312277434295463
2009-04-02,0.18905494166124212
2009-04-03,0.18465732928634865
2009-04-06,0.18047964216843398
2009-04-07,0.17630199854387232
2009-04-08,0.17267407766990556
2009-04-09,0.17025547833145208
2009-04-10,0.16970579756772905
2009-04-13,0.16981573381080017
2009-04-14,0.17025547890394166
2009-04-15,0.17058528799492428
2009-04-16,0.17102503405207117
2009-04-17,0.1709150975077038
2009-04-20,0.17080516102327506
2009-04-21,0.17047535193264868
2009-04-22,0.17025547932547136
2009-04-23,0.1708051612942012
2009-04-24,0.17135484416673066
2009-04-27,0.17201446451761906
2009-04-28,0.172564149046877
2009-04-29,0.17333370844218787
2009-04-30,0.1743231438466605
2009-05-01,0.17553245676882445
2009-05-04,0.17696164985702278
2009-05-05,0.17806103277071209
2009-05-06,0.1790504803749656
2009-05-07,0.17949023534738148
2009-05-08,0.17982005193790598
2009-05-11,0.18080950414986321
2009-05-12,0.18135920072740783
2009-05-13,0.1821287774110482
2009-05-14,0.18267847579521235
2009-05-15,0.18344805479802323
2009-05-18,0.18421763548837797
2009-05-19,0.18476733688479194
2009-05-20,0.18520709860408807
2009-05-21,0.1854269794033522
2009-05-22,0.18531703903368946
2009-05-25,0.18509715841495367
2009-05-26,0.1849872181660588
2009-05-27,0.18465739759919
2009-05-28,0.18399775754960226
2009-05-29,0.18377787777454938
2009-06-01,0.18410769752828351
2009-06-02,0.18421763750651945
2009-06-03,0.18454745762157748
2009-06-04,0.18465739772022505
2009-06-05,0.18443751770328018
2009-06-08,0.18421763780737038
2009-06-09,0.18355799866140413
2009-06-10,0.18289836060083461
2009-06-11,0.18212878412729114
2009-06-12,0.18146914823528856
2009-06-15,0.18135920910046832
2009-06-16,0.18135920910064643
2009-06-17,0.18135920910046832
2009-06-18,0.18168902650457278
2009-06-19,0.18190890489453582
2009-06-22,0.18212878346547257
2009-06-23,0.18234866215575213
2009-06-24,0.18190890489453582
2009-06-25,0.18146914787369745
2009-06-26,0.18113933028853021
2009-06-29,0.18080951288487107
2009-06-30,0.18113933010764563
2009-07-01,0.18102939100346263
2009-07-02,0.18058963470580647
2009-07-03,0.1799300011622757
2009-07-06,0.1794902461895926
2009-07-07,0.17905049169917941
2009-07-08,0.17861073744958947
2009-07-09,0.17795110697869243
2009-07-10,0.1774014156728967
2009-07-13,0.17663184889863368
2009-07-14,0.1758622835997692
2009-07-15,0.17520265746654037
2009-07-16,0.1747629073130829
2009-07-17,0.17443309496938347
2009-07-20,0.17443309496884912
2009-07-21,0.1737734711848937
2009-07-22,0.17311384848508812
2009-07-23,0.17278403749619753
2009-07-24,0.1725641636246092
2009-07-27,0.1723442899335492
2009-07-28,0.17212441630260591
2009-07-29,0.17212441630233877
2009-07-30,0.17212441630233877
2009-07-31,0.17234428987263087
2009-08-03,0.17267410050019755
2009-08-04,0.17278403743599172
2009-08-05,0.17289397440188883
2009-08-06,0.17300391139806692
2009-08-07,0.17311384842434793
2009-08-10,0.17355359701183098
2009-08-11,0.17377347148574462
2009-08-12,0.17388340878312988
2009-08-13,0.17399334611070713
2009-08-14,0.174103283467942
2009-08-17,0.17432315818356944
2009-08-18,0.17476290809549122
2009-08-19,0.1748728456041312
2009-08-20,0.1749827831423397
2009-08-21,0.17509272074066495
2009-08-24,0.17542253380772468
2009-08-25,0.1755324715567426
2009-08-26,0.17553247155647542
2009-08-27,0.17542253380736844
2009-08-28,0.17509272083195335
2009-08-31,0.17498278323327185
2009-09-01,0.1747629081559642
2009-09-02,0.17476290815614234
2009-09-03,0.17443309581181948
2009-09-04,0.17388340932524934
2009-09-07,0.17311384971948535
2009-09-08,0.17234429158956516
2009-09-09,0.17179460796348342
2009-09-10,0.17157473469448753
2009-09-11,0.17124492497125485
2009-09-14,0.17113498845690134
2009-09-15,0.17113498845636696
2009-09-16,0.17124492497072047
2009-09-17,0.17124492497116578
2009-09-18,0.1712449249706314
2009-09-21,0.17102505194245876
2009-09-22,0.17091511545820812
2009-09-23,0.17091511545785187
2009-09-24,0.17091511545820812
2009-09-25,0.17047536976229608
2009-09-28,0.17003562454829768
2009-09-29,0.16937600745092762
2009-09-30,0.16816671175786704
2009-10-01,0.167507097732151
2009-10-02,0.1670673557713147
2009-10-05,0.16640774391443278
2009-10-06,0.16541832829691977
2009-10-07,0.164648784504532
2009-10-08,0.16365937322433094
2009-10-09,0.1627798984584834
2009-10-12,0.1617904917865204
2009-10-13,0.16080108755467393
2009-10-14,0.16014148581762247
2009-10-15,0.1595918186071532
2009-10-16,0.159042151998742
2009-10-19,0.15849248614352685
2009-10-20,0.15739315744481194
2009-10-21,0.1561838991888097
2009-10-22,0.1547547808862896
2009-10-23,0.15321573630930188
2009-10-26,0.1516766976354224
2009-10-27,0.15024759538540966
2009-10-28,0.14881849822501425
2009-10-29,0.14771919572900724
2009-10-30,0.14683975566014126
2009-11-02,0.14618017687263563
2009-11-03,0.1456305286361694
2009-11-04,0.1446411645216085
2009-11-05,0.14387166057495668
2009-11-06,0.1433220155005423
2009-11-09,0.142882299924011
2009-11-10,0.14233265635536524
2009-11-11,0.14178301354080616
2009-11-12,0.14134329964985937
2009-11-13,0.14101351450261998
2009-11-16,0.14068372962710823
2009-11-17,0.1405738013646911
2009-11-18,0.14035394490157665
2009-11-19,0.14002416047725225
2009-11-20,0.1395844483937266
2009-11-23,0.13925466469276251
2009-11-24,0.1389248812621902
2009-11-25,0.13859509801223527
2009-11-26,0.13826531503400807
2009-11-27,0.13793553241648138
2009-11-30,0.1377156775193414
2009-12-01,0.1373858954444685
2009-12-02,0.13716604084764508
2009-12-03,0.13672633213813845
2009-12-04,0.13617669685162104
2009-12-07,0.1355171355933572
2009-12-08,0.13485757541817447
2009-12-09,0.13430794269227425
2009-12-10,0.13375831071930286
2009-12-11,0.13320867949926032
2009-12-14,0.13265904903187944
2009-12-15,0.1322193452606741
2009-12-16,0.1319994935553326
2009-12-17,0.13177964191108754
2009-12-18,0.13144986462453578
2009-12-21,0.13112008760944457
2009-12-22,0.13057046000326458
2009-12-23,0.12991090777952358
2009-12-24,0.12925135664011056
2009-12-25,0.12859180658404584
2009-12-28,0.12815210714970712
2009-12-29,0.12771240819710392
2009-12-30,0.12727270960564652
2009-12-31,0.1261734643319653
2010-01-01,0.12518414602476227
2010-01-04,0.12496429805405121
2010-01-05,0.12463452636886624
2010-01-06,0.12430475495514173
2010-01-07,0.1236452128503406
2010-01-08,0.12320551871633958
2010-01-11,0.12276582506380691
2010-01-12,0.1223261318936332
2010-01-13,0.12188643920519504
2010-01-14,0.1214467469982252
2010-01-15,0.1210070553936697
2010-01-18,0.12067728696146868
2010-01-19,0.12034751889059155
2010-01-20,0.11990782861100917
2010-01-21,0.11935821636443533
2010-01-22,0.11880860472009772
2010-01-25,0.11836891600613354
2010-01-26,0.11803914974241035
2010-01-27,0.11770938374890082
2010-01-28,0.11737961802702991
2010-01-29,0.11715977433262342
2010-02-01,0.11726969614990189
2010-02-02,0.11737961799692702
2010-02-03,0.11759946187186185
2010-02-04,0.11836891669921284
2010-02-05,0.11858876111582183
2010-02-08,0.11858876111582183
2010-02-09,0.11858876111573277
2010-02-10,0.11858876111599996
2010-02-11,0.1184788389072056
2010-02-12,0.11847883890738374
2010-02-15,0.11847883890711655
2010-02-16,0.11858876111528746
2010-02-17,0.11858876111555464
2010-02-18,0.11858876111599996
2010-02-19,0.11858876111582183
2010-02-22,0.11858876111555464
2010-02-23,0.11858876111537653
2010-02-24,0.11847883887683552
2010-02-25,0.11858876111573277
2010-02-26,0.11880860565284244
2010-03-01,0.11913837264028218
2010-03-02,0.11946813989775747
2010-03-03,0.11990782993589319
2010-03-04,0.12045744308626664
2010-03-05,0.12111697977005129
2010-03-08,0.12155667161534095
2010-03-09,0.12177651771869227
2010-03-10,0.12199636394263334
2010-03-11,0.1222162102270474
2010-03-12,0.12265590303616436
2010-03-15,0.1235352898589598
2010-03-16,0.12441467860958798
2010-03-17,0.12496429763216524
2010-03-18,0.12551391740829482
2010-03-19,0.12617346222369324
2010-03-22,0.12683300812261813
2010-03-23,0.12738263060863253
2010-03-24,0.127932253847932
2010-03-25,0.1285918028197578
2010-03-26,0.12925135287484285
2010-03-29,0.12980097882482872
2010-03-30,0.1302406800664104
2010-03-31,0.12991090377369982
2010-04-01,0.13057045599744083
2010-04-02,0.13155978595981152
2010-04-05,0.13243919229748263
2010-04-06,0.13320867431951236
2010-04-07,0.1338682316024116
2010-04-08,0.13452778997035134
2010-04-09,0.1351873494219956
2010-04-12,0.13595683692462418
2010-04-13,0.13683625290039025
2010-04-14,0.13771567080354377
2010-04-15,0.13881494559151952
2010-04-16,0.13980429561141974
2010-04-19,0.14068372001965054
2010-04-20,0.1415631463552688
2010-04-21,0.14233264587510147
2010-04-22,0.1429922179761108
2010-04-23,0.14376172023610934
2010-04-26,0.14464115331798436
2010-04-27,0.14552058832715775
2010-04-28,0.14640002526434204
2010-04-29,0.14727946436991507
2010-04-30,0.14826883553193995
2010-05-03,0.14925820913345791
2010-05-04,0.1502475849040771
2010-05-05,0.1512369631137441
2010-05-06,0.15222634403400837
2010-05-07,0.15387531901143195
2010-05-10,0.1555243007654824
2010-05-11,0.15640375962800124
2010-05-12,0.1572832204183528
2010-05-13,0.15816268313680432
2010-05-14,0.15926201454620556
2010-05-17,0.16036134866629323
2010-05-18,0.1614606857982744
2010-05-19,0.1624500919279398
2010-05-20,0.16343950049647482
2010-05-21,0.16442891150512629
2010-05-24,0.1654183246832353
2010-05-25,0.1664077402996796
2010-05-26,0.1671772874660864
2010-05-27,0.16794683610815891
2010-05-28,0.16871638643768627
2010-05-31,0.16959587445584756
2010-06-01,0.17047536416039497
2010-06-02,0.1713548557920626
2010-06-03,0.17212441265801703
2010-06-04,0.17289397099830128
2010-06-07,0.17366353081496375
2010-06-08,0.17421321715182092
2010-06-09,0.17465296682318665
2010-06-10,0.1752026546654562
2010-06-11,0.1756424054204374
2010-06-14,0.17619209461885174
2010-06-15,0.1768517225592345
2010-06-16,0.17751135158492495
2010-06-17,0.17828092025656156
2010-06-18,0.17894055181143032
2010-06-21,0.17949024567775418
2010-06-22,0.18014987922128492
2010-06-23,0.18058963551920829
2010-06-24,0.18102939241927882
2010-06-25,0.18146914980179737
2010-06-28,0.18190890754537264
2010-06-29,0.18223872630464222
2010-06-30,0.18190890727409026
2010-07-01,0.18256854497360303
2010-07-02,0.1832281835770045
2010-07-05,0.18377788316599733
2010-07-06,0.18421764331922996
2010-07-07,0.1846574039546434
2010-07-08,0.18487728445261128
2010-07-09,0.18509716501158657
2010-07-12,0.18509716501176468
2010-07-13,0.18531704575082303
2010-07-14,0.185646867130114
2010-07-15,0.1861965698819602
2010-07-16,0.18663633256552895
2010-07-19,0.18685621402768038
2010-07-20,0.18663633262591287
2010-07-21,0.18641645134446788
2010-07-22,0.18641645134473508
2010-07-23,0.1865263919852349
2010-07-26,0.18663633265610485
2010-07-27,0.1867462733568105
2010-07-28,0.18707609564088074
2010-07-29,0.18729597734403355
2010-07-30,0.1874059182559939
2010-08-02,0.1876258001396751
2010-08-03,0.18795562323679096
2010-08-04,0.18828544660474392
2010-08-05,0.18938486084308792
2010-08-06,0.1894948023276269
2010-08-09,0.18927491948011838
2010-08-10,0.1890550367525762
2010-08-11,0.18872521284259283
2010-08-12,0.18861527159932243
2010-08-13,0.18861527159923336
2010-08-16,0.1887252128123118
2010-08-17,0.18883515405522597
2010-08-18,0.1887252128121337
2010-08-19,0.18861527159905525
2010-08-20,0.18839538935378297
2010-08-23,0.18817550716853837
2010-08-24,0.18806556610650882
2010-08-25,0.18795562507386968
2010-08-26,0.18784568407204594
2010-08-27,0.18773574310041416
2010-08-30,0.18762580215826186
2010-08-31,0.18773574306977686
2010-09-01,0.18762580212904956
2010-09-02,0.1875158612170892
2010-09-03,0.18751586121655486
2010-09-06,0.1874059203352318
2010-09-07,0.18740592033487552
2010-09-08,0.1871860386919285
2010-09-09,0.18685621640865982
2010-09-10,0.18663633500671414
2010-09-13,0.186416453725002
2010-09-14,0.1863065131441736
2010-09-15,0.18641645369472098
2010-09-16,0.18652639427563844
2010-09-17,0.1866363348866588
2010-09-20,0.18674627552724768
2010-09-21,0.1866363348861244
2010-09-22,0.1866363348856791
2010-09-23,0.1866363348863916
2010-09-24,0.1867462755269805
2010-09-27,0.18663633485584338
2010-09-28,0.18641645363478235
2010-09-29,0.18619657253404387
2010-09-30,0.18564686993342466
2010-10-01,0.1856468699328903
2010-10-04,0.18575681033292316
2010-10-05,0.18586675076243547
2010-10-06,0.18575681033292316
2010-10-07,0.18553692953356996
2010-10-08,0.1854269891634619
2010-10-11,0.18531704882416922
2010-10-12,0.18520710851462321
2010-10-13,0.18509716823518013
2010-10-14,0.18520710851462321
2010-10-15,0.18542698913291367
2010-10-18,0.18553692950302175
2010-10-19,0.18564686990287646
2010-10-20,0.1856468699027874
2010-10-21,0.18564686990287646
2010-10-22,0.18564686990296553
2010-10-25,0.18575681033292316
2010-10-26,0.1859766913126266
2010-10-27,0.18608663183369448
2010-10-28,0.18630651299419348
2010-10-29,0.18674627567794033
2010-11-01,0.187186038842354
2010-11-02,0.18751586148801536
2010-11-03,0.18806556664960797
2010-11-04,0.18916498028571574
2010-11-05,0.18927492170915827
2010-11-08,0.18927492170987076
2010-11-09,0.189164980286072
2010-11-10,0.18905503889228706
2010-11-11,0.1889450975282488
2010-11-12,0.1891649802552566
2010-11-15,0.1894948044370567
2010-11-16,0.18993457049384294
2010-11-17,0.1902643953974893
2010-11-18,0.19059422057295242
2010-11-19,0.19081410408343732
2010-11-22,0.19081410408343732
2010-11-23,0.19092404589919726
2010-11-24,0.19114392965006008
2010-11-25,0.19136381352213605
2010-11-26,0.1915836975142674
2010-11-29,0.19169363954039145
2010-11-30,0.1918035815966184
2010-12-01,0.19191352368294826
2010-12-02,0.1918035815970637
2010-12-03,0.19169363951028856
2010-12-06,0.19169363951019947
2010-12-07,0.19147375539730027
2010-12-08,0.19125387140516892
2010-12-09,0.19092404559701043
2010-12-10,0.19059422006031243
2010-12-13,0.1904842782750116
2010-12-14,0.1905942200304767
2010-12-15,0.1908141036009893
2010-12-16,0.19114392922799597
2010-12-17,0.19136381310007197
2010-12-20,0.19158369703208655
2010-12-21,0.1915836970317303
2010-12-22,0.191473755035442
2010-12-23,0.191473755035442
2010-12-24,0.19147375503553105
2010-12-27,0.19136381306970185
2010-12-28,0.1912538711036055
2010-12-29,0.19114392916779016
2010-12-30,0.1911439291681464
2010-12-31,0.1904842777328031
2011-01-03,0.19048427773315935
2011-01-04,0.19037433600833154
2011-01-05,0.19004451110423984
2011-01-06,0.18982462789451682
2011-01-07,0.1896047448059179
2011-01-10,0.1893848618375525
2011-01-11,0.1891649789898659
2011-01-12,0.18872521365554937
2011-01-13,0.18839538992618346
2011-01-14,0.18817550756076673
2011-01-17,0.18795562531531634
2011-01-18,0.18806556637823652
2011-01-19,0.1879556253156726
2011-01-20,0.18762580239908508
2011-01-21,0.18718603887210064
2011-01-24,0.18685621658901005
2011-01-25,0.18641645390553035
2011-01-26,0.1860866321637577
2011-01-27,0.185646870324139
2011-01-28,0.18531704921515074
2011-01-31,0.18487728821841337
2011-02-01,0.1847673480290118
2011-02-02,0.1846574078707819
2011-02-03,0.18443752761337
2011-02-04,0.18465740799119348
2011-02-07,0.18432758769525084
2011-02-08,0.18388782766287515
2011-02-09,0.18333812822421872
2011-02-10,0.18289836915477972
2011-02-11,0.18256855012440593
2011-02-14,0.18223873136513635
2011-02-15,0.18201885237213555
2011-02-16,0.18168903406458767
2011-02-17,0.18135921602823313
2011-02-18,0.18091945912780638
2011-02-21,0.1803697637556248
2011-02-22,0.1799300079400604
2011-02-23,0.17949025260569712
2011-02-24,0.1790504977533366
2011-02-25,0.17861074338333505
2011-02-28,0.17828092796718004
2011-03-01,0.17784117444014885
2011-03-02,0.177511359656422
2011-03-03,0.17707160697298463
2011-03-04,0.17663185477155
2011-03-07,0.17597222737266324
2011-03-08,0.17531260105828264
2011-03-09,0.17465297582876435
2011-03-10,0.17399335168277252
2011-03-11,0.17333372844102563
2011-03-14,0.17289398021548993
2011-03-15,0.17245423247115543
2011-03-16,0.17212442193478808
2011-03-17,0.17179461166916876
2011-03-18,0.17157473833925455
2011-03-21,0.1710250556176849
2011-03-22,0.17025550128295727
2011-03-23,0.1694859484235391
2011-03-24,0.16871639682951164
2011-03-25,0.1679468467114171
2011-03-28,0.16706736278947731
2011-03-29,0.16640775093250632
2011-03-30,0.16563820524194342
2011-03-31,0.16453885636368426
2011-04-01,0.16354944508392852
2011-04-04,0.1623401676125656
2011-04-05,0.16113089378543533
2011-04-06,0.16003155725577942
2011-04-07,0.1589322237375717
2011-04-08,0.15783289293094102
2011-04-11,0.156843497643843
2011-04-12,0.1557441722583179
2011-04-13,0.1547547818503841
2011-04-14,0.1538753258787238
2011-04-15,0.15343559873626478
2011-04-18,0.15277600874558034
2011-04-19,0.15211642001975226
2011-04-20,0.15112703909859734
2011-04-21,0.15002772997683425
2011-04-22,0.14892842386678654
2011-04-25,0.14782912076818708
2011-04-26,0.146509961026212
2011-04-27,0.145300734906307
2011-04-28,0.1442014414455353
2011-04-29,0.14310215099647902
2011-05-02,0.14200286355860378
2011-05-03,0.14090357913333462
2011-05-04,0.13991422558970243
2011-05-05,0.1389248744858305
2011-05-06,0.1378255984924026
2011-05-09,0.1373858885778892
2011-05-10,0.13628661680153975
2011-05-11,0.1352972746418819
2011-05-12,0.13430793492189527
2011-05-13,0.13342852376544387
2011-05-16,0.13265904068963438
2011-05-17,0.13177963314695645
2011-05-18,0.131010153233466
2011-05-19,0.13024067458456468
2011-05-20,0.12958112272223662
2011-05-23,0.12892157194423656
2011-05-24,0.1282620222494067
2011-05-25,0.12716277547031307
2011-05-26,0.12617345580812311
2011-05-27,0.12529406272098453
2011-05-30,0.12452459524569348
2011-05-31,0.12364520577277374
2011-06-01,0.12287574145989075
2011-06-02,0.12210627862187194
2011-06-03,0.12144674031208517
2011-06-06,0.12067728021521189
2011-06-07,0.11979789893304302
2011-06-08,0.11880859743065274
2011-06-09,0.11781929836793362
2011-06-10,0.1169399233507313
2011-06-13,0.11617047189659781
2011-06-14,0.11540102191857533
2011-06-15,0.11474149444966376
2011-06-16,0.11419188897891525
2011-06-17,0.11364228426118468
2011-06-20,0.11298275950269228
2011-06-21,0.11232323582870603
2011-06-22,0.11155379301784664
2011-06-23,0.11078435147184361
2011-06-24,0.11001491140168446
2011-06-27,0.10924547280736915
2011-06-28,0.10847603568791803
2011-06-29,0.10759668066670351
2011-06-30,0.10671732757314357
2011-07-01,0.10594789530328817
2011-07-04,0.10517846450785162
2011-07-05,0.10429911695527454
2011-07-06,0.10341977108908351
2011-07-07,0.10243050942859953
2011-07-08,0.10155116765818474
2011-07-11,0.10067182781480111
2011-07-12,0.09979248965824888
2011-07-13,0.09891315342846065
2011-07-14,0.09803381912695044
2011-07-15,0.09715448675131363
2011-07-18,0.09638507239883155
2011-07-19,0.09550574363741356
2011-07-20,0.09462641680338299
2011-07-21,0.09374709189620549
2011-07-22,0.09286776891775134
2011-07-25,0.09187853300424581
2011-07-26,0.09099921412076632
2011-07-27,0.0902298117831727
2011-07-28,0.08957032533044791
2011-07-29,0.08935049681405047
2011-08-01,0.0897901536053987
2011-08-02,0.0901198965611912
2011-08-03,0.09000998215243343
2011-08-04,0.08957032463781393
2011-08-05,0.08935049594044281
2011-08-08,0.08935049594053186
2011-08-09,0.08946041025924811
2011-08-10,0.08957032460771103
2011-08-11,0.08946041025871375
2011-08-12,0.08946041025915906
2011-08-15,0.0895703246078001
2011-08-16,0.08957032460788915
2011-08-17,0.08968023901575631
2011-08-18,0.0897901534550623
2011-08-19,0.08979015345515136
2011-08-22,0.08946041040931733
2011-08-23,0.08924058177241921
2011-08-24,0.0889108390883544
2011-08-25,0.08869101075212905
2011-08-26,0.0885810966449347
2011-08-29,0.08847118256775419
2011-08-30,0.0882513544725302
2011-08-31,0.0881414404555555
2011-09-01,0.08803152646814931
2011-09-02,0.08792161251102415
2011-09-05,0.08781169858400191
2011-09-06,0.08781169858435815
2011-09-07,0.08781169858418003
2011-09-08,0.0878116985835566
2011-09-09,0.08781169858409098
2011-09-12,0.08781169858382379
2011-09-13,0.08781169858373472
2011-09-14,0.0877017846874388
2011-09-15,0.08770178468708256
2011-09-16,0.08770178468708256
2011-09-19,0.08770178468726068
2011-09-20,0.08759187085063622
2011-09-21,0.08748195701383363
2011-09-22,0.08726212946135253
2011-09-23,0.08715221571485866
2011-09-26,0.08693238834246063
2011-09-27,0.08671256109109766
2011-09-28,0.08649273395996818
2011-09-29,0.08638282042446181
2011-09-30,0.0860530799085186
2011-10-03,0.08583325313844585
2011-10-04,0.08550351316453304
2011-10-05,0.0851737734608339
2011-10-06,0.08484403402912961
2011-10-07,0.08451429486808429
2011-10-10,0.0840746431349146
2011-10-11,0.08374490460585214
2011-10-12,0.0835250790406971
2011-10-13,0.08330525359559746
2011-10-14,0.08308542827108753
2011-10-17,0.08286560306707831
2011-10-18,0.08253586553203511
2011-10-19,0.08220612826827432
2011-10-20,0.08187639127561779
2011-10-21,0.08154665455344208
2011-10-24,0.08121691810228157
2011-10-25,0.08099709392257264
2011-10-26,0.08088718189310211
2011-10-27,0.08066735789294185
2011-10-28,0.080557445923499
2011-10-31,0.08066735786266083
2011-11-01,0.08066735786310614
2011-11-02,0.08066735786292802
2011-11-03,0.08088718186237577
2011-11-04,0.08099709392230545
2011-11-07,0.08099709392257264
2011-11-08,0.08099709392212733
2011-11-09,0.08099709392257264
2011-11-10,0.08110700601207085
2011-11-11,0.08121691813229541
2011-11-14,0.08132683028262287
2011-11-15,0.08154665464366173
2011-11-16,0.08176647918549614
2011-11-17,0.08198630384729684
2011-11-18,0.08220612862995448
2011-11-21,0.08242595353284561
2011-11-22,0.08264577855588118
2011-11-23,0.08297551627163084
2011-11-24,0.08330525425839572
2011-11-25,0.08341516701033595
2011-11-28,0.08363499257611443
2011-11-29,0.08385481826177012
2011-11-30,0.08429446987417194
2011-12-01,0.08440438286755884
2011-12-02,0.08440438286729167
2011-12-05,0.08407464415805709
2011-12-06,0.08308543047002453
2011-12-07,0.08220613134001742
2011-12-08,0.08165656998596578
2011-12-09,0.08143674556481019
2011-12-12,0.08132683338366732
2011-12-13,0.08088718514430483
2011-12-14,0.0805574492352638
2011-12-15,0.08022771359768326
2011-12-16,0.08000788995947035
2011-12-19,0.07967815477298808
2011-12-20,0.07934841985787724
2011-12-21,0.07912859670148893
2011-12-22,0.07890877366577943
2011-12-23,0.07879886220746252
2011-12-26,0.07868895078013913
2011-12-27,0.07846912798569816
2011-12-28,0.07835921661831341
2011-12-29,0.07824930528085343
2011-12-30,0.07780966005222666
2012-01-02,0.07726010426917168
2012-01-03,0.07704028225749529
2012-01-04,0.07693037128144828
2012-01-05,0.07682046033523698
2012-01-06,0.07671054941966299
2012-01-09,0.07671054942001923
2012-01-10,0.07671054941966299
2012-01-11,0.07660063856411665
2012-01-12,0.07649072773876228
2012-01-13,0.0764907277389404
2012-01-16,0.07649072773911854
2012-01-17,0.0764907277392076
2012-01-18,0.07649072773885135
2012-01-19,0.07671054939027257
2012-01-20,0.07671054938982726
2012-01-23,0.07671054939000539
2012-01-24,0.07671054938964914
2012-01-25,0.07660063853454811
2012-01-26,0.07660063853419187
2012-01-27,0.07671054938991632
2012-01-30,0.07682046027529837
2012-01-31,0.07715019302246573
2012-02-01,0.07747992604073733
2012-02-02,0.07780965932984601
2012-02-03,0.07813939288934647
2012-02-06,0.07868894957611203
2012-02-07,0.07901868385888373
2012-02-08,0.07945833005107061
2012-02-09,0.07989797672508209
2012-02-10,0.08044753566929827
2012-02-13,0.08099709536742299
2012-02-14,0.08154665581803125
2012-02-15,0.08209621702094493
2012-02-16,0.08253586658608209
2012-02-17,0.08275569160902858
2012-02-20,0.08297551675336637
2012-02-21,0.08330525464911004
2012-02-22,0.08341516737201611
2012-02-23,0.08352508012493604
2012-02-24,0.083744905690002
2012-02-27,0.08407464421879728
2012-02-28,0.08440438301851869
2012-02-29,0.08473412208907717
2012-03-01,0.08506386134052027
2012-03-02,0.08550351415801795
2012-03-05,0.0859431674571621
2012-03-06,0.08616299422661143
2012-03-07,0.08649273465242403
2012-03-08,0.08682247534907372
2012-03-09,0.08715221622740958
2012-03-12,0.08759187121258356
2012-03-13,0.088031526679404
2012-03-14,0.0885810966152771
2012-03-15,0.08924058144173257
2012-03-16,0.09000998167105415
2012-03-19,0.09077938337613053
2012-03-20,0.0915487865560711
2012-03-21,0.09220827608107336
2012-03-22,0.09286776686941793
2012-03-23,0.0935272587429811
2012-03-26,0.09418675170060507
2012-03-27,0.09484624574148828
2012-03-28,0.09539582501318043
2012-03-29,0.0958354889120203
2012-03-30,0.09583548891184218
2012-04-02,0.0967148181549957
2012-04-03,0.09748423271846532
2012-04-04,0.09825364875760068
2012-04-05,0.09880323239519362
2012-04-06,0.09924290014854117
2012-04-09,0.10012223661870732
2012-04-10,0.10089165771708997
2012-04-11,0.10177099780102963
2012-04-12,0.10254042206119691
2012-04-13,0.10341976599982237
2012-04-16,0.10429911186592435
2012-04-17,0.10528837813393391
2012-04-18,0.10616772809590115
2012-04-19,0.10682724201289488
2012-04-20,0.10737683784643903
2012-04-23,0.10803635375120416
2012-04-24,0.10880579023778178
2012-04-25,0.10968514790912062
2012-04-26,0.11045458755712664
2012-04-27,0.11111410852158435
2012-04-30,0.11199347101072382
2012-05-01,0.11287283542751789
2012-05-02,0.11375220201278982
2012-05-03,0.11463157052527106
2012-05-04,0.1156208622704907
2012-05-07,0.11693992226729394
2012-05-08,0.11825898659998414
2012-05-09,0.1191383649906711
2012-05-10,0.12001774530830016
2012-05-11,0.12089712755358384
2012-05-14,0.12188643474827301
2012-05-15,0.12276582084842062
2012-05-16,0.12364520887577755
2012-05-17,0.12452459883078906
2012-05-18,0.12540399071300992
2012-05-21,0.12617346008567457
2012-05-22,0.12694293093391587
2012-05-23,0.12760247864035096
2012-05-24,0.12826202743084686
2012-05-25,0.12881165217627122
2012-05-28,0.1294712029541822
2012-05-29,0.13024068012706153
2012-05-30,0.13101015877569566
2012-05-31,0.13188956487325604
2012-06-01,0.13276897289758038
2012-06-04,0.13364838260882522
2012-06-05,0.13452779424745748
2012-06-06,0.13507742742525752
2012-06-07,0.13562706135616454
2012-06-08,0.13628662297601948
2012-06-11,0.13694618568038053
2012-06-12,0.1374958221707469
2012-06-13,0.13815538686305745
2012-06-14,0.13881495263960694
2012-06-15,0.13958444730957673
2012-06-18,0.14013408726400364
2012-06-19,0.14068372797046882
2012-06-20,0.14112344113876776
2012-06-21,0.14167308320084332
2012-06-22,0.14233265475982226
2012-06-25,0.14321208543239622
2012-06-26,0.14398158895796356
2012-06-27,0.14453123523587072
2012-06-28,0.1453007415016039
2012-06-29,0.14541067117912476
2012-07-02,0.14640003827574352
2012-07-03,0.1471695477040629
2012-07-04,0.14793905860760276
2012-07-05,0.14870857098698648
2012-07-06,0.14936815411153687
2012-07-09,0.15002773831988087
2012-07-10,0.15068732361175133
2012-07-11,0.1513469099885732
2012-07-12,0.15211642869321834
2012-07-13,0.1529958803283683
2012-07-16,0.15365547031834023
2012-07-17,0.15420512954788834
2012-07-18,0.15464485753349586
2012-07-19,0.15464485753331772
2012-07-20,0.1545349254771331
2012-07-23,0.1544249934806199
2012-07-24,0.1544249934810652
2012-07-25,0.15442499348017458
2012-07-26,0.15431506151429866
2012-07-27,0.1543150615143877
2012-07-30,0.15431506151412053
2012-07-31,0.15420512954771023
2012-08-01,0.15420512954806648
2012-08-02,0.1543150615143877
2012-08-03,0.15442499351125716
2012-08-06,0.15497465424621767
2012-08-07,0.1547547900124571
2012-08-08,0.15453492589884094
2012-08-09,0.1543150619067942
2012-08-10,0.15409519803391222
2012-08-13,0.15420513000050065
2012-08-14,0.15387533437201778
2012-08-15,0.15365547074076058
2012-08-16,0.15332567556444468
2012-08-17,0.15310581223430558
2012-08-20,0.15288594902457814
2012-08-21,0.15266608593552947
2012-08-22,0.15233629157217013
2012-08-23,0.15211642878388332
2012-08-24,0.1521164287841505
2012-08-27,0.15222636020835226
2012-08-28,0.15222636020861946
2012-08-29,0.15211642881425338
2012-08-30,0.15200649748044942
2012-08-31,0.15189656614646727
2012-09-03,0.15189656614593292
2012-09-04,0.1516767036594767
2012-09-05,0.15167670365920952
2012-09-06,0.15178663487269095
2012-09-07,0.15178663487269095
2012-09-10,0.15167670365920952
2012-09-11,0.1515667724764544
2012-09-12,0.1514568413229116
2012-09-13,0.1514568413229116
2012-09-14,0.15156677247627626
2012-09-17,0.15167670365929856
2012-09-18,0.15167670365920952
2012-09-19,0.15156677247592001
2012-09-20,0.1515667724760091
2012-09-21,0.15145684132326784
2012-09-24,0.1514568413226444
2012-09-25,0.151346910200006
2012-09-26,0.15123697910684714
2012-09-27,0.15112704801431168
2012-09-28,0.1504674616372226
2012-10-01,0.150467461637757
2012-10-02,0.15057739251948307
2012-10-03,0.1505773925195721
2012-10-04,0.1504674616372226
2012-10-05,0.15035753078506509
2012-10-08,0.15024759996327766
2012-10-09,0.15013766920231944
2012-10-10,0.15002773847084072
2012-10-11,0.15002773847057352
2012-10-12,0.15002773847048448
2012-10-15,0.14991780776919772
2012-10-16,0.14980787709774668
2012-10-17,0.14969794642683
2012-10-18,0.14947808520451764
2012-10-19,0.14936815465356726
2012-10-22,0.14903836318213515
2012-10-23,0.14881850232159202
2012-10-24,0.14881850232141391
2012-10-25,0.14881850232132482
2012-10-26,0.1487085719517044
2012-10-29,0.14870857195197157
2012-10-30,0.14870857195161533
2012-10-31,0.14892843269156872
2012-11-01,0.1491482936124958
2012-11-02,0.1492582241331651
2012-11-05,0.15013766998570743
2012-11-06,0.14991780858259954
2012-11-07,0.14980787791123756
2012-11-08,0.1496979472704238
2012-11-09,0.14958801665917856
2012-11-12,0.1494780860783925
2012-11-13,0.14936815552851085
2012-11-14,0.14925822500703997
2012-11-15,0.14914829451602823
2012-11-16,0.14892843365584132
2012-11-19,0.1485986426359528
2012-11-20,0.1483787820766168
2012-11-21,0.1482688518271408
2012-11-22,0.14826885182678456
2012-11-23,0.14859864284676216
2012-11-26,0.14892843413802218
2012-11-27,0.14914829511870972
2012-11-28,0.14925822563973531
2012-11-29,0.14936815619059662
2012-11-30,0.1495880174126418
2012-12-03,0.14980787875518764
2012-12-04,0.15013767094908945
2012-12-05,0.15046746350556206
2012-12-06,0.15068732532957624
2012-12-07,0.15090718727453642
2012-12-10,0.1511270493399082
2012-12-11,0.1514568426188505
2012-12-12,0.15189656747206381
2012-12-13,0.15222636147365393
2012-12-14,0.15266608717046104
2012-12-17,0.15299588180474655
2012-12-18,0.15343560834488026
2012-12-19,0.15387533536657141
2012-12-20,0.15431506287053245
2012-12-21,0.1547547908560509
2012-12-24,0.15530445144040783
2012-12-25,0.15585411277813893
2012-12-26,0.1562938424505778
2012-12-27,0.15673357260546475
2012-12-28,0.1571733032411075
2012-12-31,0.156733572123462
2013-01-01,0.15629384148657238
2013-01-02,0.15673357164110305
2013-01-03,0.15717330227710208
2013-01-04,0.15739316777554088
2013-01-07,0.15772296629541666
2013-01-08,0.15794283215562469
2013-01-09,0.15794283215562469
2013-01-10,0.15772296635624589
2013-01-11,0.15750310067656623
2013-01-14,0.15739316786638397
2013-01-15,0.15739316786629493
2013-01-16,0.1572832350875515
2013-01-17,0.15717330233721882
2013-01-18,0.15706336961814685
2013-01-21,0.1568435043002364
2013-01-22,0.15662363910238133
2013-01-23,0.15629384148666145
2013-01-24,0.15629384148683959
2013-01-25,0.15607397659028072
2013-01-28,0.1559640441722378
2013-01-29,0.1555243147409784
2013-01-30,0.1551945179378588
2013-01-31,0.15519451793874942
2013-02-01,0.1551945179383041
2013-02-04,0.15563424736974163
2013-02-05,0.15541438277465713
2013-02-06,0.1550845861530456
2013-02-07,0.15475478980218205
2013-02-08,0.15464485774528494
2013-02-11,0.15453492571857974
2013-02-12,0.15431506172599865
2013-02-13,0.15409519791394594
2013-02-14,0.15387533422212665
2013-02-15,0.15387533422221575
2013-02-18,0.15387533422239386
2013-02-19,0.15376540243669004
2013-02-20,0.15365547068126725
2013-02-21,0.153765402436601
2013-02-22,0.15387533422248292
2013-02-25,0.15376540243615566
2013-02-26,0.15365547065116436
2013-02-27,0.1535455388954744
2013-02-28,0.15321574389986498
2013-03-01,0.1529958806904047
2013-03-04,0.1529958806904047
2013-03-05,0.15277601766067123
2013-03-06,0.15255615475215092
2013-03-07,0.15233629202487148
2013-03-08,0.15211642935690722
2013-03-11,0.15211642935690722
2013-03-12,0.1518965668097999
2013-03-13,0.15167670432263122
2013-03-14,0.15156677313880737
2013-03-15,0.15156677313969796
2013-03-18,0.1515667731394308
2013-03-19,0.15145684198642234
2013-03-20,0.15134691086316054
2013-03-21,0.1513469108625371
2013-03-22,0.15123697977026884
2013-03-25,0.1511270487068566
2013-03-26,0.15090718664228636
2013-03-27,0.150467462752366
2013-03-28,0.15013767019598248
2013-03-29,0.14936815486482197
2013-04-01,0.14936815486464386
2013-04-02,0.14925822431467317
2013-04-03,0.14903836327271106
2013-04-04,0.148818502351784
2013-04-05,0.1487085719518825
2013-04-08,0.1485986415817277
2013-04-09,0.14848871124167579
2013-04-10,0.148268850682607
2013-04-11,0.14815892043295287
2013-04-12,0.14804899021295634
2013-04-15,0.14793906002368612
2013-04-16,0.14782912986416258
2013-04-17,0.14760926966632865
2013-04-18,0.14738940958846106
2013-04-19,0.14727947958007545
2013-04-22,0.1470596196831815
2013-04-23,0.1468397598469387
2013-04-24,0.14640004053461914
2013-04-25,0.14596032170492576
2013-04-26,0.145520603357146
2013-04-29,0.14508088549074558
2013-04-30,0.14464116822711567
2013-05-01,0.1442014514453104
2013-05-02,0.1439815932344463
2013-05-03,0.1436518061004152
2013-05-06,0.14332201923677584
2013-05-07,0.1436518065524931
2013-05-08,0.14398159413860215
2013-05-09,0.14343194891411856
2013-05-10,0.14288230444274191
2013-05-13,0.14244258934732273
2013-05-14,0.14189294608006225
2013-05-15,0.14156316048163553
2013-05-16,0.1412333750633809
2013-05-17,0.14079366153420333
2013-05-20,0.14035394848667226
2013-05-21,0.13980430778011804
2013-05-22,0.13903481205529972
2013-05-23,0.1383752453745053
2013-05-24,0.1378256073781031
2013-05-27,0.13727597013480786
2013-05-28,0.13672633364435238
2013-05-29,0.1360667707591958
2013-05-30,0.13551713577441993
2013-05-31,0.13485757505729587
2013-06-03,0.13441786851555457
2013-06-04,0.1340880889705725
2013-06-05,0.13375830951527576
2013-06-06,0.13353845672596248
2013-06-07,0.1328788992618224
2013-06-10,0.13232926879488685
2013-06-11,0.1318895649030027
2013-06-12,0.1313399356407177
2013-06-13,0.13090023283280527
2013-06-14,0.13057045608837298
2013-06-17,0.1302406797048193
2013-06-18,0.13002082896366138
2013-06-19,0.12969105294258942
2013-06-20,0.1292513520625988
2013-06-21,0.12881165166380934
2013-06-24,0.12815210215084377
2013-06-25,0.1273826289832538
2013-06-26,0.12672308163769735
2013-06-27,0.12606353537744855
2013-06-28,0.12507421788329115
2013-07-01,0.1244146745134555
2013-07-02,0.12386505579181821
2013-07-03,0.12342536129631516
2013-07-04,0.12298566728219139
2013-07-05,0.12254597375015942
2013-07-08,0.1221062807002192
2013-07-09,0.1214467422095478
2013-07-10,0.12078720462187448
2013-07-11,0.12012766811870727
2013-07-12,0.11935821034109355
2013-07-15,0.11869867618622006
2013-07-16,0.11792922114895033
2013-07-17,0.11726968934352837
2013-07-18,0.11672008025856104
2013-07-19,0.11606055044091045
2013-07-22,0.11529110046297703
2013-07-23,0.11452165196035313
2013-07-24,0.11386212575647603
2013-07-25,0.11320260063648162
2013-07-26,0.11243315613950335
2013-07-29,0.11166371290702516
2013-07-30,0.11100419140151675
2013-07-31,0.1104545908992615
2013-08-01,0.11001491085992122
2013-08-02,0.10957523142174841
2013-08-05,0.10946531156240558
2013-08-06,0.10869587423169977
2013-08-07,0.10803635760544465
2013-08-08,0.10748676116823928
2013-08-09,0.10682724634798028
2013-08-12,0.10605781386669205
2013-08-13,0.1052883828607133
2013-08-14,0.10462887183511242
2013-08-15,0.10385944356992297
2013-08-16,0.1031999348930611
2013-08-19,0.10254042730008193
2013-08-20,0.10188092079178701
2013-08-21,0.1011114977962089
2013-08-22,0.10045199363638581
2013-08-23,0.09968257338115168
2013-08-26,0.09891315460256297
2013-08-27,0.09803382054080728
2013-08-28,0.09726440471283755
2013-08-29,0.09671482288177512
2013-08-30,0.096055325587997
2013-09-02,0.09539582937827967
2013-09-03,0.0949561659612644
2013-09-04,0.09429667173976375
2013-09-05,0.0936371786011661
2013-09-06,0.09286777141575803
2013-09-09,0.09220828062696815
2013-09-10,0.09154879092161565
2013-09-11,0.09110913160028752
2013-09-12,0.0906694727600715
2013-09-13,0.09022981440283788
2013-09-16,0.08979015652671635
2013-09-17,0.08935049913241941
2013-09-18,0.08902075635751151
2013-09-19,0.08869101394410565
2013-09-20,0.08836127171131723
2013-09-23,0.0882513576941644
2013-09-24,0.08814144370738164
2013-09-25,0.08803152971970828
2013-09-26,0.0880315297198864
2013-09-27,0.08803152971953015
2013-09-30,0.08770178784842189
2013-10-01,0.08759187398169452
2013-10-02,0.08737204630853462
2013-10-03,0.08737204630862369
2013-10-04,0.08737204630853462
2013-10-07,0.08726213253256128
2013-10-08,0.08704230509951214
2013-10-09,0.08682247784832728
2013-10-10,0.08682247784797104
2013-10-11,0.08682247784832728
2013-10-14,0.086932391473608
2013-10-15,0.08704230512979316
2013-10-16,0.08726213250236932
2013-10-17,0.08748196005449414
2013-10-18,0.08759187386181727
2013-10-21,0.08748196005502852
2013-10-22,0.0871522188161703
2013-10-23,0.08671256431255372
2013-10-24,0.08649273718115706
2013-10-25,0.08627291017035013
2013-10-28,0.08605308327986576
2013-10-29,0.08583325651068363
2013-10-30,0.08572334315597281
2013-10-31,0.08550351650622261
2013-11-01,0.08539360324190956
2013-11-04,0.08550351653623645
2013-11-05,0.08528369006772711
2013-11-06,0.08506386371962939
2013-11-07,0.08484403749149798
2013-11-08,0.08462421138386723
2013-11-11,0.08440438539727155
2013-11-12,0.08418455953028593
2013-11-13,0.08396473378478066
2013-11-14,0.08396473378504785
2013-11-15,0.0839647337854041
2013-11-18,0.08396473378513691
2013-11-19,0.08396473378495878
2013-11-20,0.0839647337846916
2013-11-21,0.08396473378513691
2013-11-22,0.0839647337846916
2013-11-25,0.08396473378478066
2013-11-26,0.08396473378460254
2013-11-27,0.08396473378486972
2013-11-28,0.08396473378486972
2013-11-29,0.08374490809912497
2013-12-02,0.08374490809867964
2013-12-03,0.0838548209119835
2013-12-04,0.08385482091189445
2013-12-05,0.08385482091207257
2013-12-06,0.08396473375503401
2013-12-09,0.08396473375467776
2013-12-10,0.08407464662765304
2013-12-11,0.08396473375441058
2013-12-12,0.0839647337545887
2013-12-13,0.08385482091189445
2013-12-16,0.08396473375467776
2013-12-17,0.08407464662765304
2013-12-18,0.08418455953082031
2013-12-19,0.08418455953073124
2013-12-20,0.08429447246337796
2013-12-23,0.08429447246391233
2013-12-24,0.08418455953082031
2013-12-25,0.08407464662765304
2013-12-26,0.08407464662756398
2013-12-27,0.08396473375512306
2013-12-30,0.08396473375485589
2013-12-31,0.08385482088179154
2014-01-01,0.0838548208814353
2014-01-02,0.0839647337541434
2014-01-03,0.08396473375449964
2014-01-06,0.084074646657845
2014-01-07,0.08407464665802314
2014-01-08,0.0838548209119835
2014-01-09,0.08374490806875487
2014-01-10,0.08363499525607444
2014-01-13,0.083525082473586
2014-01-14,0.08341516972120046
2014-01-15,0.08330525699820532
2014-01-16,0.0831953443057584
2014-01-17,0.08308543164350343
2014-01-20,0.08297551901135139
2014-01-21,0.08286560640894598
2014-01-22,0.08275569383735598
2014-01-23,0.0826457812958689
2014-01-24,0.08242595633250478
2014-01-27,0.08231604388088108
2014-01-28,0.08209621909866875
2014-01-29,0.08187639443642274
2014-01-30,0.08176648213549169
2014-01-31,0.08165656986484168
2014-02-03,0.08154665762456174
2014-02-04,0.08165656989538989
2014-02-05,0.08154665765439748
2014-02-06,0.08154665765430841
2014-02-07,0.0813268332331528
2014-02-10,0.0812169210824691
2014-02-11,0.08099709684273249
2014-02-12,0.08088718478262466
2014-02-13,0.08055744878363116
2014-02-14,0.0802277130548513
2014-02-17,0.0797880658991043
2014-02-18,0.07945833089395193
2014-02-19,0.07912859615963665
2014-02-20,0.07868895032868463
2014-02-21,0.07835921622644128
2014-02-24,0.078029482395035
2014-02-25,0.07780965996138357
2014-02-26,0.07769974877515061
2014-02-27,0.07758983761821898
2014-02-28,0.07737001536509594
2014-03-03,0.07726010429918552
2014-03-04,0.07715019326257645
2014-03-05,0.07715019326257645
2014-03-06,0.07715019326284364
2014-03-07,0.07726010429918552
2014-03-10,0.0772601042990074
2014-03-11,0.0772601042990074
2014-03-12,0.07726010429891834
2014-03-13,0.07726010429856209
2014-03-14,0.0772601042990074
2014-03-17,0.07726010429909647
2014-03-18,0.07726010429918552
2014-03-19,0.07726010429874021
2014-03-20,0.07726010429918552
2014-03-21,0.07715019329294655
2014-03-24,0.07715019329294655
2014-03-25,0.07715019329321374
2014-03-26,0.07704028231716673
2014-03-27,0.07693037137157888
2014-03-28,0.07682046045636111
2014-03-31,0.07649072779932434
2014-04-01,0.07638081700407288
2014-04-02,0.07638081700389476
2014-04-03,0.07627090623874622
2014-04-04,0.07616099550370056
2014-04-07,0.07638081703408674
2014-04-08,0.07627090626893818
2014-04-09,0.07616099553433783
2014-04-10,0.07605108482966227
2014-04-11,0.07605108482966227
2014-04-14,0.07605108482930603
2014-04-15,0.07616099550343337
2014-04-16,0.07616099550387868
2014-04-17,0.07627090623883527
2014-04-18,0.07638081697414811
2014-04-21,0.07660063856465102
2014-04-22,0.07671054938991632
2014-04-23,0.07682046024546266
2014-04-24,0.07693037113066657
2014-04-25,0.07693037113066657
2014-04-28,0.07693037113102281
2014-04-29,0.07704028204695308
2014-04-30,0.0771501930222876
2014-05-01,0.07726010402834844
2014-05-02,0.07737001506415596
2014-05-05,0.0774799261306898
2014-05-06,0.07758983722679218
2014-05-07,0.07769974838363473
2014-05-08,0.07780965957022394
2014-05-09,0.07780965957058018
2014-05-12,0.07780965957084739
2014-05-13,0.07791957075699128
2014-05-14,0.07802948200396444
2014-05-15,0.07824930455802746
2014-05-16,0.07846912723268025
2014-05-19,0.0786889500273884
2014-05-20,0.07890877294330972
2014-05-21,0.07912859597875205
2014-05-22,0.07934841913531848
2014-05-23,0.07956824241149497
2014-05-26,0.07978806580941901
2014-05-27,0.08000788932695312
2014-05-28,0.08022771296516602
2014-05-29,0.08044753672334523
2014-05-30,0.08055744866348673
2014-06-02,0.08077727260263962
2014-06-03,0.08110700869194185
2014-06-04,0.08132683293256908
2014-06-05,0.08154665729351886
2014-06-06,0.0817664817747912
2014-06-09,0.08198630637647517
2014-06-10,0.08220613109874889
2014-06-11,0.08242595594125608
2014-06-12,0.08264578090435301
2014-06-13,0.08297551852934866
2014-06-16,0.08341516917854662
2014-06-17,0.08374490743632669
2014-06-18,0.08418455892787159
2014-06-19,0.08451429781870327
2014-06-20,0.08495395015330762
2014-06-23,0.08539360297089436
2014-06-24,0.0858332562695932
2014-06-25,0.08616299651434309
2014-06-26,0.0864927370307316
2014-06-27,0.08682247781822439
2014-06-30,0.08704230518990991
2014-07-01,0.08737204642885718
2014-07-02,0.08770178793890873
2014-07-03,0.08792161579286416
2014-07-04,0.08814144376696402
2014-07-07,0.08858110007800171
2014-07-08,0.08880092841315831
2014-07-09,0.08902075686943901
2014-07-10,0.08913067112759321
2014-07-11,0.0892405854161175
2014-07-14,0.08935049973447749
2014-07-15,0.08946041408285134
2014-07-16,0.0895703284617734
2014-07-17,0.08968024287053117
2014-07-18,0.08979015730894654
2014-07-21,0.09000998624758622
2014-07-22,0.09011990077639936
2014-07-23,0.09022981533620603
2014-07-24,0.09033972992469061
2014-07-25,0.09044964454461403
2014-07-28,0.09055955919446224
2014-07-29,0.09055955919392786
2014-07-30,0.09055955919446224
2014-07-31,0.09055955919410598
2014-08-01,0.0906694738737899
2014-08-04,0.09077938858357672
2014-08-05,0.09110913298466487
2014-08-06,0.09121904781504143
2014-08-07,0.09121904781468519
2014-08-08,0.0913289626755209
2014-08-11,0.09143887756610328
2014-08-12,0.0914388775662814
2014-08-13,0.09154879248669949
2014-08-14,0.09165870743748766
2014-08-15,0.09176862241820062
2014-08-18,0.091768622418735
2014-08-19,0.09176862241837874
2014-08-20,0.0916587074675015
2014-08-21,0.09165870746767962
2014-08-22,0.09132896261558228
2014-08-25,0.09077938846325416
2014-08-26,0.09022981506438928
2014-08-27,0.0895703278882151
2014-08-28,0.08891084179743766
2014-08-29,0.08836127095723058
2014-09-02,0.0879216147677623
2014-09-03,0.08748195906011862
2014-09-04,0.08704230395417678
2014-09-05,0.08671256289602505
2014-09-08,0.08627290851335447
2014-09-09,0.08583325461179599
2014-09-10,0.08539360119241834
2014-09-11,0.08495394825504342
2014-09-12,0.08462420882289383
2014-09-15,0.08440438271561934
2014-09-16,0.08407464373572582
2014-09-17,0.08374490502577873
2014-09-18,0.08319534111226774
2014-09-19,0.0827556904635151
2014-09-22,0.08220612790525823
2014-09-23,0.08154665373861525
2014-09-24,0.08088718065630024
2014-09-25,0.08022770865751166
2014-09-26,0.07956823774331825
2014-09-29,0.0789087679130966
2014-09-30,0.07791956479349907
2014-10-01,0.07726009767351848
2014-10-02,0.07671054264357047
2014-10-03,0.0762708992212961
2014-10-06,0.07572134554660222
2014-10-07,0.0753916137032345
2014-10-08,0.07484206123221149
2014-10-09,0.07429250966525527
2014-10-10,0.07396277908620953
2014-10-14,0.07363304877835711
2014-10-15,0.07363304877844618
2014-10-16,0.073742958790844
2014-10-17,0.07407268891772274
2014-10-20,0.07396277878535862
2014-10-21,0.0738528686828302
2014-10-22,0.07352313855523895
2014-10-23,0.07319340869928635
2014-10-24,0.07297358897525255
2014-10-27,0.07286367917393131
2014-10-28,0.07253394985983098
2014-10-29,0.07220422081647866
2014-10-30,0.07209431122605588
2014-10-31,0.07242403990763897
2014-11-03,0.07242403990746084
2014-11-04,0.0722042206058474
2014-11-05,0.07187449183422277
2014-11-06,0.07165467277245288
2014-11-07,0.07121503501184012
2014-11-10,0.07077539773269571
2014-11-12,0.07055557927396358
2014-11-13,0.07044567010515956
2014-11-14,0.07033576099629418
2014-11-17,0.07044567010471427
2014-11-18,0.07033576096601316
2014-11-19,0.07011594274819333
2014-11-20,0.07000603369926656
2014-11-21,0.06989612468053177
2014-11-24,0.069786215692078
2014-11-25,0.06967630673372714
2014-11-26,0.069566397805212
2014-11-28,0.06978621560194742
2014-12-01,0.07011594238704755
2014-12-02,0.07055557858222021
2014-12-03,0.07088530608952286
2014-12-04,0.07121503386801882
2014-12-05,0.07176458061735254
2014-12-08,0.0720943091183182
2014-12-09,0.0723141283000544
2014-12-10,0.07242403795175174
2014-12-11,0.07286367679660344
2014-12-12,0.07319340620092342
2014-12-15,0.07352313587670391
2014-12-16,0.07396277580526014
2014-12-17,0.07418259601076228
2014-12-18,0.07451232649923213
2014-12-19,0.07484205725853905
2014-12-22,0.0749519676026032
2014-12-23,0.07484205722861427
2014-12-24,0.07473214688517357
2014-12-29,0.07462223657183575
2014-12-30,0.0745123262885118
2014-12-31,0.07440241603546886
2015-01-02,0.07451232625858702
2015-01-05,0.0744024160052769
2015-01-06,0.07418259555948589
2015-01-07,0.07429250581235072
2015-01-08,0.07451232643929351
2015-01-09,0.07484205756063685
2015-01-12,0.07528169953654681
2015-01-13,0.07572134199526108
2015-01-14,0.076051074109644
2015-01-15,0.0766006280856341
2015-01-16,0.07715018281482024
2015-01-20,0.07747991601353116
2015-01-21,0.0775898271699284
2015-01-22,0.07769973838742208
2015-01-23,0.07791956088074495
2015-01-26,0.07813938349492472
2015-01-27,0.07824929486239855
2015-01-28,0.07824929486293293
2015-01-29,0.07813938349528098
2015-01-30,0.07846911759698996
2015-02-02,0.07890876342829824
2015-02-03,0.07945832146960541
2015-02-04,0.07989796850476268
2015-02-05,0.08055743978063623
2015-02-06,0.08154664859155297
2015-02-09,0.0823160351191547
2015-02-10,0.08297551055020873
2015-02-11,0.08352507431302708
2015-02-12,0.08440437753854324
2015-02-13,0.08550350988233679
2015-02-17,0.08605307710770164
2015-02-18,0.08638281780461853
2015-02-19,0.0864927314311461
2015-02-20,0.08660264511672168
2015-02-23,0.08660264511681073
2015-02-24,0.08660264511698886
2015-02-25,0.08649273143052266
2015-02-26,0.08638281780435132
2015-02-27,0.086602644996221
2015-03-02,0.086602644996221
2015-03-03,0.08627290438979095
2015-03-04,0.08583325084982357
2015-03-05,0.08605307762007446
2015-03-06,0.0862729045101135
2015-03-09,0.08638281804570894
2015-03-10,0.08649273161140726
2015-03-11,0.086382818045798
2015-03-12,0.08627290454075079
2015-03-13,0.08660264514691364
2015-03-16,0.08726212690144787
2015-03-17,0.08792160937969869
2015-03-18,0.08781169557344429
2015-03-19,0.08781169557344429
2015-03-20,0.08781169557353335
2015-03-23,0.08792160953056945
2015-03-24,0.08803152351788657
2015-03-25,0.08869100780231162
2015-03-26,0.08935049317070842
2015-03-27,0.08979015068586228
2015-03-30,0.09022980856162757
2015-03-31,0.09143886871486974
2015-04-01,0.09209835787730121
2015-04-02,0.09264793338479439
2015-04-06,0.09319750979528564
2015-04-07,0.09363717140550325
2015-04-08,0.0940768334973673
2015-04-09,0.09462641171465623
2015-04-10,0.09539582227301459
2015-04-13,0.09605531830166918
2015-04-14,0.09638506658718977
2015-04-15,0.09693464721324543
2015-04-16,0.09737431231673585
2015-04-17,0.09781397802246247
2015-04-20,0.09770406147541881
2015-04-21,0.09704456273634504
2015-04-22,0.09649498105597525
2015-04-23,0.09594539997784166
2015-04-24,0.09583548388251968
2015-04-27,0.09550573586819239
2015-04-28,0.09506607221062106
2015-04-29,0.09462640903460715
2015-04-30,0.09517598725189608
2015-05-01,0.09550573481441262
2015-05-04,0.09528590298544883
2015-05-05,0.09506607127689666
2015-05-06,0.09484623956861167
2015-05-07,0.09473632371482543
2015-05-08,0.09462640789034052
2015-05-11,0.09462640789025147
2015-05-12,0.09473632368418815
2015-05-13,0.09495615533253451
2015-05-14,0.09495615533262358
2015-05-15,0.09528590298544883
2015-05-18,0.09528590298535977
2015-05-19,0.09506607097604573
2015-05-20,0.09484623908705427
2015-05-21,0.09462640737832397
2015-05-22,0.09462640737841303
2015-05-26,0.09462640737823491
2015-05-27,0.09440657579036153
2015-05-28,0.09407682876934102
2015-05-29,0.09440657551881196
2015-06-01,0.09484623833305666
2015-06-02,0.09539581775615395
2015-06-03,0.09616523021072808
2015-06-04,0.09660489519443032
2015-06-05,0.09693464429281841
2015-06-08,0.0973743102392792
2015-06-09,0.09781397678770903
2015-06-10,0.0982536438185869
2015-06-11,0.09858339418183132
2015-06-12,0.09891314472596038
2015-06-15,0.09935281247966418
2015-06-16,0.09979248083551513
2015-06-17,0.09990239798452782
2015-06-18,0.09957264662735317
2015-06-19,0.09935281244938315
2015-06-22,0.09891314421447821
2015-06-23,0.0985833933091143
2015-06-24,0.09825364294533546
2015-06-25,0.0982536429455136
2015-06-26,0.09858339330857992
2015-06-29,0.09891314403323732
2015-06-30,0.10012223134882878
2015-07-01,0.10089165307928334
2015-07-02,0.10155115868502552
2015-07-06,0.10221066555455532
2015-07-07,0.10287017350912558
2015-07-08,0.10341976422392914
2015-07-09,0.10385943703634586
2015-07-10,0.10440902850398923
2015-07-13,0.10506853952932291
2015-07-14,0.10572805145863434
2015-07-15,0.10649748288560845
2015-07-16,0.10715699680313656
2015-07-17,0.10770659293806602
2015-07-20,0.10792643169354775
2015-07-21,0.10814627062982506
2015-07-22,0.10803635113091556
2015-07-23,0.10792643172338348
2015-07-24,0.10814627029833689
2015-07-27,0.10825618958510107
2015-07-28,0.10858594780912226
2015-07-29,0.10924546515820334
2015-07-30,0.11056450274909431
2015-07-31,0.11243314548004713
2015-08-03,0.11364227287783375
2015-08-04,0.11441171906164341
2015-08-05,0.11518116672120787
2015-08-06,0.11606053740243416
2015-08-07,0.11693990976924494
2015-08-10,0.11672006667752
2015-08-11,0.11693990988956751
2015-08-12,0.11770936218631516
2015-08-13,0.11858873816761195
2015-08-14,0.1194681160767415
2015-08-17,0.1203474959124569
2015-08-18,0.12100703205421115
2015-08-19,0.12122687767609412
2015-08-20,0.12133680057716618
2015-08-21,0.12133680057707713
2015-08-24,0.12111695495519414
2015-08-25,0.12089710939378417
2015-08-26,0.120787186643761
2015-08-27,0.1210070323850759
2015-08-28,0.12177649353644145
2015-08-31,0.12342534247389535
2015-09-01,0.12507419863871816
2015-09-02,0.12606351559111237
2015-09-03,0.12661313747506867
2015-09-04,0.12705283570484588
2015-09-08,0.12738260973921522
2015-09-09,0.12650321400177422
2015-09-10,0.1265032140020414
2015-09-11,0.12694291187040566
2015-09-14,0.12738261022112887
2015-09-15,0.12815208359890476
2015-09-16,0.12881163365416795
2015-09-17,0.12947118479402628
2015-09-18,0.12969103547533467
2015-09-21,0.12980096084564646
2015-09-22,0.12980096084546833
2015-09-23,0.1296910354748003
2015-09-24,0.12980096078552972
2015-09-25,0.13024066262925857
2015-09-28,0.1307902908375857
2015-09-29,0.13133991979901977
2015-09-30,0.1332086603155166
2015-10-01,0.1336483657731971
2015-10-02,0.1338682187430387
2015-10-05,0.13430792516445744
2015-10-06,0.13452777855627407
2015-10-07,0.1341979988304074
2015-10-08,0.13386821937591217
2015-10-09,0.13386821937546686
2015-10-13,0.13364836658624268
2015-10-14,0.1339781457697227
2015-10-15,0.1346377048606665
2015-10-16,0.13540719173059973
2015-10-19,0.13595682641479187
2015-10-20,0.13617668058919494
2015-10-21,0.13595682641497
2015-10-22,0.1354071914298379
2015-10-23,0.13507741098087805
2015-10-26,0.13485755746927325
2015-10-27,0.13441785056549554
2015-10-28,0.13408807056852462
2015-10-29,0.13397814396354846
2015-10-30,0.1345277772912396
2015-11-02,0.1347476309240576
2015-11-03,0.1348575577102746
2015-11-04,0.13474763095424955
2015-11-05,0.1350774110417073
2015-11-06,0.135077411041262
2015-11-09,0.1341979981978011
2015-11-10,0.1336483656224154
2015-11-12,0.13353843922798142
2015-11-13,0.13353843922780329
2015-11-16,0.1336483656225935
2015-11-17,0.1335384391977004
2015-11-18,0.13298880752557993
2015-11-19,0.13221932466049077
2015-11-20,0.13133991711799098
2015-11-23,0.13035058607191574
2015-11-24,0.12925133296809505
2015-11-25,0.1284818576928565
2015-11-27,0.12837193277364295
2015-11-30,0.12914140762744086
2015-12-01,0.12947118328816856
2015-12-02,0.12991088476959384
2015-12-03,0.13046051192467556
2015-12-04,0.1303505865239046
2015-12-07,0.1301307358431306
2015-12-08,0.13035058646352068
2015-12-09,0.13068036248503795
2015-12-10,0.13046051186438068
2015-12-11,0.1293612608686539
2015-12-14,0.12892156095213436
2015-12-15,0.12914141066925916
2015-12-16,0.1298009601828482
2015-12-17,0.13133991157647382
2015-12-18,0.13287886845247954
2015-12-21,0.13419798012804296
2015-12-22,0.13518731713680884
2015-12-23,0.1360667294983561
2015-12-24,0.13760570450423673
2015-12-28,0.13958439424305485
2015-12-29,0.14178294924011198
2015-12-30,0.1435418033566441
2015-12-31,0.14661981324032108
2016-01-04,0.14892833962710417
2016-01-05,0.1512368799277524
2016-01-06,0.15365536330928414
2016-01-07,0.15596393017369703
2016-01-08,0.15827251032088283
2016-01-11,0.16091090425733087
2016-01-12,0.16321951286663455
2016-01-13,0.16475859117579683
2016-01-14,0.16640761042630992
2016-01-15,0.16860631360384468
2016-01-19,0.1711348388832292
2016-01-20,0.17410312802135353
2016-01-21,0.17740125236250343
2016-01-22,0.18157891201027102
2016-01-25,0.18443733734208534
2016-01-26,0.1871858428169615
2016-01-27,0.18993436711639494
2016-01-28,0.19279285118342862
2016-01-29,0.19620106987006236
2016-02-01,0.19916954361478165
2016-02-02,0.20246787488445347
2016-02-03,0.20576623326446244
2016-02-04,0.2090646187537399
2016-02-05,0.21247297937316273
2016-02-08,0.21533162633858957
2016-02-09,0.21830024322279695
2016-02-10,0.22159873173169406
2016-02-11,0.22489724735012678
2016-02-12,0.22676641490686927
2016-02-16,0.22995501931626922
2016-02-17,0.233253603617239
2016-02-18,0.23655221502943666
2016-02-19,0.23985085445737414
2016-02-22,0.2427096980084816
2016-02-23,0.24523869301100193
2016-02-24,0.24787765950032564
2016-02-25,0.2507365594460181
2016-02-26,0.25282576872404644
2016-02-29,0.2554647822094365
2016-03-01,0.25744405479507676
2016-03-02,0.25975321943058355
2016-03-03,0.26261220396837603
2016-03-04,0.26547121043844996
2016-03-07,0.2684402014712095
2016-03-08,0.2710793219644979
2016-03-09,0.2734985316569702
2016-03-10,0.2765775468993653
2016-03-11,0.2798765180132148
2016-03-14,0.28306554876096396
2016-03-15,0.28636456958521767
2016-03-16,0.28966362023646214
2016-03-17,0.2927427577980011
2016-03-18,0.29549200885386245
2016-03-21,0.29725153917086505
2016-03-22,0.2991210503760396
2016-03-23,0.3013204861699156
2016-03-24,0.3046196597462807
2016-03-28,0.3076989111954784
2016-03-29,0.3107781862655701
2016-03-30,0.31341758442225864
2016-03-31,0.31704678273835185
2016-04-01,0.32067601585429306
2016-04-04,0.32397534851764953
2016-04-05,0.327274710105444
2016-04-06,0.3304641191882756
2016-04-07,0.3335435714261606
2016-04-08,0.3364030831595004
2016-04-11,0.33904264908430587
2016-04-12,0.34102233383285546
2016-04-13,0.3436619301307789
2016-04-14,0.34630154450807904
2016-04-15,0.3490511586372957
2016-04-18,0.35158082096277976
2016-04-19,0.353450583158311
2016-04-20,0.35488040679245203
2016-04-21,0.35598027444109676
2016-04-22,0.3579600421748036
2016-04-25,0.3598298335703301
2016-04-26,0.3614796571913755
2016-04-27,0.3623595652925382
2016-04-28,0.36268953119150865
2016-04-29,0.3624695542269136
2016-05-02,0.36202960065851314
2016-05-03,0.36213958905059096
2016-05-04,0.3625795431009942
2016-05-05,0.363129486116143
2016-05-06,0.3632394746887492
2016-05-09,0.36290950924132226
2016-05-10,0.3623595675827636
2016-05-11,0.3623595675820511
2016-05-12,0.36125968727745067
2016-05-13,0.36114969927733404
2016-05-16,0.36147966327875275
2016-05-17,0.36136967527801267
2016-05-18,0.36114969921703916
2016-05-19,0.36048977139624405
2016-05-20,0.35949988156215784
2016-05-23,0.35840000638057296
2016-05-24,0.3579600575130349
2016-05-25,0.3570801607419642
2016-05-26,0.35576031920189244
2016-05-27,0.35455046810330076
2016-05-31,0.3541105238159463
2016-06-01,0.3533406225788229
2016-06-02,0.3518008260109798
2016-06-03,0.3511409142805433
2016-06-06,0.3507009737295114
2016-06-07,0.3503710186781849
2016-06-08,0.3500410640786691
2016-06-09,0.34927117127899787
2016-06-10,0.34927117127890883
2016-06-13,0.34927117127864166
2016-06-14,0.349051202087899
2016-06-15,0.34927117115867534
2016-06-16,0.3496011249445221
2016-06-17,0.3499310791828031
2016-06-20,0.35004106401935386
2016-06-21,0.3500410640186414
2016-06-22,0.35026103363153716
2016-06-23,0.35125089742990645
2016-06-24,0.35279068893565235
2016-06-27,0.3547704290072839
2016-06-28,0.35642022053640676
2016-06-29,0.357520086377096
2016-06-30,0.36048973472378165
2016-07-01,0.3620295650408102
2016-07-05,0.3624695178857613
2016-07-06,0.36235952958408124
2016-07-07,0.36301945993637025
2016-07-08,0.36334942502229517
2016-07-11,0.36400935664042017
2016-07-12,0.3644493117755967
2016-07-13,0.36455930061957437
2016-07-14,0.3649992563576996
2016-07-15,0.3657691799531762
2016-07-18,0.366099147841343
2016-07-19,0.36631912673457234
2016-07-20,0.3659891584850816
2016-07-21,0.36587916918875885
2016-07-22,0.365989158455424
2016-07-25,0.3654392125776494
2016-07-26,0.36510924523160204
2016-07-27,0.36488926718214465
2016-07-28,0.36499925623719887
2016-07-29,0.36631912670509287
2016-08-01,0.3678589819120577
2016-08-02,0.36906887212456413
2016-08-03,0.36939884245320365
2016-08-04,0.3697288129632622
2016-08-05,0.3700587837442469
2016-08-08,0.37027876462667253
2016-08-09,0.3695088325932984
2016-08-10,0.36895888189398257
2016-08-11,0.36906887197369337
2016-08-12,0.3696188228236128
2016-08-15,0.370388755279051
2016-08-16,0.3709387079363025
2016-08-17,0.37137867066542646
2016-08-18,0.3718186337559634
2016-08-19,0.37236858837230835
2016-08-22,0.37214860628469776
2016-08-23,0.3715986512160968
2016-08-24,0.37115868824614956
2016-08-25,0.37082871619950697
2016-08-26,0.3717086423802246
2016-08-29,0.3725885707313794
2016-08-30,0.3736884838813656
2016-08-31,0.3747883979366654
2016-09-01,0.3759983080369495
2016-09-02,0.3772082224473817
2016-09-06,0.3784181408336238
2016-09-07,0.37918809143042587
2016-09-08,0.3799580428701093
2016-09-09,0.3812779625175099
2016-09-12,0.38226790523678805
2016-09-13,0.3832578503958265
2016-09-14,0.384027809218737
2016-09-15,0.38479776909667424
2016-09-16,0.38501775805496097
2016-09-19,0.3850177580551391
2016-09-20,0.38490776351583444
2016-09-21,0.38479776900672175
2016-09-22,0.3847977690061874
2016-09-23,0.38534774095031626
2016-09-26,0.38600770836809756
2016-09-27,0.38820760518421227
2016-09-28,0.39194745436236694
2016-09-29,0.39656731361812264
2016-09-30,0.4034971860386515
2016-10-03,0.40492718204344746
2016-10-04,0.40789718757819243
2016-10-05,0.4105372134736834
2016-10-06,0.4125172459144291
2016-10-07,0.41306725628224344
2016-10-11,0.4132872607908178
2016-10-12,0.4136172677344748
2016-10-13,0.4142772821641756
2016-10-14,0.4146072898315491
2016-10-17,0.41504730029506226
2016-10-18,0.41471729226654275
2016-10-19,0.41394727395477154
2016-10-20,0.41306725543784806
2016-10-21,0.4118572326294403
2016-10-24,0.41152722722307983
2016-10-25,0.41064721449232644
2016-10-26,0.41009720789209547
2016-10-27,0.40998720666246485
2016-10-28,0.409657202882908
2016-10-31,0.4099872063005175
2016-11-01,0.4092171981145439
2016-11-02,0.4075671869028863
2016-11-03,0.40591718518397485
2016-11-04,0.40371719374169607
2016-11-07,0.401517212544736
2016-11-08,0.3998672329761293
2016-11-09,0.3968972933491995
2016-11-10,0.39601731388945843
2016-11-14,0.3954673268776682
2016-11-15,0.39524733213330043
2016-11-16,0.3943673543610141
2016-11-17,0.39271740146277906
2016-11-18,0.3911774509086946
2016-11-21,0.3897475015245692
2016-11-22,0.3883175568415735
2016-11-23,0.38688761764300633
2016-11-25,0.3853476894493235
2016-11-28,0.38413774918423715
2016-11-29,0.3832577945561859
2016-11-30,0.3827078238176873
2016-12-01,0.3817178786580254
2016-12-02,0.3805079493316042
2016-12-05,0.3795180095964322
2016-12-06,0.3786380650937333
2016-12-07,0.3776481299691151
2016-12-08,0.37665819728621647
2016-12-09,0.3753382928267108
2016-12-12,0.37412838405220133
2016-12-13,0.3728084871866431
2016-12-14,0.3712686125732799
2016-12-15,0.3722585278994496
2016-12-16,0.3733584365298142
2016-12-19,0.3747883232335475
2016-12-20,0.37621821581295806
2016-12-21,0.3774281292278569
2016-12-22,0.3783080681860996
2016-12-23,0.3794079936911014
2016-12-27,0.380617914730674
2016-12-28,0.382157819297941
2016-12-29,0.38347774292222025
2016-12-30,0.38435769465763175
2017-01-03,0.38545763673677613
2017-01-04,0.3877675252293024
2017-01-05,0.39029742043005256
2017-01-06,0.3922773481765487
2017-01-09,0.39425728622981615
2017-01-10,0.39546725268238087
2017-01-11,0.39689721773738357
2017-01-12,0.39832718749387197
2017-01-13,0.39931716818315466
2017-01-17,0.4010771396384479
2017-01-18,0.40338711356542123
2017-01-19,0.4047071066224946
2017-01-20,0.40646710556280824
2017-01-23,0.4077871094687724
2017-01-24,0.40899711570232505
2017-01-25,0.4104271281612973
2017-01-26,0.4118571457138948
2017-01-27,0.4133971701015864
2017-01-30,0.4146071932413042
2017-01-31,0.4171372527142265
2017-02-01,0.4194473228383258
2017-02-02,0.4216474028842284
2017-02-03,0.42384749498438473
2017-02-06,0.425827588182232
2017-02-07,0.4267076320146292
2017-02-08,0.4275876777751263
2017-02-09,0.4276976834053028
2017-02-10,0.4265976298204588
2017-02-13,0.42472754692363657
2017-02-14,0.42065740664483636
2017-02-15,0.4217574466681439
2017-02-16,0.42142743466167704
2017-02-17,0.42153743872365257
2017-02-21,0.42219746436472577
2017-02-22,0.4232975101140867
2017-02-23,0.4248375800696489
2017-02-24,0.4263776555099068
2017-02-27,0.42758771843177046
2017-02-28,0.42923781011098494
2017-03-01,0.4303378751480247
2017-03-02,0.4319879794851541
2017-03-03,0.43429813821572727
2017-03-06,0.4363882927093647
2017-03-07,0.4386984773893538
2017-03-08,0.44034861608467357
2017-03-09,0.44210877174204294
2017-03-10,0.4434288928254323
2017-03-13,0.4445289967422433
2017-03-14,0.44628916976017136
2017-03-15,0.4473892806083986
2017-03-16,0.45200976895901235
2017-03-17,0.45652029881863826
2017-03-20,0.4603707880601055
2017-03-21,0.4644413465197242
2017-03-22,0.4688419984854153
2017-03-23,0.473462734952538
2017-03-24,0.477973503316495
2017-03-27,0.4820442390981621
2017-03-28,0.48655510509233924
2017-03-29,0.4911760453796363
2017-03-30,0.49634716135749346
2017-03-31,0.5026186006865699
2017-04-03,0.508229977672097
2017-04-04,0.5138414346002503
2017-04-05,0.5196730317408707
2017-04-06,0.5257247753663166
2017-04-07,0.5317766085234108
2017-04-10,0.5377184995117039
2017-04-11,0.5435504417596784
2017-04-12,0.5493824670938953
2017-04-13,0.5559848576009544
2017-04-17,0.5628074399416176
2017-04-18,0.5694100511317324
2017-04-19,0.575352498884284
2017-04-20,0.5808548467256597
2017-04-21,0.5863572699400765
2017-04-24,0.5918597625000067
2017-04-25,0.5973623304362735
2017-04-26,0.6030850826174515
2017-04-27,0.6093581922369883
2017-04-28,0.6137604142257982
2017-05-01,0.6172822294472577
2017-05-02,0.620473903346408
2017-05-03,0.6237756630081518
2017-05-04,0.6274076304775863
2017-05-05,0.6311496913984128
2017-05-08,0.6342314139561932
2017-05-09,0.6369829715541158
2017-05-10,0.6394043574978466
2017-05-11,0.6422660150312198
2017-05-12,0.645347824552283
2017-05-15,0.6486497868454038
2017-05-16,0.6511813086091176
2017-05-17,0.6540430484639591
2017-05-18,0.6567947410022469
2017-05-19,0.6595464531411771
2017-05-22,0.6624082549342583
2017-05-23,0.6651600062755415
2017-05-24,0.6681319172644571
2017-05-25,0.671103847795234
2017-05-26,0.6739657248567087
2017-05-30,0.676167182623479
2017-05-31,0.6803499867572181
2017-06-01,0.6843126856447951
2017-06-02,0.688165348617694
2017-06-05,0.6916878142164087
2017-06-06,0.695100232682037
2017-06-07,0.6986227590789106
2017-06-08,0.7023654751618399
2017-06-09,0.7063283890152361
2017-06-12,0.7095207616488399
2017-06-13,0.7132635771954167
2017-06-14,0.7175568491363469
2017-06-15,0.7244922086821194
2017-06-16,0.7315377768342929
2017-06-19,0.7382532054057614
2017-06-20,0.7441981103761868
2017-06-21,0.749372450396558
2017-06-22,0.7546569522505416
2017-06-23,0.7604920013797251
2017-06-26,0.7663271368332616
2017-06-27,0.7716118602014258
2017-06-28,0.777337057178131
2017-06-29,0.7835027434485933
2017-06-30,0.7912099716421572
2017-07-03,0.7978162939298024
2017-07-05,0.8038721889052605
2017-07-06,0.8095978470432299
2017-07-07,0.8151033659924983
2017-07-10,0.8203887336884809
2017-07-11,0.8260045153302521
2017-07-12,0.8316203754380043
2017-07-13,0.8372363124745298
2017-07-14,0.8428523279787286
2017-07-17,0.8487987820507543
2017-07-18,0.854525081797929
2017-07-19,0.8601413404070377
2017-07-20,0.8658678017449994
2017-07-21,0.8714842188390415
2017-07-24,0.8773209659382166
2017-07-25,0.882937538444291
2017-07-26,0.885911040000845
2017-07-27,0.889104826307625
2017-07-28,0.8921885065510539
2017-07-31,0.8958228718606507
2017-08-01,0.8989066036386485
2017-08-02,0.9016599559507066
2017-08-03,0.9043031915499322
2017-08-04,0.9070565808233693
2017-08-07,0.9098099889561869
2017-08-08,0.9125634159466036
2017-08-09,0.9150965847404953
2017-08-10,0.9170790733565566
2017-08-11,0.9200528266467776
2017-08-14,0.9234671621730273
2017-08-15,0.9271018072819943
2017-08-16,0.9301857739341625
2017-08-17,0.933159620918159
2017-08-18,0.9360233481726203
2017-08-21,0.9387769524399311
2017-08-22,0.9412001401280725
2017-08-23,0.9429624661719779
2017-08-24,0.9451653821762461
2017-08-25,0.9472581649932886
2017-08-28,0.9500118454561267
2017-08-29,0.9529858439834871
2017-08-30,0.9559598645101924
2017-08-31,0.9597049509939523
2017-09-01,0.9628993192201533
2017-09-05,0.9656531068105888
2017-09-06,0.9678561501623436
2017-09-07,0.969398285999983
2017-09-08,0.9717115030661116
2017-09-11,0.9744653517677584
2017-09-12,0.9774395295505217
2017-09-13,0.9803035730023273
2017-09-14,0.983498104885016
2017-09-15,0.9870231355213903
2017-09-18,0.989997407010487
2017-09-19,0.992751383218685
2017-09-20,0.9953952177624835
2017-09-21,0.9981492309410558
2017-09-22,1.000572776481925
2017-09-25,1.0031064998427413
2017-09-26,1.0055300759266588
2017-09-27,1.0080638305248488
2017-09-28,1.0107077657515515
2017-09-29,1.0144533663086641
2017-10-02,1.0174278415176516
2017-10-03,1.0199616703919083
2017-10-04,1.0221650119210346
2017-10-05,1.0241480285333096
2017-10-06,1.0264615612238475
2017-10-10,1.0278937532294559
2017-10-11,1.029656458807483
2017-10-12,1.031639512362434
2017-10-13,1.033512405511968
2017-10-16,1.0359361615399143
2017-10-17,1.0381395887867937
2017-10-18,1.0400125106707967
2017-10-19,1.0417752684060244
2017-10-20,1.0438685523914473
2017-10-23,1.0458516733157182
2017-10-24,1.0473941070390518
2017-10-25,1.0460720246124218
2017-10-26,1.0449702928792797
2017-10-27,1.04419908172149
2017-10-30,1.044199081721579
2017-10-31,1.045080466625894
2017-11-01,1.0457415067529217
2017-11-02,1.0461822004120007
2017-11-03,1.046733068241005
2017-11-06,1.0475042846800733
2017-11-07,1.0477246325963454
2017-11-08,1.0478348065244678
2017-11-09,1.0467330708675278
2017-11-10,1.0466228973011749
2017-11-13,1.0471737657341076
2017-11-14,1.0479449830180165
2017-11-15,1.0495975955602146
2017-11-16,1.0513603895149362
2017-11-17,1.0527926658821523
2017-11-20,1.0538944208578538
2017-11-21,1.0544452997040756
2017-11-22,1.0546656515444128
2017-11-24,1.0551063552249091
2017-11-27,1.055767411832119
2017-11-28,1.0562081170822413
2017-11-29,1.0560979406791793
2017-11-30,1.0568691755006128
2017-12-01,1.0567589990069748
2017-12-04,1.0566488225134263
2017-12-05,1.0569793519036748
2017-12-06,1.0573098815660071
2017-12-07,1.0577505882645424
2017-12-08,1.0574200583310165
2017-12-11,1.05753023503582
2017-12-12,1.0578607654222252
2017-12-13,1.0583014729662243
2017-12-14,1.0616067831697886
2017-12-15,1.065352832187946
2017-12-18,1.0689887371616154
2017-12-19,1.072734854941842
2017-12-20,1.076150462861124
2017-12-21,1.0794559161421002
2017-12-22,1.082651211281968
2017-12-26,1.0855159790542708
2017-12-27,1.0886011372450295
2017-12-28,1.0916863191019257
2017-12-29,1.096203945188026
2018-01-02,1.100170687994406
2018-01-03,1.1043578489908632
2018-01-04,1.108655243173188
2018-01-05,1.1115201985287997
2018-01-08,1.1146055595793791
2018-01-09,1.1173603673636536
2018-01-10,1.1201151955251005
2018-01-11,1.1234210119609236
2018-01-12,1.1258452899656604
2018-01-16,1.1293715386025032
2018-01-17,1.1330080183742974
2018-01-18,1.136534335601231
2018-01-19,1.1395096910313416
2018-01-22,1.1423748693059066
2018-01-23,1.1452400679895283
2018-01-24,1.1485460891137005
2018-01-25,1.1518521374097517
2018-01-26,1.1547173996756057
2018-01-29,1.1572520721169588
2018-01-30,1.160337784822363
2018-01-31,1.1644153683842888
2018-02-01,1.167831756811228
2018-02-02,1.1711379672380482
2018-02-05,1.1743339960434058
2018-02-06,1.1773096335245485
2018-02-07,1.1802852930172376
2018-02-08,1.183701816225923
2018-02-09,1.1871183684495332
2018-02-12,1.1894328210026224
2018-02-13,1.1925187814126246
2018-02-14,1.1956047663402847
2018-02-15,1.1994622770909475
2018-02-16,1.2032096081534134
2018-02-20,1.2066263241838477
2018-02-21,1.2098226340675928
2018-02-22,1.2131291878037866
2018-02-23,1.2166562074435177
2018-02-26,1.2201832589711301
2018-02-27,1.2233796739372564
2018-02-28,1.2271272257329195
2018-03-01,1.2312054818506377
2018-03-02,1.2355042278201782
2018-03-05,1.239251889472917
2018-03-06,1.24288935966562
2018-03-07,1.2465268637396762
2018-03-08,1.2509360018657607
2018-03-09,1.2550144970916493
2018-03-12,1.2592032666726893
2018-03-13,1.2632818479358847
2018-03-14,1.2669195333856391
2018-03-15,1.2718800611094696
2018-03-16,1.2761792357823967
2018-03-19,1.2803682199642805
2018-03-20,1.2845572477560996
2018-03-21,1.2890770402749243
2018-03-22,1.2955812014425239
2018-03-23,1.3021957059202518
2018-03-26,1.3090308081052133
2018-03-27,1.315866024517337
2018-03-28,1.322701357031197
2018-03-29,1.3297572923923164
2018-04-02,1.3367030986448867
2018-04-03,1.3443105478059305
2018-04-04,1.351256616660741
2018-04-05,1.3587540984399313
2018-04-06,1.3665825037457162
2018-04-09,1.3739700077319899
2018-04-10,1.3813576473208928
2018-04-11,1.3891864901542232
2018-04-12,1.3971257615079609
2018-04-13,1.404183017270812
2018-04-16,1.4122328495882952
2018-04-17,1.4202828451028848
2018-04-18,1.4277816128120628
2018-04-19,1.4350599641203268
2018-04-20,1.442228166989791
2018-04-23,1.449396501435042
2018-04-24,1.4567855336213476
2018-04-25,1.4641747014384257
2018-04-26,1.4715640028630586
2018-04-27,1.4760858649745443
2018-04-30,1.4807180633595605
2018-05-01,1.485350316313572
2018-05-02,1.4897620353476029
2018-05-03,1.4941738039365362
2018-05-04,1.4982547334836551
2018-05-07,1.502004812808492
2018-05-08,1.5058652245432673
2018-05-09,1.5097256732942839
2018-05-10,1.5136964586545048
2018-05-11,1.516564268508665
2018-05-14,1.5204248166765715
2018-05-15,1.524726611596686
2018-05-16,1.528476933390353
2018-05-17,1.53288912623626
2018-05-18,1.537301368641523
2018-05-21,1.5416033556658149
2018-05-22,1.5456847738148658
2018-05-23,1.5494352990475226
2018-05-24,1.5536270981428137
2018-05-25,1.5571570661366048
2018-05-29,1.5609076930930312
2018-05-31,1.5659821221769918
2018-06-01,1.5714978815187064
2018-06-04,1.5770137179267059
2018-06-05,1.5819780386953868
2018-06-06,1.5861701777277248
2018-06-07,1.5901417192094898
2018-06-08,1.59389265649168
2018-06-11,1.597864276313136
2018-06-12,1.6017256125028478
2018-06-13,1.605366329835186
2018-06-14,1.6117652347275024
2018-06-15,1.6183848985094014
2018-06-18,1.6248943415599306
2018-06-19,1.6315142265960387
2018-06-20,1.6380238872172679
2018-06-21,1.644092306352694
2018-06-22,1.6507124997049742
2018-06-25,1.6573328036934436
2018-06-26,1.6638428762911759
2018-06-27,1.6704633979271168
2018-06-28,1.6766426411751012
2018-06-29,1.6849185403482836
2018-07-02,1.6926428779683602
2018-07-03,1.7001466682394444
2018-07-05,1.7072091887171292
2018-07-06,1.7136097066145246
2018-07-09,1.7196792613474594
2018-07-10,1.7256385486994084
2018-07-11,1.7311564829433617
2018-07-12,1.736453768024956
2018-07-13,1.741530396871345
2018-07-16,1.7473796331120826
2018-07-17,1.7530082267249285
2018-07-18,1.7585265343697598
2018-07-19,1.763493072478204
2018-07-20,1.7683493042708516
2018-07-23,1.7732055959335442
2018-07-24,1.7785034339692425
2018-07-25,1.7833598480331048
2018-07-26,1.7874436888070722
2018-07-27,1.7917483260825977
2018-07-30,1.7961633870548517
2018-07-31,1.8011303850779616
2018-08-01,1.8056559291978647
2018-08-02,1.8083050434350074
2018-08-03,1.8100711297535452
2018-08-06,1.8117268424814605
2018-08-07,1.81338256156002
2018-08-08,1.8151486691681693
2018-08-09,1.8163628708089377
2018-08-10,1.8174666938096333
2018-08-13,1.8183497539031663
2018-08-14,1.820447031393043
2018-08-15,1.8229858535066614
2018-08-16,1.825635075883055
2018-08-17,1.827290850754676
2018-08-20,1.8289466324307107
2018-08-21,1.8304920345889684
2018-08-22,1.832368603091773
2018-08-23,1.8347971154840474
2018-08-24,1.8367840894215381
2018-08-27,1.8388814617183744
2018-08-28,1.8410892341263136
2018-08-29,1.843297019841518
2018-08-30,1.845615208178924
2018-08-31,1.8485957548224619
2018-09-04,1.8512451484876766
2018-09-05,1.8538945595726757
2018-09-06,1.856323201703391
2018-09-07,1.858751858472223
2018-09-10,1.8606285565332965
2018-09-11,1.8626156583977993
2018-09-12,1.8647131657277143
2018-09-13,1.8669210802780052
2018-09-14,1.8694601973137845
2018-09-17,1.8726617137571153
2018-09-18,1.8750904690008297
2018-09-19,1.877298441619979
2018-09-20,1.87939602652588
2018-09-21,1.8814936223512977
2018-09-24,1.88370162824048
2018-09-25,1.885247239136907
2018-09-26,1.8871240616241496
2018-09-27,1.8917609400459767
2018-09-28,1.8975019047692518
2018-10-01,1.9033533624296761
2018-10-02,1.9094257246367712
2018-10-03,1.9152773586365353
2018-10-04,1.9201353801592391
2018-10-05,1.9248830506305583
2018-10-09,1.9296307783319515
2018-10-10,1.9333848305512622
2018-10-11,1.9373597463953733
2018-10-12,1.9415555334290204
2018-10-15,1.9466347038806298
2018-10-16,1.9516035229238948
2018-10-17,1.9567932451906387
2018-10-18,1.9623143004402976
2018-10-19,1.9678354313160222
2018-10-22,1.9734670650363138
2018-10-23,1.9785466432085168
2018-10-24,1.9816385832273662
2018-10-25,1.9847305461166742
2018-10-26,1.9879329616945691
2018-10-29,1.9912458335307377
2018-10-30,1.9946691635012683
2018-10-31,1.9985342462925704
2018-11-01,2.001847201627249
2018-11-02,2.0056019162277483
2018-11-05,2.009356666830787
2018-11-06,2.0128905826676466
2018-11-07,2.0156514763494027
2018-11-08,2.0166453997087745
2018-11-09,2.018412382799422
2018-11-13,2.0206211237637652
2018-11-14,2.0231611918779167
2018-11-15,2.0270265415132083
2018-11-16,2.0311128119291855
2018-11-19,2.034978242044057
2018-11-20,2.0384019415457284
2018-11-21,2.041494340704316
2018-11-23,2.0451389819556622
2018-11-26,2.047900094992651
2018-11-27,2.050882119947426
2018-11-28,2.0540850610857806
2018-11-29,2.057840263288671
2018-11-30,2.062258191804095
2018-12-03,2.066234372130409
2018-12-04,2.070321038854951
2018-12-06,2.0755122669861734
2018-12-07,2.0799303867379564
2018-12-10,2.0836858317373355
2018-12-11,2.0871099458359765
2018-12-12,2.090092260004048
2018-12-13,2.093737342607878
2018-12-14,2.0970510813008167
2018-12-17,2.1020217370010923
2018-12-18,2.1071029143576676
2018-12-19,2.1118527691388285
2018-12-20,2.117707308673142
2018-12-21,2.123120070310608
2018-12-24,2.1287538381628517
2018-12-26,2.1346086182860775
2018-12-27,2.1402425420255873
2018-12-28,2.1455451253083795
2018-12-31,2.156702787964608
2019-01-02,2.1705121925391597
2019-01-03,2.1793505141231932
2019-01-04,2.1854269933853443
2019-01-07,2.1910616317832097
2019-01-08,2.196364889147513
2019-01-09,2.2018891866982546
2019-01-10,2.207192584992065
2019-01-11,2.2122750751901794
2019-01-14,2.21746812259354
2019-01-15,2.223324187620583
2019-01-16,2.2284068783255035
2019-01-17,2.233489635867867
2019-01-18,2.2386829535849766
2019-01-22,2.2438763395942662
2019-01-23,2.2489592934758758
2019-01-24,2.2541528118038165
2019-01-25,2.2592358951907037
2019-01-28,2.2642085394289873
2019-01-29,2.26929174953877
2019-01-30,2.2741540104550895
2019-01-31,2.2805634228699962
2019-02-01,2.2864204024224706
2019-02-04,2.291724916659443
2019-02-05,2.297029500650634
2019-02-06,2.3021131271579494
2019-02-07,2.306865268786836
2019-02-08,2.311727985283804
2019-02-11,2.317032832315598
2019-02-12,2.3195747548972596
2019-02-13,2.32101149925919
2019-02-14,2.3228903270437433
2019-02-15,2.325432283748472
2019-02-19,2.327642694810545
2019-02-20,2.329963640414564
2019-02-21,2.332505644473477
2019-02-22,2.3352687105306984
2019-02-25,2.3378107487138364
2019-02-26,2.340131753450825
2019-02-27,2.3422317216236976
2019-02-28,2.3463211512538926
2019-03-01,2.3485316779803194
2019-03-04,2.3507422168179106
2019-03-05,2.3528422396451
2019-03-06,2.354942273402583
2019-03-07,2.357152847365543
2019-03-08,2.35958449271304
2019-03-11,2.361795092110461
2019-03-12,2.364005703014494
2019-03-13,2.3663268571815865
2019-03-14,2.368979620789631
2019-03-15,2.3720745320138517
2019-03-18,2.3741746641531476
2019-03-19,2.376385341069911
2019-03-20,2.3788170970029205
2019-03-21,2.3810277981447734
2019-03-22,2.3830174411634877
2019-03-25,2.385449241731801
2019-03-26,2.387549444064301
2019-03-27,2.389760195473195
2019-03-28,2.392302573525336
2019-03-29,2.3972768227935664
2019-04-01,2.3992665426691815
2019-04-02,2.401477354644495
2019-04-03,2.404019803739401
2019-04-04,2.406893897887886
2019-04-05,2.409989099944191
2019-04-08,2.41253160336816
2019-04-09,2.415295213730066
2019-04-10,2.4181693889803166
2019-04-11,2.4209330387122794
2019-04-12,2.4231439706112403
2019-04-15,2.425244365123353
2019-04-16,2.427897512476275
2019-04-17,2.4304401259540573
2019-04-18,2.4322089083006384
2019-04-22,2.4339777003385734
2019-04-23,2.436630905839619
2019-04-24,2.4393946820130417
2019-04-25,2.4421584763581987
2019-04-26,2.4449222888755355
2019-04-29,2.447907226837326
2019-04-30,2.4528821466096318
2019-05-01,2.455314358926984
2019-05-02,2.4575254755710314
2019-05-03,2.4577465877808953
2019-05-06,2.457967700171822
2019-05-07,2.458299368849946
2019-05-08,2.4581888126240234
2019-05-09,2.457857144037099
2019-05-10,2.457193807771146
2019-05-13,2.4503394456959153
2019-05-14,2.4419375016769265
2019-05-15,2.4395053806421783
2019-05-16,2.439284278548582
2019-05-17,2.4393948296558534
2019-05-20,2.4390631763332387
2019-05-21,2.4382893198526308
2019-05-22,2.437626015206306
2019-05-23,2.4371838125928367
2019-05-24,2.4368521609051306
2019-05-28,2.4362994094562693
2019-05-29,2.435967758768817
2019-05-30,2.4358572085697094
2019-05-31,2.4366310595386356
2019-06-03,2.436520509157575
2019-06-04,2.436409958777316
2019-06-05,2.436299408456906
2019-06-06,2.4362994084567284
2019-06-07,2.4362994084567284
2019-06-10,2.4361888581370312
2019-06-11,2.436078307816443
2019-06-12,2.433756763814068
2019-06-13,2.4324301708757563
2019-06-14,2.4318774245745804
2019-06-17,2.4319879736839267
2019-06-18,2.4320985228828698
2019-06-19,2.4318774244234427
2019-06-20,2.431766875223876
2019-06-21,2.4314352279890845
2019-06-24,2.4314352279889953
2019-06-25,2.431766875132944
2019-06-26,2.4322090715677476
2019-06-27,2.4320985224592024
2019-06-28,2.4332040141518765
2019-07-01,2.4335356626590947
2019-07-02,2.4348622577782644
2019-07-03,2.4366310566007527
2019-07-05,2.4389526165036957
2019-07-08,2.440058127578543
2019-07-09,2.4409425391043804
2019-07-10,2.4396159265404
2019-07-11,2.4399475804084294
2019-07-12,2.4397264776482053
2019-07-15,2.4406108882042483
2019-07-16,2.4416058522611883
2019-07-17,2.4426008187708024
2019-07-18,2.4433746833077667
2019-07-19,2.443706340264639
2019-07-22,2.4438168926443367
2019-07-23,2.4438168926441586
2019-07-24,2.443706340325914
2019-07-25,2.4432641316554373
2019-07-26,2.443264131655081
2019-07-29,2.443043027320333
2019-07-30,2.4421586116758305
2019-07-31,2.443374681521008
2019-08-01,2.4410530840943494
2019-08-02,2.4387315000236724
2019-08-05,2.435746623390849
2019-08-06,2.4325406684995174
2019-08-07,2.4288925449147234
2019-08-08,2.4227018830187417
2019-08-09,2.4188327585532625
2019-08-12,2.4150742165396584
2019-08-13,2.4116473434445562
2019-08-14,2.4079994117436003
2019-08-15,2.404904224949735
2019-08-16,2.4012563542097425
2019-08-19,2.3974979748808725
2019-08-20,2.3939607096369744
2019-08-21,2.3902023972336295
2019-08-22,2.3863335822659058
2019-08-23,2.3822437347346357
2019-08-26,2.3781539286587163
2019-08-27,2.374285235575515
2019-08-28,2.370084980502445
2019-08-29,2.3663268925467995
2019-08-30,2.3630109634725844
2019-09-03,2.3600266501978027
2019-09-04,2.3573739476350632
2019-09-05,2.3546107347240297
2019-09-06,2.3509633206607705
2019-09-09,2.3438896661415725
2019-09-10,2.339468682935716
2019-09-11,2.335600360781748
2019-09-12,2.333058340008509
2019-09-13,2.330626856532255
2019-09-16,2.3305163352830576
2019-09-17,2.361683327649167
2019-09-18,2.3632307455273756
2019-09-19,2.3582568819089658
2019-09-20,2.3525093738797436
2019-09-23,2.34654089450987
2019-09-24,2.3407935691270803
2019-09-25,2.3361515583960846
2019-09-26,2.32985175745105
2019-09-27,2.323552049702559
2019-09-30,2.323220491223508
2019-10-01,2.3178050390327196
2019-10-02,2.3120581056913636
2019-10-03,2.3062007378444664
2019-10-04,2.2996803735703386
2019-10-07,2.293381138685749
2019-10-08,2.287303024501112
2019-10-09,2.280230433819442
2019-10-10,2.2741525177824515
2019-10-11,2.2681851975893
2019-10-15,2.2637650270106326
2019-10-16,2.259897420137295
2019-10-17,2.255035331069729
2019-10-18,2.249399795764736
2019-10-21,2.243653838474249
2019-10-22,2.2381289567344336
2019-10-23,2.2328251400099863
2019-10-24,2.2274108983008873
2019-10-25,2.2211127936590516
2019-10-28,2.214814783915019
2019-10-29,2.2087378468690075
2019-10-30,2.2027714894875916
2019-10-31,2.196031816960307
2019-11-01,2.1870825701937484
2019-11-04,2.1776915988548766
2019-11-05,2.1683008513404496
2019-11-06,2.1589103199280038
2019-11-07,2.1485257615350433
2019-11-08,2.139025219184602
2019-11-12,2.128641175711171
2019-11-13,2.1177050861092774
2019-11-14,2.1065483771673845
2019-11-15,2.09671746019864
2019-11-18,2.0868867748469846
2019-11-19,2.0770563318791053
2019-11-20,2.0677783744992526
2019-11-21,2.0591633148158723
2019-11-22,2.0494439946196588
2019-11-25,2.0393935790171045
2019-11-26,2.029122531221145
2019-11-27,2.0190726194746795
2019-11-29,2.010679484335962
2019-12-02,2.0021760879276833
2019-12-03,1.9927894197736866
2019-12-04,1.9831821151946007
2019-12-05,1.9735750422282399
2019-12-06,1.9640786191292983
2019-12-09,1.9548032590721136
2019-12-10,1.9455281099201516
2019-12-11,1.9343761527686374
2019-12-12,1.927088864992861
2019-12-13,1.9199121204338323
2019-12-16,1.9142812272577223
2019-12-17,1.907987960541897
2019-12-18,1.9016947903739227
2019-12-19,1.8955121215543658
2019-12-20,1.8891087448820287
2019-12-23,1.8824846691869481
2019-12-24,1.8754191123296793
2019-12-26,1.8686848659908994
2019-12-27,1.8615091594745947
2019-12-30,1.8549959329301189
2019-12-31,1.8488139839320108
2020-01-02,1.8423009625846944
2020-01-03,1.8362295951531875
2020-01-06,1.8302687044045078
2020-01-07,1.8243079034728307
2020-01-08,1.8182368071534234
2020-01-09,1.8116139018526716
2020-01-10,1.8053222400650837
2020-01-13,1.7989202982183785
2020-01-14,1.7921873358108602
2020-01-15,1.7854544877656116
2020-01-16,1.7781698966495938
2020-01-17,1.770775066649621
2020-01-21,1.7640425727427755
2020-01-22,1.7576412868086972
2020-01-23,1.7510193757250263
2020-01-24,1.744176848621849
2020-01-27,1.7367826405403974
2020-01-28,1.729388568180562
2020-01-29,1.7194564770650962
2020-01-30,1.6789597437922161
2020-01-31,1.6684772167412387
2020-02-03,1.6645049287896514
2020-02-04,1.6616360753788595
2020-02-05,1.6587672416164465
2020-02-06,1.6546847118763297
2020-02-07,1.6499402048777205
2020-02-10,1.64696111786817
2020-02-11,1.6443130579381362
2020-02-12,1.6357070447075042
2020-02-13,1.6322867351641555
2020-02-14,1.6293077787350365
2020-02-18,1.626659836326296
2020-02-19,1.6241222401456177
2020-02-20,1.6215846606504092
2020-02-21,1.6186057833836462
2020-02-24,1.6156269281511402
2020-02-25,1.6127584221086264
2020-02-26,1.609779610128383
2020-02-27,1.6051459559200687
2020-02-28,1.6001813903368467
2020-03-02,1.596209775951904
2020-03-03,1.5935620540643933
2020-03-04,1.5866118259992394
2020-03-05,1.578337890042446
2020-03-06,1.5698434903305554
2020-03-09,1.561349267479372
2020-03-10,1.553296468420387
2020-03-11,1.545905687019506
2020-03-12,1.5391768883072188
2020-03-13,1.5312348345640354
2020-03-16,1.5146891884392428
2020-03-17,1.503217955306093
2020-03-18,1.4871145587989405
2020-03-19,1.4703500586372122
2020-03-20,1.4534759637894947
2020-03-23,1.4364922880052446
2020-03-24,1.4193990498049625
2020-03-25,1.4021962678907451
2020-03-26,1.3849942211869737
2020-03-27,1.3676826495883028
2020-03-30,1.3502615673195122
2020-03-31,1.333171990815668
2020-04-01,1.3159728940640827
2020-04-02,1.2987745323653923
2020-04-03,1.2814666692331869
2020-04-06,1.2641595505442016
2020-04-07,1.2470736302715153
2020-04-08,1.2302088804183586
2020-04-09,1.2132346196165857
2020-04-13,1.1952691637750839
2020-04-14,1.1779657763011864
2020-04-15,1.1612141359568728
2020-04-16,1.1445733921959897
2020-04-17,1.127823142378569
2020-04-20,1.1109633956528653
2020-04-21,1.093883980691897
2020-04-22,1.0769154714361624
2020-04-23,1.0600578539399121
2020-04-24,1.0435314661846586
2020-04-27,1.0268955907345703
2020-04-28,1.009158774323197
2020-04-29,0.9923039969192069
2020-04-30,0.9758905508084929
2020-05-01,0.9593676218388244
2020-05-04,0.9430656685318006
2020-05-05,0.9268745156390467
2020-05-06,0.9106840148004043
2020-05-07,0.8944941659911143
2020-05-08,0.8783049736192927
2020-05-11,0.8620063115631684
2020-05-12,0.8455981932219182
2020-05-13,0.8290806230332267
2020-05-14,0.8122333984074905
2020-05-15,0.7957172038426166
2020-05-18,0.7789814857019844
2020-05-19,0.7623565587416897
2020-05-20,0.745402036624361
2020-05-21,0.7285583194730749
2020-05-22,0.7120455589391349
2020-05-26,0.695643562023028
2020-05-27,0.6791321631408829
2020-05-28,0.6627315097563148
2020-05-29,0.6464415883922178
2020-06-01,0.6301523275229799
2020-06-02,0.6139737852330882
2020-06-03,0.5976858408116814
2020-06-04,0.5816186508353147
2020-06-05,0.5655521035194394
2020-06-08,0.5494861988384055
2020-06-09,0.5335309728092233
2020-06-10,0.516916213327064
2020-06-11,0.5001921233607063
2020-06-12,0.48357874759354424
2020-06-15,0.46696606364108656
2020-06-16,0.45046407562453494
2020-06-17,0.4339627657432334
2020-06-18,0.41757213368960494
2020-06-19,0.4011821707037508
2020-06-22,0.3846828814974453
2020-06-23,0.3681842657950847
2020-06-24,0.3517963143396234
2020-06-25,0.3354090363330668
2020-06-26,0.318692504690577
2020-06-29,0.3020866372107341
2020-06-30,0.28559142928565606
2020-07-01,0.2694267809601597
2020-07-02,0.2532627836214578
2020-07-06,0.2368795322566856
2020-07-07,0.22060689541932405
2020-07-08,0.20433491837519227
2020-07-09,0.18784372746787542
2020-07-10,0.17146314651802777
2020-07-13,0.154533595929284
2020-07-14,0.14222157666665558
2020-07-15,0.13133893220422138
2020-07-16,0.12056649972336485
2020-07-17,0.10990427337459292
2020-07-20,0.09902250245515734
2020-07-21,0.0875914697195506
2020-07-22,0.07550131537280824
2020-07-23,0.06451056708238707
2020-07-24,0.06275205506487803
2020-07-27,0.057916205310512524
2020-07-28,0.05791620531077972
2020-07-29,0.05824592270065654
2020-07-30,0.058905358383853544
2020-07-31,0.05978460788904481
2020-08-03,0.06077376602100968
2020-08-04,0.06165301986164258
2020-08-05,0.06253227562957386
2020-08-06,0.06341153332507071
2020-08-07,0.0642907929474206
2020-08-10,0.06517005449662357
2020-08-11,0.0661592259086895
2020-08-12,0.06703849155251088
2020-08-13,0.06791775912469936
2020-08-14,0.0687970286237409
2020-08-17,0.06978620897788348
2020-08-18,0.07066548257261218
2020-08-19,0.07154475809392677
2020-08-20,0.07209430634858383
2020-08-21,0.07220421602967157
2020-08-24,0.07275376503716842
2020-08-25,0.07330331479812849
2020-08-26,0.07374295520877651
2020-08-27,0.07429250647470367
2020-08-28,0.07495196907746739
2020-08-31,0.07583125399471775
2020-09-01,0.07671054083748527
2020-09-02,0.07737000705473498
2020-09-03,0.0781393855722923
2020-09-04,0.07901867747528679
2020-09-08,0.0798979713049562
2020-09-09,0.0804475307010722
2020-09-10,0.08110700306100656
2020-09-11,0.08154665178219364
2020-09-14,0.08198630098582876
2020-09-15,0.08253586309272018
2020-09-16,0.08308542595218422
2020-09-17,0.0835250767215266
2020-09-18,0.083854815159746
2020-09-21,0.08407464096652581
2020-09-22,0.08440438003663898
2020-09-23,0.08484403273301255
2020-09-24,0.08506385914211764
2020-09-25,0.08550351232022674
2020-09-28,0.08594316598051668
2020-09-29,0.08660264773558529
2020-09-30,0.08726213039427538
2020-10-01,0.08770178598230902
2020-10-02,0.08814144181009713
2020-10-05,0.08847118404261836
2020-10-06,0.08891084071435654
2020-10-07,0.08924058357930595
2020-10-08,0.08946041233634851
2020-10-09,0.08968024115430938
2020-10-13,0.09000998465124167
2020-10-14,0.09022981377049877
2020-10-15,0.09055955762884402
2020-10-16,0.09077938704877392
2020-10-19,0.09088930178884176
2020-10-20,0.0909992165889373
2020-10-21,0.0908893017887527
2020-10-22,0.09077938701884913
2020-10-23,0.09066947230879513
2020-10-26,0.09066947230915137
2020-10-27,0.09066947230897325
2020-10-28,0.09055955762884402
2020-10-29,0.09055955762902214
2020-10-30,0.09066947230870606
2020-11-02,0.09110913126924464
2020-11-03,0.09132896092964152
2020-11-04,0.09143887579012099
2020-11-05,0.09176862055280025
2020-11-06,0.09198845057425384
2020-11-09,0.09198845057443196
2020-11-10,0.09187853559354088
2020-11-12,0.09165870569214266
2020-11-13,0.09154879077136832
2020-11-16,0.09154879077074488
2020-11-17,0.09143887587989533
2020-11-18,0.09110913129872411
2020-11-19,0.09066947221848641
2020-11-20,0.09011989896995792
2020-11-23,0.08946041215564203
2020-11-24,0.08880092678679992
2020-11-25,0.08836127047700909
2020-11-27,0.08792161464841942
2020-11-30,0.08759187313863508
2020-12-01,0.08726213180929002
2020-12-02,0.08704230437677524
2020-12-03,0.08682247706511739
2020-12-04,0.08671256346931616
2020-12-07,0.08649273633765231
2020-12-08,0.08616299582153097
2020-12-09,0.08605308237633333
2020-12-10,0.08583325560715119
2020-12-11,0.08561342895731193
2020-12-14,0.08539360242832959
2020-12-15,0.08539360242841866
2020-12-16,0.08539360242815147
2020-12-17,0.08539360242797335
2020-12-18,0.08539360242815147
2020-12-21,0.08539360242824053
2020-12-22,0.08506386281547351
2020-12-23,0.08473412338368018
2020-12-24,0.08462421032973122
2020-12-28,0.08462421033008746
2020-12-29,0.08462421033053277
2020-12-30,0.08462421032973122
2020-12-31,0.08440438428239536
2021-01-04,0.08473412335322103
2021-01-05,0.0851737758089495
2021-01-06,0.08539360221787645
2021-01-07,0.08561342874668065
2021-01-08,0.08583325545628041
2021-01-11,0.08605308228638087
2021-01-12,0.08616299576123611
2021-01-13,0.0860530823163947
2021-01-14,0.08594316890147807
2021-01-15,0.08583325551666435
2021-01-19,0.08550351554257342
2021-01-20,0.08517377574927805
2021-01-21,0.0846242098780986
2021-01-22,0.084184557783605
2021-01-25,0.08385481907454853
2021-01-26,0.08319534219810978
2021-01-27,0.08253586640528653
2021-01-28,0.08187639187731963
2021-01-29,0.08143674291495305
2021-02-01,0.08110700655419031
2021-02-02,0.08088718243442
2021-02-03,0.08077727040423699
2021-02-04,0.08055744634458342
2021-02-05,0.08011779834506447
2021-02-08,0.07956823909990832
2021-02-09,0.07923850409413252
2021-02-10,0.07901868093818953
2021-02-11,0.07890876938974202
2021-02-12,0.07857903492644194
2021-02-16,0.07835921213119942
2021-02-17,0.07791956702307334
2021-02-18,0.0772600999031818
2021-02-19,0.07638081209623075
2021-02-22,0.07572134750542849
2021-02-23,0.0749519732033465
2021-02-24,0.07418260058747247
2021-02-25,0.07352313960982029
2021-02-26,0.07264385975288594
2021-03-01,0.07176458206327162
2021-03-02,0.07121503456127624
2021-03-03,0.07066548781185346
2021-03-04,0.07000603243512271
2021-03-05,0.06945648704122125
2021-03-08,0.06890694239971427
2021-03-09,0.06824748991428732
2021-03-10,0.06747813015618308
2021-03-11,0.06659886354808908
2021-03-12,0.06582950674122727
2021-03-15,0.06495024374628336
2021-03-16,0.0640709826786378
2021-03-17,0.06297190935488339
2021-03-18,0.06198274580305983
2021-03-19,0.060993584690462135
2021-03-22,0.05989451979765842
2021-03-23,0.05890536383354796
2021-03-24,0.05791621030821807
2021-03-25,0.056927059222470294
2021-03-26,0.056047815739908316
2021-03-29,0.055168574184288464
2021-03-30,0.05417942987267383
2021-03-31,0.053300192412563
2021-04-01,0.05264076540131804
2021-04-05,0.0520912436446089
2021-04-06,0.05165162672135118
2021-04-07,0.0512120102791165
2021-04-08,0.05055258670049324
2021-04-09,0.049783260666993304
2021-04-12,0.04901393610933724
2021-04-13,0.04813470997050123
2021-04-14,0.047365388574273554
2021-04-15,0.046596068653800685
2021-04-16,0.04582675020845918
2021-04-19,0.04494753105474383
2021-04-20,0.04417821577083072
2021-04-21,0.043518803754928934
2021-04-22,0.0427494912110926
2021-04-23,0.04198018014256577
2021-04-26,0.0412108705498828
2021-04-27,0.040441562431885895
2021-04-28,0.0395623550816262
2021-04-29,0.038683149658842994
2021-04-30,0.03780394616246753
2021-05-03,0.03692474459339044
2021-05-04,0.036045544951433604
2021-05-05,0.035386146303626
2021-05-06,0.03483664818304045
2021-05-07,0.03406735229020704
2021-05-10,0.03318815891107928
2021-05-11,0.032199068798051664
2021-05-12,0.03131987951318607
2021-05-13,0.030660488634243383
2021-05-14,0.029671404753674753
2021-05-17,0.02857242567543407
2021-05-18,0.02758334694335269
2021-05-19,0.026594270650586248
2021-05-20,0.02571509365064465
2021-05-21,0.024835918577377995
2021-05-24,0.024066641864102407
2021-05-25,0.023297366625512878
2021-05-26,0.022528092862500033
2021-05-27,0.021758820574885745
2021-05-28,0.021099445412420016
2021-06-01,0.020549966862908157
2021-06-02,0.020220280003966876
2021-06-03,0.019780698007114024
2021-06-04,0.019231221264488924
2021-06-07,0.01901143068772581
2021-06-08,0.01879164023146338
2021-06-09,0.018461954817728686
2021-06-10,0.01791247988118878
2021-06-11,0.017253111041579818
2021-06-14,0.01659374328558635
2021-06-15,0.01593437661311931
2021-06-16,0.015494799313566397
2021-06-17,0.01582448219821182
2021-06-18,0.016154165353516197
2021-06-21,0.016154165353516197
2021-06-22,0.016044270998369206
2021-06-23,0.015934376673325118
2021-06-24,0.015934376673236057
2021-06-25,0.015824482378294875
2021-06-28,0.015714588113812846
2021-06-29,0.015934376763722894
2021-06-30,0.016264060009425048
2021-07-01,0.016483848960186013
2021-07-02,0.016923427343621608
2021-07-06,0.0172531114022803
2021-07-07,0.01747290089542792
2021-07-08,0.01791248036274619
2021-07-09,0.018242165234717667
2021-07-12,0.01835206022211471
2021-07-13,0.018461955239436532
2021-07-14,0.01879164056268439
2021-07-15,0.01912132615668026
2021-07-16,0.019451012021869458
2021-07-19,0.01978069815816292
2021-07-20,0.020110384565204392
2021-07-21,0.02054996692320303
2021-07-22,0.02098954976284814
2021-07-23,0.02142913308422878
2021-07-26,0.021868716887166822
2021-07-27,0.0223083011718404
2021-07-28,0.022747885938605755
2021-07-29,0.023187471186839455
2021-07-30,0.02362705691689775
2021-08-02,0.02406664312851345
2021-08-03,0.024506229821864678
2021-08-04,0.024945816997307683
2021-08-05,0.025385404654040915
2021-08-06,0.02582499279277686
2021-08-09,0.02626458141324833
2021-08-10,0.026704170515277216
2021-08-11,0.02714376009948694
2021-08-12,0.027583350165075946
2021-08-13,0.028022940712578603
2021-08-16,0.028462531741727734
2021-08-17,0.02890212325252333
2021-08-18,0.029341715245410703
2021-08-19,0.029781307719677363
2021-08-20,0.030220900675946738
2021-08-23,0.030660494113773522
2021-08-24,0.03110008803324677
2021-08-25,0.03153968243490086
2021-08-26,0.031979277317845174
2021-08-27,0.03241887268270314
2021-08-30,0.0328584685293857
2021-08-31,0.0332980648575366
2021-09-01,0.03373766166795741
2021-09-02,0.03417725895957937
2021-09-03,0.034616856733025926
2021-09-07,0.03505645498865332
2021-09-08,0.035496053725481876
2021-09-09,0.0359356529446694
2021-09-10,0.03637525264505808
2021-09-13,0.03681485282753853
2021-09-14,0.03725445349184359
2021-09-15,0.03769405463752792
2021-09-16,0.03813365626530403
2021-09-17,0.03857325837463755
2021-09-20,0.039012860965795655
2021-09-21,0.03945246403886742
2021-09-22,0.039892067593229406
2021-09-23,0.040331671629950355
2021-09-24,0.040771276147872466
2021-09-27,0.04121088114788635
2021-09-28,0.04165048662972483
2021-09-29,0.04209009259276447
2021-09-30,0.04252969903851932
2021-10-01,0.04296930596503002
2021-10-04,0.04340891337389968
2021-10-05,0.043848521264326756
2021-10-06,0.04428812963631123
2021-10-07,0.044727738491010915
2021-10-08,0.04516734782611021
2021-10-12,0.045606957644013776
2021-10-13,0.04604656794320756
2021-10-14,0.04648617872404781
2021-10-15,0.04692578998787046
2021-10-18,0.04736540173155834
2021-10-19,0.04758520784516067
2021-10-20,0.04780501407864024
2021-10-21,0.04802482043244237
2021-10-22,0.048464433382383904
2021-10-25,0.048794143454405
2021-10-26,0.04923375724713879
2021-10-27,0.04923375724713879
2021-10-28,0.04923375724722786
2021-10-29,0.04923375724722786
2021-11-01,0.04923375724713879
2021-11-02,0.04923375724713879
2021-11-03,0.04923375724704974
2021-11-04,0.04923375724704974
2021-11-05,0.04923375724696067
2021-11-08,0.04923375724696067
2021-11-09,0.04923375724687161
2021-11-10,0.04923375724696067
2021-11-12,0.04923375724696067
2021-11-15,0.04923375724687161
2021-11-16,0.04923375724687161
2021-11-17,0.04923375724696067
2021-11-18,0.04923375724696067
2021-11-19,0.04923375724696067
2021-11-22,0.04923375724704974
2021-11-23,0.04923375724696067
2021-11-24,0.04923375724687161
2021-11-26,0.04923375724687161
2021-11-29,0.04923375724678254
2021-11-30,0.04923375724687161
2021-12-01,0.04923375724704974
2021-12-02,0.04923375724696067
2021-12-03,0.04923375724696067
2021-12-06,0.04923375724687161
2021-12-07,0.04923375724696067
2021-12-08,0.04923375724696067
2021-12-09,0.04923375724696067
2021-12-10,0.04923375724687161
2021-12-13,0.04923375724687161
2021-12-14,0.04923375724696067
2021-12-15,0.04923375724696067
2021-12-16,0.04923375724696067
2021-12-17,0.04923375724687161
2021-12-20,0.04912385379886628
2021-12-21,0.04912385379877723
2021-12-22,0.04912385379868816
2021-12-23,0.04912385379877723
2021-12-27,0.04912385379877723
2021-12-28,0.04912385379877723
2021-12-29,0.04912385379886628
2021-12-30,0.04912385379886628
2021-12-31,0.04912385379886628
2022-01-03,0.04912385379886628
2022-01-04,0.04912385379877723
2022-01-05,0.0491238537990444
2022-01-06,0.04912385379895535
2022-01-07,0.04912385379913347
2022-01-10,0.04912385379913347
2022-01-11,0.04912385379913347
2022-01-12,0.04912385379922253
2022-01-13,0.04912385379922253
2022-01-14,0.04912385379922253
2022-01-18,0.04912385379922253
2022-01-19,0.04912385379922253
2022-01-20,0.049013950381498236
2022-01-21,0.049013950381320115
2022-01-24,0.04890404699334247
2022-01-25,0.04890404699343154
2022-01-26,0.048794143635645854
2022-01-27,0.04868424030805215
2022-01-28,0.04868424030814121
2022-01-31,0.04868424030805215
2022-02-01,0.04868424030787402
2022-02-02,0.04868424030787402
2022-02-03,0.0486842403076959
2022-02-04,0.0486842403076959
2022-02-07,0.04868424030778496
2022-02-08,0.04868424030742871
2022-02-09,0.048574337010116035
2022-02-10,0.048574337010026974
2022-02-11,0.048574337010026974
2022-02-14,0.048574337009937914
2022-02-15,0.048574337009937914
2022-02-16,0.048574337010116035
2022-02-17,0.048574337010026974
2022-02-18,0.048574337010205096
2022-02-22,0.048574337010026974
2022-02-23,0.048574337010205096
2022-02-24,0.048574337010116035
2022-02-25,0.048574337010026974
2022-02-28,0.048574337010116035
2022-03-01,0.048574337010205096
2022-03-02,0.04879414366521439
2022-03-03,0.04901395044108061
2022-03-04,0.04923375733700219
2022-03-07,0.04923375733700219
2022-03-08,0.04934366081493231
2022-03-09,0.049343660815110435
2022-03-10,0.049343660815110435
2022-03-11,0.04934366081537761
2022-03-14,0.04934366081519949
2022-03-15,0.04934366081537761
2022-03-16,0.049343660815288556
2022-03-17,0.05209124776906304
2022-03-18,0.05483885354178392
2022-03-21,0.057476573149930585
2022-03-22,0.060004404395901934
2022-03-23,0.062422345171693136
2022-03-24,0.06484030052094153
2022-03-25,0.06736817816849144
2022-03-28,0.0698960717447527
2022-03-29,0.07242398125025964
2022-03-30,0.0748419968838692
2022-03-31,0.0774798480193531
2022-04-01,0.08022762768639906
2022-04-04,0.08297542617381641
2022-04-05,0.0857232434816942
2022-04-06,0.08847107961047777
2022-04-07,0.0912189345598999
2022-04-08,0.09396680833004968
2022-04-11,0.09671470092101617
2022-04-12,0.09935269587713312
2022-04-13,0.10199070817857916
2022-04-14,0.10462873782660118
2022-04-18,0.10726678481977413
2022-04-19,0.10979492981157332
2022-04-20,0.11221317069417205
2022-04-21,0.1145215054500523
2022-04-22,0.11693977482148746
2022-04-25,0.11935805876860639
2022-04-26,0.12177635729176534
2022-04-27,0.12430459371410046
2022-04-28,0.1268328460675516
2022-04-29,0.1293611143522078
2022-05-02,0.13221917555368085
2022-05-03,0.13496733014669984
2022-05-04,0.13771550356302928
2022-05-05,0.1458501525922885
2022-05-06,0.15387503662401325
2022-05-09,0.1619000811534691
2022-05-10,0.1699252861837732
2022-05-11,0.1779506517175084
2022-05-12,0.1860861164717948
2022-05-13,0.19422174616407975
2022-05-16,0.2024674839678711
2022-05-17,0.21071339120470145
2022-05-18,0.21884952018883358
2022-05-19,0.2269858141237892
2022-05-20,0.23501232086717616
2022-05-23,0.24303898814053465
2022-05-24,0.2510658159460912
2022-05-25,0.2590928042884769
2022-05-26,0.26711995317018566
2022-05-27,0.2751472625954924
2022-05-31,0.2832846979080704
2022-06-01,0.29164223563152686
2022-06-02,0.2997800053620781
2022-06-03,0.307917942307494
2022-06-06,0.3159460676911699
2022-06-07,0.32397435583590567
2022-06-08,0.3318928257970641
2022-06-09,0.339591488011315
2022-06-10,0.3472902978708709
2022-06-13,0.35476928516451856
2022-06-14,0.3618084631663954
2022-06-15,0.3689577536803245
2022-06-16,0.384356499775036
2022-06-17,0.3997558365053843
2022-06-21,0.4151557638947037
2022-06-22,0.4306662899160315
2022-06-23,0.44595739495995834
2022-06-24,0.4614691066010937
2022-06-27,0.4774214830171261
2022-06-28,0.49359453467585435
2022-06-29,0.5096582124957897
2022-06-30,0.5256125032710196
2022-07-01,0.541787495770773
2022-07-05,0.5581832164889009
2022-07-06,0.5745796065113514
2022-07-07,0.5909766658647542
2022-07-08,0.607264342706254
2022-07-11,0.623552679977954
2022-07-12,0.6399517385033494
2022-07-13,0.656241401180454
2022-07-14,0.6725317243694283
2022-07-15,0.6889327823105789
2022-07-18,0.705334509773719
2022-07-19,0.7217369067855676
2022-07-20,0.738029885678765
2022-07-21,0.7543235252179594
2022-07-22,0.7705077288062726
2022-07-25,0.786802685253837
2022-07-26,0.8030983024269306
2022-07-27,0.8193945803526281
2022-07-28,0.8411970922622362
2022-07-29,0.8628906672032313
2022-08-01,0.8848056702244884
2022-08-02,0.907052269090872
2022-08-03,0.9293001052248298
2022-08-04,0.9515491725994576
2022-08-05,0.9735791652614862
2022-08-08,0.9956103650366178
2022-08-09,1.0177529340260958
2022-08-10,1.0398967284313316
2022-08-11,1.0618213818427167
2022-08-12,1.0836370444682648
2022-08-15,1.1055640765995693
2022-08-16,1.1274923041945983
2022-08-17,1.1494217273190794
2022-08-18,1.1712421419235501
2022-08-19,1.193063740201827
2022-08-22,1.2148865222167875
2022-08-23,1.2367104940123468
2022-08-24,1.2585356496740858
2022-08-25,1.2804722233049417
2022-08-26,1.3024099929203559
2022-08-29,1.324459210684919
2022-08-30,1.3467301469770818
2022-08-31,1.3691125801822486
2022-09-01,1.3913859876842576
2022-09-02,1.413660627841862
2022-09-06,1.4359365007243516
2022-09-07,1.4579930349539372
2022-09-08,1.480050777750382
2022-09-09,1.5021097291825312
2022-09-12,1.5239492757461628
2022-09-13,1.545790007020993
2022-09-14,1.567521610362935
2022-09-15,1.5839588702100678
2022-09-16,1.6003968055456212
2022-09-19,1.6168354118955741
2022-09-20,1.6331643585658528
2022-09-21,1.6493836321326112
2022-09-22,1.6736583458145757
2022-09-23,1.6979345225981508
2022-09-26,1.722101803041257
2022-09-27,1.7461601739899943
2022-09-28,1.7703303545311366
2022-09-29,1.7942812397647063
2022-09-30,1.8185646934656579
2022-10-03,1.843070382770193
2022-10-04,1.8680191333324854
2022-10-05,1.8929694286337722
2022-10-06,1.9180316751415898
2022-10-07,1.9430954802821396
2022-10-11,1.9680504172103568
2022-10-12,1.992786038659829
2022-10-13,2.0176336185634183
2022-10-14,2.042593177467425
2022-10-17,2.0676647291440178
2022-10-18,2.092737846900783
2022-10-19,2.1179229919994897
2022-10-20,2.143109717173993
2022-10-21,2.1681875406315423
2022-10-24,2.1933774193569096
2022-10-25,2.219121343895015
2022-10-26,2.244866904727784
2022-10-27,2.26243652432145
2022-10-28,2.280117414812398
2022-10-31,2.297799080324971
2022-11-01,2.3154815208934587
2022-11-02,2.3332752615247556
2022-11-03,2.3591380980433074
2022-11-04,2.3845604365816326
2022-11-07,2.409542207836255
2022-11-08,2.4346360783717245
2022-11-09,2.459842068940698
2022-11-10,2.4848285012754068
2022-11-14,2.5097059007379245
2022-11-15,2.5346954067099046
2022-11-16,2.559797039793668
2022-11-17,2.5849002408041235
2022-11-18,2.6100050029617057
2022-11-21,2.635000718971804
2022-11-22,2.6601085968372473
2022-11-23,2.685107421870136
2022-11-25,2.7101077878617006
2022-11-28,2.735109701755915
2022-11-29,2.760223798435542
2022-11-30,2.785560747216169
2022-12-01,2.8108992855629342
2022-12-02,2.8362394205187593
2022-12-05,2.8614704757756333
2022-12-06,2.8865924376071663
2022-12-07,2.911715961753515
2022-12-08,2.9285394625852343
2022-12-09,2.9454743541428527
2022-12-12,2.9622992607154544
2022-12-13,2.978903469232168
2022-12-14,2.995619063921851
2022-12-15,3.018091951949696
2022-12-16,3.0406768059869527
2022-12-19,3.063041489710263
2022-12-20,3.0852966825927184
2022-12-21,3.10766383553561
2022-12-22,3.13003222625355
2022-12-23,3.152401854817788
2022-12-27,3.174661968332112
2022-12-28,3.196923307600629
2022-12-29,3.219185872690848
2022-12-30,3.2415604349285485
2023-01-03,3.2640470066420275
2023-01-04,3.2864240514505703
2023-01-05,3.309023907933605
2023-01-06,3.3316250274529233
2023-01-09,3.354116607924969
2023-01-10,3.3766094392203363
2023-01-11,3.3989927131226705
2023-01-12,3.421266405172205
2023-01-13,3.4435413237233377
2023-01-17,3.465928295437224
2023-01-18,3.4882056732970472
2023-01-19,3.5105951166896894
2023-01-20,3.5329858052266245
2023-01-23,3.555377732841584
2023-01-24,3.577770899603588
2023-01-25,3.6002761689777985
2023-01-26,3.6226718203751
2023-01-27,3.645179592988468
2023-01-30,3.6675777292960876
2023-01-31,3.6901988872902214
2023-02-01,3.7128213095113947
2023-02-02,3.7383284140450486
2023-02-03,3.763837132764831
2023-02-06,3.7811394379084873
2023-02-07,3.798442482487416
2023-02-08,3.8157462665334125
2023-02-09,3.833161721281733
2023-02-10,3.8505779250715384
2023-02-13,3.8682167596112342
2023-02-14,3.8856344711253064
2023-02-15,3.902831031138189
2023-02-16,3.9195845019595117
2023-02-17,3.93633866581061
2023-02-21,3.9529825588457843
2023-02-22,3.969627135819213
2023-02-23,3.986272396759215
2023-02-24,4.00302931925017
2023-02-27,4.0197869349156266
2023-02-28,4.036545243783548
2023-03-01,4.053193254552431
2023-03-02,4.0699529453200025
2023-03-03,4.086713329375985
2023-03-06,4.103585411883293
2023-03-07,4.120569206768436
2023-03-08,4.137664728049396
2023-03-09,4.154649951346026
2023-03-10,4.171524862760494
2023-03-13,4.188289448482247
2023-03-14,4.204943694793889
2023-03-15,4.221931724083136
2023-03-16,4.238809427888607
2023-03-17,4.255465750189777
2023-03-20,4.263794082449456
2023-03-21,4.2721225858209895
2023-03-22,4.280673362980127
2023-03-23,4.292000605418047
2023-03-24,4.303328164364582
2023-03-27,4.314767097433127
2023-03-28,4.32642847154217
2023-03-29,4.337868050146835
2023-03-30,4.349085814452224
2023-03-31,4.36097031266935
2023-04-03,4.372521939246777
2023-04-04,4.38396281843531
2023-04-05,4.3951818611802285
2023-04-06,4.406512300146162
2023-04-10,4.417731966797997
2023-04-11,4.4288408549978575
2023-04-12,4.439838952580785
2023-04-13,4.450726250547615
2023-04-14,4.461613840799842
2023-04-17,4.472612827201033
2023-04-18,4.483612111900452
2023-04-19,4.494722804847977
2023-04-20,4.505833802165879
2023-04-21,4.516945103863597
2023-04-24,4.528056709948257
2023-04-25,4.539168620428587
2023-04-26,4.550280835313939
2023-04-27,4.561504479804693
2023-04-28,4.566949687350615
2023-05-01,4.5723949679886156
2023-05-02,4.5780625841601745
2023-05-03,4.583730279513149
2023-05-04,4.592176374900511
2023-05-05,4.60062264613105
2023-05-08,4.609069093208151
2023-05-09,4.617515716135553
2023-05-10,4.625962514917619
2023-05-11,4.634298345154283
2023-05-12,4.642634346654654
2023-05-15,4.650970517139635
2023-05-16,4.659306861178549
2023-05-17,4.667532220701844
2023-05-18,4.675757746966107
2023-05-19,4.683983439974453
2023-05-22,4.692209299730713
2023-05-23,4.700546491042052
2023-05-24,4.708883853645684
2023-05-25,4.717332554663671
2023-05-26,4.725670259862046
2023-05-30,4.734119310363886
2023-05-31,4.7426797084566585
2023-06-01,4.751351465839349
2023-06-02,4.759912229762742
2023-06-05,4.768361993163611
2023-06-06,4.776589563406258
2023-06-07,4.78492848835481
2023-06-08,4.7932675846312796
2023-06-09,4.801606852237896
2023-06-12,4.809835096406108
2023-06-13,4.8180635073746
2023-06-14,4.82351212290799
2023-06-15,4.8291832085871125
2023-06-16,4.8347431741845925
2023-06-20,4.840303215936899
2023-06-21,4.84586333384421
2023-06-22,4.851423527907949
2023-06-23,4.856983798129632
2023-06-26,4.862544144509615
2023-06-27,4.868104567049322
2023-06-28,4.8737762757231
2023-06-29,4.87944806363645
2023-06-30,4.885453570033891
2023-07-03,4.891125521088595
2023-07-05,4.896797551385811
2023-07-06,4.902469660925626
2023-07-07,4.90814184971018
2023-07-10,4.913814117739916
2023-07-11,4.919486465015637
2023-07-12,4.925047667489977
2023-07-13,4.930720171708882
2023-07-14,4.936281528050031
2023-07-17,4.941954189215415
2023-07-18,4.947626929633017
2023-07-19,4.953188517545033
2023-07-20,4.9588614149155275
2023-07-21,4.964423156705485
2023-07-24,4.969984974673604
2023-07-25,4.975658106704964
2023-07-26,4.980997595295479
2023-07-27,4.989229417367358
2023-07-28,4.997572653974218
2023-07-31,5.0060273074371
2023-08-01,5.014482136919234
2023-08-02,5.022825892353302
2023-08-03,5.028388472164208
2023-08-04,5.033951128165743
2023-08-07,5.039402604219865
2023-08-08,5.044520380922875
2023-08-09,5.049749480964829
2023-08-10,5.055089908675114
2023-08-11,5.0598740981854435
2023-08-14,5.064992132851728
2023-08-15,5.07022149646741
2023-08-16,5.075673459375358
2023-08-17,5.081125495464002
2023-08-18,5.086577604735033
2023-08-21,5.092141057742665
2023-08-22,5.097704586951791
2023-08-23,5.103268192363214
2023-08-24,5.108831873979516
2023-08-25,5.114395631799716
2023-08-28,5.119959465825776
2023-08-29,5.125523376059296
2023-08-30,5.131087362500189
2023-08-31,5.13676270640354
2023-09-01,5.1424381295950905
2023-09-05,5.148113632077424
2023-09-06,5.153677927933067
2023-09-07,5.159242298478292
2023-09-08,5.164695456302234
2023-09-11,5.170148687323526
2023-09-12,5.1756019915423455
2023-09-13,5.1810553689604735
2023-09-14,5.183726428522112
2023-09-15,5.186508800524286
2023-09-18,5.189291191581065
2023-09-19,5.1920736016929805
2023-09-20,5.194744733692894
2023-09-21,5.19752718191393
2023-09-22,5.200309649191351
2023-09-25,5.203092134761541
2023-09-26,5.205985940364522
2023-09-27,5.208991067587288
2023-09-28,5.211884915204661
2023-09-29,5.214778783432816
2023-10-02,5.217783975689077
2023-10-03,5.220900494412491
2023-10-04,5.223905731946013
2023-10-05,5.226799684997651
2023-10-06,5.229582351980768
2023-10-10,5.2323650380210704
2023-10-11,5.23492512530802
2023-10-12,5.237485228724336
2023-10-13,5.240156658548224
2023-10-16,5.242939417005515
2023-10-17,5.245833506412978
2023-10-18,5.248616304509829
2023-10-19,5.251399121663599
2023-10-20,5.2541819578754465
2023-10-23,5.256964813145193
2023-10-24,5.259747687473373
2023-10-25,5.262530580858563
2023-10-26,5.265313492540617
2023-10-27,5.268207741303148
2023-10-30,5.2711020106798445
2023-10-31,5.2744415760534515
2023-11-01,5.277447209589344
2023-11-02,5.280564185940227
2023-11-03,5.283569864761218
2023-11-06,5.286575565812137
2023-11-07,5.289469965216546
2023-11-08,5.292364385236192
2023-11-09,5.294924849846836
2023-11-10,5.29781930871811
2023-11-13,5.300713788203906
2023-11-14,5.303608288305559
2023-11-15,5.306502809021735
2023-11-16,5.30939735035457
2023-11-17,5.312291912302998
2023-11-20,5.315186495660199
2023-11-21,5.317969767948863
2023-11-22,5.32086439174531
2023-11-24,5.323759035365767
2023-11-27,5.326653699602081
2023-11-28,5.329659719311746
2023-11-29,5.332443090718675
2023-11-30,5.335560488896568
2023-12-01,5.339345930005647
2023-12-04,5.342797392804364
2023-12-05,5.345803531093198
2023-12-06,5.3459148696092615
2023-12-07,5.346137546763493
2023-12-08,5.3462488853712005
2023-12-11,5.3463602240091905
2023-12-12,5.346471562708365
2023-12-13,5.346582901438266
2023-12-14,5.346694240198182
2023-12-15,5.346916917779998
2023-12-18,5.3471395954830285
2023-12-19,5.347250934395952
2023-12-20,5.347362273338533
2023-12-21,5.3474736123126405
2023-12-22,5.347696290320529
2023-12-26,5.348252985646624
2023-12-27,5.3492550386048805
2023-12-28,5.350368433526249
2023-12-29,5.351259151903461
2024-01-02,5.352372552314068
2024-01-03,5.353374615429293
2024-01-04,5.353597296670127
2024-01-05,5.353708637351997
2024-01-08,5.353819978064415
2024-01-09,5.353931318807203
2024-01-10,5.354042659579826
2024-01-11,5.354154000383443
2024-01-12,5.354154000383443
2024-01-16,5.354265341187238
2024-01-17,5.35437668202176
2024-01-18,5.3544880229168434
2024-01-19,5.354488022916399
2024-01-22,5.354599363841942
2024-01-23,5.354710704798388
2024-01-24,5.354822045784672
2024-01-25,5.355044727819046
2024-01-26,5.355267409975792
2024-01-29,5.355267409975614
2024-01-30,5.3552674099753474
2024-01-31,5.3553787510838236
2024-02-01,5.355601433423235
2024-02-02,5.355824115884751
2024-02-05,5.355935457176337
2024-02-06,5.355935457176337
2024-02-07,5.355935457176515
2024-02-08,5.355824115915299
2024-02-09,5.3558241159154765
2024-02-12,5.355824115915299
2024-02-13,5.355712774684541
2024-02-14,5.355378751175824
2024-02-15,5.35526741006717
2024-02-16,5.355044727911226
2024-02-20,5.354933386863222
2024-02-21,5.354822045846124
2024-02-22,5.354710704859396
2024-02-23,5.354710704859129
2024-02-26,5.354710704859663
2024-02-27,5.354710704859218
2024-02-28,5.35471070485993
2024-02-29,5.354933386832942
2024-03-01,5.355044727880143
2024-03-04,5.355156068958071
2024-03-05,5.35526741006708
2024-03-06,5.355378751206105
2024-03-07,5.355490092376122
2024-03-08,5.35549009237639
2024-03-11,5.355490092376301
2024-03-12,5.355490092376122
2024-03-13,5.355044728185359
2024-03-14,5.35493338716826
2024-03-15,5.354710705256345
2024-03-18,5.354599364330801
2024-03-19,5.35448802343554
2024-03-20,5.354376682571093
2024-03-21,5.354265341736483
2024-03-22,5.354154000932955
2024-03-25,5.354042660160064
2024-03-26,5.354042660160064
2024-03-27,5.354154000902585
2024-03-28,5.354376682448723
2024-04-01,5.354710704950952
2024-04-02,5.354933386802126
2024-04-03,5.355044727819225
2024-04-04,5.3551560688672275
2024-04-05,5.355267409945333
2024-04-08,5.35515606886696
2024-04-09,5.355044727819314
2024-04-10,5.354933386802215
2024-04-11,5.354933386802215
2024-04-12,5.354710704890123
2024-04-15,5.353931319904979
2024-04-16,5.353263276547987
2024-04-17,5.353040595550648
2024-04-18,5.352817914614317
2024-04-19,5.352706574206847
2024-04-22,5.352595233830549
2024-04-23,5.352483893484442
2024-04-24,5.352483893484531
2024-04-25,5.352483893484442
2024-04-26,5.352595233830549
2024-04-29,5.352595233830371
2024-04-30,5.352817914522672
2024-05-01,5.352929254960157
2024-05-02,5.352929254960245
2024-05-03,5.352929254960602
2024-05-06,5.3528179145223165
2024-05-07,5.3523725532598165
2024-05-08,5.351481832687675
2024-05-09,5.350479774513245
2024-05-10,5.349700397428065
2024-05-13,5.348698343645988
2024-05-14,5.347807631125037
2024-05-15,5.347696292090277
2024-05-16,5.347696292090456
2024-05-17,5.347696292090367
2024-05-20,5.347696292090456
2024-05-21,5.3476962920901
2024-05-22,5.347696292090545
2024-05-23,5.3476962920901885
2024-05-24,5.347696292090634
2024-05-28,5.3476962920901885
2024-05-29,5.3479189701595296
2024-05-30,5.3481416483506194
2024-05-31,5.348475665820408
2024-06-03,5.3489210228129265
2024-06-04,5.349143701552904
2024-06-05,5.349255040953976
2024-06-06,5.34936638038515
2024-06-07,5.349589059369424
2024-06-10,5.349700398922256
2024-06-11,5.349700398922612
2024-06-12,5.349589059369424
2024-06-13,5.349477719846249
2024-06-14,5.349477719846426
2024-06-17,5.349700398891619
2024-06-18,5.349923078058558
2024-06-20,5.3500344177031245
2024-06-21,5.350034417703481
2024-06-24,5.350034417703392
2024-06-25,5.350257097053888
2024-06-26,5.350702456120033
2024-06-27,5.351036475694087
2024-06-28,5.351370495634452
2024-07-01,5.352483896350898
2024-07-02,5.3530405982341716
2024-07-03,5.353374619821468
2024-07-05,5.353485960411426
2024-07-08,5.3535973010319315
2024-07-09,5.35393132298545
2024-07-10,5.354265345213279
2024-07-11,5.354488026820336
2024-07-12,5.354822049505587
2024-07-15,5.355156072465059
2024-07-16,5.355601436777927
2024-07-17,5.356046801578143
2024-07-18,5.356380825544993
2024-07-19,5.356714849785798
2024-07-22,5.356937532795667
2024-07-23,5.357271557493627
2024-07-24,5.357605582466967
2024-07-25,5.358050949463001
2024-07-26,5.35849631694745
2024-07-29,5.358719000933438
2024-07-30,5.358941685041884
2024-07-31,5.359721079847789
2024-08-01,5.360166449161926
2024-08-02,5.360611818964388
2024-08-05,5.360723161536773
2024-08-06,5.360834504109426
2024-08-07,5.360834504109515
2024-08-08,5.360834504109248
2024-08-09,5.360723161597425
2024-08-12,5.360723161598138
2024-08-13,5.360945846743175
2024-08-14,5.3610571893769245
2024-08-15,5.361391217368747
2024-08-16,5.361502560155326
2024-08-19,5.361613902971652
2024-08-20,5.361725245819061
2024-08-21,5.361725245818615
2024-08-22,5.361725245818526
2024-08-23,5.361836588666113
2024-08-26,5.362170617389847
2024-08-27,5.3626159893882175
2024-08-28,5.363172705148484
2024-08-29,5.3633953916971375
2024-08-30,5.363506735032071
2024-09-03,5.363840765129226
2024-09-04,5.36428613895773
2024-09-05,5.364731513274381
2024-09-06,5.364954200615684
2024-09-09,5.365176888078645
2024-09-10,5.365065544346853
2024-09-11,5.365065544347476
2024-09-12,5.365288231932275
2024-09-13,5.365510919639889
2024-09-16,5.366290327042434
2024-09-17,5.367069735938724
2024-09-18,5.367292424622011
2024-09-19,5.3618365488925175
2024-09-20,5.356492089303967
2024-09-23,5.351147699988332
2024-09-24,5.345914720924694
2024-09-25,5.340681809235274
2024-09-26,5.335337627804774
2024-09-27,5.330104852293056
2024-09-30,5.326208154742145
2024-10-01,5.323313492886454
2024-10-02,5.318971531027017
2024-10-03,5.313850297392156
2024-10-04,5.3083951404947225
2024-10-07,5.302940056820734
2024-10-08,5.297485047862332
2024-10-09,5.291918786906463
2024-10-10,5.286129956386191
2024-10-11,5.280118565815639
2024-10-15,5.274886504106748
2024-10-16,5.269654509760943
2024-10-17,5.26431126517985
2024-10-18,5.258856774724915
2024-10-21,5.253291041321197
2024-10-22,5.247836697292666
2024-10-23,5.242493736662116
2024-10-24,5.237150846284352
2024-10-25,5.231808026159464
2024-10-28,5.226131357529182
2024-10-29,5.220454768204911
2024-10-30,5.214778256630744
2024-10-31,5.2102148490462
2024-11-01,5.205206287218343
2024-11-04,5.199529990229611
2024-11-05,5.193742475740807
2024-11-06,5.1878437469218195
2024-11-07,5.182167692497392
2024-11-08,5.173264219174523
2024-11-12,5.164917384423799
2024-11-13,5.156682005489113
2024-11-14,5.14844679123762
2024-11-15,5.14010045950046
2024-11-18,5.131531739657779
2024-11-19,5.122963200553827
2024-11-20,5.114283564803699
2024-11-21,5.105715389512583
2024-11-22,5.097147394947636
2024-11-25,5.088579583452968
2024-11-26,5.080011952678236
2024-11-27,5.071444500270782
2024-11-29,5.063099755112981
2024-12-02,5.055422745191669
2024-12-03,5.0476346235996274
2024-12-04,5.039290367613755
2024-12-05,5.030835030916209
2024-12-06,5.022491122363719
2024-12-09,5.014703630110743
2024-12-10,5.007027534941702
2024-12-11,4.998572876867554
2024-12-12,4.990452117691238
2024-12-13,4.98210903880249
2024-12-16,4.974656035328363
2024-12-17,4.966758223540852
2024-12-18,4.958304392248937
2024-12-19,4.946736235543417
2024-12-20,4.935168408402978
2024-12-23,4.923712136755974
2024-12-24,4.913257193549723
2024-12-26,4.904359596222306
2024-12-27,4.894461241541676
2024-12-30,4.883895830960274
2024-12-31,4.874665238776984
2025-01-02,4.8644339716345355
2025-01-03,4.853313306310072
2025-01-06,4.841748131189546
2025-01-07,4.829960891129489
2025-01-08,4.818285193681405
2025-01-09,4.8066098352583735
2025-01-10,4.794934812652922
2025-01-13,4.783371307012751
2025-01-14,4.771808127637563
2025-01-15,4.760022921643396
2025-01-16,4.748238061083261
2025-01-17,4.736453542717356
2025-01-21,4.724780534813167
2025-01-22,4.713219030965276
2025-01-23,4.702324844342718
2025-01-24,4.69143094719521
2025-01-27,4.680426186281602
2025-01-28,4.669532879995858
2025-01-29,4.658084115813686
2025-01-30,4.6467468245731665
2025-01-31,4.6361878633061115
2025-02-03,4.630964019116714
2025-02-04,4.625406811137819
2025-02-05,4.619849679274117
2025-02-06,4.614514907217069
2025-02-07,4.6090690656843885
2025-02-10,4.603734433919521
2025-02-11,4.598177600421112
2025-02-12,4.591064974346337
2025-02-13,4.583063430023447
2025-02-14,4.576506714953927
2025-02-18,4.57117251427209
2025-02-19,4.565838380807544
2025-02-20,4.5602820648420055
2025-02-21,4.554725826503041
2025-02-24,4.549280786019242
2025-02-25,4.543835817132352
2025-02-26,4.538502040194135
2025-02-27,4.532946103214811
2025-02-28,4.5277235939880445
2025-03-03,4.521945571482987
2025-03-04,4.516278743966641
2025-03-05,4.5109453308362735
2025-03-06,4.50561198929453
2025-03-07,4.500167608060328
2025-03-10,4.4946121915756265
2025-03-11,4.488945744375009
2025-03-12,4.483279374785824
2025-03-13,4.477501980626704
2025-03-14,4.4718357693642785
2025-03-17,4.465391948743111
2025-03-18,4.459281519578503
2025-03-19,4.4533933701017565
2025-03-20,4.447505306113163
2025-03-21,4.441839513926361
2025-03-24,4.436173802447404
2025-03-25,4.43317433196434
2025-03-26,4.430397065020279
2025-03-27,4.427841996232057
2025-03-28,4.425175853562136
2025-03-31,4.423398436315464
2025-04-01,4.421398850676801
2025-04-02,4.419177099811047
2025-04-03,4.4172886214050715
2025-04-04,4.41484472022403
2025-04-07,4.412178662275348
2025-04-08,4.4101791325084765
2025-04-09,4.408401781478844
2025-04-10,4.406180101821777
2025-04-11,4.403291935672483
2025-04-14,4.399848382199726
2025-04-15,4.396738102250235
2025-04-16,4.393627841897645
2025-04-17,4.390628685276101
2025-04-21,4.387518472635992
2025-04-22,4.383852896009918
2025-04-23,4.379854122390263
2025-04-24,4.376188614045681
2025-04-25,4.372967438862136
2025-04-28,4.370301658427765
2025-04-29,4.367080532659207
2025-04-30,4.364748009922347
2025-05-01,4.362748713482285
2025-05-02,4.363415147271807
2025-05-05,4.363748364714075
2025-05-06,4.363859437256195
2025-05-07,4.36274871427351
2025-05-08,4.360082995910526
2025-05-09,4.358083716449037
2025-05-12,4.35708407918241
2025-05-13,4.354973745982963
2025-05-14,4.353751977477207
2025-05-15,4.353751977477384
2025-05-16,4.35408518725214
2025-05-19,4.3543073272847925
2025-05-20,4.354085187252229
2025-05-21,4.353640907552525
2025-05-22,4.353196628339099
2025-05-23,4.3528634192031825
2025-05-27,4.353196628156076
2025-05-28,4.353751976868825
2025-05-29,4.354196256325213
2025-05-30,4.3548626762405025
2025-06-02,4.35552909725054
2025-06-03,4.355751237892286
2025-06-04,4.354973746287376
2025-06-05,4.354418396053451
2025-06-06,4.353863046580737
2025-06-09,4.353196628308728
2025-06-10,4.3524191416023985
2025-06-11,4.351530587313981
2025-06-12,4.350419897496413
2025-06-13,4.349642416114913
2025-06-16,4.349531347498016
2025-06-17,4.34930921032514
2025-06-18,4.348420662852715
2025-06-20,4.347754253526345
2025-06-23,4.347087845294722
2025-06-24,4.3466435737488975
2025-06-25,4.347087845051227
2025-06-26,4.347865320469681
2025-06-27,4.348531729248588
2025-06-30,4.349420274774567
