date,rate_pct
2006-05-12,4.810167872615774
2006-05-15,4.814852364215519
2006-05-16,4.822213758569419
2006-05-17,4.828905975585843
2006-05-18,4.836936680004822
2006-05-19,4.844967437221129
2006-05-22,4.852329009033696
2006-05-23,4.859021394712022
2006-05-24,4.8630368437180564
2006-05-25,4.869394651910952
2006-05-26,4.8757524966776025
2006-05-29,4.8827796286864285
2006-05-30,4.892818462950322
2006-05-31,4.904530538923302
2006-06-01,4.914234915511399
2006-06-02,4.921931549082537
2006-06-05,4.929962862896065
2006-06-06,4.938328876663248
2006-06-07,4.947029592949203
2006-06-08,4.954726422602092
2006-06-09,4.959411469881614
2006-06-12,4.9651004807987045
2006-06-13,4.972128124871981
2006-06-14,4.978486502604107
2006-06-15,4.984844909947031
2006-06-16,4.988526112303685
2006-06-19,4.990868699473195
2006-06-20,4.995553895629601
2006-06-21,4.996557867335597
2006-06-22,4.996223210833284
2006-06-23,4.995219242152745
2006-06-26,4.995888554056763
2006-06-27,4.997227179696717
2006-06-28,5.000573749296267
2006-06-29,5.003251009376179
2006-06-30,5.004924300593197
2006-07-03,5.013290768138779
2006-07-04,5.023665275994745
2006-07-05,5.03537854232741
2006-07-06,5.043075882238227
2006-07-07,5.050773274862896
2006-07-10,5.059140058691048
2006-07-11,5.066837546202
2006-07-12,5.074200400681912
2006-07-13,5.082232660577042
2006-07-14,5.091938385052049
2006-07-17,5.100974811104004
2006-07-18,5.108672568520685
2006-07-19,5.116705061651612
2006-07-20,5.1240682227125856
2006-07-21,5.131766123520668
2006-07-24,5.139464070721534
2006-07-25,5.147496764089454
2006-07-26,5.155529510267671
2006-07-27,5.163897004629376
2006-07-28,5.174607494233747
2006-07-31,5.186656897360676
2006-08-01,5.1983717200010275
2006-08-02,5.209751945647837
2006-08-03,5.219458680493057
2006-08-04,5.228496057143054
2006-08-07,5.235525170231769
2006-08-08,5.243558490746077
2006-08-09,5.249918237662183
2006-08-10,5.2552738389534595
2006-08-11,5.261633648588311
2006-08-14,5.261968375319388
2006-08-15,5.261633648497
2006-08-16,5.258955834648112
2006-08-17,5.257616930289998
2006-08-18,5.258621108008077
2006-08-21,5.258621108008077
2006-08-22,5.258286382102051
2006-08-23,5.257616930840032
2006-08-24,5.257282205300607
2006-08-25,5.256947479853842
2006-08-28,5.255943304336171
2006-08-29,5.256278029784825
2006-08-30,5.256947480678353
2006-08-31,5.259290559452179
2006-09-01,5.259960011998239
2006-09-04,5.260294738362177
2006-09-05,5.260964191274027
2006-09-06,5.259960011355543
2006-09-07,5.258621106997969
2006-09-08,5.257616929556259
2006-09-11,5.255273853989706
2006-09-12,5.25326550515693
2006-09-13,5.253600229596018
2006-09-14,5.253265505248783
2006-09-15,5.253265505248512
2006-09-18,5.2529307807183825
2006-09-19,5.251257159440925
2006-09-20,5.250587711663086
2006-09-21,5.250587711663086
2006-09-22,5.251591883054962
2006-09-25,5.252930778609017
2006-09-26,5.253265503048106
2006-09-27,5.2576169302889175
2006-09-28,5.260294739003253
2006-09-29,5.2633072762830135
2006-10-02,5.266319821814365
2006-10-03,5.266654549921338
2006-10-04,5.265985093707933
2006-10-05,5.265315637862207
2006-10-06,5.264311454642708
2006-10-09,5.263307272248259
2006-10-10,5.264980909113618
2006-10-11,5.264980909114159
2006-10-12,5.262972546526479
2006-10-13,5.2616336381338815
2006-10-16,5.262637818328193
2006-10-17,5.260964183755093
2006-10-18,5.261633637583577
2006-10-19,5.2612989106704156
2006-10-20,5.2619683643157344
2006-10-23,5.261968364315464
2006-10-24,5.262972545885402
2006-10-25,5.262972545884592
2006-10-26,5.261968364866579
2006-10-27,5.261298911219909
2006-10-30,5.262637818511628
2006-10-31,5.265985092241805
2006-11-01,5.265985092241535
2006-11-02,5.265315636212375
2006-11-03,5.264646181098498
2006-11-06,5.262972545609575
2006-11-07,5.2619683643157344
2006-11-08,5.259290553400993
2006-11-09,5.257616924329045
2006-11-10,5.253934951468101
2006-11-13,5.251926608135396
2006-11-14,5.252596056280105
2006-11-15,5.254604402912473
2006-11-16,5.255273852889908
2006-11-17,5.254604402362439
2006-11-20,5.255608577604823
2006-11-21,5.255943302411321
2006-11-22,5.256278027583068
2006-11-23,5.256612752847748
2006-11-24,5.257616930014441
2006-11-27,5.258955831437598
2006-11-28,5.259960010531302
2006-11-29,5.260964189899212
2006-11-30,5.263976731305578
2006-12-01,5.264646186051506
2006-12-04,5.2639767307558145
2006-12-05,5.2629725483616365
2006-12-06,5.261633640336449
2006-12-07,5.262303094165473
2006-12-08,5.2629725483613665
2006-12-11,5.262303094531802
2006-12-12,5.259625283616249
2006-12-13,5.25962528361706
2006-12-14,5.261968368809751
2006-12-15,5.26263782245561
2006-12-18,5.261298914431774
2006-12-19,5.260964187514561
2006-12-20,5.2623030948070895
2006-12-21,5.262972549002982
2006-12-22,5.263307276284094
2006-12-25,5.2623030952650005
2006-12-26,5.262972548728506
2006-12-27,5.25895582795477
2006-12-28,5.25895582795396
2006-12-29,5.257951648585779
2007-01-01,5.255273842805859
2007-01-02,5.255608567428382
2007-01-03,5.256278017406086
2007-01-04,5.255608567061243
2007-01-05,5.2546043915433005
2007-01-08,5.25159187406855
2007-01-09,5.25192659814158
2007-01-10,5.251926598141039
2007-01-11,5.250587704053651
2007-01-12,5.248914086443538
2007-01-15,5.248914086443538
2007-01-16,5.251257151739097
2007-01-17,5.25226132422996
2007-01-18,5.251591875903168
2007-01-19,5.251591875902628
2007-01-22,5.251257151922801
2007-01-23,5.252261324138918
2007-01-24,5.253600221527861
2007-01-25,5.254269669855733
2007-01-26,5.253934945324524
2007-01-29,5.255608570269866
2007-01-30,5.256278021164473
2007-01-31,5.258621097372373
2007-02-01,5.259960000995396
2007-02-02,5.259960000995126
2007-02-05,5.260294727359334
2007-02-06,5.258621097372103
2007-02-07,5.260629457207722
2007-02-08,5.260629457208532
2007-02-09,5.263307274725033
2007-02-12,5.2669892818799005
2007-02-13,5.265650370920838
2007-02-14,5.265315643363088
2007-02-15,5.266989282522328
2007-02-16,5.2679934682172505
2007-02-19,5.268328196873718
2007-02-20,5.268997654004566
2007-02-21,5.267993468033816
2007-02-22,5.267658739743678
2007-02-23,5.268328197057151
2007-02-26,5.271006027777714
2007-02-27,5.270671298754377
2007-02-28,5.276026966064332
2007-03-01,5.27870481292418
2007-03-02,5.278035350109826
2007-03-05,5.2790395440560705
2007-03-06,5.27770061842574
2007-03-07,5.276696425579833
2007-03-08,5.274353313428718
2007-03-09,5.273683853181099
2007-03-12,5.273349123240319
2007-03-13,5.274018583488208
2007-03-14,5.272010207146705
2007-03-15,5.272010207146974
2007-03-16,5.272344936811657
2007-03-19,5.27267966647742
2007-03-20,5.273349126174734
2007-03-21,5.274353316546838
2007-03-22,5.275022776976812
2007-03-23,5.27468804657812
2007-03-26,5.27468804657893
2007-03-27,5.2743533163636735
2007-03-28,5.274353316363134
2007-03-29,5.2743533163628635
2007-03-30,5.27636169820714
2007-04-02,5.276696429063472
2007-04-03,5.274353314345351
2007-04-04,5.273683853547698
2007-04-05,5.275022773309197
2007-04-06,5.277031156252461
2007-04-09,5.2763616952716434
2007-04-10,5.276026964688977
2007-04-11,5.270336568172521
2007-04-12,5.268997653911903
2007-04-13,5.269667111775951
2007-04-16,5.270336569272589
2007-04-17,5.269667110491638
2007-04-18,5.267993465373877
2007-04-19,5.267658736808992
2007-04-20,5.267993465282834
2007-04-23,5.26732400833569
2007-04-24,5.265650366885813
2007-04-25,5.262972545701428
2007-04-26,5.2612989120446905
2007-04-27,5.2609641854065465
2007-04-30,5.261968364774997
2007-05-01,5.261968364774186
2007-05-02,5.26029473111799
2007-05-03,5.259290552575402
2007-05-04,5.259290552575402
2007-05-07,5.2579516493187075
2007-05-08,5.256612746428072
2007-05-09,5.254604395394081
2007-05-10,5.253265497637727
2007-05-11,5.252261325698249
2007-05-14,5.252596049862049
2007-05-15,5.255608572286297
2007-05-16,5.256947474076323
2007-05-17,5.255273849130981
2007-05-18,5.253265501947768
2007-05-21,5.251926605293914
2007-05-22,5.250922433352815
2007-05-23,5.251257157241058
2007-05-24,5.250252986124741
2007-05-25,5.2515918805795385
2007-05-28,5.251591880578458
2007-05-29,5.254604400528632
2007-05-30,5.256612752663773
2007-05-31,5.258286380359285
2007-06-01,5.257616928730938
2007-06-04,5.257951654545923
2007-06-05,5.257616928364879
2007-06-06,5.259625285450598
2007-06-07,5.259960011722953
2007-06-08,5.260629464451908
2007-06-11,5.259960012272987
2007-06-12,5.259960012273797
2007-06-13,5.261633645470461
2007-06-14,5.262972552761369
2007-06-15,5.263642007140968
2007-06-18,5.263307279768544
2007-06-19,5.263307279768004
2007-06-20,5.265315645106664
2007-06-21,5.265650372846498
2007-06-22,5.264646189901474
2007-06-25,5.265650372296463
2007-06-26,5.264311462436928
2007-06-27,5.264646189901745
2007-06-28,5.264980917458954
2007-06-29,5.267324011638056
2007-07-02,5.269667110308744
2007-07-03,5.270001839424472
2007-07-04,5.269667110401136
2007-07-05,5.270001839424202
2007-07-06,5.267658738826504
2007-07-09,5.265315642722553
2007-07-10,5.263642005858545
2007-07-11,5.263307278576893
2007-07-12,5.262637824747869
2007-07-13,5.263307279126657
2007-07-16,5.265985097376358
2007-07-17,5.268997653637427
2007-07-18,5.269332382385476
2007-07-19,5.269332382384665
2007-07-20,5.2689976536376975
2007-07-23,5.268662925072272
2007-07-24,5.268328196507118
2007-07-25,5.27033656734747
2007-07-26,5.270336567348011
2007-07-27,5.270001838323053
2007-07-30,5.272010213564489
2007-07-31,5.274353323147788
2007-08-01,5.275357513244606
2007-08-02,5.274688052445601
2007-08-03,5.274688052447222
2007-08-06,5.273683862624612
2007-08-07,5.274018592656974
2007-08-08,5.274353322689066
2007-08-09,5.279374274546345
2007-08-10,5.258286218979661
2007-08-13,5.2415499557767395
2007-08-14,5.218119463287925
2007-08-15,5.2003795734357094
2007-08-16,5.191007694788677
2007-08-17,5.180631757345747
2007-08-20,5.174272365820283
2007-08-21,5.162557764611337
2007-08-22,5.146826879524302
2007-08-23,5.134108462300616
2007-08-24,5.129422777131483
2007-08-27,5.127749327769937
2007-08-28,5.12841870733058
2007-08-29,5.119716763496314
2007-08-30,5.111349567110715
2007-08-31,5.101643685772794
2007-09-03,5.091603201385282
2007-09-04,5.090599160922863
2007-09-05,5.085913651598765
2007-09-06,5.075873301981493
2007-09-07,5.062820944017883
2007-09-10,5.055458162149495
2007-09-11,5.048095422636703
2007-09-12,5.044079409306497
2007-09-13,5.039059400893575
2007-09-14,5.039394066745658
2007-09-17,5.041736727070782
2007-09-18,5.030358069387733
2007-09-19,5.012620920118475
2007-09-20,4.991202868819822
2007-09-21,4.993880131832799
2007-09-24,4.991537529905033
2007-09-25,5.0009079889535135
2007-09-26,5.006597213376496
2007-09-27,5.005258575637143
2007-09-28,4.994214808227921
2007-10-01,4.990533597803651
2007-10-02,4.986852384354734
2007-10-03,4.983840481616833
2007-10-04,4.9791553252479375
2007-10-05,4.967777203679283
2007-10-08,4.951044901138946
2007-10-09,4.937993894640709
2007-10-10,4.9219311570146695
2007-10-11,4.913565257837201
2007-10-12,4.906537942954196
2007-10-15,4.901518461199728
2007-10-16,4.8834485298316865
2007-10-17,4.867386588614759
2007-10-18,4.857682573561424
2007-10-19,4.854670996706567
2007-10-22,4.842624788288951
2007-10-23,4.829574854288036
2007-10-24,4.8148520575158615
2007-10-25,4.807156123899577
2007-10-26,4.792099023338503
2007-10-29,4.775703751877081
2007-10-30,4.771019398866745
2007-10-31,4.7663350407242895
2007-11-01,4.760312322588626
2007-11-02,4.744251815687173
2007-11-05,4.729195280199139
2007-11-06,4.709120191014896
2007-11-07,4.6927258312579445
2007-11-08,4.68101574751466
2007-11-09,4.678004583122966
2007-11-12,4.663618078272228
2007-11-13,4.657930435492
2007-11-14,4.655253902846494
2007-11-15,4.648562596891574
2007-11-16,4.639863953958049
2007-11-19,4.6311653729795434
2007-11-20,4.617783087340688
2007-11-21,4.617113973242274
2007-11-22,4.608750104289268
2007-11-23,4.602393607417902
2007-11-26,4.596037154077304
2007-11-27,4.586335214925574
2007-11-28,4.580647919582377
2007-11-29,4.575964285122154
2007-11-30,4.5722843087955445
2007-12-03,4.565927994755673
2007-12-04,4.560240789774487
2007-12-05,4.545855601159654
2007-12-06,4.53347783465849
2007-12-07,4.520431110493095
2007-12-10,4.507719067454303
2007-12-11,4.491327366175025
2007-12-12,4.480622672572461
2007-12-13,4.470921626378388
2007-12-14,4.469583550307051
2007-12-17,4.470252587427437
2007-12-18,4.468245471121915
2007-12-19,4.454530262786541
2007-12-20,4.447505515444849
2007-12-21,4.440480791193513
2007-12-24,4.424089862235581
2007-12-25,4.403685169198127
2007-12-26,4.392312248535997
2007-12-27,4.379266939602107
2007-12-28,4.362542349495549
2007-12-31,4.314041702503904
2008-01-01,4.2655429820136925
2008-01-02,4.252499013140342
2008-01-03,4.24413758396216
2008-01-04,4.231428319541345
2008-01-07,4.21972255919516
2008-01-08,4.215709168840571
2008-01-09,4.206679104860873
2008-01-10,4.196980224302308
2008-01-11,4.182599283124489
2008-01-14,4.1732350237269245
2008-01-15,4.164539701932749
2008-01-16,4.161529788623045
2008-01-17,4.152834547815987
2008-01-18,4.144808211264472
2008-01-21,4.135109798310258
2008-01-22,4.114709755366111
2008-01-23,4.086283933245985
2008-01-24,4.05852761552425
2008-01-25,4.037125605117834
2008-01-28,4.010039212531669
2008-01-29,3.98696603602033
2008-01-30,3.9628900142957795
2008-01-31,3.9244364266786973
2008-02-01,3.885649586352476
2008-02-04,3.8461949585538795
2008-02-05,3.803063751247689
2008-02-06,3.758931366585912
2008-02-07,3.721486948079881
2008-02-08,3.6893925938575136
2008-02-11,3.683374904089487
2008-02-12,3.6783601873435767
2008-02-13,3.64192111023001
2008-02-14,3.6011374623780195
2008-02-15,3.560689381008149
2008-02-18,3.517234312248977
2008-02-19,3.4727780174559313
2008-02-20,3.430663050591746
2008-02-21,3.3888837716216016
2008-02-22,3.34677166588672
2008-02-25,3.3053294481185027
2008-02-26,3.258875636873822
2008-02-27,3.215765444419786
2008-02-28,3.17666689486662
2008-02-29,3.1379036996761145
2008-03-03,3.10214912998585
2008-03-04,3.076085465272012
2008-03-05,3.059378230469785
2008-03-06,3.0433395223276705
2008-03-07,3.0219549354935684
2008-03-10,3.0049143449464446
2008-03-11,2.9875398536406084
2008-03-12,2.9778503157790515
2008-03-13,2.9698314428108734
2008-03-14,2.9654879032788517
2008-03-17,2.9611443435190288
2008-03-18,2.9427677546011313
2008-03-19,2.9140340659278468
2008-03-20,2.8869716448745435
2008-03-21,2.8545642972928387
2008-03-24,2.82783717371257
2008-03-25,2.8114671827479025
2008-03-26,2.787413713846202
2008-03-27,2.762024448871188
2008-03-28,2.732626916336785
2008-03-31,2.7172603947889264
2008-04-01,2.698553545447039
2008-04-02,2.671161838446993
2008-04-03,2.643770754278159
2008-04-04,2.6200545906171118
2008-04-07,2.5946687892273093
2008-04-08,2.5739596657480304
2008-04-09,2.549576810530252
2008-04-10,2.5241925182262497
2008-04-11,2.5028166878530413
2008-04-14,2.4767654155766907
2008-04-15,2.45739426450083
2008-04-16,2.438023437135972
2008-04-17,2.417317053690156
2008-04-18,2.395943067866272
2008-04-21,2.3722317375636237
2008-04-22,2.340171935753521
2008-04-23,2.3137900988105753
2008-04-24,2.289746419942721
2008-04-25,2.266037155213141
2008-04-28,2.252679973002747
2008-04-29,2.2543496267251752
2008-04-30,2.264033652805586
2008-05-01,2.262030052969325
2008-05-02,2.255351372210597
2008-05-05,2.247670931420531
2008-05-06,2.230640654738273
2008-05-07,2.220956875383543
2008-05-08,2.21160708605325
2008-05-09,2.2076000444596082
2008-05-12,2.1865633873087487
2008-05-13,2.171537409454505
2008-05-14,2.1665287844728653
2008-05-15,2.1611862745778714
2008-05-16,2.1494996078196196
2008-05-19,2.1398164571911384
2008-05-20,2.1318028767617605
2008-05-21,2.126126623279756
2008-05-22,2.117779253433856
2008-05-23,2.1050913624990413
2008-05-26,2.0940730305097834
2008-05-27,2.0910680580417855
2008-05-28,2.0820531702785785
2008-05-29,2.070033415420506
2008-05-30,2.058681521128828
2008-06-02,2.051336238132584
2008-06-03,2.0500007295720324
2008-06-04,2.0433232288449914
2008-06-05,2.0339747995382886
2008-06-06,2.0249603167930634
2008-06-09,2.0159459031967955
2008-06-10,2.007599267386521
2008-06-11,1.9935770767264196
2008-06-12,1.9885691803016765
2008-06-13,1.9932432336107937
2008-06-16,2.000254346228421
2008-06-17,1.9989188907177935
2008-06-18,1.9932432265689526
2008-06-19,1.9915739204434864
2008-06-20,1.992241642344017
2008-06-23,1.9955802619134284
2008-06-24,1.995580261912618
2008-06-25,1.9935770929159546
2008-06-26,1.9942448148170255
2008-06-27,1.99691571266745
2008-06-30,2.0142765677125842
2008-07-01,2.0182829715597963
2008-07-02,2.015612029807682
2008-07-03,2.0112717613502897
2008-07-04,2.008934698202347
2008-07-07,2.0089346982018066
2008-07-08,2.000254251655516
2008-07-09,1.9972494907523508
2008-07-10,1.997249490751
2008-07-11,1.9969156283379843
2008-07-14,1.996915628337444
2008-07-15,2.003926742875058
2008-07-16,2.002925150145666
2008-07-17,2.0045944699903764
2008-07-18,2.0029251492303835
2008-07-21,2.0015896948182026
2008-07-22,2.001923558603602
2008-07-23,2.0049283343247293
2008-07-24,2.0065976555412828
2008-07-25,2.0102701662424596
2008-07-28,2.0082669747457276
2008-07-29,2.0142765706394354
2008-07-30,2.020620069466328
2008-07-31,2.025628107203366
2008-08-01,2.027297457689514
2008-08-04,2.0269635870440874
2008-08-05,2.028299071091651
2008-08-06,2.029634555137864
2008-08-07,2.026629719324702
2008-08-08,2.027297460067412
2008-08-11,2.0112718841875448
2008-08-12,2.0059300431218507
2008-08-13,2.0069316383223437
2008-08-14,2.012607353783206
2008-08-15,2.0179492285079608
2008-08-18,2.0152782845605732
2008-08-19,2.014276682225846
2008-08-20,2.0139428152391186
2008-08-21,2.013942815238308
2008-08-22,2.015612150632288
2008-08-25,2.013942817068063
2008-08-26,2.004594587520451
2008-08-27,2.005596181623037
2008-08-28,2.004260724649254
2008-08-29,2.003592995614219
2008-09-01,2.0022575390059543
2008-09-02,2.0019236751281624
2008-09-03,2.0009220856906
2008-09-04,1.99858504687113
2008-09-05,1.9932432643435434
2008-09-08,1.9905723752744833
2008-09-09,1.9875676357723988
2008-09-10,1.9905723695118227
2008-09-11,1.9875676333031889
2008-09-12,1.9895707885800675
2008-09-15,2.0119394355083475
2008-09-16,2.012273302038514
2008-09-17,2.038648736227751
2008-09-18,2.045326215001786
2008-09-19,2.0276308235365597
2008-09-22,2.0116050325374406
2008-09-23,1.995245568093625
2008-09-24,1.9688704807516721
2008-09-25,1.9401590682840677
2008-09-26,1.9067744823714352
2008-09-29,1.8950901429927538
2008-09-30,1.8980946561260925
2008-10-01,1.8703863303890769
2008-10-02,1.8256534608565502
2008-10-03,1.794942477341151
2008-10-06,1.7932734437597388
2008-10-07,1.829658455565586
2008-10-08,1.8383376845962842
2008-10-09,1.8186423761337018
2008-10-10,1.7802537834885723
2008-10-13,1.7418664002838535
2008-10-14,1.7131602338625798
2008-10-15,1.680783155668164
2008-10-16,1.6420651832544153
2008-10-17,1.5963393508509949
2008-10-20,1.5556214689607142
2008-10-21,1.512568801331356
2008-10-22,1.4688503872100078
2008-10-23,1.4331426176843243
2008-10-24,1.3947663384922184
2008-10-27,1.337371430486578
2008-10-28,1.2936591362520196
2008-10-29,1.2122455681155144
2008-10-30,1.150187465889348
2008-10-31,1.108149465341901
2008-11-03,1.0654457041928467
2008-11-04,1.0244114415028889
2008-11-05,0.9923855422100539
2008-11-06,0.9590261443970941
2008-11-07,0.9320056614098811
2008-11-10,0.889641710010669
2008-11-11,0.8316025276261481
2008-11-12,0.8049184747845328
2008-11-13,0.7942449472237063
2008-11-14,0.7688958401318742
2008-11-17,0.7158651934394947
2008-11-18,0.6294880915899803
2008-11-19,0.5674598202326409
2008-11-20,0.5371135032398351
2008-11-21,0.5297770912977118
2008-11-24,0.5241080798757847
2008-11-25,0.5071012692555943
2008-11-26,0.4900946683029428
2008-11-27,0.4800908676117377
2008-11-28,0.47742319254262533
2008-12-01,0.47142095323792577
2008-12-02,0.4647518258627673
2008-12-03,0.4497464290429002
2008-12-04,0.42540472099378646
2008-12-05,0.39772910106464776
2008-12-08,0.37105438939664115
2008-12-09,0.3530492303302194
2008-12-10,0.3447135610661789
2008-12-11,0.33937876050737686
2008-12-12,0.3370447903788968
2008-12-15,0.33537767251273776
2008-12-16,0.3333771338120628
2008-12-17,0.3297094855581458
2008-12-18,0.32570842679446876
2008-12-19,0.32037370516096636
2008-12-22,0.314372172918879
2008-12-23,0.30837067027408294
2008-12-24,0.30036871936140275
2008-12-25,0.29236682106531886
2008-12-26,0.2840315628634219
2008-12-29,0.27502955305949517
2008-12-30,0.2653608018891436
2008-12-31,0.25735914035545093
2009-01-01,0.24569016251395626
2009-01-02,0.22935378599025316
2009-01-05,0.21235087013742696
2009-01-06,0.1956815640042279
2009-01-07,0.18167951564310725
2009-01-08,0.16734425013136267
2009-01-09,0.15300914957095216
2009-01-12,0.13900758839253308
2009-01-13,0.12667300476998006
2009-01-14,0.11967234501321089
2009-01-15,0.11900561642643377
2009-01-16,0.12133917031823538
2009-01-19,0.12367272868433199
2009-01-20,0.12600629088742968
2009-01-21,0.13000669309815766
2009-01-22,0.13234026680928693
2009-01-23,0.1333403714719609
2009-01-26,0.13367373969285223
2009-01-27,0.13400710809690813
2009-01-28,0.13634069075770805
2009-01-29,0.14034112694546833
2009-01-30,0.14434157628352798
2009-02-02,0.14867541064985668
2009-02-03,0.15300926045144952
2009-02-04,0.15734312568749612
2009-02-05,0.16134363092425624
2009-02-06,0.16601090493459184
2009-02-09,0.17001143976405064
2009-02-10,0.17501212611173989
2009-02-11,0.17767916613623536
2009-02-12,0.18067959274022566
2009-02-13,0.1853469421938425
2009-02-16,0.18901415638927405
2009-02-17,0.19434830512525814
2009-02-18,0.19834893202140083
2009-02-19,0.2020161864044412
2009-02-20,0.2056834528450069
2009-02-23,0.20868395178982682
2009-02-24,0.2123512373189529
2009-02-25,0.21435157816836653
2009-02-26,0.21568513983164875
2009-02-27,0.21668531190024432
2009-03-02,0.2176854847914596
2009-03-03,0.21768548479199992
2009-03-04,0.21701870304642693
2009-03-05,0.21668531217472103
2009-03-06,0.2173520942839217
2009-03-09,0.21768548543118493
2009-03-10,0.21835226808933905
2009-03-11,0.21835226808933905
2009-03-12,0.2166853128136359
2009-03-13,0.21401818802688766
2009-03-16,0.21268462892034545
2009-03-17,0.21135107127776923
2009-03-18,0.20935073700310003
2009-03-19,0.20735040547049666
2009-03-20,0.20568346526615988
2009-03-23,0.20401652688860628
2009-03-24,0.20168281763540685
2009-03-25,0.20001588473874304
2009-03-26,0.19768218251819958
2009-03-27,0.19534848413465716
2009-03-30,0.19334817506997393
2009-03-31,0.19034771887328494
2009-04-01,0.1880140351950499
2009-04-02,0.18634712056486702
2009-04-03,0.18401344264118805
2009-04-06,0.18234653257742278
2009-04-07,0.1800128629658504
2009-04-08,0.17767919782938346
2009-04-09,0.17501215780380736
2009-04-10,0.1726785028964617
2009-04-13,0.16967809519894775
2009-04-14,0.16834458322432982
2009-04-15,0.16667769553879347
2009-04-16,0.16501080967977014
2009-04-17,0.16267717267527773
2009-04-20,0.1606769162204369
2009-04-21,0.15901003858220797
2009-04-22,0.15767653793272718
2009-04-23,0.15734316304442847
2009-04-24,0.1576765381156216
2009-04-27,0.1566764139980581
2009-04-28,0.1553429162721868
2009-04-29,0.15534291627137634
2009-04-30,0.15634303929319415
2009-05-01,0.1576765373853946
2009-05-04,0.15934341228317864
2009-05-05,0.16034353859142314
2009-05-06,0.16067691430234157
2009-05-07,0.16134366608753595
2009-05-08,0.1620104184216838
2009-05-11,0.16234379467966464
2009-05-12,0.16234379468020493
2009-05-13,0.1623437946810154
2009-05-14,0.1623437946810154
2009-05-15,0.16367730117555396
2009-05-18,0.16434405497042595
2009-05-19,0.16467743205048624
2009-05-20,0.16467743205102653
2009-05-21,0.16567756356541397
2009-05-22,0.16634431827448798
2009-05-25,0.16767782915309004
2009-05-26,0.16834458477555564
2009-05-27,0.16867796276981797
2009-05-28,0.1693447191225106
2009-05-29,0.1713449903728903
2009-06-01,0.1736786433618705
2009-06-02,0.17534554109390382
2009-06-03,0.17734582111322097
2009-06-04,0.17834596221997603
2009-06-05,0.18001286588837928
2009-06-08,0.1813463902846905
2009-06-09,0.18201315339691307
2009-06-10,0.1820131533961026
2009-06-11,0.18101300927712743
2009-06-12,0.179346104694252
2009-06-15,0.17934610469506246
2009-06-16,0.18001286597915112
2009-06-17,0.18201315202615032
2009-06-18,0.18434682291825394
2009-06-19,0.18701388121031096
2009-06-22,0.18934756233099553
2009-06-23,0.19201463231451887
2009-06-24,0.19368155470866527
2009-06-25,0.19468170951413288
2009-06-26,0.1950150946329036
2009-06-29,0.19534847993375828
2009-06-30,0.19768217831676038
2009-07-01,0.1996824956014276
2009-07-02,0.1996824956014276
2009-07-03,0.1993491091129747
2009-07-06,0.19968249550957512
2009-07-07,0.19968249551065576
2009-07-08,0.19934910902220287
2009-07-09,0.19868233622846176
2009-07-10,0.1973487921030544
2009-07-13,0.19468170823549272
2009-07-14,0.19234801432894688
2009-07-15,0.19001432553398995
2009-07-16,0.18834740770869254
2009-07-17,0.186347109604168
2009-07-20,0.1843468147885015
2009-07-21,0.18301328600866712
2009-07-22,0.18167975868847624
2009-07-23,0.18101299557652384
2009-07-24,0.18034623283009013
2009-07-27,0.1783459484277901
2009-07-28,0.17601228712724365
2009-07-29,0.17367863157990251
2009-07-30,0.17101160251556574
2009-07-31,0.16867795719869663
2009-08-03,0.166677693072285
2009-08-04,0.16434405542725683
2009-08-05,0.16301054966348555
2009-08-06,0.1623437971461731
2009-08-07,0.16201042097896412
2009-08-10,0.16201042097869395
2009-08-11,0.16001016671669532
2009-08-12,0.15834328999185798
2009-08-13,0.15767653966630713
2009-08-14,0.15734316459646475
2009-08-17,0.15700978979866775
2009-08-18,0.15667641509353364
2009-08-19,0.1570097898905202
2009-08-20,0.15767653984866126
2009-08-21,0.15800991501143669
2009-08-24,0.1590100413207618
2009-08-25,0.15967679274151805
2009-08-26,0.16001016854266803
2009-08-27,0.15967679274097774
2009-08-28,0.15934341703168023
2009-08-31,0.15934341703168023
2009-09-01,0.15967679274205837
2009-09-02,0.16034354434489861
2009-09-03,0.16034354434462844
2009-09-04,0.16034354434462844
2009-09-07,0.16001016854293817
2009-09-08,0.16001016854293817
2009-09-09,0.15934341730561666
2009-09-10,0.15901004186917495
2009-09-11,0.158009916108263
2009-09-14,0.15734316614823088
2009-09-15,0.15734316614796073
2009-09-16,0.15734316614769056
2009-09-17,0.15700979126020234
2009-09-18,0.1566764164626755
2009-09-21,0.15600966705213715
2009-09-22,0.1556762924369644
2009-09-23,0.15567629243777487
2009-09-24,0.1553429178234126
2009-09-25,0.15467616877758253
2009-09-28,0.1533426721471868
2009-09-29,0.15134242939321974
2009-09-30,0.14800869695047086
2009-10-01,0.14600846296355013
2009-10-02,0.14500834734152793
2009-10-05,0.14400823254104483
2009-10-06,0.1430081182878943
2009-10-07,0.1423413760010539
2009-10-08,0.14167463389494667
2009-10-09,0.14100789215651943
2009-10-12,0.1400077803696072
2009-10-13,0.13900766940423415
2009-10-14,0.1376741895790549
2009-10-15,0.13700745021528365
2009-10-16,0.13600734171533846
2009-10-19,0.13500723403882345
2009-10-20,0.13400712718411772
2009-10-21,0.13267365247403942
2009-10-22,0.13100681136877235
2009-10-23,0.12967333994674163
2009-10-26,0.12800650295187177
2009-10-27,0.1260063018467779
2009-10-28,0.12400610402946155
2009-10-29,0.12233927479855522
2009-10-30,0.12067244784991216
2009-11-02,0.11967235277690427
2009-11-03,0.11867225852570569
2009-11-04,0.11800552957340985
2009-11-05,0.11767216518789869
2009-11-06,0.11733880080319799
2009-11-09,0.11700543650899897
2009-11-10,0.11767216527894067
2009-11-11,0.11967235487762387
2009-11-12,0.12000571999282172
2009-11-13,0.1196723549683957
2009-11-16,0.1193389900350117
2009-11-17,0.1193389900350117
2009-11-18,0.11867226035248886
2009-11-19,0.11833889560226943
2009-11-20,0.11800553094282185
2009-11-23,0.11800553094228153
2009-11-24,0.11800553094336215
2009-11-25,0.11767216637576701
2009-11-26,0.1170054376058253
2009-11-27,0.11700543760528499
2009-11-30,0.1173388018989437
2009-12-01,0.11767216628472502
2009-12-02,0.11833889541910483
2009-12-03,0.11900562492035416
2009-12-04,0.11933898985346802
2009-12-07,0.11967235487681341
2009-12-08,0.12000571999147094
2009-12-09,0.12033908519906156
2009-12-10,0.12067245049688369
2009-12-11,0.12100581588655826
2009-12-14,0.12100581588628812
2009-12-15,0.12133918127623285
2009-12-16,0.12167254666617758
2009-12-17,0.12167254666644774
2009-12-18,0.12167254666617758
2009-12-21,0.12167254666644774
2009-12-22,0.12133918118465055
2009-12-23,0.12067245040557154
2009-12-24,0.12033908510801956
2009-12-25,0.12000571990096927
2009-12-28,0.12000571990069911
2009-12-29,0.12000571989988865
2009-12-30,0.12000571990177973
2009-12-31,0.11800552865893765
2010-01-01,0.11600534070549395
2010-01-04,0.1160053407052238
2010-01-05,0.1160053407057641
2010-01-06,0.11633870481679853
2010-01-07,0.1160053406136415
2010-01-08,0.11567197659391922
2010-01-11,0.11500524892080384
2010-01-12,0.11433852161212657
2010-01-13,0.1136717946697785
2010-01-14,0.11300506809105806
2010-01-15,0.11300506809078792
2010-01-18,0.11300506809078792
2010-01-19,0.11333843128897106
2010-01-20,0.11367179457738574
2010-01-21,0.1136717945781962
2010-01-22,0.11333843119792908
2010-01-25,0.11333843119765892
2010-01-26,0.11300506800055639
2010-01-27,0.11233834197024913
2010-01-28,0.11200497904681286
2010-01-29,0.11200497904627256
2010-02-01,0.11267170489287492
2010-02-02,0.11333843110634678
2010-02-03,0.11400515786688104
2010-02-04,0.11500524855636574
2010-02-05,0.11567197623002141
2010-02-08,0.11600534015843156
2010-02-09,0.11633870417815384
2010-02-10,0.11667206837968994
2010-02-11,0.11900562227149154
2010-02-12,0.12133918063812846
2010-02-15,0.12133918063839862
2010-02-16,0.12167254611884504
2010-02-17,0.12167254611938534
2010-02-18,0.12233927762896149
2010-02-19,0.12300600932116193
2010-02-22,0.12333937534975137
2010-02-23,0.12367274147019325
2010-02-24,0.12367274146938279
2010-02-25,0.12400610768167711
2010-02-26,0.12433947389343114
2010-03-01,0.1250062064992933
2010-03-02,0.12533957289340147
2010-03-03,0.12600630586370176
2010-03-04,0.12733977290301973
2010-03-05,0.12933997620095578
2010-03-08,0.13034007921974103
2010-03-09,0.13100681511284035
2010-03-10,0.13167355137307934
2010-03-11,0.13267365630968975
2010-03-12,0.13434049924146985
2010-03-15,0.13634071240381887
2010-03-16,0.13834092885286475
2010-03-17,0.1400077790906969
2010-03-18,0.14134126074184886
2010-03-19,0.14300811509088868
2010-03-22,0.14467497172138133
2010-03-23,0.14600845885423355
2010-03-24,0.14767532005141396
2010-03-25,0.1493421835316681
2010-03-26,0.15100904929769748
2010-03-29,0.15234254373687195
2010-03-30,0.15334266538711652
2010-03-31,0.15234254264085606
2010-04-01,0.1540094125164722
2010-04-02,0.15634303289810228
2010-04-05,0.15901003346575626
2010-04-06,0.16167703987981877
2010-04-07,0.16434405286970635
2010-04-08,0.16667769371119984
2010-04-09,0.16867796057724593
2010-04-12,0.17034485191688892
2010-04-13,0.17234512426355467
2010-04-14,0.1740120201682645
2010-04-15,0.1760122974474069
2010-04-16,0.17734581746073524
2010-04-19,0.17901272021601705
2010-04-20,0.18101300681034882
2010-04-21,0.18301329669380878
2010-04-22,0.18468020721305414
2010-04-23,0.1856803543466808
2010-04-26,0.1856803543472211
2010-04-27,0.18568035434695096
2010-04-28,0.18634711946885113
2010-04-29,0.1866805022113449
2010-04-30,0.18734726788057765
2010-05-03,0.18801403391505894
2010-05-04,0.18934756708057776
2010-05-05,0.19068110170709085
2010-05-06,0.19168125377319414
2010-05-07,0.19268140666083658
2010-05-10,0.19401494530670488
2010-05-11,0.19534848541383765
2010-05-12,0.1990157317595183
2010-05-13,0.20001589067565329
2010-05-14,0.20001589067619358
2010-05-17,0.2003492769812117
2010-05-18,0.20068266337808227
2010-05-19,0.2010160499570368
2010-05-20,0.20134943662757365
2010-05-21,0.20168282338996293
2010-05-24,0.20234959709682548
2010-05-25,0.20268298404156893
2010-05-26,0.20268298404129875
2010-05-27,0.20201621033416606
2010-05-28,0.20134943680992778
2010-05-31,0.20101605013939094
2010-06-01,0.20101605013885063
2010-06-02,0.2010160501396611
2010-06-03,0.2006826635609767
2010-06-04,0.20034927707252384
2010-06-07,0.20001589067565329
2010-06-08,0.19968250437171578
2010-06-09,0.19901573194295308
2010-06-10,0.19868234581947863
2010-06-11,0.1980155739402097
2010-06-14,0.19734880242429825
2010-06-15,0.19668203145896124
2010-06-16,0.196015260857522
2010-06-17,0.195681875647169
2010-06-18,0.19501510541124847
2010-06-21,0.19401495060470025
2010-06-22,0.19334818128271164
2010-06-23,0.1923480278469262
2010-06-24,0.19101449102865153
2010-06-25,0.18968095567164128
2010-06-28,0.1883474221397933
2010-06-29,0.18634712403661952
2010-06-30,0.1826799158707611
2010-07-01,0.18167977120256232
2010-07-02,0.18101300863794245
2010-07-05,0.18001286561525331
2010-07-06,0.17901272341302268
2010-07-07,0.17834596231155833
2010-07-08,0.17734582120615405
2010-07-09,0.17701244101958982
2010-07-12,0.1763456808307066
2010-07-13,0.17534554136919103
2010-07-14,0.1743454027297549
2010-07-15,0.1743454027297549
2010-07-16,0.17434540273002508
2010-07-19,0.17434540272948476
2010-07-20,0.17401202336581045
2010-07-21,0.17401202336554028
2010-07-22,0.17401202336527014
2010-07-23,0.17434540272921462
2010-07-26,0.17467878218501154
2010-07-27,0.17467878218474137
2010-07-28,0.175012161639998
2010-07-29,0.1750121616405383
2010-07-30,0.175012161639998
2010-08-02,0.17567892109811392
2010-08-03,0.17601230091942957
2010-08-04,0.1766790609251482
2010-08-05,0.1776792017576967
2010-08-06,0.17834596285889087
2010-08-09,0.17867934350228598
2010-08-10,0.1796794862510387
2010-08-11,0.18234654016038299
2010-08-12,0.18267992189871332
2010-08-13,0.18301330363785412
2010-08-16,0.1836800672976794
2010-08-17,0.18434683132302343
2010-08-18,0.184680213517104
2010-08-19,0.18534697827375562
2010-08-20,0.18601374321276137
2010-08-23,0.18668050869855937
2010-08-24,0.1873472745504164
2010-08-25,0.1880140407680623
2010-08-26,0.18801404076860262
2010-08-27,0.1880140407680623
2010-08-30,0.18801404076887276
2010-08-31,0.18901419036792727
2010-09-01,0.18934757384334958
2010-09-02,0.18968095740765262
2010-09-03,0.18968095740765262
2010-09-06,0.18968095740765262
2010-09-07,0.19001434097249598
2010-09-08,0.1896809574079228
2010-09-09,0.1893475738425391
2010-09-10,0.18934757384172865
2010-09-13,0.18901419036765713
2010-09-14,0.18901419036819744
2010-09-15,0.18968095713290573
2010-09-16,0.19034772426313276
2010-09-17,0.19134787578163337
2010-09-20,0.19234802812194324
2010-09-21,0.1930147968965993
2010-09-22,0.19434833554219746
2010-09-23,0.1950151054128694
2010-09-24,0.19568187546562532
2010-09-27,0.19534849034820537
2010-09-28,0.19501510532182742
2010-09-29,0.19501510532155725
2010-09-30,0.19368156521496482
2010-10-01,0.1936815652138842
2010-10-04,0.1940149498755539
2010-10-05,0.19434833462772527
2010-10-06,0.19434833462853573
2010-10-07,0.19401494978343128
2010-10-08,0.19368156503153006
2010-10-11,0.1933481803704007
2010-10-12,0.1923480272082815
2010-10-13,0.19201464291104992
2010-10-14,0.19201464291186038
2010-10-15,0.19234802711588875
2010-10-18,0.19234802711642907
2010-10-19,0.19201464291159023
2010-10-20,0.19201464291186038
2010-10-21,0.1923480272077412
2010-10-22,0.19268141159547447
2010-10-25,0.19301479607479002
2010-10-26,0.19301479607506017
2010-10-27,0.19234802748248808
2010-10-28,0.19168125925543472
2010-10-29,0.19134787532507264
2010-11-01,0.19101449148575256
2010-11-02,0.19101449148521224
2010-11-03,0.1906811077377446
2010-11-04,0.19034772398973665
2010-11-05,0.18934757329358565
2010-11-08,0.1890141898189738
2010-11-09,0.1883474230542655
2010-11-10,0.1876806566539953
2010-11-11,0.18834742341924393
2010-11-12,0.18801404031123142
2010-11-15,0.1883474233284721
2010-11-16,0.18868080643648458
2010-11-17,0.1890141897268512
2010-11-18,0.18968095667553456
2010-11-19,0.1906811076461623
2010-11-22,0.19101449157625422
2010-11-23,0.19168125962041316
2010-11-24,0.19234802802982065
2010-11-25,0.19268141232570146
2010-11-26,0.19268141232570146
2010-11-29,0.1930147967123541
2010-11-30,0.19334818119058905
2010-12-01,0.19368156576121676
2010-12-02,0.19368156576094658
2010-12-03,0.19334818110008736
2010-12-06,0.19301479652945966
2010-12-07,0.19234802757190916
2010-12-08,0.19168125897987737
2010-12-09,0.19068110663902718
2010-12-10,0.1893475716472655
2010-12-13,0.18834742149952768
2010-12-14,0.1880140383915152
2010-12-15,0.18801403839124503
2010-12-16,0.188347421500068
2010-12-17,0.18901418808269232
2010-12-20,0.19001433850409644
2010-12-21,0.19101449002259702
2010-12-22,0.19168125824938023
2010-12-23,0.19234802684168217
2010-12-24,0.19234802684222246
2010-12-27,0.19168125861543928
2010-12-28,0.1906811068227321
2010-12-29,0.19001433932698633
2010-12-30,0.18968095576214297
2010-12-31,0.18701388870060823
2011-01-03,0.18701388870087837
2011-01-04,0.18634712321454008
2011-01-05,0.1856803580931802
2011-01-06,0.18468021095955356
2011-01-07,0.18368006464800635
2011-01-10,0.18267991915853857
2011-01-11,0.18167977449060993
2011-01-12,0.18034624936272095
2011-01-13,0.1793461063394915
2011-01-14,0.17867934468880353
2011-01-17,0.17801258340471487
2011-01-18,0.17867934450590908
2011-01-19,0.17901272524034617
2011-01-20,0.17967948707311812
2011-01-21,0.18001286817253362
2011-01-24,0.18034624927248943
2011-01-25,0.1796794872552021
2011-01-26,0.17867934505405209
2011-01-27,0.17767920367444123
2011-01-28,0.17667906311717996
2011-01-31,0.1753455438351592
2011-02-01,0.17467878474229184
2011-02-02,0.17434540528676506
2011-02-03,0.17367864655887613
2011-02-04,0.1730118881959656
2011-02-07,0.17234513019965442
2011-02-08,0.1716783723854272
2011-02-09,0.17067823621195927
2011-02-10,0.1693447227755366
2011-02-11,0.17001147985953682
2011-02-14,0.16867796715334116
2011-02-15,0.16801121134906172
2011-02-16,0.16701107818835417
2011-02-17,0.16634432311457187
2011-02-18,0.16567756840630832
2011-02-21,0.16501081406302315
2011-02-22,0.16434406008390595
2011-02-23,0.1640106831870103
2011-02-24,0.16367730638061628
2011-02-25,0.16334392966526426
2011-02-28,0.1633439296644538
2011-03-01,0.16201042426620127
2011-03-02,0.16134367211494785
2011-03-03,0.1603435444359406
2011-03-04,0.15967679301518434
2011-03-07,0.15834329126968766
2011-03-08,0.15734316578379276
2011-03-09,0.1563430411183564
2011-03-10,0.1553429172752696
2011-03-11,0.15400941991437672
2011-03-14,0.15300929798884494
2011-03-15,0.1516758035507511
2011-03-16,0.15034231057365158
2011-03-17,0.14934219166412205
2011-03-18,0.1486754462707777
2011-03-21,0.1476753287298497
2011-03-22,0.1470085840675428
2011-03-23,0.14667521182837687
2011-03-24,0.14600846753185884
2011-03-25,0.14534172360031922
2011-03-28,0.14467498003483864
2011-03-29,0.14367486550748154
2011-03-30,0.1430081228545821
2011-03-31,0.14134126713694073
2011-04-01,0.14000778438950273
2011-04-04,0.13800756245956705
2011-04-05,0.13600734381794913
2011-04-06,0.13434049768997386
2011-04-07,0.1326736538458828
2011-04-08,0.13067344397185154
2011-04-11,0.12833987026018195
2011-04-12,0.1260063003860538
2011-04-13,0.12333936923156763
2011-04-14,0.12133917470175855
2011-04-15,0.12033907908168828
2011-04-18,0.1190056189847947
2011-04-19,0.11800552500672208
2011-04-20,0.11667206746818944
2011-04-21,0.11533861138876
2011-04-22,0.11433852015140245
2011-04-25,0.11300506663006378
2011-04-26,0.11133825155524116
2011-04-27,0.10967143876268182
2011-04-28,0.10800462825535742
2011-04-29,0.1060044589325626
2011-05-02,0.10433765344740609
2011-05-03,0.10267085024559344
2011-05-04,0.10100404932658438
2011-05-05,0.09967061005291174
2011-05-06,0.09833717224023338
2011-05-09,0.09700373589017022
2011-05-10,0.09567030100002075
2011-05-11,0.09433686757167603
2011-05-12,0.09400350930596953
2011-05-13,0.0933367931398051
2011-05-16,0.09367015122261715
2011-05-17,0.09367015122288731
2011-05-18,0.09367015122234701
2011-05-19,0.0933367931398051
2011-05-20,0.09367015122315747
2011-05-23,0.09400350939728166
2011-05-24,0.09467022611023834
2011-05-25,0.09500358465096188
2011-05-26,0.09500358465069172
2011-05-27,0.09433686811927873
2011-05-30,0.09433686811873843
2011-05-31,0.09400350994461422
2011-06-01,0.09400350994434406
2011-06-02,0.09400350994434406
2011-06-03,0.09433686811927873
2011-06-06,0.09433686811954889
2011-06-07,0.09433686812008919
2011-06-08,0.09433686811927873
2011-06-09,0.09433686811954889
2011-06-10,0.09433686811981903
2011-06-13,0.09467022647710784
2011-06-14,0.09500358492489831
2011-06-15,0.09533694346454125
2011-06-16,0.09567030209657693
2011-06-17,0.09600366081857399
2011-06-20,0.09600366081830383
2011-06-21,0.09600366081830383
2011-06-22,0.09600366081803369
2011-06-23,0.09567030200445432
2011-06-24,0.09533694328245726
2011-06-27,0.09467022620290125
2011-06-28,0.09433686775484063
2011-06-29,0.09333679295826143
2011-06-30,0.09267007679128654
2011-07-01,0.09200336117299497
2011-07-04,0.09133664592103259
2011-07-05,0.09066993103323817
2011-07-06,0.09000321632779787
2011-07-07,0.08933650198949723
2011-07-08,0.08833643130196447
2011-07-11,0.08733636143651116
2011-07-12,0.08600293604579626
2011-07-13,0.08466951211526519
2011-07-14,0.08333608964734932
2011-07-15,0.08166931384377221
2011-07-18,0.08033589466417412
2011-07-19,0.0793358311008796
2011-07-20,0.07833576835885406
2011-07-21,0.07733570643944827
2011-07-22,0.07633564534158162
2011-07-25,0.07500223200623082
2011-07-26,0.07366882013187433
2011-07-27,0.07266876232232544
2011-07-28,0.07200205766392243
2011-07-29,0.07233540981090487
2011-08-01,0.0750022284453274
2011-08-02,0.07733569986578444
2011-08-03,0.07833576096338093
2011-08-04,0.07866911502656762
2011-08-05,0.07866911502629748
2011-08-08,0.07966917749519704
2011-08-09,0.08033588635449895
2011-08-10,0.08133595046566633
2011-08-11,0.0820026604215244
2011-08-12,0.08266937056027693
2011-08-15,0.08333608106292725
2011-08-16,0.08366943649795733
2011-08-17,0.08433614773137495
2011-08-18,0.08500285933139191
2011-08-19,0.08566957129665745
2011-08-22,0.08633628362663126
2011-08-23,0.08700299650474808
2011-08-24,0.0876697097478433
2011-08-25,0.08833642335753789
2011-08-26,0.08933649431846676
2011-08-29,0.09033656610120491
2011-08-30,0.09100328117162362
2011-08-31,0.09166999660729092
2011-09-01,0.09233671240712615
2011-09-02,0.09300342857437119
2011-09-05,0.09367014510524388
2011-09-06,0.09467022044996609
2011-09-07,0.09533693771187624
2011-09-08,0.09567029643387329
2011-09-09,0.09500357935431727
2011-09-12,0.09233671688277192
2011-09-13,0.09000321669385691
2011-09-14,0.08866978911111026
2011-09-15,0.0886697891102998
2011-09-16,0.08900314600524353
2011-09-19,0.08833643257925386
2011-09-20,0.08800307595716594
2011-09-21,0.08733636289750546
2011-09-22,0.08700300645831197
2011-09-23,0.08633629394463327
2011-09-26,0.08566958179701359
2011-09-27,0.08533622581438083
2011-09-28,0.08500286992360051
2011-09-29,0.08466951412359203
2011-09-30,0.08366944699858361
2011-10-03,0.08333609156544464
2011-10-04,0.08300273613041456
2011-10-05,0.08266938078723696
2011-10-06,0.08233602553564164
2011-10-07,0.08166931539634881
2011-10-10,0.08100260562473593
2011-10-11,0.08066925082835055
2011-10-12,0.08033589612435794
2011-10-13,0.08000254151194763
2011-10-14,0.07966918699084946
2011-10-17,0.07933583256025296
2011-10-18,0.07866912406538917
2011-10-19,0.07800241593658441
2011-10-20,0.07733570817383868
2011-10-21,0.07666900077526091
2011-10-24,0.07600229374193171
2011-10-25,0.07533558707385109
2011-10-26,0.07533558707466155
2011-10-27,0.07466888077209966
2011-10-28,0.07400217483505647
2011-10-31,0.07400217483451617
2011-11-01,0.07366882204888903
2011-11-02,0.07366882204861887
2011-11-03,0.07400217483505647
2011-11-04,0.07400217483424601
2011-11-07,0.07400217483451617
2011-11-08,0.07400217483532663
2011-11-09,0.07400217483505647
2011-11-10,0.07400217483478633
2011-11-11,0.07466888095499409
2011-11-14,0.07466888095472393
2011-11-15,0.07533558725620522
2011-11-16,0.075668940591056
2011-11-17,0.07600229401586814
2011-11-18,0.07633564753253275
2011-11-21,0.0766690011410498
2011-11-22,0.07700235483979836
2011-11-23,0.07766906242181089
2011-11-24,0.0783357703671809
2011-11-25,0.07833577036772121
2011-11-28,0.07866912452330066
2011-11-29,0.07900247877073255
2011-11-30,0.08000254178642437
2011-12-01,0.08033589639910484
2011-12-02,0.0806692511033676
2011-12-05,0.0810026058984022
2011-12-06,0.0813359607850191
2011-12-07,0.08133596078474895
2011-12-08,0.0813359607850191
2011-12-09,0.08133596078582957
2011-12-12,0.0806692511944096
2011-12-13,0.08033589649041697
2011-12-14,0.0800025418777365
2011-12-15,0.07933583301870475
2011-12-16,0.07900247868050103
2011-12-19,0.07866912443279897
2011-12-20,0.07833577027667922
2011-12-21,0.07800241621160145
2011-12-22,0.07766906223837614
2011-12-23,0.07766906223945676
2011-12-26,0.07766906223810599
2011-12-27,0.07700235465798455
2011-12-28,0.07666900095869567
2011-12-29,0.07633564735071892
2011-12-30,0.07500223328379037
2012-01-02,0.07366882067866656
2012-01-03,0.07333546789249912
2012-01-04,0.07266876268676355
2012-01-05,0.07200205784411531
2012-01-06,0.07200205784465563
2012-01-09,0.07200205784492578
2012-01-10,0.07200205784519594
2012-01-11,0.07133535355312211
2012-01-12,0.07133535355204149
2012-01-13,0.07166870569848363
2012-01-16,0.07200205793650807
2012-01-17,0.0723354102650342
2012-01-18,0.07266876268514262
2012-01-19,0.07366882049550197
2012-01-20,0.07433552625019102
2012-01-23,0.07500223237012862
2012-01-24,0.0756689388547745
2012-01-25,0.07600229228039712
2012-01-26,0.07633564579733187
2012-01-27,0.07700235301247489
2012-01-30,0.07766906059367695
2012-01-31,0.07900247648657821
2012-02-01,0.08033589384020359
2012-02-02,0.08166931265671436
2012-02-03,0.08266937759023132
2012-02-06,0.08366944334555759
2012-02-07,0.08500286581428391
2012-02-08,0.08633628974400454
2012-02-09,0.0876697151360702
2012-02-10,0.0903365710323308
2012-02-13,0.09300343277418946
2012-02-14,0.09467022364670155
2012-02-15,0.09633701680147691
2012-02-16,0.09767045315289083
2012-02-17,0.09833717205923001
2012-02-20,0.09867053160303636
2012-02-21,0.09933725087462411
2012-02-22,0.09933725087489427
2012-02-23,0.09933725087489427
2012-02-24,0.09933725087489427
2012-02-27,0.09967061060186522
2012-02-28,0.10000397041987814
2012-02-29,0.10033733033028383
2012-03-01,0.10067069024041937
2012-03-02,0.1013374104243181
2012-03-05,0.10200413097589678
2012-03-06,0.1026708518911031
2012-03-07,0.10367093408639727
2012-03-08,0.10467101710269025
2012-03-09,0.10567110066712626
2012-03-12,0.10667118505445217
2012-03-13,0.10700454660874659
2012-03-14,0.1076712698988791
2012-03-15,0.10867135538195072
2012-03-16,0.11000480378818844
2012-03-19,0.11133825365596076
2012-03-20,0.11267170498472737
2012-03-21,0.11400515777529874
2012-03-22,0.11500524846370282
2012-03-23,0.11567197595608499
2012-03-26,0.11633870381182465
2012-03-27,0.11700543203470395
2012-03-28,0.11733879632782236
2012-03-29,0.11800552528146897
2012-03-30,0.11800552528038835
2012-04-02,0.12000571433146885
2012-04-03,0.1216725408211198
2012-04-04,0.12400610238557282
2012-04-05,0.12633966842378053
2012-04-06,0.1273397697994875
2012-04-09,0.12933997364502625
2012-04-10,0.13100681292188923
2012-04-11,0.13300702279619064
2012-04-12,0.13434049787151753
2012-04-13,0.13567397440945964
2012-04-16,0.13700745240650494
2012-04-17,0.138674301731756
2012-04-18,0.1400077830173892
2012-04-19,0.14067452439272912
2012-04-20,0.14067452439137834
2012-04-23,0.14100789517036044
2012-04-24,0.14167463690932802
2012-04-25,0.14234137883146017
2012-04-26,0.14234137883173031
2012-04-27,0.14167463690959817
2012-04-30,0.14200800768858027
2012-05-01,0.1423413785572536
2012-05-02,0.14234137855806406
2012-05-03,0.1426747496109826
2012-05-04,0.14334149189701254
2012-05-07,0.14400823454883138
2012-05-08,0.14467497756778985
2012-05-09,0.1453417211335406
2012-05-10,0.14600846506481005
2012-05-11,0.14800870014666603
2012-05-14,0.1483420726603087
2012-05-15,0.1486754452658038
2012-05-16,0.14900881796261106
2012-05-17,0.14934219074992
2012-05-18,0.15067568336177098
2012-05-21,0.15067568336177098
2012-05-22,0.1510090566059108
2012-05-23,0.15067568336177098
2012-05-24,0.1506756833623113
2012-05-25,0.15067568336177098
2012-05-28,0.15067568336204112
2012-05-29,0.15067568336150083
2012-05-30,0.15100905660564062
2012-05-31,0.15200917716122012
2012-06-01,0.15334267269614027
2012-06-04,0.154676169326536
2012-06-05,0.15567629262039917
2012-06-06,0.15600966723584203
2012-06-07,0.15667641682981515
2012-06-08,0.1580099171132369
2012-06-11,0.158343292275472
2012-06-12,0.158343292275472
2012-06-13,0.1590100429660013
2012-06-14,0.15967679402123883
2012-06-15,0.16034354525910066
2012-06-18,0.16067692106106107
2012-06-19,0.1610102969535232
2012-06-20,0.1613436730291499
2012-06-21,0.16201042536383806
2012-06-22,0.16267717806269416
2012-06-25,0.1630105545032993
2012-06-26,0.16301055450302915
2012-06-27,0.16267717797138204
2012-06-28,0.1623438015302366
2012-06-29,0.1600101670814036
2012-07-02,0.1606769185029703
2012-07-03,0.1610102943954324
2012-07-04,0.16167704654695597
2012-07-05,0.1623437990626475
2012-07-06,0.163010551946019
2012-07-09,0.1636773051924778
2012-07-10,0.1640106819078298
2012-07-11,0.16434405871368352
2012-07-12,0.16501081250936595
2012-07-13,0.16601094375062742
2012-07-16,0.1663443210143926
2012-07-17,0.16634432101412244
2012-07-18,0.16634432101331198
2012-07-19,0.16534418867603465
2012-07-20,0.16401068035444277
2012-07-23,0.16301055020973748
2012-07-24,0.16267717367755008
2012-07-25,0.16201042097788348
2012-07-26,0.16101029247652665
2012-07-27,0.159676789270576
2012-07-30,0.15867666268758462
2012-07-31,0.15734316167285525
2012-08-01,0.15667641171444405
2012-08-02,0.1556762875971507
2012-08-03,0.15467616430301737
2012-08-06,0.15367604183015304
2012-08-07,0.15267591990462126
2012-08-08,0.15200917232005562
2012-08-09,0.15134242509992807
2012-08-10,0.15267592100171773
2012-08-13,0.15100905340944548
2012-08-14,0.14967556079732436
2012-08-15,0.14834206964754829
2012-08-16,0.14700857995903666
2012-08-17,0.14567509173016857
2012-08-20,0.14434160496445597
2012-08-21,0.14300811965892724
2012-08-22,0.1416746358146629
2012-08-23,0.14000778329348687
2012-08-24,0.13800756355585309
2012-08-27,0.13634071605765535
2012-08-28,0.13500723952079388
2012-08-29,0.1340071329400246
2012-08-30,0.13434050180010093
2012-08-31,0.13434050180064122
2012-09-03,0.1340071329394843
2012-09-04,0.1336737642623024
2012-09-05,0.1340071328489826
2012-09-06,0.13467387038705128
2012-09-07,0.13500723933843975
2012-09-10,0.13534060838060005
2012-09-11,0.13600734683233046
2012-09-12,0.13634071614869736
2012-09-13,0.13667408555664654
2012-09-14,0.1373408245562498
2012-09-17,0.1380075639208315
2012-09-18,0.1390076737896484
2012-09-19,0.1396744142499758
2012-09-20,0.14067452548901516
2012-09-21,0.14134126686327445
2012-09-24,0.14234137947199593
2012-09-25,0.14300812175910652
2012-09-26,0.14367486441173583
2012-09-27,0.1440082359204046
2012-09-28,0.14267474951831965
2012-10-01,0.14334149198859483
2012-10-02,0.1443416062414752
2012-10-03,0.1453417213172455
2012-10-04,0.14600846524743433
2012-10-05,0.14667520954476282
2012-10-08,0.14734195420544882
2012-10-09,0.14834207174745742
2012-10-10,0.1493421901101947
2012-10-11,0.15000893605060145
2012-10-12,0.15100905578383134
2012-10-15,0.15200917633860037
2012-10-16,0.15267592374162234
2012-10-17,0.15234255004065167
2012-10-18,0.15200917643072298
2012-10-19,0.15234255004011135
2012-10-22,0.1523425500398412
2012-10-23,0.1523425500403815
2012-10-24,0.15300929744097208
2012-10-25,0.15334267132510737
2012-10-26,0.15334267132510737
2012-10-29,0.15367604520843217
2012-10-30,0.15400941918360944
2012-10-31,0.15500954165647376
2012-11-01,0.15534291599662944
2012-11-02,0.15567629051994972
2012-11-05,0.15600966504272967
2012-11-06,0.15634303974813393
2012-11-07,0.15667641454647124
2012-11-08,0.1573431645046123
2012-11-09,0.15967679383861455
2012-11-12,0.16001016954872252
2012-11-13,0.16001016954926284
2012-11-14,0.16001016954845237
2012-11-15,0.16034354535122325
2012-11-16,0.1606769212434152
2012-11-19,0.1610102972282701
2012-11-20,0.16101029722799992
2012-11-21,0.1610102972282701
2012-11-22,0.16101029722799992
2012-11-23,0.1610102972282701
2012-11-26,0.1610102972282701
2012-11-27,0.16101029722854024
2012-11-28,0.1613436733044371
2012-11-29,0.16167704947110578
2012-11-30,0.16167704947083564
2012-12-03,0.16201042572962693
2012-12-04,0.16267717842956367
2012-12-05,0.16234380207946023
2012-12-06,0.16234380207946023
2012-12-07,0.16234380207973037
2012-12-10,0.16201042582066894
2012-12-11,0.16201042582120923
2012-12-12,0.16167704974558253
2012-12-13,0.16134367366995583
2012-12-14,0.16167704974558253
2012-12-17,0.16134367366941552
2012-12-18,0.16167704974531238
2012-12-19,0.16201042591171091
2012-12-20,0.1623438021705022
2012-12-21,0.16267717851979518
2012-12-24,0.1633439314018159
2012-12-25,0.1640106846490852
2012-12-26,0.16434406145493888
2012-12-27,0.16467743835291518
2012-12-28,0.16501081534193346
2012-12-31,0.16267717577962043
2013-01-01,0.16034354069187257
2013-01-02,0.1606769164927524
2013-01-03,0.16101029238602496
2013-01-04,0.16101029238548464
2013-01-07,0.16101029238602496
2013-01-08,0.1606769164011701
2013-01-09,0.16001016461570555
2013-01-10,0.1593434131949493
2013-01-11,0.1586766621399819
2013-01-14,0.1580099114497228
2013-01-15,0.15734316130760667
2013-01-16,0.15667641134919547
2013-01-17,0.15600966175441192
2013-01-18,0.1553429125262277
2013-01-21,0.15467616366275175
2013-01-22,0.15367604118961725
2013-01-23,0.15234254565496724
2013-01-24,0.15200917204530873
2013-01-25,0.15100905176447613
2013-01-28,0.15034230527646666
2013-01-29,0.1486754404251796
2013-01-30,0.1470085778569663
2013-01-31,0.14634183374361287
2013-02-01,0.1453417181199697
2013-02-04,0.14367486057527504
2013-02-05,0.1420080053136541
2013-02-06,0.14067452256540564
2013-02-07,0.13934104128031272
2013-02-08,0.13834093141122566
2013-02-11,0.14000778347638132
2013-02-12,0.1413412669551269
2013-02-13,0.14034115544242126
2013-02-14,0.13934104475233539
2013-02-15,0.13934104475206524
2013-02-18,0.13934104475071446
2013-02-19,0.13934104475233539
2013-02-20,0.13967441498209388
2013-02-21,0.14034115562504557
2013-02-22,0.1410078966332458
2013-02-25,0.14134126732037547
2013-02-26,0.14100789663432645
2013-02-27,0.14100789663378613
2013-02-28,0.14100789663297567
2013-03-01,0.1410078966332458
2013-03-04,0.14167463800723495
2013-03-05,0.14200800887671874
2013-03-06,0.14267475098093488
2013-03-07,0.1430081220333131
2013-03-08,0.14334149326804546
2013-03-11,0.14400823592121506
2013-03-12,0.1450083509953644
2013-03-13,0.14567509492663389
2013-03-14,0.14567509492663389
2013-03-15,0.1463418388587138
2013-03-18,0.14734195557810265
2013-03-19,0.14800870060538798
2013-03-20,0.1486754459971114
2013-03-21,0.14967556463378512
2013-03-22,0.15000893769530066
2013-03-25,0.15034231084839847
2013-03-26,0.1506756841838504
2013-03-27,0.15000893751321667
2013-03-28,0.14967556435876808
2013-03-29,0.14734195420706975
2013-04-01,0.14734195420679957
2013-04-02,0.14734195420571897
2013-04-03,0.14700858187605137
2013-04-04,0.14634183757980349
2013-04-05,0.14600846561322323
2013-04-08,0.14600846561322323
2013-04-09,0.14634183767084546
2013-04-10,0.14667520981869925
2013-04-11,0.14700858205759504
2013-04-12,0.14734195438888356
2013-04-15,0.14700858214944748
2013-04-16,0.14700858214944748
2013-04-17,0.14700858214890716
2013-04-18,0.14667521000078323
2013-04-19,0.14667521000105338
2013-04-22,0.1463418379442416
2013-04-23,0.14600846588688948
2013-04-24,0.1456750938295374
2013-04-25,0.14500835008089222
2013-04-26,0.1440082352806793
2013-04-29,0.1430081213020055
2013-04-30,0.14267475015831513
2013-05-01,0.14234137910620706
2013-05-02,0.14200800823564266
2013-05-03,0.14167463736642905
2013-05-06,0.1413412665882574
2013-05-07,0.14067452503137381
2013-05-08,0.14067452503245442
2013-05-09,0.14034115434478447
2013-05-10,0.14134126722771256
2013-05-13,0.14000778484471268
2013-05-14,0.13867430355853916
2013-05-15,0.13800756346346033
2013-05-16,0.13700745386857985
2013-05-17,0.13534060636984183
2013-05-20,0.133673761154988
2013-05-21,0.13167354963733816
2013-05-22,0.12933997336919872
2013-05-23,0.1270064015777857
2013-05-24,0.12500620101948412
2013-05-27,0.12300600374977044
2013-05-28,0.12100580976783422
2013-05-29,0.11867225395874777
2013-05-30,0.11633870262422648
2013-05-31,0.11433851960244897
2013-06-03,0.11267170315821436
2013-06-04,0.11167161438682496
2013-06-05,0.11033816342303678
2013-06-06,0.10933807629607642
2013-06-07,0.10800462788902823
2013-06-10,0.10667118094405495
2013-06-11,0.10500437454550685
2013-06-12,0.10300420960758597
2013-06-13,0.10100404850504525
2013-06-14,0.09967060959635102
2013-06-17,0.09867053151172422
2013-06-18,0.0986705315111839
2013-06-19,0.09800381297063361
2013-06-20,0.09733709479560204
2013-06-21,0.09667037698581904
2013-06-24,0.09600365954101445
2013-06-25,0.09533694227748338
2013-06-26,0.09433686720723791
2013-06-27,0.09367015085817905
2013-06-28,0.0926700766083921
2013-07-01,0.09267007660866225
2013-07-02,0.09300343450939033
2013-07-03,0.09367015067555476
2013-07-04,0.09433686720642745
2013-07-05,0.09467022556425655
2013-07-08,0.09500358401204703
2013-07-09,0.09533694255250043
2013-07-10,0.09567030127476764
2013-07-11,0.09600366008726638
2013-07-12,0.0960036600878067
2013-07-15,0.09567030136526933
2013-07-16,0.09500358428598346
2013-07-17,0.09500358428571332
2013-07-18,0.09467022583738252
2013-07-19,0.09467022583765268
2013-07-22,0.09467022583738252
2013-07-23,0.09467022583765268
2013-07-24,0.09500358437621499
2013-07-25,0.09500358437702545
2013-07-26,0.09467022592896482
2013-07-29,0.09367015113130502
2013-07-30,0.09267007742966107
2013-07-31,0.09233671962105561
2013-08-01,0.09167000418484801
2013-08-02,0.0913366466493685
2013-08-05,0.0906699317626547
2013-08-06,0.090669931763195
2013-08-07,0.0906699317626547
2013-08-08,0.090669931763195
2013-08-09,0.09100328929732374
2013-08-12,0.09033657459296407
2013-08-13,0.08966986025358281
2013-08-14,0.08933650326651646
2013-08-15,0.08866978947446776
2013-08-16,0.08833643276160799
2013-08-19,0.08800307613924992
2013-08-20,0.0876697196092846
2013-08-21,0.08733636307985959
2013-08-22,0.08733636307931927
2013-08-23,0.08700300664039595
2013-08-26,0.08666965029251461
2013-08-27,0.0860029377793762
2013-08-28,0.0853362256320267
2013-08-29,0.08500286974016576
2013-08-30,0.08433615814122941
2013-09-02,0.08366944690673117
2013-09-03,0.08366944690754163
2013-09-04,0.08333609147251156
2013-09-05,0.08300273612987426
2013-09-06,0.08266938087746847
2013-09-09,0.08266938087800879
2013-09-10,0.08233602571772561
2013-09-11,0.08200267064875458
2013-09-12,0.08200267064902474
2013-09-13,0.08166931567055538
2013-09-16,0.08166931567082554
2013-09-17,0.0813359607844788
2013-09-18,0.08100260598971434
2013-09-19,0.0810026059905248
2013-09-20,0.0810026059899845
2013-09-23,0.08133596078474895
2013-09-24,0.08166931567082554
2013-09-25,0.0813359607850191
2013-09-26,0.08133596078393848
2013-09-27,0.0810026059894442
2013-09-30,0.08000254187827682
2013-10-01,0.07966918744822063
2013-10-02,0.07933583301789429
2013-10-03,0.07900247877208333
2013-10-04,0.07900247877154301
2013-10-07,0.07900247877181317
2013-10-08,0.0793358331100169
2013-10-09,0.08000254196904866
2013-10-10,0.08033589649041697
2013-10-11,0.08133596060293513
2013-10-14,0.08233602553564164
2013-10-15,0.08266938060542313
2013-10-16,0.0836694463612897
2013-10-17,0.08433615741262335
2013-10-18,0.08500286883028618
2013-10-21,0.08533622472079634
2013-10-22,0.08533622472079634
2013-10-23,0.08533622472079634
2013-10-24,0.08533622472025604
2013-10-25,0.08533622472052618
2013-10-28,0.08533622471944557
2013-10-29,0.08533622472025604
2013-10-30,0.08533622472079634
2013-10-31,0.08466951293788494
2013-11-01,0.08466951293788494
2013-11-04,0.08433615722999906
2013-11-05,0.0840028016123447
2013-11-06,0.08400280161288501
2013-11-07,0.08400280161288501
2013-11-08,0.08400280161288501
2013-11-11,0.08466951321236167
2013-11-12,0.08466951321236167
2013-11-13,0.08500286910341215
2013-11-14,0.08533622499446261
2013-11-15,0.08566958097655508
2013-11-18,0.08600293705077014
2013-11-19,0.08633629321548689
2013-11-20,0.0863362932160272
2013-11-21,0.08633629321548689
2013-11-22,0.08600293714181213
2013-11-25,0.08566958115863905
2013-11-26,0.08533622526758858
2013-11-27,0.08466951385100636
2013-11-28,0.08433615823389232
2013-11-29,0.08333609165486569
2013-12-02,0.08333609165540601
2013-12-03,0.08366944709097637
2013-12-04,0.08400280261569766
2013-12-05,0.08433615823281171
2013-12-06,0.08466951394096774
2013-12-09,0.08500286974043592
2013-12-10,0.08533622563121623
2013-12-11,0.08533622563121623
2013-12-12,0.08600293777964636
2013-12-13,0.08600293777991652
2013-12-16,0.08633629394409295
2013-12-17,0.08666965020120246
2013-12-18,0.08700300654827334
2013-12-19,0.08733636298746683
2013-12-20,0.0876697195177023
2013-12-23,0.08800307613924992
2013-12-24,0.08800307613924992
2013-12-25,0.08800307613979022
2013-12-26,0.08766971951797245
2013-12-27,0.08733636298746683
2013-12-30,0.0870030065485435
2013-12-31,0.08633629385305097
2014-01-01,0.08566958152280701
2014-01-02,0.0853362255409847
2014-01-03,0.08500286964939392
2014-01-06,0.08466951384992574
2014-01-07,0.08400280243226291
2014-01-08,0.08333609138119942
2014-01-09,0.08266938069457404
2014-01-10,0.08266938069511434
2014-01-13,0.08200267037373754
2014-01-14,0.08133596041814961
2014-01-15,0.08066925082781025
2014-01-16,0.08000254160298961
2014-01-17,0.0793358327431474
2014-01-20,0.07866912424828361
2014-01-21,0.07800241611947885
2014-01-22,0.07766906214571323
2014-01-23,0.07700235456532163
2014-01-24,0.07666900086684321
2014-01-27,0.07600229383324386
2014-01-28,0.07533558716489308
2014-01-29,0.07466888086233117
2014-01-30,0.074002174925288
2014-01-31,0.0733354693534934
2014-02-03,0.07266876414802799
2014-02-04,0.07233541163444619
2014-02-05,0.07200205921487808
2014-02-06,0.07166870688473104
2014-02-07,0.07100200240922246
2014-02-10,0.07066865035355215
2014-02-11,0.070335298298152
2014-02-12,0.0703352982992326
2014-02-13,0.06966859455395102
2014-02-14,0.069001891173918
2014-02-17,0.06833518815886341
2014-02-18,0.06833518815886341
2014-02-19,0.06833518815859325
2014-02-20,0.06833518815886341
2014-02-21,0.06833518815859325
2014-02-24,0.06833518815886341
2014-02-25,0.06833518815886341
2014-02-26,0.06833518815859325
2014-02-27,0.06833518815859325
2014-02-28,0.0680018367429184
2014-03-03,0.0680018367429184
2014-03-04,0.06800183674318856
2014-03-05,0.06833518806755126
2014-03-06,0.06866853948403658
2014-03-07,0.06900189099183403
2014-03-10,0.06933524259067347
2014-03-11,0.06966859428082506
2014-03-12,0.07000194606174848
2014-03-13,0.07033529793425419
2014-03-14,0.07066864989888251
2014-03-17,0.07100200195401252
2014-03-18,0.07133535410153527
2014-03-19,0.07166870633901941
2014-03-20,0.07200205866889631
2014-03-21,0.07266876369173743
2014-03-24,0.07333546889828346
2014-03-25,0.0743355275299118
2014-03-26,0.07466888059001567
2014-03-27,0.07533558707520185
2014-03-28,0.07600229392644708
2014-03-31,0.07600229392590677
2014-04-01,0.07633564744203106
2014-04-02,0.07700235465852485
2014-04-03,0.07733570844885573
2014-04-04,0.07766906233049875
2014-04-07,0.07833577027667922
2014-04-08,0.07866912443333929
2014-04-09,0.07900247868050103
2014-04-10,0.07933583301870475
2014-04-11,0.08033589658253959
2014-04-14,0.0810026059894442
2014-04-15,0.0820026706498352
2014-04-16,0.08233602571907639
2014-04-17,0.08266938087989986
2014-04-18,0.08333609138336065
2014-04-21,0.08400280225261032
2014-04-22,0.0846695134862981
2014-04-23,0.08533622508631507
2014-04-24,0.0860029370505
2014-04-25,0.08633629321575705
2014-04-28,0.08666964947205609
2014-04-29,0.08733636216754861
2014-04-30,0.08766971869697363
2014-05-01,0.08800307531906156
2014-05-02,0.08833643203246162
2014-05-05,0.08833643203111086
2014-05-06,0.08833643203219146
2014-05-07,0.08833643203111086
2014-05-08,0.08833643203192132
2014-05-09,0.08833643203165116
2014-05-12,0.089003146006054
2014-05-13,0.08933650299285019
2014-05-14,0.08900314600551369
2014-05-15,0.08933650299366065
2014-05-16,0.08966986007176898
2014-05-19,0.08966986007176898
2014-05-20,0.09000321724064915
2014-05-21,0.09033657450192208
2014-05-22,0.09066993185369668
2014-05-23,0.09066993185504746
2014-05-26,0.09066993185450714
2014-05-27,0.09033657459296407
2014-05-28,0.09033657459323421
2014-05-29,0.09033657459350437
2014-05-30,0.0896698602530425
2014-06-02,0.08933650326651646
2014-06-03,0.08933650326543585
2014-06-04,0.08900314637103242
2014-06-05,0.08866978956523959
2014-06-06,0.0886697895657799
2014-06-09,0.08866978956605005
2014-06-10,0.08833643285237983
2014-06-11,0.08833643285264998
2014-06-12,0.08833643285292014
2014-06-13,0.0886697895657799
2014-06-16,0.0890031463699518
2014-06-17,0.08933650326597616
2014-06-18,0.09000321742300328
2014-06-19,0.09066993194527898
2014-06-20,0.09133664683280325
2014-06-23,0.09200336208584625
2014-06-24,0.09233671980313958
2014-06-25,0.09300343560459574
2014-06-26,0.09333679359636582
2014-06-27,0.09367015167944803
2014-06-30,0.09367015167971818
2014-07-01,0.09400350985303192
2014-07-02,0.09433686811900857
2014-07-03,0.09433686811954889
2014-07-04,0.09433686811927873
2014-07-07,0.09467022647710784
2014-07-08,0.09467022647710784
2014-07-09,0.09467022647656753
2014-07-10,0.09467022647764814
2014-07-11,0.09500358501648061
2014-07-14,0.09500358501567015
2014-07-15,0.09467022656787967
2014-07-16,0.09467022656733937
2014-07-17,0.09467022656814983
2014-07-18,0.09467022656787967
2014-07-21,0.09500358501648061
2014-07-22,0.09500358501648061
2014-07-23,0.09500358501702091
2014-07-24,0.09500358501648061
2014-07-25,0.09467022656706921
2014-07-28,0.09433686821032072
2014-07-29,0.09400350994407392
2014-07-30,0.09367015177021987
2014-07-31,0.09300343560405544
2014-08-01,0.0926700777035975
2014-08-04,0.09233671989499204
2014-08-05,0.09200336217634793
2014-08-06,0.09167000454955627
2014-08-07,0.09133664701515738
2014-08-08,0.09100328957099002
2014-08-11,0.09100328957071986
2014-08-12,0.09066993221894526
2014-08-13,0.09033657495713202
2014-08-14,0.09033657495713202
2014-08-15,0.09033657495713202
2014-08-18,0.09000321778717124
2014-08-19,0.09000321778717124
2014-08-20,0.09000321778717124
2014-08-21,0.09000321778690108
2014-08-22,0.0890031462778292
2014-08-25,0.08766971869454224
2014-08-26,0.08633629257278988
2014-08-27,0.08466951174677476
2014-08-28,0.08300273320410352
2014-08-29,0.08166931219718195
2014-09-02,0.08000253822254924
2014-09-03,0.07866912050286481
2014-09-04,0.0776690583100629
2014-09-05,0.07666899693771952
2014-09-08,0.07533558287160143
2014-09-09,0.07400217026620748
2014-09-10,0.07266875912315858
2014-09-11,0.07133534944110398
2014-09-12,0.07033529300150738
2014-09-15,0.06933523765738636
2014-09-16,0.06800183162862794
2014-09-17,0.06666842706059364
2014-09-18,0.06500167317733396
2014-09-19,0.06333492157687784
2014-09-22,0.06166817226003577
2014-09-23,0.05966807581972988
2014-09-24,0.057667982666661136
2014-09-25,0.05566789280164001
2014-09-26,0.05366780622439633
2014-09-29,0.05166772293547043
2014-09-30,0.048667602933882836
2014-10-01,0.04666752786386026
2014-10-02,0.04500080137856595
2014-10-03,0.04366742201754592
2014-10-06,0.043000732518309416
2014-10-07,0.04300073251911988
2014-10-08,0.04266738786135408
2014-10-09,0.04300073251939003
2014-10-10,0.04366742201781607
2014-10-14,0.044000766858206156
2014-10-15,0.045334146583934455
2014-10-16,0.04700087307003923
2014-10-17,0.04900094704431608
2014-10-20,0.04966763946337993
2014-10-21,0.050667678916486526
2014-10-22,0.05133437243291701
2014-10-23,0.05200106631486623
2014-10-24,0.05300110768498752
2014-10-27,0.054334497275669115
2014-10-28,0.054667844947005786
2014-10-29,0.05533454065519786
2014-10-30,0.05666793280234931
2014-10-31,0.05966806924417496
2014-11-03,0.06166816513687815
2014-11-04,0.0630015645903518
2014-11-05,0.06433496587060863
2014-11-06,0.06566836861240007
2014-11-07,0.06666842176367889
2014-11-10,0.0676684757373073
2014-11-12,0.06900188213347554
2014-11-13,0.07166870003713077
2014-11-14,0.07366881620383126
2014-11-17,0.07566893511097664
2014-11-18,0.07666899593544718
2014-11-19,0.07766905785512312
2014-11-20,0.07866912032240177
2014-11-21,0.08000253840706462
2014-11-24,0.08100260279297888
2014-11-25,0.08166931274883696
2014-11-26,0.08233602306913315
2014-11-28,0.08300273320869614
2014-12-01,0.08400279868954566
2014-12-02,0.08433615394249175
2014-12-03,0.08566957677592635
2014-12-04,0.08700300107089554
2014-12-05,0.08933649678389462
2014-12-08,0.09100328263288807
2014-12-09,0.09200335523851613
2014-12-10,0.09233671295661994
2014-12-11,0.09400350291492998
2014-12-12,0.0956702951565839
2014-12-15,0.0966703713236557
2014-12-16,0.09667037132392586
2014-12-17,0.09700373022962783
2014-12-18,0.09833716694520969
2014-12-19,0.100003965124044
2014-12-22,0.1010040454009727
2014-12-23,0.10167076631725964
2014-12-24,0.10233748759690409
2014-12-29,0.10267084832911906
2014-12-30,0.10267084832911906
2014-12-31,0.10233748768875653
2015-01-02,0.1023374876871356
2015-01-05,0.10233748768794607
2015-01-06,0.10233748768848638
2015-01-07,0.10200412704812385
2015-01-08,0.10167076649907347
2015-01-09,0.10167076649880331
2015-01-12,0.10167076649934362
2015-01-13,0.10167076649880331
2015-01-14,0.10067068594820834
2015-01-15,0.09967060676594475
2015-01-16,0.09867052840711135
2015-01-20,0.09767045059615083
2015-01-21,0.096003655614052
2015-01-22,0.09333678875709239
2015-01-23,0.09166999971190377
2015-01-26,0.09033656993685524
2015-01-27,0.0890031412570121
2015-01-28,0.08666964490563847
2015-01-29,0.08433615302801956
2015-01-30,0.0830027316558494
2015-02-02,0.0816693121093818
2015-02-03,0.08100260270139659
2015-02-04,0.07966918498252262
2015-02-05,0.07900247685317754
2015-02-06,0.07966918498225246
2015-02-09,0.08033589384263498
2015-02-10,0.08066924845396468
2015-02-11,0.08066924845450499
2015-02-12,0.08166931256621268
2015-02-13,0.08233602252180061
2015-02-17,0.08166931256648283
2015-02-18,0.08133595758828363
2015-02-19,0.0810026026103546
2015-02-20,0.08033589283739095
2015-02-23,0.07966918343021619
2015-02-24,0.0783357657097213
2015-02-25,0.07700234945265208
2015-02-26,0.07600228835451528
2015-02-27,0.07600228835451528
2015-03-02,0.0756689351112468
2015-03-03,0.07466887565726887
2015-03-04,0.07433552268793682
2015-03-05,0.07533558186878878
2015-03-06,0.0766689955696583
2015-03-09,0.07700234926921734
2015-03-10,0.07733570306008852
2015-03-11,0.07766905703304368
2015-03-12,0.07866911950032232
2015-03-13,0.08033589164979278
2015-03-16,0.08200266471211451
2015-03-17,0.08400279457941862
2015-03-18,0.08500286115709446
2015-03-19,0.08566957293919542
2015-03-20,0.08500286115682432
2015-03-23,0.08366943905442717
2015-03-24,0.08300272836780179
2015-03-25,0.08400279412393852
2015-03-26,0.08533621659266484
2015-03-27,0.08533621659212454
2015-03-30,0.08600292819106088
2015-03-31,0.09000320217252462
2015-04-01,0.09300341834443948
2015-04-02,0.09533692620465513
2015-04-06,0.09767043917970156
2015-04-07,0.10000395662985347
2015-04-08,0.10267083955991148
2015-04-09,0.10567108943384158
2015-04-10,0.10900470771047684
2015-04-13,0.11100488251173009
2015-04-14,0.1126716971305323
2015-04-15,0.11633869632287815
2015-04-16,0.11933897660969528
2015-04-17,0.12133916730250327
2015-04-20,0.12167253296665459
2015-04-21,0.12167253296665459
2015-04-22,0.1213391670293773
2015-04-23,0.12100580109237016
2015-04-24,0.12133916684594255
2015-04-27,0.12100580118233153
2015-04-28,0.11933897469214028
2015-04-29,0.11700542207924898
2015-04-30,0.1190056078414714
2015-05-01,0.12033906793728436
2015-05-04,0.1210057990824224
2015-05-05,0.12167253059280903
2015-05-06,0.1216725305917284
2015-05-07,0.12000570273077438
2015-05-08,0.11833887715289407
2015-05-11,0.11733878290223579
2015-05-12,0.11633868974759339
2015-05-13,0.11300505594465196
2015-05-14,0.1110048789500162
2015-05-15,0.11033815383337067
2015-05-18,0.10867134149845266
2015-05-19,0.10633780742651902
2015-05-20,0.10400427783023117
2015-05-21,0.10167075334742333
2015-05-22,0.09933723461998203
2015-05-26,0.09733707899671021
2015-05-27,0.09467020921722172
2015-05-28,0.09100327532710617
2015-05-29,0.08966984847377604
2015-06-01,0.08866977915754637
2015-06-02,0.08900313577828352
2015-06-03,0.09066992071415554
2015-06-04,0.0920033508547228
2015-06-05,0.09333678282072247
2015-06-08,0.093670140904345
2015-06-09,0.09367014090461515
2015-06-10,0.09400349916951119
2015-06-11,0.09500357424137758
2015-06-12,0.09300342793491603
2015-06-15,0.09267007039997684
2015-06-16,0.09333678601799825
2015-06-17,0.09367014400922802
2015-06-18,0.09400350227466436
2015-06-19,0.09433686072353545
2015-06-22,0.09367014364506006
2015-06-23,0.09267006884794056
2015-06-24,0.09233671094667217
2015-06-25,0.09233671094640201
2015-06-26,0.09267006866423566
2015-06-29,0.09233671094721248
2015-06-30,0.09567029086383257
2015-07-01,0.09800380447779385
2015-07-02,0.1000039628401598
2015-07-06,0.10133740357455659
2015-07-07,0.1020041243074088
2015-07-08,0.10267084540523941
2015-07-09,0.10467101089130329
2015-07-10,0.10700454048921207
2015-07-13,0.10700454048894192
2015-07-14,0.10733790195165405
2015-07-15,0.109004710176445
2015-07-16,0.11000479620738948
2015-07-17,0.11067152114060026
2015-07-20,0.11067152114114057
2015-07-21,0.11033815840005845
2015-07-22,0.10967143291816435
2015-07-23,0.10967143291789419
2015-07-24,0.11100488242149856
2015-07-27,0.11233833302003818
2015-07-28,0.11300505886610024
2015-07-29,0.11433851165748206
2015-07-30,0.11733878454585436
2015-07-31,0.12267261908864105
2015-08-03,0.12633964741712483
2015-08-04,0.13100679228129258
2015-08-05,0.13567395504615237
2015-08-06,0.13934102255592032
2015-08-07,0.14267472851193413
2015-08-10,0.145008328435862
2015-08-11,0.14767530562112366
2015-08-12,0.1486754223405125
2015-08-13,0.15134240610267985
2015-08-14,0.1543427702329551
2015-08-17,0.157676517289429
2015-08-18,0.16067689786129305
2015-08-19,0.16301053294823045
2015-08-20,0.1640106636413489
2015-08-21,0.16401066364161904
2015-08-24,0.16501079488207004
2015-08-25,0.16534417214556507
2015-08-26,0.1646774179854445
2015-08-27,0.16367728701838963
2015-08-28,0.16434404099615607
2015-08-31,0.1683445703449952
2015-09-01,0.17234511394312127
2015-09-02,0.17601229297149096
2015-09-03,0.17767919664151513
2015-09-04,0.1766790547140314
2015-09-08,0.17501215332816158
2015-09-09,0.17334525376880477
2015-09-10,0.172678495041186
2015-09-11,0.17067822214745787
2015-09-14,0.16701106622592313
2015-09-15,0.16567755680777507
2015-09-16,0.16367729487366534
2015-09-17,0.1616770362270629
2015-09-18,0.1586766531895008
2015-09-21,0.15534290339285217
2015-09-22,0.15267590940156356
2015-09-23,0.14967554773590575
2015-09-24,0.14700856762676442
2015-09-25,0.14400822158115628
2015-09-28,0.1406745119710358
2015-09-29,0.13734081149456104
2015-09-30,0.13867428839748155
2015-10-01,0.13700743952825092
2015-10-02,0.13534059203113383
2015-10-05,0.13400711549373204
2015-10-06,0.13167353539075277
2015-10-07,0.13000669519833696
2015-10-08,0.12833985729034564
2015-10-09,0.12800648998257574
2015-10-13,0.12667302184913298
2015-10-14,0.124006093617716
2015-10-15,0.12233926666907294
2015-10-16,0.12200590146202264
2015-10-19,0.12200590146094203
2015-10-20,0.12167253579814148
2015-10-21,0.12100580447037915
2015-10-22,0.12000570775483332
2015-10-23,0.118672248022648
2015-10-26,0.11733878975145698
2015-10-27,0.11500524033584147
2015-10-28,0.11200496909108773
2015-10-29,0.11000479209726244
2015-10-30,0.10900470524396835
2015-11-02,0.10800461839094444
2015-11-03,0.1076712563800893
2015-11-04,0.10733789446135678
2015-11-05,0.1090047040563702
2015-11-06,0.10833797985365656
2015-11-09,0.1076712558324866
2015-11-10,0.10667117007601885
2015-11-12,0.10667117007493823
2015-11-13,0.10233748412596202
2015-11-16,0.10200412385084807
2015-11-17,0.10167076348496229
2015-11-18,0.10067068265962043
2015-11-19,0.10000396247410077
2015-11-20,0.09833716338268535
2015-11-23,0.09667036657407349
2015-11-24,0.09500357296192696
2015-11-25,0.09433685624815982
2015-11-27,0.09367014044697382
2015-11-30,0.09400349798191301
2015-12-01,0.09233671030640656
2015-12-02,0.09133663824919165
2015-12-03,0.09233671030640656
2015-12-04,0.09400349935240562
2015-12-07,0.09633700849045097
2015-12-08,0.09867052018793787
2015-12-09,0.10167075526524849
2015-12-10,0.10533772130345194
2015-12-11,0.10833797610931839
2015-12-14,0.11100487511409574
2015-12-15,0.11467186626881176
2015-12-16,0.12067242026635079
2015-12-17,0.1286731940015236
2015-12-18,0.1370073881070873
2015-12-21,0.1423413015622062
2015-12-22,0.1480086156618617
2015-12-23,0.15434270383281784
2015-12-24,0.16334382828312083
2015-12-28,0.1726783890912742
2015-12-29,0.18267978096382365
2015-12-30,0.1906809580339175
2015-12-31,0.20268280912856632
2016-01-04,0.2123510676091215
2016-01-05,0.22168601203552685
2016-01-06,0.23268800124920014
2016-01-07,0.24302329667844993
2016-01-08,0.2526918756721915
2016-01-11,0.26202712444602183
2016-01-12,0.2700288210573554
2016-01-13,0.27636353051640283
2016-01-14,0.2843653213942865
2016-01-15,0.2933673977888092
2016-01-19,0.3010358836581184
2016-01-20,0.3093712469103134
2016-01-21,0.3183735008802091
2016-01-22,0.3287094900672434
2016-01-25,0.3357113448241374
2016-01-26,0.34271324178453133
2016-01-27,0.35071546235547757
2016-01-28,0.35938459164288244
2016-01-29,0.36705347880312544
2016-02-01,0.37205495298442043
2016-02-02,0.37438897874576915
2016-02-03,0.3763895755439302
2016-02-04,0.3797239126756816
2016-02-05,0.38405856638641006
2016-02-08,0.38739292635565264
2016-02-09,0.3887266718059649
2016-02-10,0.3893935445300404
2016-02-11,0.38939354453085084
2016-02-12,0.3910607286255992
2016-02-16,0.38972698317636756
2016-02-17,0.39106073045265255
2016-02-18,0.39272791683317615
2016-02-19,0.39306135429136485
2016-02-22,0.3930613542910947
2016-02-23,0.3920610410939088
2016-02-24,0.3917276037251412
2016-02-25,0.3920610410939088
2016-02-26,0.3910607287174517
2016-02-29,0.39239447745527123
2016-03-01,0.39139416535329075
2016-03-02,0.3907272909845161
2016-03-03,0.39006041734623853
2016-03-04,0.38805979862370776
2016-03-07,0.3833917048975103
2016-03-08,0.3813910965891565
2016-03-09,0.3790570567587137
2016-03-10,0.3777233222712617
2016-03-11,0.37605615690198635
2016-03-14,0.37338869815971565
2016-03-15,0.3733886981591753
2016-03-16,0.37238840222619807
2016-03-17,0.37138810711557035
2016-03-18,0.369387518540365
2016-03-21,0.3660532097264542
2016-03-22,0.362385478070241
2016-03-23,0.35938461575928393
2016-03-24,0.35838433133622927
2016-03-28,0.35771747560296624
2016-03-29,0.35705062023522194
2016-03-30,0.35505005577425675
2016-03-31,0.3557169096810068
2016-04-01,0.3557169096804665
2016-04-04,0.3550500552255734
2016-04-05,0.3547166279078954
2016-04-06,0.355050055408738
2016-04-07,0.3547166280902495
2016-04-08,0.35404977381744046
2016-04-11,0.35505005577398663
2016-04-12,0.3533829210072466
2016-04-13,0.3537163479607567
2016-04-14,0.3537163479607567
2016-04-15,0.35438320168488247
2016-04-18,0.3550500561403158
2016-04-19,0.35404977363616696
2016-04-20,0.3527160647255704
2016-04-21,0.35171578359110367
2016-04-22,0.35204921008886353
2016-04-25,0.35071550410214664
2016-04-26,0.34871494731518365
2016-04-27,0.34504726992080625
2016-04-28,0.342046449538332
2016-04-29,0.34004590754960945
2016-05-02,0.33871221398647694
2016-05-03,0.33904563737773286
2016-05-04,0.34037933240131935
2016-05-05,0.34171302815702387
2016-05-06,0.34104618100953366
2016-05-09,0.3400459111115935
2016-05-10,0.3390456420360029
2016-05-11,0.3390456420354626
2016-05-12,0.3367116853339199
2016-05-13,0.33504457568801493
2016-05-16,0.33537799743511193
2016-05-17,0.33604484147636837
2016-05-18,0.33604484147717884
2016-05-19,0.3343777304594305
2016-05-20,0.3320437782346142
2016-05-23,0.32870956807807084
2016-05-24,0.32770930749694094
2016-05-25,0.325041948871411
2016-05-26,0.322041176172246
2016-05-27,0.31770674215637246
2016-05-31,0.3170399081632339
2016-06-01,0.31804016024855236
2016-06-02,0.31937383115816875
2016-06-03,0.32104092207697976
2016-06-06,0.3207075040766523
2016-06-07,0.32204117717776015
2016-06-08,0.32470852776457965
2016-06-09,0.32737588492803466
2016-06-10,0.3313769305397914
2016-06-13,0.3343777221475941
2016-06-14,0.33704509977307373
2016-06-15,0.34071275104218257
2016-06-16,0.34471383721138926
2016-06-17,0.3473812352997041
2016-06-20,0.3487149365360283
2016-06-21,0.3503820649074063
2016-06-22,0.3527160478260701
2016-06-23,0.3573840226154997
2016-06-24,0.3640525836049383
2016-06-27,0.37172147076437084
2016-06-28,0.37738980972423414
2016-06-29,0.38139100989773206
2016-06-30,0.3910606167204067
2016-07-01,0.396729058175449
2016-07-05,0.400730331795518
2016-07-06,0.4040647392694977
2016-07-07,0.4063988270571861
2016-07-08,0.41140045882081716
2016-07-11,0.4164021138795807
2016-07-12,0.42073689941019377
2016-07-13,0.42173723563073695
2016-07-14,0.4234044644881566
2016-07-15,0.42573858808749493
2016-07-18,0.4267389286910209
2016-07-19,0.4264054816410049
2016-07-20,0.4250716941695468
2016-07-21,0.4240713552090991
2016-07-22,0.42407135520882894
2016-07-25,0.4224041258940381
2016-07-26,0.4204034534564638
2016-07-27,0.4194031183343679
2016-07-28,0.41706900752386256
2016-07-29,0.4167355638540167
2016-08-01,0.4167355638540167
2016-08-02,0.417069007797799
2016-08-03,0.4170690077980691
2016-08-04,0.4167355640361007
2016-08-05,0.41406801978757235
2016-08-08,0.40806606824849895
2016-08-09,0.4003969520728086
2016-08-10,0.39372819193779957
2016-08-11,0.39006038793211184
2016-08-12,0.38239139571994984
2016-08-15,0.3803907928919455
2016-08-16,0.3803907928924858
2016-08-17,0.3813910956757649
2016-08-18,0.3817245299366778
2016-08-19,0.3807242279749379
2016-08-22,0.3783901907031262
2016-08-23,0.3753892897509233
2016-08-24,0.37438899162672473
2016-08-25,0.3727218299107456
2016-08-26,0.37205496650375053
2016-08-29,0.3723883983902776
2016-08-30,0.3740555596480751
2016-08-31,0.37872362012368505
2016-09-01,0.38139109129062077
2016-09-02,0.38272482906693084
2016-09-06,0.3843920040274932
2016-09-07,0.3847254395675866
2016-09-08,0.38572574618840705
2016-09-09,0.388059796888777
2016-09-12,0.38739292525990693
2016-09-13,0.3870594895366489
2016-09-14,0.38705948953610864
2016-09-15,0.38772636098235447
2016-09-16,0.3863926177248844
2016-09-19,0.3843920050319268
2016-09-20,0.38339169923480665
2016-09-21,0.3830582640586111
2016-09-22,0.3830582640591514
2016-09-23,0.384725438106052
2016-09-26,0.3857257433555694
2016-09-27,0.3900604018172308
2016-09-28,0.39806287889938563
2016-09-29,0.40839948259471975
2016-09-30,0.4247381194978435
2016-10-03,0.42640534972602595
2016-10-04,0.43340773778933006
2016-10-05,0.44007672447949153
2016-10-06,0.44307778082307936
2016-10-07,0.4450784905330277
2016-10-11,0.44407813540303653
2016-10-12,0.44374468387656424
2016-10-13,0.444078135221763
2016-10-14,0.4414105288520709
2016-10-17,0.44041017783355746
2016-10-18,0.4384094763449438
2016-10-19,0.4350749784311492
2016-10-20,0.4340746304280977
2016-10-21,0.43107359135196033
2016-10-24,0.4287394581605245
2016-10-25,0.4267387753085031
2016-10-26,0.4260718821210522
2016-10-27,0.4260718821210522
2016-10-28,0.42407120475046095
2016-10-31,0.4260718815712883
2016-11-01,0.42607188157236886
2016-11-02,0.4260718815729092
2016-11-03,0.4280725633283744
2016-11-04,0.42907290557605926
2016-11-07,0.42640532990183555
2016-11-08,0.42340431384581356
2016-11-09,0.4174023146212698
2016-11-10,0.40906626853470796
2016-11-14,0.39739590312982687
2016-11-15,0.37905702880585146
2016-11-16,0.3743889657737716
2016-11-17,0.365386331976969
2016-11-18,0.35771746792977455
2016-11-21,0.35171577619157823
2016-11-22,0.34671438559547385
2016-11-23,0.3433801352442978
2016-11-25,0.3400458949425903
2016-11-28,0.3353779751463041
2016-11-29,0.33137691418816395
2016-11-30,0.3270424481087608
2016-12-01,0.32404167047792953
2016-12-02,0.3227079929927582
2016-12-05,0.3207074800523735
2016-12-06,0.3197072244048008
2016-12-07,0.31670646485944715
2016-12-08,0.31403912888797364
2016-12-09,0.3113718016865182
2016-12-12,0.30803765181868226
2016-12-13,0.3053703363081528
2016-12-14,0.299702314142262
2016-12-15,0.30470349783909834
2016-12-16,0.31037153087491626
2016-12-19,0.3137056780023073
2016-12-20,0.31703983609201825
2016-12-21,0.32070742305198385
2016-12-22,0.32470844016327566
2016-12-23,0.3293763062466796
2016-12-27,0.33371076638836206
2016-12-28,0.340045776099566
2016-12-29,0.34571397374146084
2016-12-30,0.35138220244110097
2017-01-03,0.35871759742340803
2017-01-04,0.3680536135018212
2017-01-05,0.3770562719620877
2017-01-06,0.3863924338349256
2017-01-09,0.3950617911314532
2017-01-10,0.4027308904992255
2017-01-11,0.41106692288329266
2017-01-12,0.41973645594137743
2017-01-13,0.42907294010636754
2017-01-17,0.440076741013203
2017-01-18,0.4520809959867367
2017-01-19,0.4607508211988335
2017-01-20,0.4690872509757785
2017-01-23,0.47709027837811907
2017-01-24,0.48609374340394806
2017-01-25,0.4937634100886619
2017-01-26,0.5014331251023536
2017-01-27,0.5101032971117562
2017-01-30,0.5191070063416459
2017-01-31,0.5224417162049725
2017-02-01,0.5241090752486539
2017-02-02,0.525442964675793
2017-02-03,0.5274438021052245
2017-02-06,0.5297781175559679
2017-02-07,0.5314454889316514
2017-02-08,0.5317789632988568
2017-02-09,0.5327793861249153
2017-02-10,0.5327793861249153
2017-02-13,0.5334463354066583
2017-02-14,0.5347802357966576
2017-02-15,0.5364476121985613
2017-02-16,0.5354471863583916
2017-02-17,0.5347802359800924
2017-02-21,0.5337798109611916
2017-02-22,0.5331128613139298
2017-02-23,0.5331128613131193
2017-02-24,0.5331128613136596
2017-02-27,0.5327793866727881
2017-02-28,0.5321124381228929
2017-03-01,0.5291111745777344
2017-03-02,0.5251095030074593
2017-03-03,0.5247760305594299
2017-03-06,0.5247760305591598
2017-03-07,0.5247760305599702
2017-03-08,0.5237756137626743
2017-03-09,0.5227751977893491
2017-03-10,0.5217747826381032
2017-03-13,0.5204408972295089
2017-03-14,0.5201074261527827
2017-03-15,0.5177731337256667
2017-03-16,0.5247760052527287
2017-03-17,0.5317789209065189
2017-03-20,0.5387818768511169
2017-03-21,0.5461183511081047
2017-03-22,0.5541218301932549
2017-03-23,0.5624588423914667
2017-03-24,0.569795455336471
2017-03-27,0.5771321145116248
2017-03-28,0.5848023065261738
2017-03-29,0.5928060377754802
2017-03-30,0.6004763243515879
2017-03-31,0.6114815965291102
2017-04-03,0.6204859940023955
2017-04-04,0.6294904605503452
2017-04-05,0.6388284949326639
2017-04-06,0.649167112307943
2017-04-07,0.6595058146572759
2017-04-10,0.6691775860934649
2017-04-11,0.677848893592059
2017-04-12,0.6878543278928931
2017-04-13,0.6998609477350352
2017-04-17,0.7122012031240927
2017-04-18,0.7238745360096388
2017-04-19,0.7338803485980409
2017-04-20,0.7425521241140524
2017-04-21,0.7512239614005674
2017-04-24,0.7612299987759622
2017-04-25,0.7712361183906391
2017-04-26,0.7805752350055576
2017-04-27,0.7905815053963039
2017-04-28,0.794917563025288
2017-05-01,0.7975859171479582
2017-05-02,0.7989200971335781
2017-05-03,0.7999207332188766
2017-05-04,0.8012549157625873
2017-05-05,0.8025890994036647
2017-05-08,0.8029226455878705
2017-05-09,0.8032561919544304
2017-05-10,0.8032561919544304
2017-05-11,0.8035897384133831
2017-05-12,0.8029226456797229
2017-05-15,0.8012549179570505
2017-05-16,0.8012549179559698
2017-05-17,0.8019220095944246
2017-05-18,0.8019220095933439
2017-05-19,0.8005878270490929
2017-05-22,0.7985865559747821
2017-05-23,0.7972523767199294
2017-05-24,0.7972523767201996
2017-05-25,0.7979194656160482
2017-05-26,0.7975859215339127
2017-05-30,0.7955846586833681
2017-05-31,0.7969188324548996
2017-06-01,0.7992536429528055
2017-06-02,0.8022555512084306
2017-06-05,0.8052574668681737
2017-06-06,0.806591653433671
2017-06-07,0.8082593884661777
2017-06-08,0.8109277681746185
2017-06-09,0.8129290556983526
2017-06-12,0.8125955078689073
2017-06-13,0.8149303465106745
2017-06-14,0.8196000378681659
2017-06-15,0.832608517248919
2017-06-16,0.8452835778326598
2017-06-19,0.8559574212567773
2017-06-20,0.8649635605362064
2017-06-21,0.8733026423576391
2017-06-22,0.8819753492277926
2017-06-23,0.8916488192994731
2017-06-26,0.9013223688775551
2017-06-27,0.9089945469517469
2017-06-28,0.917667503309368
2017-06-29,0.9270076741264899
2017-06-30,0.9410180416635661
2017-07-03,0.9520263172695609
2017-07-05,0.9617003465486921
2017-07-06,0.9707072729555436
2017-07-07,0.9780462982819982
2017-07-10,0.9843845804210345
2017-07-11,0.9897221045663077
2017-07-12,0.9960604474814098
2017-07-13,1.0000636234932636
2017-07-14,1.0050676140694548
2017-07-17,1.0114060316546565
2017-07-18,1.017077276909565
2017-07-19,1.022748550131384
2017-07-20,1.0284198482125286
2017-07-21,1.032756739850967
2017-07-24,1.0380944701850026
2017-07-25,1.0430986143068846
2017-07-26,1.0477691667357236
2017-07-27,1.0514388975594646
2017-07-28,1.046768347690067
2017-07-31,1.0437658628620152
2017-08-01,1.0407633813236319
2017-08-02,1.0394289458147576
2017-08-03,1.0390953370298641
2017-08-04,1.0387617283357427
2017-08-07,1.0370936871492893
2017-08-08,1.0357592556624717
2017-08-09,1.035092040283636
2017-08-10,1.0347584328689652
2017-08-11,1.034091218771201
2017-08-14,1.0300879506348504
2017-08-15,1.0304215561300751
2017-08-16,1.031755980304357
2017-08-17,1.033757619856664
2017-08-18,1.0354256564731878
2017-08-21,1.0364264798137568
2017-08-22,1.036760087868423
2017-08-23,1.0370936960146717
2017-08-24,1.0390953448902729
2017-08-25,1.0400961709731777
2017-08-28,1.0404297797586115
2017-08-29,1.0407633888179815
2017-08-30,1.041430607303321
2017-08-31,1.0454339193116446
2017-09-01,1.0481028034894182
2017-09-05,1.048102803488878
2017-09-06,1.0477691925100618
2017-09-07,1.0477691925100618
2017-09-08,1.0477691925100618
2017-09-11,1.0481028034891482
2017-09-12,1.047101971648175
2017-09-13,1.0477691932413693
2017-09-14,1.0504380825366755
2017-09-15,1.05344058957438
2017-09-18,1.0544414277221044
2017-09-19,1.0544414277218341
2017-09-20,1.0544414277221044
2017-09-21,1.0544414277223746
2017-09-22,1.0541078149148841
2017-09-25,1.0527733647828292
2017-09-26,1.0504380815303507
2017-09-27,1.047101971738947
2017-09-28,1.044433089754826
2017-09-29,1.0447666992718374
2017-10-02,1.043765869624247
2017-10-03,1.0430986500426211
2017-10-04,1.0430986500428914
2017-10-05,1.0434322598343795
2017-10-06,1.0417642131643348
2017-10-10,1.04109699486243
2017-10-11,1.040429776926044
2017-10-12,1.0404297769255035
2017-10-13,1.0400961679571754
2017-10-16,1.0374273049840805
2017-10-17,1.0360928745943594
2017-10-18,1.0360928745940892
2017-10-19,1.036760090153658
2017-10-20,1.0380945216404758
2017-10-23,1.0394289545899085
2017-10-24,1.0404297803988771
2017-10-25,1.0404297803988771
2017-10-26,1.0410969979700146
2017-10-27,1.0397625635585068
2017-10-30,1.0380945228291545
2017-10-31,1.0400961722528985
2017-11-01,1.0424314356711908
2017-11-02,1.0454339229687228
2017-11-03,1.0484364176679417
2017-11-06,1.0511053076950956
2017-11-07,1.0527733680738485
2017-11-08,1.0551086558044043
2017-11-09,1.058111174359866
2017-11-10,1.0607800863219254
2017-11-13,1.0607800863221957
2017-11-14,1.0631153881269784
2017-11-15,1.0677860019764709
2017-11-16,1.0727902502930726
2017-11-17,1.0764600464671314
2017-11-20,1.079128997182821
2017-11-21,1.0804634754646805
2017-11-22,1.0807970954018122
2017-11-24,1.082465195539169
2017-11-27,1.0844669189970697
2017-11-28,1.0841332982378584
2017-11-29,1.0827988152026347
2017-11-30,1.0837996763815507
2017-12-01,1.083466055714192
2017-12-04,1.0817979542044516
2017-12-05,1.081464334360523
2017-12-06,1.0814643343594423
2017-12-07,1.0821315744155198
2017-12-08,1.0814643343599828
2017-12-11,1.0811307143315387
2017-12-12,1.080797094396028
2017-12-13,1.0791289974567575
2017-12-14,1.0868022370710828
2017-12-15,1.0951427628965318
2017-12-18,1.1031497225298799
2017-12-19,1.1114903603213062
2017-12-20,1.1208319488658893
2017-12-21,1.1298399734128346
2017-12-22,1.1388480596568014
2017-12-26,1.1481898503842993
2017-12-27,1.1571980723632265
2017-12-28,1.1662063609762443
2017-12-29,1.1765492703693943
2018-01-02,1.1842231049247456
2018-01-03,1.1928979362129701
2018-01-04,1.202907436454966
2018-01-05,1.2119160705850285
2018-01-08,1.2215920904742807
2018-01-09,1.2289325696305327
2018-01-10,1.2356057727207639
2018-01-11,1.2449483159157022
2018-01-12,1.2566265972910218
2018-01-16,1.2676376327662866
2018-01-17,1.2789824509817507
2018-01-18,1.2896600293324068
2018-01-19,1.297668274525913
2018-01-22,1.305342893298585
2018-01-23,1.3130175604307626
2018-01-24,1.323028064382048
2018-01-25,1.3333723396516801
2018-01-26,1.34371670277413
2018-01-29,1.353060075288374
2018-01-30,1.35339376734697
2018-01-31,1.3543948426990582
2018-02-01,1.3537274583987013
2018-02-02,1.352392690896705
2018-02-05,1.35139161609276
2018-02-06,1.3490557774449776
2018-02-07,1.3460525637288203
2018-02-08,1.344384115778648
2018-02-09,1.3427156701134404
2018-02-12,1.3407135380588242
2018-02-13,1.3353745426474568
2018-02-14,1.3320376787433732
2018-02-15,1.331036622313971
2018-02-16,1.3297018818714368
2018-02-20,1.3297018818717068
2018-02-21,1.3293681963951494
2018-02-22,1.3303692533724245
2018-02-23,1.332705056185864
2018-02-26,1.3330387424847712
2018-02-27,1.3327050563674077
2018-02-28,1.3320376852330191
2018-03-01,1.333372427869206
2018-03-02,1.336375604560991
2018-03-05,1.340046166923355
2018-03-06,1.3437167413518893
2018-03-07,1.3470536372527744
2018-03-08,1.3503905377241294
2018-03-09,1.3533937563768157
2018-03-12,1.3560632906497707
2018-03-13,1.3590665249341234
2018-03-14,1.3627371546721518
2018-03-15,1.3677425657165194
2018-03-16,1.3734153975372032
2018-03-19,1.3790882573307406
2018-03-20,1.384761143546446
2018-03-21,1.3911014628785745
2018-03-22,1.4041158703074097
2018-03-23,1.4167966965724643
2018-03-26,1.4298113642806198
2018-03-27,1.4434936007812649
2018-03-28,1.4571759909672706
2018-03-29,1.4738620246516472
2018-04-02,1.4882121826695422
2018-04-03,1.5035636953455407
2018-04-04,1.5169130160048319
2018-04-05,1.5312637008359793
2018-04-06,1.5452808100968902
2018-04-09,1.5586305842555084
2018-04-10,1.5723142564680548
2018-04-11,1.5859980786316192
2018-04-12,1.5973457535023623
2018-04-13,1.607358492834073
2018-04-16,1.6183725905882165
2018-04-17,1.6297205576902358
2018-04-18,1.6410686336047215
2018-04-19,1.6520830481928206
2018-04-20,1.6610949110756852
2018-04-23,1.6697730678270775
2018-04-24,1.6791188442296618
2018-04-25,1.688798475263468
2018-04-26,1.6984781805483646
2018-04-27,1.704820089435525
2018-04-30,1.7141661193184572
2018-05-01,1.7235122234541007
2018-05-02,1.7325246072881402
2018-05-03,1.7415370602573588
2018-05-04,1.7432060362294535
2018-05-07,1.7435398316066588
2018-05-08,1.7438736269844046
2018-05-09,1.7438736269849449
2018-05-10,1.7442074223624204
2018-05-11,1.7418708592003302
2018-05-14,1.7402018887153388
2018-05-15,1.738866715252252
2018-05-16,1.7392005090747193
2018-05-17,1.738866715252252
2018-05-18,1.738199127789671
2018-05-21,1.7361963664992948
2018-05-22,1.732858436500817
2018-05-23,1.7298543085564073
2018-05-24,1.7301881000012471
2018-05-25,1.7305218916289813
2018-05-29,1.7288529353176336
2018-05-31,1.7305218898013877
2018-06-01,1.7325246384717774
2018-06-04,1.734861183709672
2018-06-05,1.7358625624344683
2018-06-06,1.7368639425311083
2018-06-07,1.7368639425311083
2018-06-08,1.736196355434046
2018-06-11,1.7351949756121532
2018-06-12,1.733526010612374
2018-06-13,1.7315232581003905
2018-06-14,1.736196340894073
2018-06-15,1.7415370288913674
2018-06-18,1.7468777417614951
2018-06-19,1.752218480967882
2018-06-20,1.757559245046832
2018-06-21,1.7625662319480595
2018-06-22,1.7692422419168352
2018-06-25,1.7752506821618996
2018-06-26,1.780925348156633
2018-06-27,1.7859324269632622
2018-06-28,1.7906057145981775
2018-06-29,1.8029566071114056
2018-07-02,1.812970948536278
2018-07-03,1.8219839323640388
2018-07-05,1.8313308097865613
2018-07-06,1.8406777691514664
2018-07-09,1.848021860963785
2018-07-10,1.853029216867378
2018-07-11,1.858370419910545
2018-07-12,1.8643793013180716
2018-07-13,1.8673837494304104
2018-07-16,1.8720573469049873
2018-07-17,1.87606330406103
2018-07-18,1.8810707738254624
2018-07-19,1.8867459326577665
2018-07-20,1.8924211210284683
2018-07-23,1.8984301752898816
2018-07-24,1.9054407731639391
2018-07-25,1.9121175751158903
2018-07-26,1.9184605647733055
2018-07-27,1.9177928816507186
2018-07-30,1.9167913577906739
2018-07-31,1.9177928811020353
2018-08-01,1.9177928811023055
2018-08-02,1.919128247711377
2018-08-03,1.9187944056931174
2018-08-06,1.916791356876742
2018-08-07,1.9154559928276527
2018-08-08,1.9147883113521964
2018-08-09,1.91512215190703
2018-08-10,1.9141206307906722
2018-08-13,1.9071100252342377
2018-08-14,1.9034378163531929
2018-08-15,1.902770143291151
2018-08-16,1.9034378165352768
2018-08-17,1.902436305022633
2018-08-20,1.902770142285907
2018-08-21,1.9031039796391425
2018-08-22,1.9034378170845003
2018-08-23,1.9047731668662027
2018-08-24,1.9064423559211265
2018-08-27,1.9064423559213968
2018-08-28,1.907443870178538
2018-08-29,1.908445385807252
2018-08-30,1.909446902258316
2018-08-31,1.9124514557278482
2018-09-04,1.9151221772404765
2018-09-05,1.916791380472286
2018-09-06,1.9191282701168912
2018-09-07,1.9204636370933725
2018-09-10,1.9224666908495187
2018-09-11,1.9244697478966843
2018-09-12,1.9248035908302263
2018-09-13,1.9268066517192557
2018-09-14,1.9281420267430922
2018-09-17,1.9328158508506257
2018-09-18,1.9354866177267485
2018-09-19,1.9371558502259911
2018-09-20,1.9384912376877301
2018-09-21,1.9388250846449497
2018-09-24,1.9404943203444398
2018-09-25,1.9411620153562459
2018-09-26,1.9408281678508832
2018-09-27,1.946837413076515
2018-09-28,1.9555174743855188
2018-10-01,1.9662007291990413
2018-10-02,1.9762163683907226
2018-10-03,1.9862320898986798
2018-10-04,1.9955801734678924
2018-10-05,2.0029251445658995
2018-10-09,2.0096024294331953
2018-10-10,2.0162797508869437
2018-10-11,2.0236248447295435
2018-10-12,2.031971597158122
2018-10-15,2.0413200239051132
2018-10-16,2.0483313900644133
2018-10-17,2.0560105537682505
2018-10-18,2.064023644644593
2018-10-19,2.072370671475887
2018-10-22,2.0803838721164496
2018-10-23,2.0880632398880676
2018-10-24,2.0960765437056788
2018-10-25,2.104423790065413
2018-10-26,2.112771093595193
2018-10-29,2.1204506633360336
2018-10-30,2.1264607910313926
2018-10-31,2.135809940027178
2018-11-01,2.145826967705633
2018-11-02,2.1568457887124803
2018-11-05,2.1675308026511964
2018-11-06,2.1765463547883184
2018-11-07,2.184894154568258
2018-11-08,2.1945776712895437
2018-11-09,2.1959133305967176
2018-11-13,2.1942437587494035
2018-11-14,2.193575930375402
2018-11-15,2.196247243869246
2018-11-16,2.1982507333801764
2018-11-19,2.2002542272824646
2018-11-20,2.2015898928112914
2018-11-21,2.2025916433294173
2018-11-23,2.2052629802421246
2018-11-26,2.206264733230541
2018-11-27,2.206598651075971
2018-11-28,2.20593081575036
2018-11-29,2.207934322276417
2018-11-30,2.2112735053092893
2018-12-03,2.212609181815295
2018-12-04,2.2152805377555076
2018-12-06,2.2206232628070346
2018-12-07,2.2249642471292055
2018-12-10,2.226299939003747
2018-12-11,2.2262999390042872
2018-12-12,2.2266338622471293
2018-12-13,2.227635632525149
2018-12-14,2.228637403626599
2018-12-17,2.231642716107788
2018-12-18,2.234981960432181
2018-12-19,2.236651585795705
2018-12-20,2.2423283213631406
2018-12-21,2.248339013838152
2018-12-24,2.2560193894029816
2018-12-26,2.2636998070486616
2018-12-27,2.271714208590059
2018-12-28,2.280396534013096
2018-12-31,2.3071115717520665
2019-01-02,2.3361647483495154
2019-01-03,2.3508586671882785
2019-01-04,2.357871762282493
2019-01-07,2.364884905410676
2019-01-08,2.3728999766299275
2019-01-09,2.380247163491378
2019-01-10,2.3879283659986963
2019-01-11,2.3952756514888778
2019-01-14,2.4022890117254594
2019-01-15,2.4096363737011774
2019-01-16,2.4146459633893946
2019-01-17,2.420657503951329
2019-01-18,2.4256671403011314
2019-01-22,2.428004975721524
2019-01-23,2.431344750671856
2019-01-24,2.437690354367646
2019-01-25,2.4447039586199906
2019-01-28,2.451049635330105
2019-01-29,2.457395343332458
2019-01-30,2.463407097995703
2019-01-31,2.472424749753166
2019-02-01,2.4774345919688967
2019-02-04,2.4807745023332455
2019-02-05,2.480440511388933
2019-02-06,2.479772529497877
2019-02-07,2.4787705574867496
2019-02-08,2.4764326266362526
2019-02-11,2.4750966687127063
2019-02-12,2.472758746187013
2019-02-13,2.4520517784377653
2019-02-14,2.4266695792020525
2019-02-15,2.4176522955278905
2019-02-19,2.415982429095716
2019-02-20,2.4153144827053623
2019-02-21,2.414312563944613
2019-02-22,2.4126427020866905
2019-02-25,2.4109728416008815
2019-02-26,2.409970926134123
2019-02-27,2.408969011214427
2019-02-28,2.4129766610077263
2019-03-01,2.411306800065897
2019-03-04,2.410304884323581
2019-03-05,2.4089689981316664
2019-03-06,2.4079670843106875
2019-03-07,2.4072991421293377
2019-03-08,2.4066312004972112
2019-03-11,2.405963259047439
2019-03-12,2.405963259047439
2019-03-13,2.40596325904906
2019-03-14,2.40696517094708
2019-03-15,2.4029575409163764
2019-03-18,2.400953726450113
2019-03-19,2.4016216647882485
2019-03-20,2.4039594502538746
2019-03-21,2.40596327130758
2019-03-22,2.4066312127565417
2019-03-25,2.4076331257546304
2019-03-26,2.40763312575409
2019-03-27,2.4079670968447653
2019-03-28,2.4096369532128827
2019-03-29,2.4183202158413333
2019-04-01,2.4193221367989772
2019-04-02,2.4213259820069055
2019-04-03,2.4239977807415825
2019-04-04,2.4263356097587785
2019-04-05,2.4283394664952698
2019-04-08,2.4310112813327622
2019-04-09,2.4333491244387733
2019-04-10,2.4360209509879938
2019-04-11,2.431345271178627
2019-04-12,2.4333491372486784
2019-04-15,2.4363549412925805
2019-04-16,2.4393607527465444
2019-04-17,2.443368511235333
2019-04-18,2.447376282898735
2019-04-22,2.449714156748032
2019-04-23,2.4523860184310853
2019-04-24,2.454055935185976
2019-04-25,2.4557258537695414
2019-04-26,2.4570617897357594
2019-04-29,2.4577297577181927
2019-04-30,2.469419219831829
2019-05-01,2.4734270727441277
2019-05-02,2.474429037894147
2019-05-03,2.4740950489611335
2019-05-06,2.4747630273747636
2019-05-07,2.4760989849333317
2019-05-08,2.4771009542007727
2019-05-09,2.477434944230883
2019-05-10,2.4764329746895055
2019-05-13,2.4674153105768073
2019-05-14,2.465077402783437
2019-05-15,2.4657453751580385
2019-05-16,2.464409430042506
2019-05-17,2.4630734860254204
2019-05-20,2.4607355865576643
2019-05-21,2.458063706574361
2019-05-22,2.4553918317158843
2019-05-23,2.4527199627135414
2019-05-24,2.450382081819702
2019-05-28,2.4493801347864976
2019-05-29,2.447042262218272
2019-05-30,2.444704394133797
2019-05-31,2.4443704138935374
2019-06-03,2.441030612409463
2019-06-04,2.4386927552124753
2019-06-05,2.4366888814573455
2019-06-06,2.4353529670845586
2019-06-07,2.4333490982713606
2019-06-10,2.431011255805615
2019-06-11,2.4276714890887745
2019-06-12,2.414646534485254
2019-06-13,2.408301073333663
2019-06-14,2.4032915193255304
2019-06-17,2.4026235802555473
2019-06-18,2.4016216719241035
2019-06-19,2.398949920034177
2019-06-20,2.396612141612823
2019-06-21,2.3952762700600276
2019-06-24,2.3949423024454277
2019-06-25,2.395944205562624
2019-06-26,2.3972800771154192
2019-06-27,2.3952762725305887
2019-06-28,2.397614043906319
2019-07-01,2.397614043906049
2019-07-02,2.40162166405586
2019-07-03,2.4076331156900332
2019-07-05,2.414980483709102
2019-07-08,2.4186541898596703
2019-07-09,2.4213259842032597
2019-07-10,2.4229958574973525
2019-07-11,2.423329832705179
2019-07-12,2.4219939315083554
2019-07-15,2.4209920091788684
2019-07-16,2.4233298317907064
2019-07-17,2.4260016349167413
2019-07-18,2.4280054911040088
2019-07-19,2.428339467684759
2019-07-22,2.428673444447323
2019-07-23,2.42900742130336
2019-07-24,2.430009352415833
2019-07-25,2.431679239433493
2019-07-26,2.4336831076990877
2019-07-29,2.435353000664464
2019-07-30,2.4346850436608296
2019-07-31,2.440028699686932
2019-08-01,2.434351035606567
2019-08-02,2.4286733979683617
2019-08-05,2.420657949064257
2019-08-06,2.411306658617714
2019-08-07,2.4009535292839628
2019-08-08,2.389598586862466
2019-08-09,2.379245644723471
2019-08-12,2.366555077045044
2019-08-13,2.3578721284166306
2019-08-14,2.3451817867192783
2019-08-15,2.3324915945128715
2019-08-16,2.3171299554401594
2019-08-19,2.3047739729217067
2019-08-20,2.2940878173075365
2019-08-21,2.282066000925198
2019-08-22,2.271380032671118
2019-08-23,2.2626977476855825
2019-08-26,2.250676240883557
2019-08-27,2.2399905653740464
2019-08-28,2.2283032102435354
2019-08-29,2.2169498852961635
2019-08-30,2.2086019185681796
2019-09-03,2.200921839675962
2019-09-04,2.1945774666525475
2019-09-05,2.1878992158516333
2019-09-06,2.178883629137466
2019-09-09,2.1692002901593193
2019-09-10,2.160518742495835
2019-09-11,2.152505061077118
2019-09-12,2.1408185704040683
2019-09-13,2.1411524702288576
2019-09-16,2.149166068223936
2019-09-17,2.2533436983552924
2019-09-18,2.268036679241936
2019-09-19,2.263027646733662
2019-09-20,2.255347159680217
2019-09-23,2.2466649294311782
2019-09-24,2.241322058029249
2019-09-25,2.2363131435346255
2019-09-26,2.2269632005500397
2019-09-27,2.2149419539622275
2019-09-30,2.222288208931929
2019-10-01,2.2146079827845626
2019-10-02,2.2052582062952424
2019-10-03,2.1965763304456503
2019-10-04,2.187560598041608
2019-10-07,2.1785449347959784
2019-10-08,2.1701971602044123
2019-10-09,2.160179913025613
2019-10-10,2.1511644572490067
2019-10-11,2.142149068160252
2019-10-15,2.1368066607366636
2019-10-16,2.1327998738314995
2019-10-17,2.124118540254738
2019-10-18,2.1131000030452207
2019-10-21,2.1034171177266026
2019-10-22,2.0950698622534847
2019-10-23,2.086054893024717
2019-10-24,2.076372222573027
2019-10-25,2.064352467763582
2019-10-28,2.0516650739277513
2019-10-29,2.030964935178377
2019-10-30,1.9164572170728347
2019-10-31,1.8900842467491574
2019-11-01,1.8777324135503888
2019-11-04,1.8677174904828342
2019-11-05,1.858704131331368
2019-11-06,1.8456849703174478
2019-11-07,1.8306630425317216
2019-11-08,1.8209823215370124
2019-11-12,1.8126369318492355
2019-11-13,1.7865998724052035
2019-11-14,1.77658570382098
2019-11-15,1.7679068219112322
2019-11-18,1.758560397715181
2019-11-19,1.7502154355527488
2019-11-20,1.7415367367224968
2019-11-21,1.732524310915399
2019-11-22,1.7235119517729194
2019-11-25,1.713832082072945
2019-11-26,1.7034847173609626
2019-11-27,1.6884645385175052
2019-11-29,1.6751134513199872
2019-12-02,1.6644326693435776
2019-12-03,1.6534181883693895
2019-12-04,1.6427375702542415
2019-12-05,1.632057048698173
2019-12-06,1.621376620775953
2019-12-09,1.6113638046347911
2019-12-10,1.6016848232776972
2019-12-11,1.5923396690249965
2019-12-12,1.5829945838966686
2019-12-13,1.5736495730137579
2019-12-16,1.5689770957343991
2019-12-17,1.5676421007627783
2019-12-18,1.5666408550832862
2019-12-19,1.5649721145684672
2019-12-20,1.5636371236199837
2019-12-23,1.5623021337683265
2019-12-24,1.5609671453798248
2019-12-26,1.5592984121802433
2019-12-27,1.5579634274488199
2019-12-30,1.5566284445474217
2019-12-31,1.5552934634733468
2020-01-02,1.554625973119609
2020-01-03,1.5539584833145548
2020-01-06,1.5532909938742085
2020-01-07,1.552623504983086
2020-01-08,1.5516222721950856
2020-01-09,1.5512885280245414
2020-01-10,1.5516222722861275
2020-01-13,1.5512885280234607
2020-01-14,1.5479510954557165
2020-01-15,1.5456148977772328
2020-01-16,1.5456148977783135
2020-01-17,1.545614897777773
2020-01-21,1.545281155160616
2020-01-22,1.5449474126363918
2020-01-23,1.544279927951301
2020-01-24,1.5436124434496452
2020-01-27,1.543278701289319
2020-01-28,1.543278701289589
2020-01-29,1.5429449592211153
2020-01-30,1.54160999423986
2020-01-31,1.5436124439056655
2020-02-03,1.5456148974122543
2020-02-04,1.5479510970099142
2020-02-05,1.5499535576483054
2020-02-06,1.5522897662077928
2020-02-07,1.5542922345258594
2020-02-10,1.5562947061365664
2020-02-11,1.5579634347643274
2020-02-12,1.5589646730380804
2020-02-13,1.5596321655868217
2020-02-14,1.5609671517803199
2020-02-18,1.5626358858935632
2020-02-19,1.5639708750149934
2020-02-20,1.565305865229738
2020-02-21,1.5663071092648009
2020-02-24,1.567308354122754
2020-02-25,1.5686433483622566
2020-02-26,1.5699783444312443
2020-02-27,1.570979592304659
2020-02-28,1.5723145902017805
2020-03-02,1.5736495899291971
2020-03-03,1.5769870938157773
2020-03-04,1.566640803421145
2020-03-05,1.5526233677422858
2020-03-06,1.5379386040964484
2020-03-09,1.5232540134414663
2020-03-10,1.5092370731458415
2020-03-11,1.4965552254693684
2020-03-12,1.485542156614239
2020-03-13,1.4695233141361044
2020-03-16,1.4248046581164149
2020-03-17,1.389765196961601
2020-03-18,1.3397102775112486
2020-03-19,1.2886563437865095
2020-03-20,1.2369372063278075
2020-03-23,1.1848865931207448
2020-03-24,1.1325045609277051
2020-03-25,1.0801247817834498
2020-03-26,1.028080856148339
2020-03-27,0.9760391547603257
2020-03-30,0.9236661054806731
2020-03-31,0.8706281940166167
2020-04-01,0.8179261356705214
2020-04-02,0.7648928302114055
2020-04-03,0.7125288627229535
2020-04-06,0.6601671475052417
2020-04-07,0.6074741991314895
2020-04-08,0.5551170025070624
2020-04-09,0.5027620578621494
2020-04-13,0.45007593732579637
2020-04-14,0.39905929349787944
2020-04-15,0.34537743649590463
2020-04-16,0.3053674299034248
2020-04-17,0.26902609250945375
2020-04-20,0.23301921742388357
2020-04-21,0.1970133978523858
2020-04-22,0.1603419090106047
2020-04-23,0.12233809845204242
2020-04-24,0.0833354592077821
2020-04-27,0.047667424483432974
2020-04-28,0.03933382402404595
2020-04-29,0.02166684758262057
2020-04-30,0.019666817446006846
2020-05-01,0.018666802924897453
2020-05-04,0.01900014100710834
2020-05-05,0.02000015607555028
2020-05-06,0.02133351096113382
2020-05-07,0.02266686730825196
2020-05-08,0.02433356456798726
2020-05-11,0.026000264112417217
2020-05-12,0.02766696593965075
2020-05-13,0.02866698840518674
2020-05-14,0.02900032950177896
2020-05-15,0.030333694250154565
2020-05-18,0.03133371890799245
2020-05-19,0.03233374438682916
2020-05-20,0.03233374438763962
2020-05-21,0.03266708648839526
2020-05-22,0.0336671130640583
2020-05-26,0.03500048256147581
2020-05-27,0.035000482562016114
2020-05-28,0.036000510506820994
2020-05-29,0.03700053927532624
2020-06-01,0.03800056886429
2020-06-02,0.03966728667385011
2020-06-03,0.04133400722196404
2020-06-04,0.04333407462041583
2020-06-05,0.04533414530610476
2020-06-08,0.04666752722548573
2020-06-09,0.04833425644960402
2020-06-10,0.050334335355006754
2020-06-11,0.05266776458141923
2020-06-12,0.05400115417210083
2020-06-15,0.05600124129586659
2020-06-16,0.057334634172974866
2020-06-17,0.05866802851242821
2020-06-18,0.06000142431314599
2020-06-19,0.06133482157512822
2020-06-22,0.06200152075372204
2020-06-23,0.06233487052577831
2020-06-24,0.06300157025251514
2020-06-25,0.06466832139587023
2020-06-26,0.06666842660403294
2020-06-29,0.0676684800303288
2020-06-30,0.06966858907387166
2020-07-01,0.07200205346194291
2020-07-02,0.07533558314796925
2020-07-06,0.07800241347223716
2020-07-07,0.08000253950389094
2020-07-08,0.08133595831932108
2020-07-09,0.08266937859547537
2020-07-10,0.08400280033370455
2020-07-13,0.08533622353292802
2020-07-14,0.08700300435732222
2020-07-15,0.0890031435414366
2020-07-16,0.09100328655931023
2020-07-17,0.09267007469191771
2020-07-20,0.09433686510759894
2020-07-21,0.09567029926563034
2020-07-22,0.09633701689278906
2020-07-23,0.09733709415614689
2020-07-24,0.09800381269723749
2020-07-27,0.09867053160384683
2020-07-28,0.09900389114738302
2020-07-29,0.09900389114846364
2020-07-30,0.09933725078385228
2020-07-31,0.09967061051055306
2020-08-03,0.10000397032883615
2020-08-04,0.10033733032974353
2020-08-05,0.10100405069761731
2020-08-06,0.10133741097273126
2020-08-07,0.10133741097219096
2020-08-10,0.1016707713383469
2020-08-11,0.10233749225382338
2020-08-12,0.10200413179527468
2020-08-13,0.10133741124612738
2020-08-14,0.10067069106114804
2020-08-17,0.10067069106087789
2020-08-18,0.10033733105943021
2020-08-19,0.10000397114929467
2020-08-20,0.09900389169417526
2020-08-21,0.0980038130616756
2020-08-24,0.09733709452139545
2020-08-25,0.0963370175317039
2020-08-26,0.09433686629303586
2020-08-27,0.09267007587816511
2020-08-28,0.09100328774609792
2020-08-31,0.09000321623648573
2020-09-01,0.0893365022620829
2020-09-02,0.08900314536578838
2020-09-03,0.08900314536605854
2020-09-04,0.08866978856161647
2020-09-08,0.08833643184794626
2020-09-09,0.08800307522585833
2020-09-10,0.08800307522558817
2020-09-11,0.08766971869670348
2020-09-14,0.08733636225696968
2020-09-15,0.08733636225669952
2020-09-16,0.08766971869616316
2020-09-17,0.08800307522585833
2020-09-18,0.08800307522612849
2020-09-21,0.08766971860404056
2020-09-22,0.08700300554383977
2020-09-23,0.08566958051783313
2020-09-24,0.0850028685536482
2020-09-25,0.08466951275336956
2020-09-28,0.0843361570454837
2020-09-29,0.0833360904686183
2020-09-30,0.08300273512463022
2020-10-01,0.08266937987249459
2020-10-02,0.0836694459028379
2020-10-05,0.08433615713652567
2020-10-06,0.08500286855391836
2020-10-07,0.08533622444442852
2020-10-08,0.08566958051891374
2020-10-09,0.0863362928491577
2020-10-13,0.08700300554356961
2020-10-14,0.08700300554410992
2020-10-15,0.08733636189199126
2020-10-16,0.08733636189172111
2020-10-19,0.08700300554492038
2020-10-20,0.08666964919703904
2020-10-21,0.08600293668390065
2020-10-22,0.08533622453628098
2020-10-23,0.08500286864577081
2020-10-26,0.08500286864577081
2020-10-27,0.0850028686452305
2020-10-28,0.08433615722837813
2020-10-29,0.08400280170257624
2020-10-30,0.08366944626727602
2020-11-02,0.08433615713679583
2020-11-03,0.08500286855391836
2020-11-04,0.08600293650154651
2020-11-05,0.0876697182398726
2020-11-06,0.0886697883800728
2020-11-09,0.0893365021710409
2020-11-10,0.09000321632806803
2020-11-12,0.09066993103269785
2020-11-13,0.09100328847659507
2020-11-16,0.09167000354701378
2020-11-17,0.09133664601153427
2020-11-18,0.09066993094138572
2020-11-19,0.08933650189737463
2020-11-20,0.08800307394937941
2020-11-23,0.0870030038091792
2020-11-24,0.08633629111476729
2020-11-25,0.08600293494924008
2020-11-27,0.08566957887556532
2020-11-30,0.0853362229842447
2020-12-01,0.08500286709319423
2020-12-02,0.0846695112934559
2020-12-03,0.08466951129291558
2020-12-04,0.08533622307528668
2020-12-07,0.08566957914950175
2020-12-08,0.0853362230763673
2020-12-09,0.08500286718423622
2020-12-10,0.08466951138449788
2020-12-11,0.0846695113850382
2020-12-14,0.0843361556760717
2020-12-15,0.08433615567688216
2020-12-16,0.08366944480736234
2020-12-17,0.08333608946418472
2020-12-18,0.08300273421258941
2020-12-21,0.08233602407302643
2020-12-22,0.08133595914004976
2020-12-23,0.08000254032434946
2020-12-24,0.07933583164821215
2020-12-28,0.079335831647942
2020-12-29,0.07966918589537389
2020-12-30,0.07933583164686138
2020-12-31,0.07866912315280805
2021-01-04,0.07966918589483359
2021-01-05,0.08133595895823593
2021-01-06,0.08300273476019211
2021-01-07,0.08466951284630264
2021-01-08,0.08533622462840358
2021-01-11,0.0856695806107662
2021-01-12,0.0856695806107662
2021-01-13,0.08533622462867374
2021-01-14,0.08533622462813342
2021-01-15,0.08533622462867374
2021-01-19,0.08500286864604097
2021-01-20,0.08400280124628567
2021-01-21,0.08266937877647873
2021-01-22,0.08200266809201458
2021-01-25,0.08133595795326205
2021-01-26,0.07966918352017756
2021-01-27,0.07800241137151756
2021-01-28,0.0766689954786163
2021-01-29,0.0756689349286225
2021-02-01,0.07500222844397664
2021-02-02,0.07433552232349872
2021-02-03,0.07366881656907982
2021-02-04,0.07233540579154965
2021-02-05,0.07066864323093483
2021-02-08,0.06933523464408564
2021-02-09,0.06833517984864793
2021-02-10,0.0673351261492261
2021-02-11,0.06600172267720768
2021-02-12,0.06466832030012451
2021-02-16,0.0643349698896937
2021-02-17,0.0630015697057229
2021-02-18,0.060334772989726705
2021-02-19,0.057667981388291135
2021-02-22,0.05533454385274379
2021-02-23,0.05266776248069963
2021-02-24,0.050334333894552774
2021-02-25,0.04866760193025972
2021-02-26,0.046334180375688185
2021-03-01,0.04433410859317292
2021-03-02,0.043000729597401456
2021-03-03,0.04200069617224707
2021-03-04,0.04066731900217816
2021-03-05,0.04000063078239228
2021-03-08,0.03900059927452274
2021-03-09,0.03766722539331191
2021-03-10,0.03733388201364596
2021-03-11,0.03666719543828911
2021-03-12,0.0356671663966579
2021-03-15,0.034000453611156736
2021-03-16,0.03200040155611668
2021-03-17,0.03000035278885408
2021-03-18,0.028000307308558476
2021-03-19,0.02666694511665272
2021-03-22,0.026333604660596272
2021-03-23,0.02600026429477135
2021-03-24,0.02466690429462718
2021-03-25,0.0230002065775207
2021-03-26,0.02133351114348795
2021-03-29,0.0200001562573641
2021-03-30,0.018333464932647942
2021-03-31,0.01666677589208613
2021-04-01,0.0160001006413261
2021-04-05,0.015666763106988075
2021-04-06,0.01500008840383075
2021-04-07,0.015000088403560596
2021-04-08,0.014666751143429153
2021-04-09,0.01400007698841484
2021-04-12,0.014000076988144686
2021-04-13,0.013666740002219827
2021-04-14,0.012666729865714228
2021-04-15,0.011666720550477608
2021-04-16,0.011333384203197442
2021-04-19,0.011000047947229419
2021-04-20,0.010666711783113847
2021-04-21,0.010333375710310417
2021-04-22,0.010000039728819132
2021-04-23,0.010000039728819132
2021-04-26,0.010000039728819132
2021-04-27,0.010000039728819132
2021-04-28,0.010000039728819132
2021-04-29,0.010000039728819132
2021-04-30,0.010000039728819132
2021-05-03,0.010000039728819132
2021-05-04,0.010000039728819132
2021-05-05,0.010000039728819132
2021-05-06,0.010000039728819132
2021-05-07,0.010000039728819132
2021-05-10,0.010000039728819132
2021-05-11,0.010000039728819132
2021-05-12,0.010000039728819132
2021-05-13,0.010000039728819132
2021-05-14,0.010000039728819132
2021-05-17,0.010000039728819132
2021-05-18,0.010000039728819132
2021-05-19,0.010000039728819132
2021-05-20,0.010000039728819132
2021-05-21,0.010000039728819132
2021-05-24,0.010000039728819132
2021-05-25,0.010000039728819132
2021-05-26,0.010000039728819132
2021-05-27,0.010000039728819132
2021-05-28,0.010000039728819132
2021-06-01,0.010000039728819132
2021-06-02,0.010000039728819132
2021-06-03,0.010000039728819132
2021-06-04,0.010000039728819132
2021-06-07,0.010000039728819132
2021-06-08,0.010000039728819132
2021-06-09,0.010000039728819132
2021-06-10,0.010000039728819132
2021-06-11,0.010000039728819132
2021-06-14,0.010000039728819132
2021-06-15,0.010000039728819132
2021-06-16,0.010000039728819132
2021-06-17,0.011333383655864893
2021-06-18,0.01266672904390494
2021-06-21,0.014000075893209432
2021-06-22,0.015333424203778367
2021-06-23,0.016666773975341588
2021-06-24,0.018000125208169255
2021-06-25,0.019333477902261365
2021-06-28,0.020666832057617913
2021-06-29,0.02200018767423891
2021-06-30,0.02333354475185419
2021-07-01,0.02466690329046376
2021-07-02,0.02600026329060793
2021-07-06,0.02733362475201654
2021-07-07,0.02866698767495975
2021-07-08,0.03000035205835694
2021-07-09,0.03133371790301857
2021-07-12,0.0326670852092148
2021-07-13,0.03400045397667546
2021-07-14,0.03533382420567073
2021-07-15,0.03666719589566029
2021-07-16,0.03800056904664413
2021-07-19,0.039333943659162575
2021-07-20,0.04066731973294546
2021-07-21,0.04200069726772263
2021-07-22,0.043334076264034405
2021-07-23,0.04466745672107031
2021-07-26,0.04600083863991096
2021-07-27,0.04733422201974591
2021-07-28,0.04866760686030498
2021-07-29,0.05000099316320912
2021-07-30,0.05000099316320912
2021-08-02,0.05000099316320912
2021-08-03,0.05000099316320912
2021-08-04,0.05000099316320912
2021-08-05,0.05000099316320912
2021-08-06,0.05000099316320912
2021-08-09,0.05000099316320912
2021-08-10,0.05000099316320912
2021-08-11,0.05000099316320912
2021-08-12,0.05000099316320912
2021-08-13,0.05000099316320912
2021-08-16,0.05000099316320912
2021-08-17,0.05000099316320912
2021-08-18,0.05000099316320912
2021-08-19,0.05000099316320912
2021-08-20,0.05000099316320912
2021-08-23,0.05000099316320912
2021-08-24,0.05000099316320912
2021-08-25,0.05000099316320912
2021-08-26,0.05000099316320912
2021-08-27,0.05000099316320912
2021-08-30,0.05000099316320912
2021-08-31,0.05000099316320912
2021-09-01,0.05000099316320912
2021-09-02,0.05000099316320912
2021-09-03,0.05000099316320912
2021-09-07,0.05000099316320912
2021-09-08,0.05000099316320912
2021-09-09,0.05000099316320912
2021-09-10,0.05000099316320912
2021-09-13,0.05000099316320912
2021-09-14,0.05000099316320912
2021-09-15,0.05000099316320912
2021-09-16,0.05000099316320912
2021-09-17,0.05000099316320912
2021-09-20,0.05000099316320912
2021-09-21,0.05000099316320912
2021-09-22,0.05000099316320912
2021-09-23,0.05000099316320912
2021-09-24,0.05000099316320912
2021-09-27,0.05000099316320912
2021-09-28,0.05000099316320912
2021-09-29,0.05000099316320912
2021-09-30,0.05000099316320912
2021-10-01,0.05000099316320912
2021-10-04,0.05000099316320912
2021-10-05,0.05000099316320912
2021-10-06,0.05000099316320912
2021-10-07,0.05000099316320912
2021-10-08,0.05000099316320912
2021-10-12,0.05000099316320912
2021-10-13,0.05000099316320912
2021-10-14,0.05000099316320912
2021-10-15,0.05000099316320912
2021-10-18,0.05000099316320912
2021-10-19,0.04933430001202721
2021-10-20,0.04866760722609387
2021-10-21,0.0480009148059494
2021-10-22,0.04800091480567925
2021-10-25,0.04766756877796115
2021-10-26,0.047667568777690995
2021-10-27,0.04766756877796115
2021-10-28,0.04766756877796115
2021-10-29,0.04766756877796115
2021-11-01,0.04766756877796115
2021-11-02,0.04766756877796115
2021-11-03,0.047667568777690995
2021-11-04,0.04766756877742084
2021-11-05,0.047667568777690995
2021-11-08,0.047667568777690995
2021-11-09,0.04766756877742084
2021-11-10,0.047667568777690995
2021-11-12,0.04766756877742084
2021-11-15,0.047667568777690995
2021-11-16,0.04766756877742084
2021-11-17,0.047667568777690995
2021-11-18,0.047667568777690995
2021-11-19,0.047667568777690995
2021-11-22,0.047667568777690995
2021-11-23,0.04766756877742084
2021-11-24,0.047667568777690995
2021-11-26,0.04766756877742084
2021-11-29,0.04766756877742084
2021-11-30,0.04766756877742084
2021-12-01,0.047667568777690995
2021-12-02,0.04833426101575148
2021-12-03,0.04900095361879038
2021-12-06,0.049667646587077854
2021-12-07,0.049667646587077854
2021-12-08,0.05000099316320912
2021-12-09,0.05000099316320912
2021-12-10,0.05000099316320912
2021-12-13,0.05000099316320912
2021-12-14,0.05000099316320912
2021-12-15,0.05000099316320912
2021-12-16,0.05000099316320912
2021-12-17,0.05000099316320912
2021-12-20,0.049667646587618165
2021-12-21,0.04966764658734801
2021-12-22,0.04966764658734801
2021-12-23,0.04966764658734801
2021-12-27,0.04966764658734801
2021-12-28,0.04966764658734801
2021-12-29,0.04966764658734801
2021-12-30,0.04966764658734801
2021-12-31,0.04966764658734801
2022-01-03,0.04966764658734801
2022-01-04,0.04966764658734801
2022-01-05,0.049667646587077854
2022-01-06,0.049667646587077854
2022-01-07,0.049667646587077854
2022-01-10,0.049667646587077854
2022-01-11,0.049667646587077854
2022-01-12,0.049667646587077854
2022-01-13,0.049667646587077854
2022-01-14,0.049667646587077854
2022-01-18,0.049667646587077854
2022-01-19,0.049667646587077854
2022-01-20,0.049334300102528886
2022-01-21,0.049334300102528886
2022-01-24,0.049000953709562214
2022-01-25,0.049000953710102525
2022-01-26,0.04866760740817784
2022-01-27,0.04833426119783546
2022-01-28,0.04833426119810561
2022-01-31,0.04833426119810561
2022-02-01,0.04833426119729515
2022-02-02,0.048667607408448
2022-02-03,0.04866760740790769
2022-02-04,0.048667607407637536
2022-02-07,0.048667607407637536
2022-02-08,0.048667607407637536
2022-02-09,0.04833426119729515
2022-02-10,0.0483342611975653
2022-02-11,0.04833426119729515
2022-02-14,0.04833426119729515
2022-02-15,0.0483342611975653
2022-02-16,0.0483342611975653
2022-02-17,0.04833426119783546
2022-02-18,0.04833426119783546
2022-02-22,0.04833426119783546
2022-02-23,0.04833426119810561
2022-02-24,0.048334261198375764
2022-02-25,0.04833426119810561
2022-02-28,0.04833426119783546
2022-03-01,0.04833426119783546
2022-03-02,0.04833426119810561
2022-03-03,0.04833426119810561
2022-03-04,0.04866760740817784
2022-03-07,0.04866760740817784
2022-03-08,0.04900095370983237
2022-03-09,0.04900095370983237
2022-03-10,0.049334300102528886
2022-03-11,0.049667646587077854
2022-03-14,0.049667646587077854
2022-03-15,0.049667646587077854
2022-03-16,0.04966764658734801
2022-03-17,0.058001308693778064
2022-03-18,0.06633502788029322
2022-03-21,0.07433545309619705
2022-03-22,0.08200257767543295
2022-03-23,0.08933639522452999
2022-03-24,0.09700361643065387
2022-03-25,0.10467088384963721
2022-03-28,0.1123381995835504
2022-03-29,0.12000556363131279
2022-03-30,0.1273396102388117
2022-03-31,0.13534043658085526
2022-04-01,0.143674685486402
2022-04-04,0.15200899147608618
2022-04-05,0.16034335454936746
2022-04-06,0.16867777470786677
2022-04-07,0.17701225195131398
2022-04-08,0.18534678628024936
2022-04-11,0.19368137769467292
2022-04-12,0.20168264025535546
2022-04-13,0.20968395542750132
2022-04-14,0.21768532321057021
2022-04-18,0.22568674360537258
2022-04-19,0.23335482190320148
2022-04-20,0.24068955171166656
2022-04-21,0.24769092690961242
2022-04-22,0.25502574312719073
2022-04-25,0.26236060355308377
2022-04-26,0.2696955081910738
2022-04-27,0.27736386380415123
2022-04-28,0.2850322677389124
2022-04-29,0.2843654503702571
2022-05-02,0.2843654503705273
2022-05-03,0.2846988589632726
2022-05-04,0.2853656765129312
2022-05-05,0.30270294708251894
2022-05-06,0.31970705084635176
2022-05-09,0.336377969175942
2022-05-10,0.3530491158712586
2022-05-11,0.36972049093662396
2022-05-12,0.3870589632642455
2022-05-13,0.4037307996477427
2022-05-16,0.4204028598421653
2022-05-17,0.4370751484201444
2022-05-18,0.45341421504307605
2022-05-19,0.4697535010118233
2022-05-20,0.4857595470351398
2022-05-23,0.5017658035483448
2022-05-24,0.5177722705522487
2022-05-25,0.5341124249745791
2022-05-26,0.5504527987567731
2022-05-27,0.5667933919007218
2022-05-31,0.5834676903794578
2022-06-01,0.6008092030991397
2022-06-02,0.6181509676239427
2022-06-03,0.6354929839595402
2022-06-06,0.6525017376324345
2022-06-07,0.6691772193255452
2022-06-08,0.6855194152464161
2022-06-09,0.7011947889007348
2022-06-10,0.7168703643994652
2022-06-13,0.7318790873919252
2022-06-14,0.7448868005576277
2022-06-15,0.7582281873790175
2022-06-16,0.7965850948310038
2022-06-17,0.818599022369837
2022-06-21,0.8409469044699561
2022-06-22,0.863295196783124
2022-06-23,0.8853103365925041
2022-06-24,0.9079930119864705
2022-06-27,0.9316768283743393
2022-06-28,0.9560282681858341
2022-06-29,0.9797130124485279
2022-06-30,1.0030646229826152
2022-07-01,1.02741749051836
2022-07-05,1.0524380602957795
2022-07-06,1.0777927655821935
2022-07-07,1.1031479987894923
2022-07-08,1.1281701314944583
2022-07-11,1.1531927783419011
2022-07-12,1.1785495814891411
2022-07-13,1.2035732635093905
2022-07-14,1.2282637969890153
2022-07-15,1.252954824269851
2022-07-18,1.2779800282752274
2022-07-19,1.3033394296768086
2022-07-20,1.3283656758163267
2022-07-21,1.3537261332693173
2022-07-22,1.3790871257131299
2022-07-25,1.4051160617744325
2022-07-26,1.4311455540601425
2022-07-27,1.45784305435002
2022-07-28,1.5109055572904724
2022-07-29,1.5633028753793945
2022-08-01,1.5910039906700553
2022-08-02,1.6193732477836398
2022-08-03,1.6474094017870922
2022-08-04,1.6754462009794542
2022-08-05,1.7034836530579613
2022-08-08,1.730854161615225
2022-08-09,1.7572238735847567
2022-08-10,1.7825927392330465
2022-08-11,1.8082959479420215
2022-08-12,1.8343335209414853
2022-08-15,1.8600378140829266
2022-08-16,1.8850749776740838
2022-08-17,1.9101126557067785
2022-08-18,1.9348170056248744
2022-08-19,1.9598557125714418
2022-08-22,1.9848949339906143
2022-08-23,2.0092669369233667
2022-08-24,2.0339733037762264
2022-08-25,2.059014048094998
2022-08-26,2.0837214167079843
2022-08-29,2.1084292862167024
2022-08-30,2.133471553528006
2022-08-31,2.1588482460955127
2022-09-01,2.1842254670323595
2022-09-02,2.209937141147744
2022-09-06,2.235315425808382
2022-09-07,2.2603603071199685
2022-09-08,2.2854057030322132
2022-09-09,2.2854057030322132
2022-09-12,2.2857396417362543
2022-09-13,2.285739641735714
2022-09-14,2.2847378261738953
2022-09-15,2.2844038878359134
2022-09-16,2.2837360113433847
2022-09-19,2.2834020731888374
2022-09-20,2.2827341970626374
2022-09-21,2.2813984459076044
2022-09-22,2.3051080094253753
2022-09-23,2.328818034114314
2022-09-26,2.3525285199838764
2022-09-27,2.3755715467281835
2022-09-28,2.3986150090522145
2022-09-29,2.4209909678959822
2022-09-30,2.444369270848941
2022-10-03,2.4684159864485355
2022-10-04,2.4937991313598085
2022-10-05,2.5195168075109646
2022-10-06,2.5455690290059487
2022-10-07,2.5712877901752655
2022-10-11,2.5970070938718983
2022-10-12,2.6223929161300377
2022-10-13,2.6474452291400032
2022-10-14,2.6724980568924583
2022-10-17,2.697885443964361
2022-10-18,2.7229393080937006
2022-10-19,2.747993686995246
2022-10-20,2.7730485875460453
2022-10-21,2.797769930686648
2022-10-24,2.822157696018246
2022-10-25,2.846880034733253
2022-10-26,2.871936967068115
2022-10-27,2.897662619878786
2022-10-28,2.9233888083124397
2022-10-31,2.94944965996012
2022-11-01,2.9755110684905732
2022-11-02,3.0019071689078762
2022-11-03,3.053698121230423
2022-11-04,3.0807636710791786
2022-11-07,3.1071615215009967
2022-11-08,3.1335599432269636
2022-11-09,3.1602931080615697
2022-11-10,3.18702685877974
2022-11-14,3.2147637482169866
2022-11-15,3.2421670663275797
2022-11-16,3.269236790880255
2022-11-17,3.2946360805464647
2022-11-18,3.3200358990293903
2022-11-21,3.345102024377966
2022-11-22,3.370168664740536
2022-11-23,3.3949015913908345
2022-11-25,3.420303497419556
2022-11-28,3.4457059323219963
2022-11-29,3.4714431456311625
2022-11-30,3.497180894792673
2022-12-01,3.5232534575460717
2022-12-02,3.548992306653657
2022-12-05,3.5750659836602305
2022-12-06,3.601140224955046
2022-12-07,3.6275493229291946
2022-12-08,3.6536246856927357
2022-12-09,3.679366291920231
2022-12-12,3.7047741205555873
2022-12-13,3.7298481508250214
2022-12-14,3.7549226962697317
2022-12-15,3.797383132274497
2022-12-16,3.839845045545483
2022-12-19,3.8565625723749255
2022-12-20,3.873280328186316
2022-12-21,3.8906670419034577
2022-12-22,3.9080540032958724
2022-12-23,3.9254412123670717
2022-12-27,3.9428286691216488
2022-12-28,3.959881989957677
2022-12-29,3.9766011609576193
2022-12-30,3.992986168474092
2023-01-03,4.010040185396905
2023-01-04,4.026760043423198
2023-01-05,4.0438145322061025
2023-01-06,4.060869259259129
2023-01-09,4.07825864043522
2023-01-10,4.095313848711886
2023-01-11,4.112034874749352
2023-01-12,4.128421700227106
2023-01-13,4.144474311774944
2023-01-17,4.160861568206301
2023-01-18,4.177249049097224
2023-01-19,4.193971192836924
2023-01-20,4.210693570204416
2023-01-23,4.227416176621124
2023-01-24,4.244139012091641
2023-01-25,4.261196537907778
2023-01-26,4.277919836073133
2023-01-27,4.294643363302564
2023-01-30,4.31136711959769
2023-01-31,4.311032644654174
2023-02-01,4.310698169804131
2023-02-02,4.319394518312854
2023-02-03,4.3277564514357305
2023-02-06,4.336118441824828
2023-02-07,4.344480489480958
2023-02-08,4.3528425944060105
2023-02-09,4.361204756597554
2023-02-10,4.369566976057482
2023-02-13,4.377929252786872
2023-02-14,4.386291586784914
2023-02-15,4.394319480203334
2023-02-16,4.402681926449937
2023-02-17,4.410709927628032
2023-02-21,4.418737981586976
2023-02-22,4.426766088326231
2023-02-23,4.434794247846877
2023-02-24,4.4431569712844565
2023-02-27,4.4515197519955505
2023-02-28,4.45988258997935
2023-03-01,4.467910967227047
2023-03-02,4.476273917465349
2023-03-03,4.484302402478124
2023-03-06,4.4926654649739
2023-03-07,4.501028584744811
2023-03-08,4.509391761789509
2023-03-09,4.51742046453798
2023-03-10,4.525783753843663
2023-03-13,4.534147100424483
2023-03-14,4.54251050428206
2023-03-15,4.551543039832388
2023-03-16,4.560241101364477
2023-03-17,4.559906560443886
2023-03-20,4.559906560443886
2023-03-21,4.559906560443617
2023-03-22,4.559906560443886
2023-03-23,4.568270083437604
2023-03-24,4.576633663708892
2023-03-27,4.585331846759614
2023-03-28,4.595033735416538
2023-03-29,4.604401150604449
2023-03-30,4.6134340845347985
2023-03-31,4.624139863190912
2023-04-03,4.633842060147079
2023-04-04,4.643209773006363
2023-04-05,4.651908430238612
2023-04-06,4.66060714942615
2023-04-10,4.669305930570329
2023-04-11,4.677670202780993
2023-04-12,4.6860345322740855
2023-04-13,4.694398919050691
2023-04-14,4.702763363110806
2023-04-17,4.711127864454164
2023-04-18,4.719492423081032
2023-04-19,4.727857038992492
2023-04-20,4.736221712189085
2023-04-21,4.744586442670269
2023-04-24,4.752951230437126
2023-04-25,4.761316075489386
2023-04-26,4.769680977828939
2023-04-27,4.777376734360179
2023-04-28,4.785407141797489
2023-05-01,4.794106811816752
2023-05-02,4.802806543798599
2023-05-03,4.811506337742218
2023-05-04,4.828571439716326
2023-05-05,4.837271357586732
2023-05-08,4.845971337422424
2023-05-09,4.854336759937809
2023-05-10,4.861698376116729
2023-05-11,4.869060038677357
2023-05-12,4.876756370755249
2023-05-15,4.883114241646628
2023-05-16,4.8901414044557425
2023-05-17,4.8975032384314146
2023-05-18,4.9055343828406555
2023-05-19,4.913565580052359
2023-05-22,4.921596830063823
2023-05-23,4.929962772785568
2023-05-24,4.938328772801088
2023-05-25,4.947029472402316
2023-05-26,4.955730233974231
2023-05-30,4.964431057514673
2023-05-31,4.973801241910817
2023-06-01,4.983171498178803
2023-06-02,4.992207171742517
2023-06-05,5.000908255085186
2023-06-06,5.009274740963976
2023-06-07,5.017641284140865
2023-06-08,5.026007884614232
2023-06-09,5.034039873874758
2023-06-12,5.04207191594234
2023-06-13,5.050104010815626
2023-06-14,5.058136158495966
2023-06-15,5.066503034003129
2023-06-16,5.0661683589833615
2023-06-20,5.065833684054096
2023-06-21,5.0654990092172225
2023-06-22,5.065164334472201
2023-06-23,5.064829659818222
2023-06-26,5.064829659817412
2023-06-27,5.064829659817952
2023-06-28,5.064829659818493
2023-06-29,5.065164334471661
2023-06-30,5.066503033453635
2023-07-03,5.066837708566067
2023-07-05,5.06717238377008
2023-07-06,5.067507059065135
2023-07-07,5.067841734452042
2023-07-10,5.068176409930802
2023-07-11,5.068176409930802
2023-07-12,5.067841734452312
2023-07-13,5.067841734451232
2023-07-14,5.066837708840813
2023-07-17,5.0661683589833615
2023-07-18,5.065833684145948
2023-07-19,5.065499009310155
2023-07-20,5.065833684146488
2023-07-21,5.065833684147028
2023-07-24,5.065833684146758
2023-07-25,5.066168359075754
2023-07-26,5.066503034096333
2023-07-27,5.075204587007375
2023-07-28,5.083571524397968
2023-07-31,5.091938516798181
2023-08-01,5.100640250868194
2023-08-02,5.109007362452637
2023-08-03,5.117374531338692
2023-08-04,5.125741757523928
2023-08-07,5.134109041012936
2023-08-08,5.142476381804095
2023-08-09,5.150843779896597
2023-08-10,5.1588765348759
2023-08-11,5.166909342666851
2023-08-14,5.173938089916978
2023-08-15,5.181970996728653
2023-08-16,5.190003956351708
2023-08-17,5.1980369687882995
2023-08-18,5.206070034035188
2023-08-21,5.214103152096698
2023-08-22,5.222136322970394
2023-08-23,5.2305042666045924
2023-08-24,5.238537545306854
2023-08-25,5.246905601262012
2023-08-28,5.254938987793918
2023-08-29,5.262972427139903
2023-08-30,5.27134065043429
2023-08-31,5.279708928745323
2023-09-01,5.288412000173252
2023-09-05,5.297115133588618
2023-09-06,5.305148850218514
2023-09-07,5.31351736005959
2023-09-08,5.3131826196660015
2023-09-11,5.3131826196665415
2023-09-12,5.312847879364265
2023-09-13,5.3125131391533
2023-09-14,5.31251313915357
2023-09-15,5.312847879363995
2023-09-18,5.3131826196660015
2023-09-19,5.31351736006013
2023-09-20,5.31351736005986
2023-09-21,5.3135173600604
2023-09-22,5.3135173600604
2023-09-25,5.313852100546113
2023-09-26,5.314186841122866
2023-09-27,5.314856322460618
2023-09-28,5.315191063312389
2023-09-29,5.315525804256822
2023-10-02,5.316195286328584
2023-10-03,5.317199509985045
2023-10-04,5.317868992972629
2023-10-05,5.318538476327895
2023-10-06,5.318873218188961
2023-10-10,5.31920796014161
2023-10-11,5.319542702186112
2023-10-12,5.319877444321926
2023-10-13,5.320212186550133
2023-10-16,5.320212186549862
2023-10-17,5.320212186549862
2023-10-18,5.319877444322466
2023-10-19,5.319877444322466
2023-10-20,5.319542702185842
2023-10-23,5.319542702185032
2023-10-24,5.319542702185571
2023-10-25,5.319542702185842
2023-10-26,5.319877444322197
2023-10-27,5.320212186549862
2023-10-30,5.320212186550133
2023-10-31,5.3215511554599875
2023-11-01,5.321885898054253
2023-11-02,5.322890126387895
2023-11-03,5.32355961249414
2023-11-06,5.324229098967255
2023-11-07,5.32456384229472
2023-11-08,5.3248985857143065
2023-11-09,5.3248985857148465
2023-11-10,5.325233329226826
2023-11-13,5.3255680728293076
2023-11-14,5.3255680728293076
2023-11-15,5.32523332931868
2023-11-16,5.325233329318409
2023-11-17,5.325233329318949
2023-11-20,5.325233329318409
2023-11-21,5.325233329318409
2023-11-22,5.325233329318409
2023-11-24,5.325568072921161
2023-11-27,5.3259028166165745
2023-11-28,5.3262375604022205
2023-11-29,5.326237560402761
2023-11-30,5.327241792311894
2023-12-01,5.330254490515529
2023-12-04,5.332597706007676
2023-12-05,5.333601943145105
2023-12-06,5.334271435119101
2023-12-07,5.334940927461047
2023-12-08,5.335275673723738
2023-12-11,5.335610420078011
2023-12-12,5.335610420078281
2023-12-13,5.3342714357612575
2023-12-14,5.333936689773855
2023-12-15,5.333601943970967
2023-12-18,5.333601943971237
2023-12-19,5.333267198167269
2023-12-20,5.332932452454882
2023-12-21,5.332597706834078
2023-12-22,5.332597706834348
2023-12-26,5.333601943420392
2023-12-27,5.335945164046821
2023-12-28,5.338623135612582
2023-12-29,5.3406316186874445
2024-01-02,5.343309600523661
2024-01-03,5.345652839763988
2024-01-04,5.345987588960284
2024-01-05,5.345987588961635
2024-01-08,5.345987588961365
2024-01-09,5.345652839764259
2024-01-10,5.345318090659545
2024-01-11,5.344983341646143
2024-01-12,5.344983341646414
2024-01-16,5.344648592816718
2024-01-17,5.342305355500699
2024-01-18,5.34029686912401
2024-01-19,5.339627374032433
2024-01-22,5.339292626577552
2024-01-23,5.338957879214523
2024-01-24,5.338623131943616
2024-01-25,5.338623131944157
2024-01-26,5.338957879214793
2024-01-29,5.338957879214793
2024-01-30,5.338957879214793
2024-01-31,5.338957879214793
2024-02-01,5.338957879214793
2024-02-02,5.339292626577281
2024-02-05,5.339292626577552
2024-02-06,5.339292626577822
2024-02-07,5.338957879214523
2024-02-08,5.337618891230695
2024-02-09,5.334940921133224
2024-02-12,5.331928212199872
2024-02-13,5.3295849986347354
2024-02-14,5.326237558935554
2024-02-15,5.323559613778723
2024-02-16,5.322890127672478
2024-02-20,5.322555384711343
2024-02-21,5.32222064184233
2024-02-22,5.321885899064361
2024-02-23,5.32188589906382
2024-02-26,5.32188589906409
2024-02-27,5.321885899064361
2024-02-28,5.321551156470095
2024-02-29,5.321551156469554
2024-03-01,5.321551156469824
2024-03-04,5.321551156469554
2024-03-05,5.321551156469554
2024-03-06,5.321551156470095
2024-03-07,5.321551156469824
2024-03-08,5.32121641396714
2024-03-11,5.320881671556039
2024-03-12,5.320881671556039
2024-03-13,5.320881671555769
2024-03-14,5.320546929237061
2024-03-15,5.320212187008854
2024-03-18,5.319877444872501
2024-03-19,5.319877444872771
2024-03-20,5.319877444872501
2024-03-21,5.319877444872771
2024-03-22,5.31987744487223
2024-03-25,5.319877444872771
2024-03-26,5.320212187008314
2024-03-27,5.320881671463646
2024-03-28,5.32222064147438
2024-04-01,5.323559612584912
2024-04-02,5.324898585529791
2024-04-03,5.325568072737186
2024-04-04,5.326237560310369
2024-04-05,5.326907048250151
2024-04-08,5.326907048249881
2024-04-09,5.326907048250151
2024-04-10,5.326907048250421
2024-04-11,5.326907048250421
2024-04-12,5.3265723042808
2024-04-15,5.326907048250691
2024-04-16,5.326907048250421
2024-04-17,5.326907048250421
2024-04-18,5.326572304188948
2024-04-19,5.3265723041894875
2024-04-22,5.3265723041894875
2024-04-23,5.3265723041892175
2024-04-24,5.326572304188948
2024-04-25,5.3265723041894875
2024-04-26,5.326907048158569
2024-04-29,5.327241792220583
2024-04-30,5.32824602467948
2024-05-01,5.328580769108903
2024-05-02,5.328580769108903
2024-05-03,5.328580769108633
2024-05-06,5.328580769108903
2024-05-07,5.328580769108363
2024-05-08,5.32824602468029
2024-05-09,5.327576536190204
2024-05-10,5.32657230428107
2024-05-13,5.325233329867363
2024-05-14,5.324229099884699
2024-05-15,5.323894356648276
2024-05-16,5.323559613504248
2024-05-17,5.323224870450178
2024-05-20,5.323224870450719
2024-05-21,5.323224870450449
2024-05-22,5.323224870450989
2024-05-23,5.323224870450719
2024-05-24,5.323559613503437
2024-05-28,5.323559613503707
2024-05-29,5.324229099792577
2024-05-30,5.324898586448046
2024-05-31,5.3262375608604025
2024-06-03,5.327576536372558
2024-06-04,5.328246024862644
2024-06-05,5.3289155137193305
2024-06-06,5.329585002943156
2024-06-07,5.330254492533311
2024-06-10,5.330254492534121
2024-06-11,5.330254492533582
2024-06-12,5.32925025842296
2024-06-13,5.328915513811994
2024-06-14,5.328915513811723
2024-06-17,5.3295850030347385
2024-06-18,5.330254492625434
2024-06-20,5.33058923760354
2024-06-21,5.33058923760327
2024-06-24,5.33058923760327
2024-06-25,5.33125872774454
2024-06-26,5.332262963504992
2024-06-27,5.333267200090496
2024-06-28,5.333936691698433
2024-07-01,5.336949405583172
2024-07-02,5.33828839283218
2024-07-03,5.338957887191638
2024-07-05,5.339292634554937
2024-07-08,5.339627382009278
2024-07-09,5.340631624646508
2024-07-10,5.341301120105764
2024-07-11,5.34197061593108
2024-07-12,5.342305363935725
2024-07-15,5.342640112032222
2024-07-16,5.34297486012872
2024-07-17,5.34297486012845
2024-07-18,5.343309608407032
2024-07-19,5.3436443567790874
2024-07-22,5.343644356779357
2024-07-23,5.343979105243264
2024-07-24,5.344648602535518
2024-07-25,5.3456528490248765
2024-07-26,5.34699184581168
2024-07-29,5.347661344938551
2024-07-30,5.348330844431751
2024-07-31,5.350004593165561
2024-08-01,5.350674093576475
2024-08-02,5.3516783450172225
2024-08-05,5.3520130958638905
2024-08-06,5.352682597741742
2024-08-07,5.352682597742553
2024-08-08,5.352682597742282
2024-08-09,5.352682597742282
2024-08-12,5.353017348681614
2024-08-13,5.351008846348804
2024-08-14,5.350339345755806
2024-08-15,5.351008846348533
2024-08-16,5.351008846349344
2024-08-19,5.351008846349884
2024-08-20,5.350339345572371
2024-08-21,5.349335094955865
2024-08-22,5.34833084516549
2024-08-23,5.347996095510473
2024-08-26,5.347996095509933
2024-08-27,5.347996095509662
2024-08-28,5.347996095509392
2024-08-29,5.347661345945687
2024-08-30,5.346991847002251
2024-09-03,5.347326596383062
2024-09-04,5.347661345762792
2024-09-05,5.347996095233834
2024-09-06,5.347661345762251
2024-09-09,5.347326596383332
2024-09-10,5.347326596382521
2024-09-11,5.346991846910668
2024-09-12,5.345318102304004
2024-09-13,5.344648604827236
2024-09-16,5.345652850491004
2024-09-17,5.347661345121716
2024-09-18,5.347661345121176
2024-09-19,5.330589117386242
2024-09-20,5.313517132837156
2024-09-23,5.296445386792959
2024-09-24,5.279708614692065
2024-09-25,5.2629720718292266
2024-09-26,5.246235753615602
2024-09-27,5.229164952204979
2024-09-30,5.217115133182578
2024-10-01,5.208077858038455
2024-10-02,5.1946894012923694
2024-10-03,5.179292840523257
2024-10-04,5.163227066514786
2024-10-07,5.146492114472382
2024-10-08,5.129757396226076
2024-10-09,5.112353532394875
2024-10-10,5.094615231550629
2024-10-11,5.077211858768038
2024-10-15,5.061816782539319
2024-10-16,5.045752566398676
2024-10-17,5.0290192325287455
2024-10-18,5.011951465752924
2024-10-21,4.994549275241059
2024-10-22,4.977481985356413
2024-10-23,4.960749577394044
2024-10-24,4.944352037694684
2024-10-25,4.927620083502067
2024-10-28,4.9105537239800965
2024-10-29,4.891814479424535
2024-10-30,4.872740898098829
2024-10-31,4.8583522610087835
2024-11-01,4.859690741810659
2024-11-04,4.859356121335038
2024-11-05,4.859021500950729
2024-11-06,4.858017640348647
2024-11-07,4.857348400498824
2024-11-08,4.849652144319153
2024-11-12,4.8416213211046975
2024-11-13,4.829240590744558
2024-11-14,4.813513915218906
2024-11-15,4.801802670180755
2024-11-18,4.792433746012673
2024-11-19,4.783734092676787
2024-11-20,4.774699901633794
2024-11-21,4.765665779885371
2024-11-22,4.756966317199514
2024-11-25,4.748936098945836
2024-11-26,4.741240521605761
2024-11-27,4.731537476775553
2024-11-29,4.722503679217926
2024-12-02,4.715477442272068
2024-12-03,4.708785824699872
2024-12-04,4.701090502436215
2024-12-05,4.693060653735207
2024-12-06,4.685365432657291
2024-12-09,4.678673978227747
2024-12-10,4.6723171313464
2024-12-11,4.66562574657154
2024-12-12,4.658934398457156
2024-12-13,4.651908519505417
2024-12-16,4.643544446632404
2024-12-17,4.63551498286557
2024-12-18,4.627151003933031
2024-12-19,4.609754046897219
2024-12-20,4.592691885100634
2024-12-23,4.575629966349148
2024-12-24,4.568939070974416
2024-12-26,4.566597270422549
2024-12-27,4.562248219405469
2024-12-30,4.555222852391749
2024-12-31,4.552546536765489
2025-01-02,4.546859378520452
2025-01-03,4.538161412299058
2025-01-06,4.528459901032518
2025-01-07,4.51842393737143
2025-01-08,4.509057114933324
2025-01-09,4.49969036690759
2025-01-10,4.490323690726412
2025-01-13,4.480957083824947
2025-01-14,4.470586997122212
2025-01-15,4.4585444345510075
2025-01-16,4.446836503068703
2025-01-17,4.436801215701006
2025-01-21,4.426766010802763
2025-01-22,4.416730891124413
2025-01-23,4.4073648640944985
2025-01-24,4.397329914852966
2025-01-27,4.387964034067822
2025-01-28,4.37893271829698
2025-01-29,4.370570446149405
2025-01-30,4.360870290176595
2025-01-31,4.352842632063894
2025-02-03,4.345483983762225
2025-02-04,4.346487437176445
2025-02-05,4.347490891416798
2025-02-06,4.349163316067531
2025-02-07,4.347490893250335
2025-02-10,4.341470200794328
2025-02-11,4.337456417919364
2025-02-12,4.335784009762629
2025-02-13,4.33043232858243
2025-02-14,4.328090972555366
2025-02-18,4.330097850249288
2025-02-19,4.332773694504436
2025-02-20,4.334780582094111
2025-02-21,4.336452990250306
2025-02-24,4.337790918241713
2025-02-25,4.338794365335404
2025-02-26,4.340132296258795
2025-02-27,4.342808161771301
2025-02-28,4.346487484914866
2025-03-03,4.347825424268422
2025-03-04,4.349163365087834
2025-03-05,4.350835792944489
2025-03-06,4.352508222635221
2025-03-07,4.352173736696966
2025-03-10,4.351839250758982
2025-03-11,4.351170279066448
2025-03-12,4.349832336780368
2025-03-13,4.3481599107559
2025-03-14,4.346153002824419
2025-03-17,4.3441460992924
2025-03-18,4.3428081647032855
2025-03-19,4.34147023084737
2025-03-20,4.340132298457581
2025-03-21,4.338125403722056
2025-03-24,4.336787475730109
2025-03-25,4.3361185124669275
2025-03-26,4.336452994006801
2025-03-27,4.337790921265549
2025-03-28,4.3381254033549155
2025-03-31,4.340801260804938
2025-04-01,4.341470225900575
2025-04-02,4.34213919172887
2025-04-03,4.344146091412271
2025-04-04,4.3444805751517395
2025-04-07,4.344146091320418
2025-04-08,4.346487478134264
2025-04-09,4.3494978383815175
2025-04-10,4.34983232340368
2025-04-11,4.347825414372131
2025-04-14,4.347825414373481
2025-04-15,4.34882886888804
2025-04-16,4.347825413822366
2025-04-17,4.3468219598575715
2025-04-21,4.346152990913588
2025-04-22,4.345149537773574
2025-04-23,4.343811600985132
2025-04-24,4.343142633141217
2025-04-25,4.344146084631939
2025-04-28,4.346152989264295
2025-04-29,4.347490927151994
2025-04-30,4.35083577645076
2025-05-01,4.354180636747236
2025-05-02,4.356522045368475
2025-05-05,4.357525507855557
2025-05-06,4.357859995534144
2025-05-07,4.3568565327725866
2025-05-08,4.35484960999775
2025-05-09,4.352173718096034
2025-05-12,4.350166802468398
2025-05-13,4.346487470253594
2025-05-14,4.343142631033203
2025-05-15,4.341135731898755
2025-05-16,4.338125389794523
2025-05-19,4.336118497807546
2025-05-20,4.334111608018006
2025-05-21,4.329428881855338
2025-05-22,4.324077218267855
2025-05-23,4.320397960638052
2025-05-27,4.31972900598739
2025-05-28,4.319729005989011
2025-05-29,4.318725575387427
2025-05-30,4.320063483587873
2025-06-02,4.3210669155629216
2025-06-03,4.321066915562381
2025-06-04,4.320397959996706
2025-06-05,4.320732437779813
2025-06-06,4.320732437779003
2025-06-09,4.319394528114321
2025-06-10,4.316718713912485
2025-06-11,4.314042905574889
2025-06-12,4.3096947325121775
2025-06-13,4.306015520236953
2025-06-16,4.304677627797577
2025-06-17,4.304008681760244
2025-06-18,4.3026707900529875
2025-06-20,4.302336317309877
2025-06-23,4.3023363173093365
2025-06-24,4.303005262979801
2025-06-25,4.305681047128325
2025-06-26,4.309025782810201
2025-06-27,4.312370528572074
2025-06-30,4.31705318289991
